time_s,cell_01,cell_02,cell_03,cell_04,cell_05,cell_06,cell_07,cell_08,cell_09,cell_10,cell_11,cell_12,cell_13,cell_14,cell_15,cell_16,cell_17,cell_18,cell_19,cell_20
0.0000,399.6326,742.6461,217.9373,251.7460,459.8610,549.8923,217.7180,588.8568,502.8521,718.0558,262.2043,256.3010,745.3991,669.2914,291.4596,384.7128,276.6769,561.8823,418.4152,369.8543
0.0333,395.2085,746.9424,219.8507,262.8201,489.1486,576.8137,221.6371,572.7252,519.3553,730.2491,272.0963,253.6701,735.6074,680.3799,289.9003,381.5196,276.8239,559.6756,409.3211,365.0106
0.0667,389.7710,730.9047,219.9993,257.8579,489.2404,531.9045,218.6802,602.0413,500.7470,739.6150,274.3410,254.4831,744.8005,664.4124,282.7578,376.3454,277.2684,543.5526,415.2648,357.8237
0.1000,392.9155,723.0447,210.7994,263.9745,500.2954,546.6402,220.0145,578.9896,510.3443,718.4241,265.3448,260.7309,723.1847,660.6474,284.9950,368.4236,272.0873,551.7479,420.2274,366.2892
0.1333,400.8141,731.2011,216.8454,262.8259,468.3107,570.1351,217.9631,585.7075,514.9684,736.0453,266.5924,254.6411,742.2841,658.5894,291.8738,378.7182,274.7574,531.9780,414.7698,374.0730
0.1667,390.1532,745.9096,213.7434,264.5684,487.9127,547.8158,217.9071,586.7018,518.7200,719.0709,258.6244,257.6502,693.3837,684.4031,283.4167,368.5373,279.6145,546.2757,403.9040,359.9748
0.2000,386.5973,738.3271,212.4686,270.0031,481.0032,536.5074,220.3315,561.5171,516.5037,922.0886,269.1332,258.0585,752.9998,679.6376,284.6933,376.0432,278.4450,540.5409,415.2998,363.9598
0.2333,384.1731,750.3783,215.6207,263.4319,470.3230,559.0166,214.5045,574.2880,517.2285,1018.6507,266.2267,261.5070,737.4548,659.7474,295.6620,369.6143,278.5778,553.2620,414.1076,361.0868
0.2667,381.4907,747.5057,217.5984,277.4169,475.2319,550.4380,221.4168,581.9199,511.6474,1045.5583,270.0241,252.5782,740.0649,666.2619,291.1204,367.2954,284.6875,527.0918,414.5595,371.0176
0.3000,397.5612,730.5923,219.5186,261.3114,471.7714,562.4136,227.0052,595.6032,516.6001,1052.8947,273.0481,257.0574,727.1048,666.1131,286.9278,377.4720,272.3693,546.8219,431.8349,364.0443
0.3333,410.2257,734.9854,217.2146,262.0050,477.5948,557.2277,217.8961,597.4531,508.2422,1050.2532,262.9004,256.4506,725.9480,664.8518,279.6889,373.8626,277.3794,521.8902,422.1969,365.4280
0.3667,377.8160,762.8383,216.7626,270.7872,474.2112,553.7795,216.0081,591.1323,523.3721,1031.3623,275.4811,262.3306,761.4632,681.9271,285.2054,384.2169,275.1263,531.2132,399.7995,363.4307
0.4000,388.5640,754.0073,212.5083,260.9900,486.7359,552.7835,218.4468,588.6963,495.8965,1018.7946,267.5230,252.9227,754.3034,653.2525,283.3650,378.9211,275.4822,536.6998,430.8397,368.8381
0.4333,400.4016,730.3296,213.2882,259.2932,502.6212,548.1301,224.1732,592.3267,508.3947,998.8685,271.2596,255.4203,724.0536,665.5848,280.0460,372.0639,285.3570,528.4748,416.5064,367.9596
0.4667,376.1020,761.9038,217.5683,263.4349,493.1633,553.0614,217.6998,594.7926,535.1654,972.3577,275.3807,257.0906,731.8600,663.2493,288.6011,375.5144,284.4028,543.4913,397.4049,378.0865
0.5000,391.3066,712.4662,216.5682,261.9133,500.5146,542.4342,217.0724,596.6576,509.7691,962.7869,267.7146,252.9762,722.0554,650.5120,279.5622,384.8349,273.1357,542.6960,425.8903,364.3658
0.5333,393.5985,739.5589,214.7865,259.3607,491.1165,554.2290,213.7603,609.1225,514.0408,964.4311,269.8305,268.0508,756.1191,672.4127,276.7730,383.1007,281.5306,554.6360,404.4023,368.2726
0.5667,387.4269,760.6617,220.4410,264.1818,461.4847,549.1346,221.7871,600.6004,506.6425,948.4909,260.7201,334.6574,744.5138,671.6557,270.7711,375.6011,277.3132,531.1675,405.2081,368.7862
0.6000,394.7536,737.6426,212.5165,268.3972,471.1637,549.6150,219.7942,567.2827,504.3762,917.7214,265.1696,350.4307,754.1501,701.7746,284.3898,372.6842,283.9360,531.7627,426.7398,371.8397
0.6333,375.1559,754.6154,216.5619,266.1179,637.3814,554.1797,219.4516,584.7441,532.5411,962.8878,255.4174,362.4842,745.3483,666.3675,277.2066,379.2350,282.3864,556.7121,407.3219,358.1458
0.6667,390.9459,755.1713,210.7610,324.3512,671.5702,555.8428,220.5503,605.7215,621.4104,920.7654,271.5997,370.3900,715.7818,673.7738,292.6999,362.0217,283.2674,537.8703,418.7386,353.8132
0.7000,395.5102,741.1699,210.5311,369.7364,694.2607,551.8206,223.1746,574.7488,738.0249,912.6888,278.3695,378.5107,733.9730,669.9394,284.2103,370.9999,266.1613,547.3119,425.3716,360.2372
0.7333,378.9319,749.1424,220.4995,386.8315,714.5676,562.9944,219.2597,587.5021,727.8633,906.6089,267.3095,355.4604,695.3430,685.0565,288.6138,379.0277,272.5370,553.7907,399.0431,361.6178
0.7667,411.7667,745.2648,215.8002,378.2772,708.8615,553.9083,208.2710,592.8861,738.0011,890.8368,264.4562,358.4883,727.5084,657.3925,286.0759,379.5641,281.0274,555.1806,421.5544,370.0796
0.8000,389.4890,715.9772,214.3395,379.0327,668.8929,548.6005,215.0335,593.0694,730.8266,904.8348,265.5266,355.2244,729.1109,646.6360,282.0897,360.9558,279.9409,552.1434,423.1976,349.0072
0.8333,395.8620,749.1770,207.2328,377.3650,683.1949,568.5557,212.8361,598.3577,712.9943,910.5122,262.1534,358.9800,739.9184,678.9442,280.2241,381.7816,276.3771,533.5457,413.8733,368.1744
0.8667,391.4010,766.6275,210.6544,385.9781,657.3139,549.0884,219.3219,593.7887,725.7242,867.6279,273.8204,342.1707,747.9901,664.8262,283.0441,384.8214,263.0780,564.8074,404.7025,363.3469
0.9000,398.3987,766.3218,213.6808,366.4048,652.3077,546.7221,217.2073,602.2192,714.1487,865.3989,337.2367,344.9573,731.5660,682.2945,279.1900,359.3354,262.3236,542.5669,405.3894,368.1544
0.9333,386.9696,746.8884,216.3225,358.8650,649.3302,556.8297,225.2384,581.2679,704.8750,816.7532,370.6791,338.2243,766.8719,681.8140,278.3540,391.5273,284.2197,543.8720,420.2115,355.3203
0.9667,396.5940,749.9160,215.9743,349.8112,649.8679,570.4716,219.7575,599.1251,700.7122,852.9369,385.7133,330.5207,731.5208,675.3141,292.8271,376.1882,277.6842,537.6072,420.6910,362.5523
1.0000,401.2959,737.6416,215.5443,351.6122,640.7033,544.3894,221.9510,588.1031,676.5545,839.6493,380.4982,324.1204,732.3559,658.1368,284.0810,368.9618,279.6249,552.5915,416.9927,348.7529
1.0333,385.0162,768.8900,213.4567,344.7470,620.6569,557.8449,222.3296,583.6859,670.6450,827.5794,392.6186,328.9364,749.2789,661.6444,285.1600,382.6881,278.9476,561.0912,416.2350,355.5983
1.0667,399.4846,755.4508,213.2489,340.0159,611.3683,534.7142,219.1776,607.0274,655.4484,800.8505,380.3996,318.6745,753.6223,667.2353,282.5271,369.2124,275.8662,542.5431,425.8228,368.3953
1.1000,377.4022,748.7803,216.1056,326.1700,621.7281,546.6140,224.6118,601.8689,646.2044,814.1200,371.6810,310.6507,749.0560,659.3318,286.4578,377.3960,274.4149,528.4597,423.3116,365.2613
1.1333,390.4641,720.6839,210.2983,336.3488,584.3685,554.1757,218.6020,595.6414,642.9315,809.3054,379.7264,302.0822,740.1370,665.6667,280.3981,371.2627,283.1143,534.4634,410.2319,368.3307
1.1667,401.0427,736.9828,219.2873,324.3698,601.7657,541.0337,225.7087,597.1919,651.7933,805.4877,364.0527,310.5322,751.3721,645.3851,282.2387,378.8850,280.2737,525.7737,403.7209,354.7613
1.2000,410.9569,757.2664,216.1205,325.3872,591.3126,710.4908,223.4621,577.3455,634.2719,809.8856,360.1469,306.0666,748.8724,666.4391,292.6703,371.3648,274.1809,539.8170,417.5736,369.3766
1.2333,394.1773,755.3234,213.9952,335.2298,578.8100,770.3608,220.4987,599.8988,629.6595,798.8778,354.3118,297.3208,725.3059,666.1390,287.1090,378.9240,269.8511,543.1866,421.4515,485.5142
1.2667,380.8211,759.0971,210.3868,323.3097,571.7965,788.7654,220.7772,577.7040,623.7617,792.5707,350.1418,301.8444,760.1542,661.1267,286.9839,362.5551,285.9559,544.3364,419.3288,527.4530
1.3000,387.6768,722.6757,212.0670,316.2115,576.4322,786.4426,217.7149,576.4181,603.1802,776.4499,339.7527,296.2618,744.9307,657.6024,282.2329,374.6729,281.4065,549.5556,408.4269,529.4427
1.3333,389.7552,759.7505,210.7442,316.2964,569.4161,795.1393,212.4510,610.7276,596.9639,781.0386,339.9135,300.8225,780.6782,679.3527,285.3196,361.8870,271.5483,552.9057,413.4879,518.2655
1.3667,394.3269,748.6862,211.1328,316.4424,557.4490,789.5078,227.4612,581.9118,620.4244,779.1011,336.5054,292.3676,729.8982,652.2800,276.3632,380.8572,284.8492,545.4127,420.7396,527.1046
1.4000,389.1169,752.8468,220.5156,302.7550,554.0403,775.5301,217.4632,594.3318,599.3357,800.0668,333.6653,296.3979,753.6273,673.8576,279.5090,385.8368,278.7573,519.0890,413.3763,521.8860
1.4333,399.5074,738.7760,210.6621,308.0403,554.3842,767.5455,219.3091,580.8470,601.7509,970.4480,325.4223,290.7951,748.1363,664.1168,278.0952,375.7034,283.6169,520.9990,416.3566,512.6927
1.4667,390.9405,763.0148,214.0742,306.8829,547.0678,755.2920,217.8476,584.4400,579.1792,1087.5523,332.1992,288.9747,752.5446,660.6700,289.9722,375.0574,281.8338,671.7901,418.7867,499.9200
1.5000,397.8719,744.3009,214.0796,310.8781,559.7826,749.8857,221.0164,589.9655,579.5962,1088.2514,325.4151,284.9066,734.5004,669.3208,285.7756,385.0460,281.7811,744.1904,415.1484,486.4572
1.5333,388.2482,706.7140,219.4341,299.3211,547.9370,737.7663,217.3696,593.3261,579.1596,1129.7194,329.0154,289.9976,753.1549,668.5710,285.1722,377.6938,272.3165,784.1981,418.4059,480.6190
1.5667,397.8036,741.7569,211.5352,292.4580,536.0286,707.1946,214.6026,575.7850,564.6358,1083.5824,319.3538,285.2570,748.7914,656.5928,286.3013,381.3223,275.0693,783.3057,417.9253,481.6591
1.6000,377.0464,731.7911,213.7298,302.6849,544.8433,713.7477,217.3826,579.3054,576.2063,1065.6172,322.3040,284.1643,736.1092,659.6434,275.9686,363.9767,280.0514,778.1717,423.4665,475.6566
1.6333,387.0830,761.8356,208.4539,293.7495,530.7375,696.5873,210.4258,570.9758,568.8787,1035.3184,315.8557,279.9496,746.0073,666.3300,277.1035,363.4900,277.1511,762.8992,421.2448,468.3433
1.6667,405.5032,739.4855,215.8655,294.4144,534.6613,680.4738,228.1180,606.9089,559.6842,1031.3704,307.0645,283.8804,736.8814,659.7404,293.5398,377.6524,268.4216,752.8534,408.7497,464.7662
1.7000,392.7882,740.4768,216.3616,291.0090,534.2202,685.4551,223.8735,600.0976,567.0557,1030.9828,300.5617,269.8548,752.3469,684.4805,278.4082,370.0909,273.5303,747.6651,398.5446,435.9958
1.7333,388.3109,770.6577,213.7332,288.4862,520.1156,679.8639,218.7798,569.3326,579.7638,1018.8898,309.7790,279.8306,754.3510,675.8737,287.3100,386.6945,279.9880,738.0785,406.1224,456.9392
1.7667,406.5161,760.5452,216.4025,291.5192,528.4786,660.9242,223.2279,589.2071,559.4807,985.6970,307.7773,285.3166,724.5844,654.8921,271.2720,377.9105,274.5565,718.9168,415.8598,443.5071
1.8000,406.6622,735.6217,210.2526,288.6337,522.7619,677.6144,213.4049,581.5662,552.3091,983.2127,307.1423,271.4658,742.6278,671.0949,274.1010,385.0846,281.9378,706.8346,408.0256,441.5479
1.8333,389.9524,749.6578,219.2161,287.1609,510.7240,661.8025,216.1012,569.6725,554.3065,954.2776,295.0751,268.0688,768.3431,657.6476,286.4966,375.2721,285.3151,714.5441,418.2318,446.5320
1.8667,387.6349,744.7654,215.0252,285.5512,504.4671,666.6593,223.8332,616.2645,571.8557,946.1998,309.4085,285.3144,736.0354,663.2606,276.9134,370.8666,280.9598,718.8014,417.9136,438.6804
1.9000,409.8715,763.7074,213.9778,284.4086,504.0625,637.5940,214.9954,560.9136,558.8341,961.2773,298.6065,274.6153,742.4518,665.8041,278.0767,371.6740,288.1400,692.8695,413.4943,431.0224
1.9333,396.0036,731.1535,224.2971,284.7274,515.3226,638.1954,225.2861,591.3065,550.7780,916.2088,302.4658,279.1555,756.4873,658.1877,278.7479,365.4679,265.0930,672.4331,430.8469,423.8492
1.9667,394.8081,753.1127,214.2470,288.9839,505.7079,659.9213,227.4607,595.1560,540.6829,931.0825,289.0236,280.9573,739.4156,640.4573,284.8057,358.9684,281.9929,687.4219,414.3415,440.0321
2.0000,389.2450,738.9110,212.1145,284.9149,509.7267,633.9356,282.7421,588.6093,534.0842,904.2008,293.1880,267.7414,753.3132,654.4869,279.0107,370.6841,274.1211,668.4319,407.9807,413.0348
2.0333,401.5962,727.0013,214.7113,282.0991,516.8896,622.7350,299.2233,609.9638,539.8811,880.9383,290.6274,269.6863,732.9181,666.4215,286.2595,377.2453,290.6855,646.4837,410.3251,409.1525
2.0667,396.8725,728.0444,216.0686,280.5982,508.1419,634.8381,322.4289,571.6061,543.0768,875.0367,281.8738,260.8531,746.9090,657.5140,279.2500,376.0066,284.9779,650.8814,414.8194,428.8797
2.1000,385.3362,756.8975,214.4236,288.9112,524.2373,615.7298,322.8923,586.0695,532.5588,880.4203,290.0925,267.8801,723.9989,664.1218,285.9327,381.2681,264.1730,655.5086,413.7821,413.7401
2.1333,388.6405,757.3137,208.0341,271.7931,515.6984,604.8273,321.9169,589.6345,529.3741,899.9871,282.2646,265.6696,751.6976,658.6082,278.9528,380.9444,277.3554,625.4562,413.6859,409.3365
2.1667,383.1280,752.0201,212.7322,280.8557,508.2246,607.5313,311.3776,582.1661,552.3826,870.0764,290.6048,267.9311,741.1623,673.5632,285.9664,383.8249,278.1480,641.9978,423.9822,407.9822
2.2000,400.1682,749.2164,217.9038,265.9061,495.8394,582.6146,309.1246,613.4887,534.4870,846.0287,284.2544,260.8698,761.7491,643.1835,286.9290,380.6589,278.8921,641.2800,438.5622,422.3704
2.2333,398.5761,759.5189,214.2796,279.8581,489.1426,606.4230,308.6733,601.0306,545.4815,864.9531,285.5419,247.3716,749.1790,665.6190,294.3833,355.1798,271.4802,632.5721,408.7771,407.0855
2.2667,405.3449,757.0524,213.3272,262.2306,517.7837,622.4236,303.8590,599.8672,542.2114,836.4109,288.8554,268.3454,727.8079,662.6124,285.6020,372.5192,269.5909,624.9810,417.2566,405.5380
2.3000,398.4774,740.3299,212.0639,267.2171,483.6154,589.4947,295.7816,578.4710,531.7144,850.3643,280.8780,264.0151,751.6214,667.6836,280.5479,369.9616,276.5153,628.3909,416.3427,397.5379
2.3333,390.8616,763.9823,213.9084,284.0081,513.5169,599.9266,304.5450,591.7752,535.3904,826.9840,276.6881,248.9751,755.1040,667.1865,268.3505,383.1111,284.6124,616.9588,414.6239,400.8020
2.3667,391.0740,758.9424,213.0150,272.1234,510.6461,608.3905,287.6252,593.2382,543.6906,821.2315,276.1235,253.4943,755.3084,672.1297,288.8732,383.3589,277.9026,600.8627,406.4941,400.0810
2.4000,381.1245,756.6634,209.5308,269.7579,487.1292,593.1908,293.1695,592.4160,536.0186,809.7733,285.3170,267.6065,754.5648,638.1422,280.3628,371.8544,285.4276,614.0374,414.0346,399.3159
2.4333,396.7767,742.7787,212.2797,265.5642,514.6316,592.2426,276.3435,611.7279,522.6775,817.2228,283.5151,253.9971,741.0788,647.9410,281.1527,379.1892,283.6313,600.9612,415.1132,381.6653
2.4667,411.3532,706.3098,224.5388,277.7647,496.5055,585.0928,271.9365,591.9955,533.9095,815.1285,279.2734,258.0417,752.3493,668.1942,300.0593,377.1784,285.5672,594.4314,433.6614,381.1523
2.5000,388.5925,760.5650,213.3896,266.8196,487.8291,581.3172,278.7850,600.5372,509.8197,820.5964,273.4443,257.9442,728.9140,640.0298,284.9050,381.5656,281.9771,593.4425,419.5139,397.8184
2.5333,395.1255,747.4097,214.7317,280.7080,500.2305,596.4231,265.1433,595.7519,540.6729,806.0278,281.8363,261.3762,726.0578,636.0746,277.9665,380.0789,276.0971,574.6857,415.4705,374.0671
2.5667,400.3711,736.4689,214.4994,271.1574,502.8502,578.7981,268.2065,577.2262,529.5748,791.6670,278.7497,254.6415,745.7350,661.0828,287.3083,391.9452,282.7388,577.8465,416.1383,395.7502
2.6000,388.4976,742.1617,216.3695,267.0986,504.4910,581.6141,272.3944,601.2048,529.3136,815.6220,275.3952,263.8423,742.1585,656.4237,282.1094,372.8992,285.3660,576.8669,413.5191,390.5212
2.6333,395.9562,729.2888,217.7443,260.1858,501.1091,557.8743,271.7917,586.4103,521.0748,791.6591,278.0295,259.3338,729.1043,680.4999,284.3972,385.1154,273.3298,579.0311,422.1649,386.2056
2.6667,390.8716,731.1392,217.2729,268.1983,493.9549,582.5408,263.5700,576.5761,537.0540,779.8381,280.8645,256.5198,753.7397,669.6128,279.2323,386.1119,278.4839,578.9426,420.6315,379.2178
2.7000,392.9144,728.4026,209.9012,270.0018,506.3159,561.8441,258.6932,599.1717,531.3911,793.3947,273.7116,263.3587,746.2805,641.8791,283.1488,374.8106,280.3457,560.2817,407.8573,380.4298
2.7333,388.5710,745.9581,219.1840,270.8967,495.5510,581.4262,246.2781,595.2158,530.8605,777.1574,274.3541,256.5955,756.2396,662.1555,290.9864,371.9440,281.1749,574.4039,416.2141,371.2120
2.7667,388.0255,714.4394,217.8699,271.5008,509.2044,570.7436,249.8654,584.9125,519.0717,767.8474,277.6068,257.5522,755.3139,658.6098,283.8210,362.2396,279.2627,568.0356,412.9442,375.3266
2.8000,390.0704,748.9368,209.7423,268.5319,476.5438,580.3466,260.7192,583.0360,530.7320,737.0822,266.1775,249.5991,706.2924,681.4183,284.1007,373.2680,278.0518,568.8518,420.8990,377.2281
2.8333,399.7319,743.7573,212.6804,267.3161,487.5282,564.7529,254.0994,615.5152,529.0391,767.8314,272.7117,251.6199,746.4260,640.2065,280.1915,395.4091,278.4561,556.5666,410.5840,380.3483
2.8667,399.8099,750.0922,213.7105,267.0870,480.3834,567.7473,246.9033,598.9578,533.5713,776.6614,273.8301,251.1944,737.2025,678.3685,283.8955,375.0631,278.5630,578.6690,416.0283,383.6737
2.9000,397.8487,773.3566,211.0265,267.3284,511.5973,564.0740,248.1826,581.1053,526.4004,786.3015,283.5359,257.7314,738.1366,673.9209,290.7600,378.5833,272.6217,551.2006,423.3292,371.1961
2.9333,398.7161,742.1053,205.6822,274.2650,496.6165,576.2338,251.5339,593.8835,509.0518,772.2398,276.5090,260.6365,716.7497,682.7565,289.0607,376.0622,285.3897,570.4243,423.0238,376.4850
2.9667,400.4109,744.5059,213.0238,268.5214,496.3702,550.3931,243.1712,570.9337,521.7892,762.2583,273.3884,263.4135,731.0928,659.2977,281.6780,385.0813,287.1482,553.7510,391.3721,383.5150
3.0000,393.9071,752.3690,215.9125,266.1543,506.6297,559.8913,245.9636,579.6406,527.4858,768.6924,272.6543,249.8730,750.7518,665.6839,284.6024,369.0991,273.2584,584.3211,412.8505,373.9755
3.0333,412.8764,767.3321,217.5579,264.7245,495.8911,563.5361,242.1868,607.5299,509.5703,777.5196,275.0336,258.7490,736.2833,669.9525,294.0246,376.1294,279.5997,565.9347,433.2312,382.1418
3.0667,390.5215,727.7993,219.0338,266.3996,480.2377,572.1325,239.9332,601.5247,522.6898,778.0512,273.0810,250.3912,769.1862,636.6336,276.5962,377.2158,291.7786,562.4467,413.1121,357.0264
3.1000,382.5563,755.9093,218.5020,262.5149,485.1702,570.1538,245.2528,579.4698,517.6384,731.5280,272.7388,258.5841,756.1912,653.0810,293.0075,367.7516,279.9779,560.3156,417.0782,384.6986
3.1333,384.6147,761.3436,215.5868,262.5052,495.8034,580.6694,241.6276,575.2837,518.5271,754.4927,275.9653,253.0197,738.1158,671.9235,284.4276,368.9886,281.8315,549.5609,414.8175,370.8987
3.1667,397.0952,749.6639,210.8558,258.6726,480.9101,576.3363,238.3958,590.4305,503.4288,761.6687,274.4750,260.0596,740.3258,669.5359,278.8609,372.5068,275.2215,571.5258,415.2345,364.9857
3.2000,381.1327,779.2035,214.3893,260.7659,480.5961,568.8065,241.7178,571.4277,536.3103,761.5498,270.5659,250.7080,731.8802,667.8193,281.3576,385.0670,286.9495,544.8422,404.6019,385.2493
3.2333,494.6797,755.3843,218.8181,265.2655,503.1137,561.4508,228.7329,568.3765,516.9078,783.3129,274.5077,259.3691,769.2904,665.2460,285.9841,383.7019,276.7680,549.0001,419.6698,356.6011
3.2667,549.3218,742.1324,221.8944,261.5020,501.4648,569.3044,227.0402,599.5664,521.6684,784.9587,270.3596,252.4287,750.6292,646.3144,284.4130,378.3641,278.7166,538.2599,392.5125,366.6410
3.3000,572.0072,738.4642,217.6928,268.4420,489.5610,560.5424,229.7917,589.7701,525.0221,736.4758,279.5947,249.5126,730.6253,670.1585,283.1411,373.4451,282.1857,558.1592,413.7968,369.4592
3.3333,566.2879,740.0134,216.1737,259.4579,490.6697,562.4133,232.0564,573.9420,535.4060,753.0162,265.3130,262.3730,743.4653,666.0462,280.7157,375.2712,282.5871,541.4094,425.4387,370.7261
3.3667,564.2187,761.5254,209.2036,259.5052,506.1866,575.1403,237.8153,597.3929,522.8059,750.4418,276.5160,257.7022,749.6524,652.8553,289.6926,376.2399,274.0691,544.8373,410.5855,364.0992
3.4000,557.4316,760.7718,211.4900,262.9059,493.8257,550.6126,224.4110,590.7514,512.5929,728.6864,266.4890,324.2070,744.8079,643.4435,284.6925,369.4541,280.3178,533.2813,422.6192,368.8313
3.4333,660.5574,732.5146,207.9289,259.0339,491.8808,550.0140,235.5499,601.1390,513.6229,739.1382,264.3209,359.9835,748.0948,647.9258,276.5931,374.3994,294.3161,555.4063,406.6015,371.6404
3.4667,698.8247,748.1357,213.1434,262.2605,486.2059,553.6106,234.7036,607.3739,520.9579,769.7085,266.2593,368.5170,748.3611,636.1034,282.9321,395.9344,289.8955,550.4875,407.1290,364.0275
3.5000,700.3182,749.4739,217.4336,258.9482,492.8833,578.5069,231.0524,601.2520,539.9278,755.5751,261.3217,375.4922,746.0198,651.0942,282.6920,382.8194,264.6112,549.9017,415.9306,349.5629
3.5333,711.6114,780.3725,209.5277,263.3854,495.8931,572.3347,238.3262,589.5735,511.6076,722.1103,260.7978,367.6624,725.4349,663.3686,286.7519,378.3410,282.5096,552.2233,401.5929,361.8011
3.5667,681.0805,772.2299,213.3889,266.4217,503.8952,577.2472,231.1927,596.5572,525.6251,722.7270,265.4542,361.0031,743.3898,652.4762,274.6199,370.8441,284.3965,533.2820,415.1046,362.5872
3.6000,676.1821,752.7250,211.3885,267.7599,470.9674,564.7214,230.8624,584.5734,514.3274,729.8439,267.4961,357.1628,753.6564,663.6159,272.5710,369.8527,270.8395,569.9784,417.1029,359.1561
3.6333,664.9439,758.7908,218.1250,266.8259,487.2624,591.1094,230.6382,595.2473,518.2960,749.7757,277.2527,343.0755,761.5114,646.2678,278.4968,371.5105,278.3758,537.9095,410.2124,384.4296
3.6667,656.4828,737.5741,218.8615,261.9789,478.3357,557.9136,234.9653,590.7633,527.3403,726.7620,269.0134,345.4899,742.8118,667.3854,286.5317,370.3462,279.0846,536.2204,421.7979,367.6676
3.7000,626.7600,758.7680,217.4572,263.2891,496.4838,582.2032,237.5332,593.2908,536.5791,737.8561,266.6497,353.9447,752.7669,650.5534,289.3200,363.1820,279.0248,549.4537,421.7529,375.1429
3.7333,627.3377,753.6429,211.2900,258.4256,487.2621,570.0727,227.9733,591.7311,520.1963,761.8149,264.9215,343.6626,723.0234,669.5178,286.5150,372.5252,277.0797,563.1664,409.6621,356.8929
3.7667,625.5410,772.6934,225.0142,267.9250,488.6724,543.4432,232.5375,602.2669,507.2449,736.8949,264.9897,331.7490,750.6812,663.7671,284.6985,382.1501,274.7544,542.3650,415.3539,368.0155
3.8000,598.8851,764.4640,208.6838,271.1387,471.8367,551.1918,225.2461,568.7721,498.8252,727.4790,273.7007,327.3564,756.9516,644.8327,288.9486,370.7430,286.8718,539.2135,412.0914,352.9932
3.8333,592.9150,752.8275,212.6657,257.5425,489.7134,557.6795,223.8141,582.4030,503.3349,708.4839,266.2281,325.9339,746.8782,643.9401,292.0077,372.1854,277.5239,541.7340,421.2522,357.4531
3.8667,573.9913,749.7518,217.5506,271.0905,483.6608,582.3354,233.1543,588.4764,518.4397,740.1847,268.2047,322.2801,734.3250,653.8754,283.7253,371.6383,283.4679,520.9453,431.1632,374.3179
3.9000,563.5478,739.4407,209.1546,258.9204,484.0008,554.7571,229.0360,578.9694,537.9820,738.9928,272.1218,312.9686,777.5143,646.6959,282.3465,377.9720,279.2574,538.6860,410.6743,362.1254
3.9333,543.6724,755.1393,212.9161,253.9335,493.0094,566.6409,221.3811,580.8406,497.8723,742.3919,266.4286,305.2524,738.8156,634.9164,281.2330,368.1511,279.6897,549.1989,405.8835,362.3948
3.9667,554.3402,722.3319,213.7659,264.4067,497.1347,547.2550,216.9024,587.6081,511.6029,739.1257,267.4433,307.6574,744.0986,642.6575,290.8522,387.7395,287.8479,542.1668,426.2489,363.5396
4.0000,540.6006,743.7608,206.5322,260.1248,470.1474,547.7868,221.8681,583.7935,521.4327,756.6875,268.2323,308.8348,748.9823,676.7760,286.3757,379.7296,276.6770,543.2315,404.1317,358.7340
4.0333,533.2200,771.6503,220.0426,261.2281,482.9037,563.7179,237.2046,605.6598,502.7976,744.2139,265.0598,297.9269,766.7980,678.3121,284.6633,368.4452,286.5728,534.8750,406.8430,360.4180
4.0667,531.2409,747.1691,218.3669,265.2859,493.9423,570.2710,226.1137,556.6507,514.2277,714.0020,264.6462,302.9530,744.3523,635.6915,281.8677,383.4059,277.9647,547.7858,428.4614,360.9633
4.1000,524.6004,767.3918,215.0786,264.0512,485.9830,563.1030,222.2809,587.7081,514.1627,727.8626,261.5001,293.6331,742.8895,643.7596,293.4103,376.7585,276.4573,530.3704,418.0744,363.7934
4.1333,504.2985,744.2050,218.9724,270.0202,471.1154,570.7508,226.2203,585.5406,514.5793,709.9620,261.4782,300.7854,765.0106,666.0189,282.0659,368.5224,287.9553,547.9999,413.6220,368.4167
4.1667,506.6850,765.3373,212.5116,258.0073,475.8122,565.8078,226.4365,587.9396,525.3583,741.3869,265.7163,291.6837,764.2088,648.3207,293.9817,376.5058,284.0943,556.1519,434.7381,364.1270
4.2000,495.4704,744.6573,218.3305,267.5353,605.2228,540.4374,223.8631,576.1721,529.9897,733.4013,268.6331,288.7700,750.6668,655.0940,287.7750,369.0628,278.5724,544.9859,415.3885,362.6277
4.2333,498.1964,734.6679,218.2172,266.7034,679.3877,577.2809,228.1061,590.9231,500.1074,731.7271,268.5708,283.3584,748.6227,649.4095,288.0181,377.5908,279.8021,543.1509,412.8432,356.5845
4.2667,490.9809,771.8742,211.3315,258.4655,683.4487,560.5970,219.4737,582.5365,525.2192,721.7676,273.7372,286.4239,738.4098,656.2230,291.9685,374.0699,271.4375,546.6068,418.5203,364.3704
4.3000,502.6702,726.1486,206.9449,271.5311,707.8526,550.4640,225.5937,577.5200,491.3440,732.5790,275.9679,284.7733,747.3669,666.0800,288.2650,368.3257,280.0245,539.0790,412.0591,373.9796
4.3333,476.1506,727.6876,217.7467,261.3998,684.3686,538.5310,217.2393,602.3965,491.1454,721.9261,260.7761,277.7139,777.5218,655.5118,270.5325,373.7047,289.8848,532.2748,424.4875,356.3876
4.3667,464.8143,773.0895,213.2578,264.1927,705.3530,568.3461,227.0381,587.4169,518.1868,711.1369,263.0721,282.7555,751.5604,650.6629,284.0686,480.3847,290.2866,560.4875,412.7494,349.6115
4.4000,458.7854,743.4367,213.2866,263.0402,682.9119,555.6710,237.7200,586.8036,509.5651,716.3619,263.2346,279.3272,731.7296,672.0964,286.2976,522.2793,280.3287,550.8865,406.4447,372.7730
4.4333,460.3295,775.5240,210.5146,271.8357,671.2683,548.1707,233.0882,597.2616,521.1218,705.5563,270.8325,283.9337,772.7117,657.0047,288.4024,546.8963,284.7627,548.4966,417.1035,376.0862
4.4667,458.9188,780.3394,209.2359,271.7911,665.5417,552.3008,227.1724,595.2304,512.0896,731.5972,264.6963,269.3338,753.5406,663.6777,291.1985,551.5219,269.5428,539.3218,409.3217,352.5471
4.5000,450.9264,741.0504,206.1081,268.9659,662.7100,545.7503,225.9967,606.5659,519.6529,736.0670,275.2823,280.8520,752.5938,663.3807,283.7410,547.8908,288.0732,546.6169,416.1673,364.2981
4.5333,444.4205,759.4908,204.7443,262.7400,640.5951,554.4632,229.0535,592.3741,506.1074,739.7410,270.6929,273.9124,747.1056,637.6901,277.3236,530.1958,282.5985,545.5544,412.1105,356.2277
4.5667,452.3433,775.2078,208.3270,267.5266,628.9457,552.5717,223.2439,609.5490,508.8142,766.2493,265.5758,274.7339,750.9252,667.6950,285.5772,500.0004,269.9842,540.1358,418.5175,366.7435
4.6000,443.2300,761.7648,206.4658,262.3766,628.9447,549.7175,219.9297,593.4879,534.7433,739.3336,273.3779,272.3319,704.4770,651.4495,275.0450,517.3923,281.4214,522.7860,414.5694,374.7884
4.6333,447.5635,751.9078,215.4452,264.2956,626.3344,537.1297,220.4827,588.4142,511.4383,716.2524,263.9127,259.6328,771.1012,652.6066,286.9739,513.4348,290.8050,522.0264,420.1943,355.2626
4.6667,431.7369,741.8328,202.5364,263.5689,614.2249,547.1347,228.6002,574.7116,493.7673,721.8309,272.5452,273.3195,766.2597,641.7484,283.5444,497.5064,282.1821,537.9566,406.3334,347.3579
4.7000,449.0904,782.0847,210.3406,271.6932,611.9883,539.8208,227.4666,605.2122,530.7616,741.0775,277.9600,264.0069,750.2688,663.3793,284.2881,499.6986,268.5347,538.2457,421.1838,358.2557
4.7333,437.2649,713.0012,206.8490,264.8398,586.6276,551.3800,225.1223,602.3729,507.9369,747.3447,261.8562,266.9774,772.6439,681.6526,294.2663,506.7923,281.8504,554.6519,421.3705,367.7557
4.7667,425.4448,752.1256,214.7441,261.6871,593.3694,556.3167,232.4222,600.9209,531.1990,728.3866,273.4929,264.9962,744.1261,656.6712,283.7780,496.2108,269.6774,527.8442,426.6027,363.0135
4.8000,437.3867,762.4110,216.1080,273.7639,579.7377,569.5972,236.8044,599.1077,543.7885,719.6975,259.5546,259.9128,776.2426,644.7806,292.2374,480.5538,278.8316,530.0778,420.2551,375.5050
4.8333,434.2574,751.1282,212.7949,258.5096,585.3320,553.7045,223.1630,593.7563,510.2428,725.7001,263.4349,258.9042,756.0662,639.4917,279.2394,475.2298,288.0258,668.1521,421.1912,361.4958
4.8667,427.9769,744.0752,213.8260,266.6629,585.3930,543.0621,225.4247,585.8806,506.8277,755.6772,263.8752,259.7300,759.2103,640.3504,291.9612,471.8577,284.3505,731.7667,422.4139,357.1686
4.9000,416.1657,752.0928,213.6943,263.1890,565.9961,552.2358,224.2530,586.2563,489.7504,742.2793,268.7814,266.1552,761.8409,634.5799,289.8799,466.7171,277.5364,786.2669,401.2114,364.2219
4.9333,442.1928,766.2814,210.9837,264.5957,558.1772,542.0996,225.1336,587.3330,525.2731,745.6540,272.6252,339.0136,715.6477,668.1606,281.7755,441.3959,292.1296,777.2807,414.6079,371.2204
4.9667,414.6355,762.2149,208.7259,256.2041,548.1820,542.8443,221.5114,590.5422,528.4319,739.2860,270.0250,364.7558,737.3194,642.4878,290.5581,450.2234,291.5848,780.8396,403.3540,357.5913
5.0000,428.1442,763.6216,212.1919,266.6294,563.2252,558.9036,218.2920,577.8908,542.4466,742.3575,264.6882,366.2586,743.2785,674.4600,282.4776,455.4064,272.1037,754.9154,413.6329,362.2506
5.0333,423.9196,710.4977,209.1591,262.4649,556.5104,567.7751,228.3587,606.4055,526.2312,719.5620,264.8403,372.5771,748.1787,644.1496,286.8607,454.2137,277.8527,749.5982,415.6981,364.2678
5.0667,428.6925,733.0610,211.3616,274.7031,551.0901,548.0766,219.4509,607.2591,507.7076,736.5629,261.1659,368.1891,726.3777,667.0376,281.8416,429.3628,281.6347,742.1255,412.6838,346.2962
5.1000,415.8212,749.3435,220.6676,263.4835,552.0431,534.2554,220.8121,595.1959,525.0675,710.3168,269.7916,363.0077,729.4678,658.7856,292.0657,449.3774,284.7395,722.7715,408.7269,373.1092
5.1333,423.1976,728.1954,211.7426,265.2297,537.8673,554.6686,219.3013,599.2145,524.9798,747.0385,268.6816,365.6017,736.4705,664.1304,280.2142,434.2147,279.6177,705.3942,414.1130,365.0901
5.1667,423.0901,767.2884,211.2101,272.1067,531.3855,553.2716,223.5114,603.3554,539.4391,721.8917,260.9865,352.3860,756.0723,652.7283,290.8381,430.3215,283.7801,714.0262,417.7696,351.3802
5.2000,416.2184,764.9534,211.0683,267.6439,817.0999,916.5799,213.2958,600.6773,527.1827,716.5399,274.0050,360.0984,728.0376,677.9880,290.6579,430.5356,289.5145,700.4479,405.6184,360.7414
5.2333,700.3532,1136.1973,204.6780,262.7759,921.2962,1059.2399,324.7899,594.9814,530.9866,698.2529,277.2756,349.3099,721.8506,654.6376,293.9738,427.8095,279.1883,687.8390,423.9559,373.8477
5.2667,817.9026,1280.6344,209.2482,265.5108,944.4861,1130.5586,371.1519,584.5449,524.8376,721.6170,279.4120,336.8146,747.5029,652.6245,270.5302,420.0304,279.7222,669.0691,422.9518,358.9911
5.3000,864.8463,1366.3737,211.1264,263.8417,958.1955,1158.4111,389.5507,990.7104,516.5096,730.8041,270.1427,338.6839,772.0275,666.9052,280.7699,417.2381,283.1460,665.7189,415.8914,362.2572
5.3333,881.3048,1348.7490,211.5075,273.7344,948.3493,1139.3136,384.4896,1178.8613,505.9266,735.3556,279.0301,329.9441,735.2099,639.4692,287.1949,414.7000,282.0152,666.2248,421.9224,354.1605
5.3667,866.4894,1330.2525,205.2612,267.5890,911.5896,1124.1309,386.8459,1216.2342,534.7528,716.8412,279.9085,322.9277,739.9985,646.0606,283.3090,409.0788,278.7914,665.1098,416.3598,360.9298
5.4000,833.5543,1321.8348,220.9398,266.6062,903.2078,1095.1287,379.0947,1243.6367,515.2327,717.6233,260.7139,330.3385,754.4502,642.3450,285.8226,407.7040,279.5312,633.6377,413.7727,348.3698
5.4333,833.3280,1295.4630,211.2380,273.2239,889.0428,1073.1121,375.0946,1245.7278,514.0093,723.1681,268.1709,318.3845,753.5096,649.1166,296.9523,418.6452,278.2530,639.8873,417.0122,360.2113
5.4667,794.0455,1297.3930,214.3286,260.3762,856.6838,1025.2938,364.4686,1206.8752,512.8972,732.5172,266.7961,308.9289,772.8304,626.0854,287.8989,392.6683,277.9723,637.0447,424.0130,351.1670
5.5000,776.5928,1228.4496,216.6080,273.9825,843.1140,1007.9587,360.9365,1177.5694,513.0113,716.6161,269.3149,309.6838,765.4995,660.8596,290.0304,417.5416,287.4589,625.7068,414.8852,348.8107
5.5333,759.9986,1211.4240,210.1188,267.6492,820.4756,985.1546,351.1397,1172.1970,513.0061,737.2820,264.7458,307.8981,748.9973,642.2097,284.4587,402.6369,278.7423,633.1805,416.7676,368.0647
5.5667,737.2868,1185.2293,208.0656,268.6117,813.6575,977.8385,348.6409,1129.2292,514.8086,736.3521,258.3145,309.1209,758.7324,663.5515,286.3026,403.2420,275.3913,625.5521,419.9461,373.9215
5.6000,719.6715,1169.7932,210.2977,259.1715,795.8332,940.7941,344.5267,1091.6982,526.3575,723.3713,272.6743,308.3585,759.7424,663.9469,290.9940,421.6167,286.6587,610.1253,426.0982,352.3572
5.6333,710.0624,1128.2000,215.8256,261.2120,780.6494,929.8684,333.3271,1068.1531,527.2643,741.8395,260.8082,291.7187,742.8243,648.1289,282.4851,406.8717,270.1343,597.8886,413.2196,349.9165
5.6667,702.2233,1098.1586,203.4819,257.4195,767.2020,898.3341,331.3936,1043.9262,526.1122,720.7452,262.1640,296.9287,785.8786,647.0648,286.0581,393.6305,284.0197,636.6581,409.3113,362.1749
5.7000,673.2868,1095.5500,206.5984,259.3652,744.4552,887.1848,318.8181,1023.5547,517.4784,722.9911,268.4141,294.5952,746.6952,654.6015,288.6460,393.2206,268.9480,591.2774,401.9892,364.1915
5.7333,657.1358,1081.6911,209.5657,257.2541,738.9491,861.0050,312.7957,981.1884,525.3521,714.3483,261.7347,289.8135,753.9348,635.0752,286.6662,401.5784,289.3646,613.0504,412.1865,367.2559
5.7667,642.8550,1062.7492,212.8208,266.4629,693.2775,828.7513,312.7235,963.2360,522.5640,716.8558,282.1522,292.7271,749.2957,654.4929,280.3607,392.9471,275.2363,587.8656,425.4568,369.0733
5.8000,631.9946,1029.3569,207.3171,272.8431,700.7092,832.7275,313.3361,968.8800,513.5730,720.8004,277.0059,289.2633,745.6974,631.1384,363.8816,395.3479,353.6222,587.2293,425.4552,352.8866
5.8333,612.9741,1015.0510,211.5875,264.2994,687.1817,823.9753,299.5742,939.0722,516.9023,757.1895,269.7005,288.2036,779.2616,629.7628,398.2638,389.4780,400.1527,581.7375,405.4025,358.7104
5.8667,602.8844,1011.8909,212.4940,265.3977,677.1380,805.6876,297.2986,883.5485,514.1072,711.6532,266.6987,278.4311,755.0052,829.3798,411.9705,393.3933,405.5336,609.7587,428.8715,360.6006
5.9000,586.2629,1012.3641,209.9666,263.6016,682.5848,799.5390,287.9361,888.9115,518.8923,726.8519,265.9602,287.1110,762.3710,893.8210,409.1950,397.8940,409.0350,600.6660,414.4130,355.7070
5.9333,585.4584,967.7117,205.6542,259.7822,663.8849,773.1173,286.7976,888.7053,533.5035,726.8596,272.5012,284.7605,774.8250,938.5963,409.0095,390.0088,411.5717,575.6190,418.7586,351.6109
5.9667,571.1534,973.5903,210.9076,263.7505,649.4684,777.1570,292.0552,858.8008,535.0822,723.8833,265.8205,285.4269,779.6331,945.2147,416.4014,401.5317,391.3687,583.0219,415.1793,366.2284
6.0000,568.4764,958.6618,208.8118,255.2858,636.1818,744.2577,287.6398,859.5069,525.6820,734.6442,261.7779,277.1236,750.0552,910.7464,410.0175,398.1003,390.3010,568.7001,424.4409,371.9966
6.0333,552.1600,938.9968,201.5605,264.0070,620.2378,741.7951,281.3057,847.2109,522.6454,711.8378,277.8081,280.6270,743.7746,931.2478,401.2912,390.0149,398.7467,587.3967,403.5411,369.5507
6.0667,555.8614,901.5539,210.6997,268.2919,635.9531,734.5535,267.1648,817.7600,506.7982,730.9759,268.8092,273.2766,742.4161,928.4073,384.4137,377.1770,386.4611,578.9050,417.7560,367.5478
6.1000,542.0093,925.2372,208.0701,249.5876,601.8871,719.9343,269.8391,788.3428,521.6786,729.6520,269.3241,260.7264,745.0920,898.1902,379.0142,386.5867,380.4998,568.6866,426.0527,355.0756
6.1333,525.7403,919.8779,218.9801,258.6925,612.9802,709.7912,266.4153,796.5023,504.7394,728.2355,272.2330,268.2967,731.2033,888.6605,383.6623,380.0113,366.1381,541.4011,425.8162,371.1790
6.1667,520.6605,930.1034,209.1317,269.7864,595.8367,698.8466,265.8704,791.2272,513.1719,737.2067,270.0507,274.1183,730.9329,866.1801,370.5069,376.9988,365.3567,567.9298,416.4429,357.2894
6.2000,527.4781,899.9853,222.0572,263.8501,584.1255,692.3885,260.8256,768.0937,526.8423,740.6919,265.5115,271.3752,759.1911,849.9397,373.3375,401.0653,359.4927,562.4381,407.7493,363.4349
6.2333,514.9498,921.7487,265.3583,271.1654,591.7028,687.8218,257.9320,737.2858,526.7086,713.6759,263.9424,271.8283,759.0111,865.4755,373.0756,400.0616,366.0880,565.6383,417.5983,352.4445
6.2667,507.5168,884.0932,303.4196,267.0373,598.9216,682.4009,258.8454,772.2787,531.2893,732.9979,261.7195,261.0565,743.8734,835.4105,370.0366,386.3210,358.6105,555.3642,415.9349,373.0496
6.3000,505.7959,897.9425,305.8391,260.7875,593.0317,670.7983,267.4537,771.2272,521.4102,715.2841,266.8493,264.0732,751.6419,843.3571,353.5246,377.5422,343.8927,555.5360,423.6667,357.4857
6.3333,496.1764,872.3211,319.5874,267.8970,561.9903,635.9137,255.7425,762.9173,536.9465,708.8351,269.6768,269.0762,743.5316,816.9147,355.9260,371.2938,348.8313,545.3685,413.9606,356.0891
6.3667,477.6289,864.1219,309.0991,263.7243,587.2791,665.6376,253.9217,752.3027,527.4642,718.6346,279.5537,265.3800,755.3556,813.8505,348.2972,382.5583,346.5202,547.4849,404.1554,354.7041
6.4000,469.3574,886.3814,298.0217,265.8182,572.1469,662.9365,254.8555,700.8088,515.1576,732.6341,274.8796,263.1645,744.2863,805.3365,345.2220,386.4237,333.4842,547.5354,428.0928,349.8804
6.4333,481.3555,838.4570,294.4072,266.5134,575.1441,654.0709,251.6422,703.6200,526.6499,723.6821,283.6857,261.2780,754.2452,806.9398,338.8041,392.6933,339.6228,546.4686,425.2821,356.2789
6.4667,473.0873,857.2658,293.2036,275.9540,558.0773,637.3421,260.2042,725.0007,517.7396,739.5597,268.7319,268.6611,754.4638,800.3605,335.1568,374.8581,323.1893,536.6659,411.1025,359.6316
6.5000,462.7931,838.0872,286.6691,261.3375,550.6355,649.5173,252.0740,695.5829,525.8249,732.0764,264.3498,268.7879,752.9805,780.3905,334.4782,385.5714,340.7475,566.6292,418.0397,374.3794
6.5333,448.0622,837.1606,285.8762,257.0603,557.8039,637.7453,250.5024,690.8222,507.4731,746.9131,267.2997,257.5300,736.5129,773.1162,335.2379,383.1755,327.5360,560.8166,415.6626,370.8178
6.5667,461.1469,844.5546,279.1678,264.0900,551.5587,646.6017,247.2415,690.2692,521.0876,694.6465,263.2960,258.3665,750.5729,753.9459,324.8149,364.7880,324.8007,551.0518,423.8452,358.9811
6.6000,461.3554,837.1011,276.4631,263.3905,549.2673,629.6759,249.6688,686.4595,514.1583,723.1093,267.0405,262.6388,745.6196,754.1666,332.2060,377.9279,326.4769,552.0544,424.9771,359.5023
6.6333,448.5838,837.8389,268.0808,256.3916,537.2747,610.1192,243.3594,703.5997,528.5587,749.5958,267.2426,259.0050,745.8005,761.9971,326.0181,391.8453,332.6215,547.8294,425.3673,357.8453
6.6667,425.7703,838.6318,275.0261,265.7302,648.5107,630.7368,244.9443,676.7962,533.3425,733.1871,267.6804,258.0153,785.5247,754.2399,323.9789,380.9913,323.5045,533.8132,419.3645,370.7650
6.7000,444.1929,820.9603,272.5558,258.5758,729.2888,601.1840,245.9997,672.7508,506.7921,733.3957,258.9768,251.1011,720.3229,738.5173,314.0171,383.7015,326.5467,549.7014,406.5134,366.9800
6.7333,426.8293,841.6191,266.1719,250.0185,745.7596,605.0666,244.8831,673.3468,525.7671,722.9969,272.7672,259.6904,745.5400,742.0449,320.5656,381.5571,320.8837,539.7128,421.4188,355.3036
6.7667,443.6839,803.7095,268.3722,256.3648,752.2642,597.4478,238.4954,660.2117,521.8439,749.9963,270.2745,261.0773,755.6268,740.2657,327.8779,381.7019,307.9930,567.8287,418.6290,360.5160
6.8000,446.5217,822.0171,259.9897,258.0694,735.5223,626.2600,240.5236,648.5743,517.1198,706.1621,266.4229,256.8421,764.2560,722.8158,323.8306,379.1254,310.4195,544.6659,415.4963,365.4471
6.8333,445.3705,837.3202,258.0017,261.0442,727.1346,594.3236,241.5108,669.4744,517.4141,738.2974,263.2829,259.2217,769.5468,741.6771,315.4449,381.9005,312.5324,522.2069,417.6580,356.6557
6.8667,435.6279,787.5770,249.7887,265.9787,719.3252,602.2871,236.6626,666.5314,535.3403,719.9333,262.2042,255.8386,765.2961,732.1245,312.2450,374.7185,312.5176,538.3034,409.3363,355.1736
6.9000,426.9794,826.5905,255.7996,265.5274,714.0123,601.4042,237.9585,658.8935,523.0813,725.0506,266.3888,257.0254,745.4393,724.7305,307.8399,375.1256,304.6694,558.9222,406.5363,354.6693
6.9333,414.1860,783.1809,255.9804,265.0006,712.2263,607.8362,236.1372,660.6554,512.6636,732.7405,264.6144,260.3592,748.6633,697.4486,304.9717,378.8172,305.8972,538.9721,423.7185,351.0722
6.9667,417.8412,782.2583,248.3968,264.2790,663.8546,590.1264,241.4034,645.9920,525.4147,706.5029,272.8724,258.3061,760.8187,703.2419,317.0634,393.5606,305.9188,542.7594,428.6076,370.0523
7.0000,421.0922,820.3704,240.6353,261.5669,663.2581,586.1861,235.9576,648.4888,537.2967,728.2716,273.4735,254.2941,754.7467,669.8275,307.4770,382.3438,298.1567,522.0262,415.8704,345.7605
7.0333,413.6605,793.5656,241.2141,258.8518,672.1907,588.1821,300.8423,652.5518,514.9639,717.4873,253.4748,253.8028,734.1247,688.6026,306.2283,384.1407,310.2599,532.0272,430.9011,357.3245
7.0667,431.1055,797.7261,242.8578,258.9222,647.4884,590.3441,389.2289,637.8922,520.0610,725.1649,264.7282,248.9474,726.9299,686.3093,304.3255,379.5680,299.5672,535.3720,415.5567,353.2981
7.1000,435.2787,783.2554,238.9220,261.3217,644.8006,587.3098,423.4679,648.9692,526.2389,721.6548,268.0127,253.0151,747.5864,683.6617,304.9817,384.8467,302.3109,537.3858,419.9510,355.7349
7.1333,421.3287,775.3566,237.3133,265.7566,637.6932,575.5703,427.5564,649.1857,524.0760,928.9909,267.8170,253.5675,756.9468,698.5855,309.8599,386.0673,304.9183,542.3076,419.3020,359.0239
7.1667,440.4735,806.5909,240.2851,255.2902,642.6730,578.3294,434.2419,634.4324,518.4770,987.7496,274.8394,250.2612,746.7039,659.2174,309.5477,371.2081,298.4747,546.9246,414.5007,351.4343
7.2000,424.1378,792.2354,239.7971,273.4561,632.2325,592.3702,434.1061,642.5076,510.9576,1044.3901,267.3146,253.2932,757.0325,700.4708,307.5277,376.1665,302.4995,545.6447,408.3982,362.5075
7.2333,421.4410,791.5391,233.0094,269.1556,605.0596,563.9155,421.9626,792.9433,509.6512,1040.5726,271.2525,246.7685,755.2544,700.7850,297.0641,379.1487,295.6524,539.1898,415.0149,356.1538
7.2667,414.5202,758.3893,233.2465,260.5861,608.0561,571.6449,404.9921,851.6291,509.4067,1043.3841,279.2578,255.3659,742.9491,680.6518,301.0424,388.1692,300.0785,534.2404,403.2378,360.9437
7.3000,428.1672,791.2291,232.8144,269.2093,584.4093,579.7986,389.6847,877.5290,525.7358,1030.3286,271.2529,260.4074,766.4419,688.2843,301.0876,371.2057,291.3362,547.9013,413.0283,362.8345
7.3333,400.9540,790.8667,225.7973,267.2223,603.8005,589.0300,390.9439,877.4322,519.4752,1018.8630,265.4232,255.5844,750.3257,675.3366,298.2153,382.8115,295.6933,547.9937,412.8446,365.1680
7.3667,414.9304,808.1954,231.8566,259.3106,596.3921,564.7176,381.4502,871.2809,513.0576,1006.0217,271.8354,248.5132,743.3708,691.3033,288.4585,384.3818,283.1222,525.3403,420.9028,346.3859
7.4000,423.2648,775.7636,228.7446,264.3989,576.1786,574.5886,370.3302,883.0177,520.3827,976.5734,271.5569,253.5529,736.7618,679.9063,304.9572,366.3664,295.6123,535.2853,416.3748,343.9681
7.4333,389.5140,754.7742,226.7347,257.4909,582.8524,565.7515,366.2355,855.2513,519.0365,978.0839,272.1723,252.3320,760.3270,667.7069,301.7612,369.5863,291.6616,530.0923,406.3869,362.1710
7.4667,406.1220,755.3906,229.8150,259.0266,563.8719,579.3083,360.8081,830.0005,537.1209,968.5417,263.3329,246.0817,760.4742,661.1282,302.5421,378.6468,298.4661,524.7226,417.1079,358.6105
7.5000,410.2875,771.3884,227.4575,271.8377,557.2255,559.1750,354.7835,840.9002,534.2853,968.7728,267.8679,247.0486,772.8684,644.8731,304.8425,374.9171,290.2460,530.5097,418.8574,363.1271
7.5333,400.9347,744.6306,232.5692,264.1507,549.7805,573.1072,345.4059,839.8367,505.0217,937.1302,265.2218,256.1906,755.0555,636.9999,292.8134,383.2240,303.1144,532.8769,430.4100,354.8426
7.5667,414.0800,804.3351,227.0496,270.5037,559.4442,580.8028,340.1936,795.3946,528.3718,948.4276,257.3653,253.5378,768.1228,655.6428,294.4024,377.3088,284.7746,555.3522,415.4834,345.0144
7.6000,414.0521,762.2018,229.6908,261.4702,535.3981,575.8214,338.6128,791.1887,514.4466,910.9744,262.5141,260.0853,766.1759,666.2459,285.1190,383.5341,292.2743,541.7820,407.7532,355.8743
7.6333,419.9363,757.4677,219.9359,267.2519,543.8670,557.7360,328.1308,796.6310,500.2560,901.7371,268.9689,245.1452,747.3321,680.2449,286.3794,373.3359,291.8738,539.0758,401.2361,363.6324
7.6667,399.6824,777.6181,225.1609,258.9234,538.6579,566.6997,322.0325,779.6287,505.4135,901.3201,266.2705,245.5284,767.2767,664.9686,300.8561,390.2538,301.2982,532.1054,415.1730,352.5035
7.7000,418.6387,770.5340,223.5215,276.7186,540.1067,565.1828,312.9174,745.3722,504.3056,892.5488,271.1348,259.8217,743.0556,674.1806,290.7500,375.5909,288.1566,534.2918,419.7696,368.4905
7.7333,405.5385,766.5437,232.4941,255.5944,526.8801,562.4227,304.0070,776.8696,532.9080,864.7839,255.3510,255.6637,744.7237,642.9514,303.0248,389.0160,294.3244,521.3956,419.7436,372.0001
7.7667,400.3136,781.0133,219.6319,265.5509,527.9705,562.2629,312.3028,758.0246,522.5136,850.3884,263.1140,246.1309,765.8557,669.9515,302.3054,393.9778,291.8832,510.3691,415.6976,362.6451
7.8000,390.9501,768.2761,222.3549,261.7487,537.0584,563.8969,301.0532,726.4002,508.9181,865.4189,256.2950,251.4856,752.4462,634.2890,288.9650,382.9076,288.0107,515.5507,431.5280,371.7394
7.8333,401.4144,750.8429,213.0033,268.3535,534.4015,537.7273,303.4747,739.4224,516.1435,871.1789,268.0476,247.0426,745.8538,677.3783,288.9956,375.0013,284.3864,526.6819,424.9607,367.3714
7.8667,402.3392,755.9461,225.9181,254.9592,536.1787,570.0573,300.3261,731.0758,514.1564,862.4260,263.4134,250.9017,738.1293,644.9095,294.0992,368.6358,277.5059,542.2660,406.9114,357.6167
7.9000,405.4789,799.8471,219.6587,259.5290,532.1187,571.3736,284.6209,714.2622,512.9944,884.2066,266.4218,244.9992,744.0482,646.4115,299.1087,381.0098,295.6551,504.5377,414.2426,355.4284
7.9333,385.3337,734.7825,218.8568,263.0041,528.7597,567.0296,286.0839,729.7384,532.3238,847.2826,259.5976,245.7648,732.1339,635.7802,286.5430,369.6317,291.9500,535.2189,403.9795,368.0172
7.9667,409.9508,770.1652,220.1773,263.8365,517.3175,589.4987,288.2171,713.0787,499.6478,823.6226,272.5988,250.4483,774.3368,655.0341,295.2758,383.9217,286.1596,515.1062,434.9502,377.1001
8.0000,416.9323,749.5577,221.8979,264.3312,526.0140,549.3609,285.3368,683.9053,512.9320,817.6469,258.2758,253.9498,747.8183,648.4145,291.3569,380.0250,283.0089,546.6403,415.0994,358.2824
8.0333,409.9752,739.4823,216.6507,262.0094,511.7444,579.6768,275.7492,682.3860,520.9549,809.7973,268.2217,255.2630,768.8665,660.7853,288.4215,371.3969,273.8066,505.1406,422.8894,357.4896
8.0667,403.4854,770.9706,217.4462,273.7861,526.2373,540.6193,276.6110,694.4882,522.2553,1020.0435,266.3273,242.0769,765.3699,657.3942,293.8533,381.4978,288.1101,526.7438,416.0329,365.7005
8.1000,402.5025,745.1343,226.0103,261.0795,512.1045,560.6849,277.0046,687.8027,524.8118,1117.6736,267.8012,250.8175,737.3431,666.9964,298.4474,375.2417,286.6517,524.5213,428.3001,362.1040
8.1333,402.3926,749.0718,217.9199,261.9786,524.6876,565.8707,266.0009,671.3249,532.9597,1125.0842,272.8426,244.9521,776.3251,642.4803,299.7368,369.6127,285.0975,514.0400,412.3906,350.6872
8.1667,401.5220,749.0013,214.4677,260.7020,503.2120,545.8305,261.7338,682.6947,530.3244,1103.1447,270.1458,245.8304,767.8673,649.5947,294.9793,375.9254,289.9970,518.7840,406.2724,361.9437
8.2000,389.3955,763.2823,217.3736,261.9791,511.3665,555.9861,262.1461,692.9352,526.6791,1103.7897,263.2937,250.0798,751.5478,655.5481,288.9945,370.2273,281.0282,521.8124,402.2291,365.7514
8.2333,400.2628,741.1538,215.9389,254.2230,519.4864,553.3900,267.8844,666.0513,521.2851,1114.8584,263.3165,258.2676,763.3099,657.1183,285.9337,392.1751,285.6564,532.1833,416.0234,367.2618
8.2667,389.2864,760.4220,214.2105,259.9785,497.5939,546.7707,260.1992,656.1628,530.3966,1090.7724,265.1578,256.1723,781.6371,646.5173,289.3906,379.0702,287.1637,523.1279,411.9270,350.9780
8.3000,383.7454,758.8276,217.8027,258.7336,496.5469,553.2898,262.3892,654.4573,511.2502,1048.8848,264.7834,246.7674,725.1063,683.4226,289.2581,368.1755,291.9186,530.2865,419.4820,347.5605
8.3333,395.9227,760.7204,223.7438,262.3787,524.3530,546.2122,255.0311,648.6128,525.3558,1031.3394,261.5700,314.2966,761.1946,661.7097,287.0377,371.8883,301.1534,511.7750,414.5163,352.1099
8.3667,398.0119,755.7862,213.7894,270.9851,506.6340,557.3400,249.1199,650.9627,499.6960,993.9703,273.5682,419.0823,758.1842,655.0927,289.1387,362.6791,285.0357,514.6047,410.2919,361.8322
8.4000,408.3252,784.5564,214.9501,264.0198,497.7832,724.7252,243.8889,629.1339,514.6193,1024.5930,264.8484,454.1579,728.5254,636.5478,287.2972,377.1988,280.8115,539.3524,423.5195,358.7846
8.4333,396.8844,761.2893,214.3260,266.6639,497.1347,779.7056,251.0086,632.4269,519.1196,960.2668,278.6064,476.5262,785.2960,628.9259,294.6167,389.2563,284.1849,527.3776,417.1491,353.5667
8.4667,378.5090,769.7622,216.4549,260.7138,515.6849,794.6272,245.5411,635.2931,530.6893,978.3125,270.4145,464.0229,766.9417,653.2023,282.2578,386.1129,281.2263,525.8632,429.6369,357.5758
8.5000,396.1266,741.1024,220.3024,263.1536,498.1754,820.6344,241.5872,640.5634,530.7085,956.6616,262.1175,461.4094,749.8646,654.9278,282.0522,379.3270,287.9478,537.6724,411.9001,369.1333
8.5333,401.4323,728.3071,212.4514,263.3511,508.3749,793.7362,248.7448,624.4912,503.3232,938.2337,259.1135,464.8057,748.4474,664.1045,282.0663,374.4656,290.2070,538.6566,409.5975,355.7144
8.5667,399.1187,747.6404,214.4505,261.9311,493.7593,767.9067,248.7265,616.4413,525.5707,935.6457,264.6466,445.2572,732.9682,659.0604,295.7166,374.4917,292.2442,547.0412,419.3426,355.5940
8.6000,401.3798,755.5323,212.1257,262.5165,507.1407,766.7994,245.3426,639.4555,511.1518,914.4683,260.5459,443.7698,785.9804,644.9671,296.2927,371.6640,283.6238,535.6012,413.4807,360.9424
8.6333,388.2601,752.5312,210.5955,265.8479,488.2388,746.9711,241.6872,624.4372,512.8036,931.8112,267.3044,420.8052,746.8789,650.6727,284.1948,385.1951,290.3256,521.1806,420.7287,355.9356
8.6667,391.7730,773.0937,207.4237,260.9723,498.4929,728.7722,247.1586,614.6526,531.3235,892.8051,262.4587,414.6361,761.4233,673.3739,286.8499,386.5739,283.2690,536.8552,426.7360,355.6445
8.7000,401.4601,759.7538,212.4558,265.1309,501.7380,750.1717,240.4320,623.1592,508.8337,904.0202,259.2236,410.0995,751.3592,648.8158,292.1106,376.4551,291.1613,521.5592,402.9591,355.2098
8.7333,398.6880,747.6082,212.8216,266.3017,503.3350,729.8758,244.2070,636.2303,495.9162,868.4429,273.3550,399.5655,773.3594,654.9755,291.0937,382.9188,285.4179,545.2486,420.1186,361.1525
8.7667,401.5627,761.8709,204.0015,270.2109,483.3264,702.6198,236.0439,615.9271,526.2458,882.3756,269.9718,397.3615,777.0132,636.0060,287.8933,386.2291,283.5597,521.4122,413.3791,364.6898
8.8000,393.7903,754.1689,209.7308,266.9910,501.6116,709.3723,243.3585,597.7655,516.3777,865.0184,274.1846,386.3686,746.9461,647.8423,287.5819,384.3066,280.7545,516.9200,428.9015,358.9868
8.8333,393.2290,769.1306,207.3153,260.7333,496.5185,713.0305,249.1362,628.7788,528.7333,884.6266,264.4062,375.5377,754.0790,643.7947,281.1011,383.4520,284.0584,522.8187,408.3558,360.2992
8.8667,386.4892,772.9945,209.9398,257.9967,502.0919,705.7514,246.4299,597.6764,530.2170,845.1734,261.3680,368.8030,755.7322,615.7820,295.0563,366.9296,277.8742,523.0997,423.2066,362.0859
8.9000,387.9067,753.4384,213.7220,265.2556,498.0062,677.0145,239.3116,612.2807,524.6381,855.3876,257.0750,371.1085,748.2127,643.4737,291.6429,377.1182,282.8796,522.0537,419.5986,368.0238
8.9333,383.1223,760.6316,209.7959,257.6793,501.6008,699.5219,234.1486,626.4920,511.7061,832.4727,257.3044,358.5711,748.5325,670.4691,286.5966,378.7954,272.6356,527.0700,410.4246,370.2184
8.9667,384.9865,765.9529,213.8346,255.3810,497.3889,681.9544,232.8817,602.1347,526.5903,835.5896,263.5879,356.3297,770.1880,655.8027,297.2375,379.3778,278.9930,520.5570,424.5959,358.4501
9.0000,394.4735,775.7868,211.2140,270.6763,505.4146,665.4094,229.9656,617.4646,534.7253,830.3928,264.2496,344.1649,740.1038,645.0805,289.2980,378.5769,285.9829,511.6764,432.1715,351.2315
9.0333,394.6822,760.7310,212.0422,265.3384,490.0349,676.7501,234.4452,588.2598,524.3183,804.2600,268.5960,340.5399,768.9444,671.7753,292.2189,369.7345,286.6794,542.4485,412.2122,362.5240
9.0667,402.9958,747.9505,212.0326,263.1688,493.0022,655.9107,239.1263,612.4570,510.4875,802.8536,269.2185,327.8811,760.9373,654.4510,276.6113,374.7452,287.1799,527.0275,418.3475,358.6954
9.1000,390.1122,744.1547,221.3811,263.3098,479.2653,645.5230,232.0926,618.7235,523.8634,796.6586,269.4108,330.5606,771.4097,667.9589,293.3959,375.3930,279.0198,540.9525,417.7590,361.2347
9.1333,385.8832,729.1151,210.9752,259.4230,493.7666,645.3756,232.9972,610.2996,530.3297,816.0946,267.1883,327.9810,754.7086,659.2945,287.3325,370.3397,280.7462,524.7734,418.1274,366.2748
9.1667,402.3394,720.1556,207.0188,267.3585,495.3012,642.5066,235.8486,611.6850,497.9437,809.5211,270.3177,328.0307,739.6630,625.7232,291.4150,384.6054,292.1844,521.5473,423.3542,352.3740
9.2000,396.9517,737.1722,219.3737,253.3574,487.0170,612.8539,232.8004,621.5032,517.0365,813.8287,267.7312,312.3205,760.0424,626.7914,287.3823,379.0353,279.7566,518.8426,415.1177,352.5395
9.2333,397.7474,761.8580,215.9813,259.7610,494.3845,635.1024,242.8452,614.7385,516.4778,798.0616,265.0953,315.3949,747.5377,633.1209,285.8795,398.0322,288.4036,532.3035,405.3700,377.3949
9.2667,396.8003,741.1674,219.0754,258.6041,492.9942,632.5189,238.0190,608.3688,507.2067,791.7045,269.6107,304.4586,754.0443,649.5906,274.0182,396.9796,286.0059,519.5906,422.7903,355.4189
9.3000,403.6284,758.2281,211.2093,267.1104,474.2385,618.9436,240.2968,614.7544,541.5220,787.8290,268.4416,314.5637,730.3896,625.1401,281.4699,393.6509,280.2125,528.1878,413.9269,350.7053
9.3333,402.2273,763.7535,211.3520,252.6292,494.0033,600.0889,228.5057,594.2110,519.6141,785.0933,258.3579,308.4794,796.5634,651.8818,276.4382,392.3709,283.4502,532.9746,422.1386,371.3740
9.3667,413.8951,752.1587,213.1039,258.5724,498.4483,628.3298,234.9966,607.9873,531.9678,772.3937,273.4650,309.2071,763.5033,648.5639,283.2393,357.1434,285.2888,515.3226,418.9217,346.4686
9.4000,396.8512,767.6711,206.8743,250.0813,483.3425,622.9604,232.5803,578.6434,524.2791,770.1999,273.5309,292.6458,769.3077,659.5360,282.5114,377.2484,283.5034,535.9531,428.9521,345.0189
9.4333,401.0289,768.2688,217.9687,258.4154,492.0746,604.5203,226.3802,599.6297,524.0666,798.9237,259.1985,288.2965,750.6667,658.0144,291.2967,382.7156,290.7316,547.0914,415.0407,344.1286
9.4667,403.3357,745.5203,213.9038,262.1006,504.6605,631.2368,230.1940,778.2893,514.2011,771.0466,268.3850,282.9231,755.3705,641.6059,282.2790,391.0916,292.0275,534.1586,423.2341,353.7044
9.5000,384.9611,763.5625,216.9439,281.1635,486.9500,614.9800,237.4619,840.3126,524.1862,791.3450,272.7560,293.5220,730.3799,642.5043,291.8150,397.6839,284.0271,533.5208,428.1308,357.2860
9.5333,396.6715,743.5340,207.0283,266.0998,476.9257,599.6369,227.7734,875.8119,527.3025,757.7913,269.7300,288.0146,749.9436,642.4012,289.4180,382.7738,280.9885,542.1265,406.2479,362.5485
9.5667,403.3410,736.9844,215.1298,265.7812,475.8645,618.1049,225.4771,873.7111,522.2505,763.7179,264.2098,284.9945,735.6634,643.5367,290.4143,377.8846,281.4817,524.5531,405.7966,357.0093
9.6000,394.3729,767.8204,199.1567,277.1461,479.5551,593.1169,227.1645,867.4482,519.9385,743.1161,275.1355,287.1160,764.4607,629.7009,290.2842,378.2507,273.0304,656.6890,418.1469,338.7397
9.6333,404.2415,758.0199,214.3362,262.9543,480.6092,618.7488,228.2817,868.7428,519.0263,771.9996,261.6765,286.2863,778.0065,658.7320,301.1889,372.9415,296.7575,747.0723,421.2716,361.4772
9.6667,380.1262,781.5127,212.9444,269.3815,503.5592,586.6440,228.1374,850.7316,524.3295,788.6908,262.6576,274.7531,738.9770,615.6338,294.6599,379.2570,287.2788,743.2220,420.5071,364.8277
9.7000,399.7102,777.6879,209.3681,266.3087,487.1615,580.7477,227.2563,837.6567,529.0746,770.9522,268.3166,273.8847,765.3562,632.4854,287.4251,387.4900,278.0460,778.1077,523.1102,364.3711
9.7333,405.7944,755.6644,211.8258,271.9484,498.1551,598.7293,223.6819,798.1884,531.7679,740.1961,265.8535,261.8147,766.0443,636.1916,303.0627,384.8490,277.8037,741.3077,597.6462,358.2276
9.7667,389.1067,763.1440,204.2519,258.1149,482.6758,587.8359,226.1121,806.9779,501.8014,756.9262,260.8587,275.4142,764.3888,629.8259,290.5145,387.4136,281.4748,762.9894,595.1431,348.5118
9.8000,378.2902,767.0637,204.1725,259.9522,502.7634,587.7453,234.0718,802.7904,519.8151,748.1923,260.6329,273.1435,736.4912,648.1486,282.8863,387.7254,292.4204,723.7145,595.9104,356.7242
9.8333,394.7204,777.4130,212.0327,261.0453,490.6643,596.6930,233.5367,780.8543,520.1271,727.3895,267.9685,278.0660,764.6858,638.9439,296.2367,392.0520,280.0936,712.8685,618.6825,341.6074
9.8667,401.9716,751.3101,221.1774,267.1804,473.2126,598.7518,233.0215,784.8351,508.5748,761.2655,258.1271,265.2469,771.1702,644.0169,287.2571,384.6969,283.8763,710.8657,598.8382,368.2521
9.9000,397.0308,751.2291,212.3216,263.8330,466.5693,580.6757,229.5361,773.3917,535.2361,767.3789,265.4553,273.8046,770.7951,657.5484,288.1731,380.2619,287.3364,731.9316,571.0267,342.2894
9.9333,394.7498,780.6930,217.2964,265.5130,489.9430,568.6866,228.7299,771.8184,514.6031,753.2814,266.4995,267.9673,731.3589,639.6512,287.9563,382.4326,281.7347,694.8924,563.4493,365.3173
9.9667,379.2837,755.9118,219.5707,263.5204,479.7549,598.9935,228.7554,744.8587,528.0269,725.7077,267.4521,269.6832,741.2724,625.1855,291.1644,381.7239,267.1805,699.3305,554.4438,356.5542
10.0000,391.0474,746.1126,217.4699,267.1259,490.1185,582.9644,225.2136,724.9724,521.5924,729.4149,266.6305,266.3567,755.2176,644.2304,290.3113,385.7874,290.3830,682.8733,555.2285,352.8123
10.0333,396.3015,769.7244,206.5656,259.4905,488.8395,557.6978,232.6896,745.9919,516.0800,758.3422,269.5531,260.4472,762.4280,632.3239,296.6008,376.8613,272.8563,681.5058,546.3258,369.4154
10.0667,395.5983,807.5103,206.9845,265.3883,497.4326,564.7762,230.9165,728.3421,514.2901,756.2425,268.0735,263.0285,757.1947,638.4092,284.3206,386.2603,278.4631,652.2762,545.1746,353.7662
10.1000,401.3619,755.5016,214.6781,258.0102,478.7694,572.4222,227.6532,732.1656,516.3160,722.7729,271.0187,269.3221,751.3714,651.6487,289.0298,383.2740,279.0131,658.4860,524.3474,353.9904
10.1333,407.5637,787.3173,211.6693,267.8676,489.3010,581.1112,221.3734,734.6175,536.6643,710.1835,260.7980,258.9028,752.8295,630.5075,285.8181,378.7698,269.5840,638.6920,518.0100,357.3857
10.1667,390.5220,779.0794,216.4778,261.1703,466.3605,721.3035,239.6411,707.2366,515.3984,744.4822,259.2705,267.0948,777.0826,631.0038,285.2129,387.0327,276.3007,630.9105,522.6581,360.5625
10.2000,406.2498,767.9557,214.5149,265.9460,481.5148,771.3502,229.5798,713.7879,529.2875,732.8918,274.3361,251.4840,779.6363,625.4051,290.8530,377.9012,280.4321,634.2433,521.1903,346.8548
10.2333,380.7295,750.7759,211.8296,263.3127,479.8660,801.7802,225.9018,697.1287,513.0683,708.7504,267.0554,269.0995,774.2063,634.5947,289.3679,395.4549,281.9361,607.0183,511.2585,367.7396
10.2667,393.1371,780.4915,215.6755,264.9674,490.2978,806.7478,230.4471,689.0096,520.6298,729.6247,265.6539,259.6733,733.5605,655.2180,284.5895,378.3263,287.8150,626.7045,505.1433,359.7454
10.3000,390.1938,776.4855,211.6414,265.8871,494.5956,831.6741,225.4548,669.5560,504.8256,734.0793,261.9170,260.5293,752.2614,624.3358,289.8688,391.6172,294.3740,632.9498,487.9137,357.7853
10.3333,390.9913,773.3122,218.6186,264.5527,478.5636,808.0990,231.6328,686.5293,547.4780,708.7957,270.9623,252.9191,759.2241,656.6340,275.9111,377.6368,281.1967,608.6238,493.0626,356.2211
10.3667,383.4207,762.6925,210.7147,269.3732,497.7413,765.9791,225.7366,676.2833,522.9675,719.5650,256.0726,261.6064,753.1252,637.1491,288.1008,374.1464,277.3156,618.6766,492.0618,369.4062
10.4000,398.6406,754.5537,211.2341,267.7237,491.2015,775.3066,229.2487,678.9227,508.0398,723.6302,259.7020,250.4847,763.1130,636.4230,284.7087,385.7810,287.0552,589.6051,488.1114,362.0206
10.4333,403.6672,754.2531,210.1689,263.9931,473.7496,781.3077,232.0964,671.5675,519.3913,725.2397,264.4017,263.2354,779.4578,643.1977,283.0738,399.0310,284.2358,606.7498,472.0047,357.2499
10.4667,403.6732,750.9993,217.8783,269.3309,478.2832,766.0622,235.1128,664.1766,526.7317,751.7712,258.2497,255.8857,754.8699,639.8919,282.8392,386.6375,295.1033,595.0736,468.6864,350.4118
10.5000,387.6402,781.2626,205.3110,277.1789,480.0841,746.9614,220.3019,673.7585,542.0643,740.0273,264.8092,255.1881,756.5371,650.6311,286.6866,399.2256,277.9984,590.7978,472.0213,363.4558
10.5333,394.9567,755.1580,212.2008,263.9149,473.2040,727.4674,226.8191,673.4057,511.8181,736.5951,258.7469,243.3120,758.4845,624.3471,282.7504,394.7852,289.2237,576.3948,484.6383,359.7878
10.5667,405.3531,749.0488,216.1500,265.3237,474.4511,725.1945,224.1242,634.1359,499.7591,727.4715,267.7928,252.4053,758.2794,644.6132,295.0870,381.0062,291.9429,604.0661,455.0489,348.9011
10.6000,383.0979,762.6381,213.0974,266.3837,469.2891,720.0421,231.1173,655.5924,531.6807,746.6150,263.2907,248.3892,757.4765,641.0266,293.8911,382.6604,294.5718,590.7625,473.9615,352.6300
10.6333,406.1365,756.8380,213.6374,262.3333,487.9447,717.8584,233.1282,657.9552,521.6740,709.0741,270.9803,259.3097,752.6278,615.6953,287.5909,379.8968,282.3055,576.6820,462.0698,361.2350
10.6667,395.2344,765.7245,217.8748,271.8589,481.7783,693.4683,224.1992,650.1809,523.0867,722.8391,273.5496,248.3081,762.4391,648.8213,361.8216,369.9676,293.5958,576.2475,459.4971,350.0528
10.7000,401.7746,791.3906,213.5206,265.9384,478.8843,681.6652,225.4278,648.8451,547.9633,738.8943,259.8150,263.2650,750.7075,639.9254,389.8363,378.0466,273.5701,580.9403,463.1666,357.6353
10.7333,415.8782,744.9494,217.2329,262.7100,487.6767,693.7895,224.6388,655.8757,514.8222,733.6853,271.8096,245.3392,765.5862,657.6354,423.7807,388.4335,279.5206,557.3237,442.9868,358.5042
10.7667,395.3242,762.9827,213.6507,262.2389,491.3497,681.0492,228.7605,626.2870,528.7839,729.4392,267.5557,255.9902,768.9944,640.9125,419.2153,375.4876,281.6300,560.5667,464.2807,354.0774
10.8000,401.9633,771.2386,221.7821,273.6305,486.6493,669.2312,228.8617,636.1291,535.8988,743.3800,262.2246,248.7853,751.6894,656.1610,413.6488,382.0575,284.1878,551.1732,436.9223,370.1394
10.8333,394.2678,790.2567,214.3951,269.0972,492.9796,668.9756,229.0139,622.7166,503.5346,710.1231,263.9124,253.4010,752.5589,642.6243,409.2137,383.4585,285.0724,558.8848,435.4382,360.5490
10.8667,393.5574,776.6298,213.4006,263.7224,509.6072,663.8001,224.6545,624.1006,511.9935,729.1904,259.6650,242.5379,790.7980,656.9613,390.5016,383.8546,278.0159,577.5884,441.0540,351.9144
10.9000,400.1120,771.5127,208.9199,260.0895,476.4668,660.5607,229.6685,623.9003,526.8611,730.3732,257.0205,252.6535,759.1907,611.9638,404.5009,384.6946,275.0651,559.9449,454.0046,349.7355
10.9333,402.8054,754.6013,220.1454,268.3845,486.5101,633.6167,224.0566,644.8960,539.6915,702.5154,264.0461,253.0294,765.4168,621.5728,387.7928,388.2442,284.4841,536.8653,454.7056,356.3053
10.9667,389.5575,762.7934,217.9784,256.2651,492.7697,634.4230,231.8437,818.8145,513.6897,732.7709,258.5885,253.6157,782.9194,641.8133,389.8359,388.8936,297.8847,573.2964,446.2719,359.6082
11.0000,409.9449,753.8410,214.9986,272.1030,485.8270,639.0972,231.3921,835.2112,511.2939,737.9322,253.6203,239.7599,765.0427,655.8889,379.9117,383.4939,285.4942,557.0445,436.1270,357.5660
11.0333,412.0432,785.7471,211.8147,264.6918,483.1252,626.4324,226.7496,892.9661,525.2318,754.3520,265.9490,261.7479,758.8386,629.3055,375.5983,403.4131,298.1382,548.6220,449.4614,357.9739
11.0667,388.3439,777.7440,206.5415,270.7756,479.2212,619.1710,221.6736,892.1549,514.3054,732.8459,263.3342,254.8469,743.6443,640.1728,369.9628,394.3301,286.6938,537.9598,464.5448,358.4868
11.1000,405.2498,769.2373,215.1024,266.5517,479.8168,631.1933,229.2581,884.8906,517.9756,706.6718,259.1104,249.5873,742.2833,647.5220,364.6624,382.5878,286.2521,561.8812,451.7098,355.2988
11.1333,388.5398,748.8534,213.6231,262.4922,476.2486,633.1846,229.5448,880.8786,543.6134,704.4553,267.0927,248.7774,767.5336,645.1656,368.6579,392.3446,281.5133,554.4388,446.6540,357.6002
11.1667,387.2840,781.3683,207.9437,256.5711,486.5973,605.9202,224.0735,865.2126,522.5912,935.5048,263.0041,248.8594,749.2328,633.5624,360.3944,383.8244,287.1134,543.0195,437.5161,342.9883
11.2000,422.9613,777.7934,210.6716,261.5030,508.5181,627.5280,228.2477,847.9717,529.7255,976.4830,264.2426,235.7559,749.3352,648.7513,360.9717,378.1835,283.0933,555.7573,451.3316,367.0664
11.2333,398.5215,765.6368,202.2117,252.8599,501.3670,612.3365,225.9673,840.6161,534.2304,1049.5557,266.8952,249.1856,759.9674,646.6629,430.4733,372.5873,287.2964,538.3825,418.9385,353.7614
11.2667,401.2157,754.5835,207.2571,263.1080,477.5730,604.9520,233.5340,820.4318,529.5319,1057.8463,271.1107,240.4946,754.9004,662.5618,456.7504,370.2318,278.0983,555.2638,430.1824,358.1156
11.3000,397.4890,762.2739,206.9817,258.6993,488.7903,589.8512,230.5949,833.3840,514.8076,1042.9188,260.4873,248.6259,765.2281,652.5471,472.3932,383.4165,289.2750,538.3782,431.1406,355.0143
11.3333,409.4366,781.6310,211.0535,257.9946,472.2544,584.5172,218.5626,807.7294,524.0004,1007.2345,266.0854,259.7705,755.5190,656.9819,467.9906,386.8156,281.2017,519.5989,417.8341,368.5014
11.3667,395.9245,741.7067,217.2533,262.1823,484.7282,599.4367,234.6380,788.5250,509.2467,1003.1267,264.0369,249.3822,763.4202,617.1313,460.8985,389.1383,295.1912,536.5084,431.6154,356.2598
11.4000,386.2182,761.7927,219.9750,264.8696,475.5840,593.5905,232.0511,790.6428,534.3514,1000.1951,252.6601,245.1792,774.9144,650.1171,458.7987,382.4888,291.2643,548.3695,424.7940,356.3887
11.4333,389.1314,774.7823,215.4320,258.5721,496.4433,575.1540,230.7028,779.0384,524.9149,977.9186,266.9296,246.7295,769.5865,627.4124,448.9878,388.1310,286.5107,539.9775,420.3122,361.2765
11.4667,408.3521,763.6947,217.8216,257.9425,479.0284,579.4282,220.3239,746.3864,534.6696,953.3639,269.2620,246.2644,738.2590,620.7890,432.6529,381.4576,292.7183,522.9369,422.0314,355.0928
11.5000,398.1475,738.4344,266.0675,265.6799,492.2425,585.5275,232.3394,733.4999,505.6140,942.4138,267.4102,256.0669,766.8935,648.5531,434.7942,385.4048,277.2005,543.9460,435.2623,358.7189
11.5333,391.7655,743.5589,285.4874,266.0484,478.9531,574.9942,231.4037,883.3394,510.7868,936.9513,256.8103,245.3381,760.4352,638.0325,424.1324,377.2145,293.5391,552.5920,427.1928,353.7887
11.5667,413.2578,766.5228,308.5624,261.9923,513.5171,588.3423,229.8473,982.5715,535.1632,933.6501,265.8306,248.6281,741.5741,617.6029,417.3818,398.0555,287.1024,548.8522,427.1283,357.4927
11.6000,382.9232,781.2880,312.4419,259.6478,475.8705,578.4120,233.4152,993.8156,534.5485,899.7719,262.6321,249.2975,755.0995,643.9256,414.9578,371.5217,283.4273,548.6498,431.9866,351.2030
11.6333,384.8831,781.7376,312.2646,265.0912,495.9305,574.7733,227.9340,989.2359,529.9577,904.6683,267.6043,243.1605,787.0355,629.1645,401.0207,377.2947,291.5026,527.9650,434.7672,365.7949
11.6667,403.9123,782.8211,300.9243,258.4977,483.7790,580.9498,221.0469,988.3032,513.8407,926.0870,264.1189,239.5171,770.3041,670.4591,396.0618,389.5152,284.7458,530.3438,421.7531,342.4328
11.7000,406.2384,761.6195,294.7075,269.6782,485.7630,567.7284,226.5471,947.8814,509.4387,901.8274,269.6206,251.7551,752.3550,639.7366,388.7268,391.6999,281.1358,521.4431,412.6864,355.5632
11.7333,401.9282,755.3253,286.5789,277.4026,476.5760,563.4291,223.8774,942.7214,541.6634,896.4257,277.5926,249.5627,755.7578,657.6707,380.4711,392.8708,288.1342,537.0635,429.4689,352.2000
11.7667,408.4493,792.7483,298.6106,264.2260,480.8314,580.4805,223.6842,926.7176,517.7008,890.4749,268.3704,249.8011,794.3048,658.7021,375.8378,368.8999,294.9309,524.9410,431.0791,361.8860
11.8000,392.6428,763.5707,288.4940,258.7836,491.3342,589.5371,226.1200,912.9974,500.7929,858.1501,260.2919,246.7987,751.6503,648.3207,364.5415,387.2656,293.3982,538.6434,425.6232,356.8491
11.8333,398.6956,761.0384,282.7303,260.1306,462.5309,570.3055,230.2222,869.2899,518.7718,854.2899,261.6957,247.4799,772.6274,646.5254,377.3017,398.4333,277.0647,542.0285,412.9890,367.8809
11.8667,404.1498,748.1651,271.0966,268.2642,503.6886,581.1204,219.3525,876.3644,534.7325,854.1178,267.1110,253.5014,783.4470,627.7275,373.8680,387.2391,288.2519,529.5347,420.1188,341.7780
11.9000,400.0278,765.0295,278.9732,260.4144,483.8690,572.3725,221.0393,856.7411,528.9355,816.9201,264.3492,249.7792,787.0416,657.1598,368.4108,391.8959,293.5788,534.5291,408.5038,354.3565
11.9333,390.3718,788.8894,264.6552,268.8934,478.1451,572.1441,236.6536,864.7325,518.9453,851.3828,258.4043,251.9145,759.3885,627.1645,360.1350,373.3544,299.4801,522.1871,406.1394,348.6245
11.9667,400.6035,785.3735,271.0947,263.9274,483.3031,554.4102,232.5895,833.5760,530.8329,837.9147,262.6273,246.7418,760.0026,637.5095,348.8278,374.4391,282.6675,532.2933,427.1851,360.5942
12.0000,395.4931,768.4279,270.3351,267.2119,483.8440,564.7507,233.2200,831.4075,521.4496,836.7332,262.1810,253.7103,741.9439,646.5169,349.8180,382.6823,288.1063,541.4661,403.7391,367.3953
12.0333,414.3270,750.0615,268.2272,261.0207,477.8263,581.2926,229.3840,804.4804,509.4808,807.5077,266.9177,250.8332,757.0772,647.5121,345.0523,376.0157,287.3964,543.5857,410.0133,346.9067
12.0667,400.5979,773.4649,259.5738,267.6595,471.3945,554.0502,228.4627,801.9570,521.1470,828.0390,259.9439,253.2575,720.6948,648.3549,338.9604,371.5984,297.5938,529.1499,413.5056,355.3224
12.1000,395.3138,749.8819,249.7036,273.3886,491.0034,565.7281,224.4378,795.0422,526.2020,829.0634,265.0118,245.0282,779.3633,614.0586,333.7603,377.9552,281.3257,543.6313,420.4101,355.9975
12.1333,392.5792,748.7422,245.6497,260.2186,478.1598,579.6918,225.9146,773.9535,523.2203,814.8198,267.8943,241.3543,794.7575,635.1742,329.1718,387.5210,292.6419,523.7848,419.3929,361.7210
12.1667,413.4899,738.2657,251.1666,264.6682,477.1259,557.7108,228.9725,804.6486,533.6755,786.2906,254.2081,238.4251,754.3489,655.3017,340.8067,384.1633,282.6341,514.8331,407.7056,362.5049
12.2000,387.9315,786.6991,248.7673,276.4092,486.0968,554.0415,225.5496,750.8079,529.6000,787.0159,262.8135,248.6848,749.9367,652.4369,339.0924,385.5344,294.9226,536.3680,424.9504,359.8226
12.2333,401.4167,761.1047,248.8154,269.4100,466.3436,568.3147,227.8015,763.9656,531.2231,791.6172,262.6585,248.1611,757.5429,640.6320,324.9190,381.7150,288.8359,533.3021,430.3703,360.2634
12.2667,391.6829,763.0237,249.9203,258.2981,494.3173,584.0233,237.9672,719.2614,534.4571,808.8610,269.3865,251.0130,753.1048,638.3079,337.3626,386.2139,291.3996,514.4012,426.2059,353.7270
12.3000,401.0102,776.3274,242.3535,270.9345,484.1400,556.1399,230.5702,746.7120,543.8262,769.5591,258.9163,246.9303,728.4533,632.8531,325.3407,386.4845,284.9773,542.0576,406.4040,351.8611
12.3333,401.3679,766.3580,243.2042,260.0017,485.3608,565.1587,233.0323,724.0798,514.6671,754.5616,268.4679,246.5925,772.3775,629.2862,326.2884,374.9340,281.8284,515.2192,413.1928,359.8663
12.3667,401.0682,760.9888,240.1278,260.5983,484.1796,576.8743,236.1373,720.9659,527.6977,764.3399,262.7394,246.4894,757.2791,652.3509,322.3427,383.0457,297.6183,532.2989,418.0295,360.8890
12.4000,410.3719,770.1318,243.3793,263.8722,490.3167,548.0420,234.8420,725.5996,523.5287,761.4538,259.1619,240.6891,741.0556,654.3947,321.8487,375.4048,286.1445,512.1390,415.6348,351.4830
12.4333,417.2480,786.0195,236.1657,267.4978,479.1558,565.1353,226.2763,720.8731,520.2347,737.8521,256.6061,253.2697,777.3564,642.8483,315.1106,387.8227,293.5117,518.7977,404.9412,354.6710
12.4667,396.4621,766.9411,234.8883,268.1437,472.1649,547.7600,219.1514,677.7805,522.3361,765.9646,264.1702,243.3042,756.3762,626.6966,307.0093,390.3342,275.3847,523.5289,402.1497,351.3955
12.5000,411.9449,776.3521,243.1801,267.0488,480.6261,578.2952,221.3973,699.4663,537.6045,737.1045,274.5948,254.8423,780.5884,634.5572,318.1009,398.2235,298.0133,534.8893,414.2807,354.9675
12.5333,397.8113,793.1963,229.8061,265.2594,489.7822,540.8143,300.2684,688.0024,539.4725,755.5121,263.2094,237.9883,735.3982,654.5371,316.5721,369.3693,284.3128,531.3213,420.7847,359.6393
12.5667,402.9939,760.7566,224.2041,257.1514,482.8185,547.2749,327.5262,702.8366,504.2577,770.4454,260.1956,255.4697,752.4828,611.0650,315.4096,386.4326,283.0814,528.5944,418.5462,361.8983
12.6000,403.3393,783.2879,232.5594,271.6326,465.3612,566.1922,333.5230,701.5620,519.7765,789.1275,261.0682,244.9031,773.4861,638.4512,321.7869,377.4401,292.9193,524.0571,412.9397,346.4257
12.6333,397.9179,769.7560,243.1414,267.6061,478.4813,555.2657,317.6776,654.7154,522.2273,768.4368,257.9597,252.3999,756.5490,633.4825,307.7501,377.3166,291.0079,521.0124,409.5690,344.5646
12.6667,398.7373,734.3347,230.8362,267.7482,487.3088,557.5329,327.1608,678.5368,521.4605,723.9400,273.7562,238.5731,733.3618,598.5257,304.9177,375.6537,287.9153,511.9408,418.8908,369.0093
12.7000,411.1511,783.2988,226.7955,261.7312,503.3864,547.2049,321.3547,668.8079,529.5382,753.5530,263.3497,245.4175,755.7976,647.1856,301.7040,391.7409,275.2310,505.0971,420.2621,364.1363
12.7333,383.2418,774.5531,219.6037,264.8147,472.6109,553.3930,315.0873,660.6357,513.5385,749.1368,266.3454,254.0784,740.1314,648.1888,303.9360,377.7374,295.0895,533.6755,424.4040,359.2052
12.7667,410.5209,771.1442,231.8244,268.7304,501.0349,561.6949,310.7018,656.3869,532.4777,762.2846,265.0056,241.1666,756.6757,637.7706,296.8414,387.8705,295.4871,548.3930,402.9983,371.2541
12.8000,388.4735,757.4252,224.8103,257.4226,501.9889,536.0638,312.9033,647.9380,535.3130,763.4365,264.7359,236.3660,733.5158,658.5602,312.0537,401.4701,296.7835,539.2067,421.6753,363.7171
12.8333,403.8496,759.8402,229.7581,260.9843,473.5672,549.8672,313.2627,656.7146,534.7940,756.1789,255.6345,252.4815,762.6152,637.0275,296.9717,398.7777,299.7339,516.0929,425.0520,348.3015
12.8667,391.5676,762.0812,219.5741,268.3381,482.6283,553.6393,302.6006,657.2520,522.5130,750.8930,256.3163,254.4913,782.4993,651.6321,305.2588,377.3925,279.9846,541.9035,424.6043,369.9131
12.9000,410.6884,754.6437,221.7241,260.7736,484.8231,549.5135,302.1580,657.3391,528.8275,738.5282,257.2323,245.7787,741.9592,620.0264,299.0466,386.3613,281.3664,540.4575,412.5168,362.7017
12.9333,400.2190,764.8372,226.2805,260.5665,485.0528,553.9237,292.0645,638.3611,530.8583,730.3313,263.8824,251.7267,760.6290,625.1048,295.8952,375.8519,285.0212,541.2476,424.5851,364.2799
12.9667,399.7235,804.1325,221.0323,256.8976,485.3445,556.5026,297.3986,623.2974,541.9346,955.7085,274.2722,239.6630,759.2200,642.4933,305.2143,379.2257,291.7531,516.6522,416.9719,364.6367
13.0000,401.3870,781.9599,232.7087,258.5946,463.5980,568.0199,285.1293,658.8457,535.6569,1052.7140,267.1048,251.9258,747.7106,633.2477,294.1110,378.6959,290.6180,540.9195,417.9272,357.5566
13.0333,401.4033,752.8085,221.6334,271.8363,479.5726,552.5665,277.0253,622.5464,525.3011,1047.4841,266.1809,250.5894,770.6605,630.9057,294.1704,385.9822,280.9055,525.1064,406.7329,359.9940
13.0667,395.7857,790.8893,218.8013,255.9481,477.4753,548.2720,278.1242,622.6358,513.5635,1060.0076,269.1142,237.0069,778.2049,629.5156,301.4032,388.7233,293.5191,506.1067,416.4478,357.5190
13.1000,419.8374,748.1950,222.0810,274.5330,486.4239,559.7985,276.4966,638.1457,526.1667,1063.7931,258.7611,246.9979,777.3864,637.9734,300.4026,374.2673,290.7643,519.1665,411.5044,358.2003
13.1333,414.9204,783.6260,210.8295,260.7941,672.9179,546.8038,279.9731,633.0339,523.3493,1044.2326,259.6057,241.7686,755.1424,640.7276,283.2822,396.6324,294.9018,512.8867,422.9865,372.6587
13.1667,675.3257,781.9815,216.8036,267.5363,769.9257,558.6839,268.9621,638.3395,536.4757,1036.1710,260.6285,251.3728,765.2094,649.5507,298.2338,370.8166,289.4036,503.9959,430.9148,351.9428
13.2000,778.9011,798.2020,215.0875,468.6068,814.3498,549.1394,267.6082,639.5088,529.6928,1019.8005,262.2182,244.6075,761.2507,638.4233,302.9262,404.1389,290.5358,519.7556,411.1065,365.3382
13.2333,821.7919,760.2351,226.1521,569.8387,801.6116,552.6313,271.1915,1032.6049,516.1834,1190.1961,258.3789,248.6495,769.3442,638.8925,292.8598,378.1366,292.4903,511.6088,397.5656,361.6229
13.2667,832.3252,1265.7864,217.7049,598.0427,807.5887,545.0161,267.8566,1215.6897,520.1365,1263.5268,261.7884,251.2236,785.3662,644.6616,293.9591,367.7032,295.8167,539.6394,426.9980,364.0446
13.3000,821.9355,1471.6382,386.2497,599.9880,794.3567,571.5238,264.9057,1269.3564,508.9851,1303.5615,274.1645,243.5047,762.7617,620.4687,305.4384,377.5150,290.6379,523.4365,413.4681,364.4112
13.3333,801.1401,1553.2272,461.3029,598.8287,796.9751,537.1848,266.9683,1279.3202,553.0890,1255.4398,264.1906,246.0544,757.9958,652.5677,302.2652,393.3774,294.4072,509.6442,413.2669,354.9223
13.3667,787.6878,1537.1970,486.9147,585.7028,766.8686,541.3386,256.9454,1291.9079,516.3927,1267.2218,262.9679,251.4956,754.4756,642.5506,300.7229,380.3762,292.3724,519.8851,422.1569,363.0213
13.4000,775.5715,1533.7005,497.5591,562.4144,745.7486,558.3237,253.4495,1256.0465,520.9675,1220.3119,263.1436,240.0446,775.1884,645.9998,291.3399,383.5121,297.5767,520.7999,397.8848,363.6648
13.4333,742.1570,1524.5055,493.9722,557.9992,727.7922,549.9750,258.4311,1234.6547,530.6037,1194.6845,259.7813,259.1680,756.6816,636.4925,291.6850,381.0909,285.4812,544.6990,427.0989,347.8092
13.4667,720.9833,1496.3585,480.5591,539.4635,734.2240,559.7014,251.1000,1187.5058,514.9340,1179.1356,262.8131,253.1630,745.5585,622.5919,280.5726,391.1629,291.9555,517.2808,423.7670,365.3683
13.5000,719.8069,1469.2479,469.1977,529.7588,718.8769,552.1402,250.7092,1148.1913,506.3838,1136.6029,267.5940,237.2483,756.6103,624.0786,292.2504,390.9060,287.3057,533.5985,406.1307,364.1743
13.5333,705.8175,1419.4072,456.7337,516.9888,690.4851,546.3309,251.3746,1152.0264,529.0355,1102.1198,259.4156,237.7745,768.8373,622.8270,298.7518,374.3857,282.8127,516.5710,404.0793,354.8385
13.5667,687.7957,1388.3187,447.7326,494.7971,663.1411,568.9138,254.4646,1097.2359,514.2387,1099.3106,264.6563,250.3398,775.3341,651.1475,292.7347,382.8585,288.2828,528.0632,404.7603,351.1897
13.6000,653.4257,1321.6585,430.2093,489.2858,684.8766,548.7457,245.0978,1095.2802,523.5089,1063.1607,264.1532,252.3002,768.1887,659.3514,296.8378,376.8337,287.0197,520.1412,394.0343,369.8033
13.6333,654.1535,1317.6102,420.8989,470.6171,664.9845,534.6304,252.7666,1053.9273,514.9905,1053.3530,254.8043,245.3991,756.0338,645.3753,288.8330,386.9881,294.9731,537.7130,409.6513,350.5959
13.6667,644.4970,1295.4073,410.8265,459.3617,654.0732,561.1635,241.8833,1023.0236,531.1140,1054.0409,255.7895,244.4822,781.2954,630.3501,283.9474,387.6706,284.7010,528.9771,415.5461,363.4310
13.7000,630.3364,1262.2966,388.8428,454.2959,643.2847,539.7016,255.4010,1009.1371,535.8195,1015.6647,260.0086,246.5705,754.7497,649.7451,289.6720,382.4539,283.1426,513.6773,414.7230,355.1143
13.7333,625.8762,1197.6920,387.0512,447.8814,642.6436,549.7022,244.4184,983.2542,518.6690,1016.8728,260.5221,250.4743,761.3348,631.4134,293.6446,376.7425,280.3485,526.3817,405.5797,350.6916
13.7667,604.5583,1217.3890,383.2500,436.7384,622.1230,555.0878,246.0976,942.1953,525.8585,1019.1866,261.7577,247.1661,750.2624,638.6695,295.9193,385.5821,286.3080,514.0664,405.7307,359.2532
13.8000,598.6496,1199.1242,369.7310,425.8704,624.3347,550.1181,242.1992,933.7217,510.9337,975.5411,269.2609,239.8887,762.8939,623.8576,287.5714,376.8249,289.0194,539.3959,404.3853,362.2590
13.8333,583.9138,1156.4696,360.2943,412.6162,617.7344,551.4098,250.8499,923.9438,528.3458,990.6069,261.6878,237.6572,748.4082,640.8591,285.2118,387.5139,282.7026,672.3575,418.3344,364.0045
13.8667,574.7846,1141.6327,361.1875,396.0520,727.2458,522.8198,239.1953,908.7680,518.2572,978.8360,260.9261,251.2939,755.7306,641.9077,296.9516,388.0506,290.6944,739.5606,418.9065,370.7970
13.9000,560.9601,1131.1097,347.7799,397.1023,781.7729,554.7581,242.6248,889.6545,507.4480,931.9563,271.7778,242.8414,795.3585,618.5425,283.0070,380.1841,284.5407,742.3093,408.8938,354.0661
13.9333,563.4547,1113.3122,335.2880,393.6665,817.1565,545.6213,241.6851,865.2318,520.7078,928.6363,261.3136,248.5609,795.6994,643.5770,294.1188,377.1422,295.1509,751.6306,424.0107,368.3064
13.9667,557.9585,1097.8035,339.4044,382.8255,787.4364,563.8927,242.8579,856.8642,534.9716,931.0683,266.1928,248.5105,780.0048,649.7549,276.5640,384.0094,277.4158,766.5178,409.1208,349.8483
14.0000,532.4342,1079.2279,323.6403,382.6086,778.6772,539.4836,241.2283,862.5780,525.6354,909.0345,256.3520,248.2041,753.9303,645.3575,292.2685,396.7989,295.9383,762.9384,415.0085,353.7678
14.0333,532.2505,1064.6675,316.3621,371.8411,757.3496,540.2934,238.5130,819.1945,529.6522,889.9295,258.9528,246.6356,743.8436,637.3014,284.4516,389.7141,286.1973,744.5299,428.1892,348.3385
14.0667,524.0393,1046.4910,309.4741,367.6211,760.2015,543.1297,233.0270,818.4411,538.9353,870.6785,262.2888,240.1780,764.2199,630.9330,288.7562,386.0782,295.2127,715.9635,411.4562,352.9167
14.1000,513.8706,1030.8914,307.9065,360.1905,753.2416,559.9300,237.2546,827.4951,532.9552,877.7276,255.7217,242.1391,762.4764,655.9350,291.7371,395.8136,280.1878,711.8664,404.4565,369.6920
14.1333,504.9326,1002.9182,302.3924,349.2976,732.8980,539.3996,234.7145,797.4814,533.6779,854.8292,256.2323,249.3015,767.0976,653.6141,285.2810,377.5140,277.3323,700.8698,408.3407,374.3995
14.1667,493.1671,984.4301,302.3051,352.0244,721.3293,548.7433,244.1750,767.1845,520.0208,856.5122,263.1225,241.4681,738.7668,659.7958,291.8175,388.9376,285.5900,685.0303,422.6165,352.1640
14.2000,489.4403,990.4958,292.3028,339.2525,712.0938,546.9373,235.8893,784.1141,534.1601,802.3190,259.8863,251.8875,768.1460,638.9050,276.4058,383.1581,303.9504,673.2783,415.7089,362.9763
14.2333,498.6379,985.5097,283.8494,347.6919,704.5198,548.4722,232.7431,750.6602,515.5159,826.8846,257.6462,250.1440,771.6495,644.4754,272.5497,381.4816,278.4736,689.8322,427.8554,361.7008
14.2667,485.4499,957.0202,284.1716,336.0958,696.6520,551.2621,229.2947,772.2832,529.8078,823.3831,260.3983,241.6636,775.9198,631.2560,283.0324,371.3254,280.9982,681.7366,404.7769,352.0058
14.3000,482.6809,943.2789,283.1916,334.4438,674.0947,548.9491,237.8582,736.1038,511.6819,822.0839,260.5450,254.7332,748.3888,648.8882,292.5033,392.2267,293.9348,635.5766,397.7515,360.6528
14.3333,473.3984,926.1588,280.5934,323.3582,661.3555,544.7430,231.9509,749.6390,517.4889,810.8478,264.7289,241.7318,759.6610,640.2671,269.9292,399.8159,295.7863,629.6388,415.1472,358.2843
14.3667,469.3593,930.4164,272.2884,328.6254,668.9881,563.6987,230.2288,740.5672,524.9079,792.9975,265.2996,247.5321,765.2839,642.3090,293.4538,395.6011,288.7146,631.2252,421.3593,368.8016
14.4000,458.7702,938.6605,268.6186,320.7097,661.2466,545.9161,236.4222,720.4465,536.4247,801.9636,263.5078,242.8522,807.5628,647.8598,282.3817,387.5000,298.6063,633.4290,405.2653,362.2523
14.4333,471.7234,927.7752,274.3771,310.6766,638.1306,546.9461,234.8761,715.3220,515.1581,817.1881,268.5096,241.9943,779.9909,640.3611,281.8464,392.3342,294.3844,634.9946,407.8591,359.4520
14.4667,456.7866,921.1217,261.7786,320.6406,625.3355,547.5333,239.1776,698.6134,527.2558,803.1992,261.1600,243.6285,760.0740,657.1366,283.8438,380.4863,290.4864,613.6273,409.3009,361.1842
14.5000,460.5179,906.2452,265.8674,320.8397,628.7885,542.4856,236.5617,696.7941,519.5108,795.6543,263.1899,249.9782,737.7554,630.2040,298.5455,385.0667,291.2708,620.5876,407.0945,364.3600
14.5333,468.4625,881.7895,259.3726,310.5394,607.3815,558.8916,235.8527,691.1485,514.1112,779.5344,260.6494,234.2461,763.8940,639.4339,300.6052,386.6208,287.2937,644.8243,418.6850,357.6765
14.5667,457.8816,873.5117,256.6019,316.0080,606.2117,572.0956,233.9663,695.2018,523.9476,804.3967,263.8123,247.3676,735.8155,629.9238,283.0120,387.9266,290.3155,600.3042,426.9927,352.6709
14.6000,457.2194,889.3021,255.9384,305.5196,611.7922,545.0147,221.8074,694.2303,524.1169,775.8061,261.5986,251.2533,795.2436,647.9687,273.9888,391.3754,294.1242,609.9926,411.4046,368.9602
14.6333,453.1795,882.3904,255.8748,299.8819,590.8989,546.8493,232.0030,673.3259,518.1798,782.1571,248.2208,250.1299,767.5971,643.4568,302.1305,392.8363,300.7701,586.9771,424.9857,352.5049
14.6667,459.6868,855.1314,251.5313,303.5083,598.2029,546.5426,231.5819,678.7139,519.2637,779.4398,262.3984,242.9933,762.9317,652.2227,280.6086,381.6150,293.6030,603.6064,417.6639,359.5920
14.7000,454.7915,869.5660,249.5949,299.3816,583.6265,583.9932,230.4616,829.4681,520.7533,751.0765,265.2047,249.1259,754.4150,620.3700,290.5566,390.7388,296.8759,609.8561,414.4181,331.5150
14.7333,431.3244,871.7680,246.7771,293.1334,586.4291,564.3397,227.3575,902.7948,524.7273,772.9605,269.4206,243.1949,776.8044,647.9518,287.7641,374.7653,281.5094,587.1324,401.6719,362.6713
14.7667,453.4629,880.6371,244.5107,288.4014,578.9964,555.0920,231.1901,948.8203,513.1619,750.4254,263.3610,248.6656,775.0292,639.4304,285.4416,391.7310,288.6852,594.2803,424.9984,356.9271
14.8000,451.6579,830.7104,246.2530,294.8377,557.1923,580.7025,241.7785,908.3547,540.7771,741.3897,257.6634,242.0647,747.1380,608.9398,278.3392,390.7250,289.6779,575.9862,419.3020,360.3069
14.8333,432.0614,828.1464,241.6947,291.7152,559.9692,554.4021,227.3627,935.3556,536.7003,733.7831,260.1030,255.7324,779.1109,660.1191,278.9571,395.5090,284.3862,571.2854,407.5604,357.5030
14.8667,441.5802,860.1226,233.2575,304.4566,564.0825,532.0050,227.7421,900.6417,535.1678,779.8181,270.3961,240.7444,758.7719,640.9974,282.0924,382.2685,291.2773,581.4130,401.6382,354.7880
14.9000,427.8528,838.0399,244.3378,280.2125,573.5431,551.5060,233.8031,895.1874,535.5588,738.3754,257.6990,241.6553,765.7322,637.4581,274.8243,403.6433,284.2264,578.0181,400.4522,348.9043
14.9333,442.4785,851.7809,237.8213,281.7511,548.1504,561.0406,231.5680,863.9773,529.8190,740.8740,257.9934,242.5615,748.7509,634.9205,274.1984,388.9100,284.3898,576.7315,407.8972,359.9268
14.9667,429.2051,846.4440,236.2612,292.6295,544.6481,572.3462,231.6574,853.0628,515.9272,752.0897,266.9553,246.7990,765.4928,655.7509,288.6059,384.5121,283.8871,547.2089,417.6801,362.5098
15.0000,430.8554,842.7494,239.1358,287.7730,544.7393,563.4219,234.4689,851.2984,533.4790,729.8866,260.2158,243.5404,765.8944,606.3807,283.3615,380.0611,286.8807,552.2480,414.0031,345.8526
15.0333,426.3012,847.0621,226.1681,284.5851,537.5807,538.4557,233.1264,872.6334,516.2849,773.9411,272.2956,248.2724,766.0812,640.4578,286.7784,383.4000,290.1673,586.2915,422.7875,358.7559
15.0667,436.7847,822.7402,237.6870,275.7575,538.5911,577.5732,229.5586,809.9869,536.3600,746.5908,266.0983,252.6551,763.0769,643.8779,287.1496,391.3384,281.6585,586.0170,405.9348,358.0893
15.1000,415.6704,843.0242,233.0472,281.0137,522.0001,547.6192,224.2152,813.9642,534.8312,752.0087,262.6106,252.9958,795.3817,647.0093,280.4214,391.3667,281.9277,557.9394,416.9096,361.8233
15.1333,408.2323,810.2667,228.9602,279.6795,523.2864,567.3043,226.6893,816.1800,528.0430,758.0096,259.9680,246.0717,737.0163,645.0357,291.0748,384.1052,292.6893,553.6694,417.0525,353.2224
15.1667,429.0457,860.9218,223.5301,279.4473,528.2808,581.6363,234.5222,786.3241,517.2079,738.0532,260.0600,250.6604,756.4473,644.1279,364.0129,383.7549,290.1820,554.4380,408.7592,365.5483
15.2000,421.2545,839.1380,220.8606,283.1510,516.6147,541.2904,226.6947,779.3002,531.1823,753.5697,258.9174,243.5294,754.1827,636.9037,391.6600,378.6583,295.2109,559.2079,402.0922,359.5693
15.2333,445.8399,803.1811,230.5389,274.0562,518.4332,557.8084,238.5845,786.3202,529.5897,763.9718,262.2228,253.0916,774.6729,654.2969,420.6514,378.7116,294.9643,553.0565,431.1819,360.7934
15.2667,394.9468,802.1428,228.4567,275.0187,529.3778,551.5813,235.5709,753.0290,541.7983,739.3379,260.7081,245.8998,791.3240,652.0138,418.2895,389.3731,281.5900,558.3397,397.2663,348.0498
15.3000,417.3613,811.0727,224.3908,273.4245,506.6352,576.6566,224.9506,751.9983,535.6450,738.2075,269.2051,241.3828,778.0733,616.7316,405.3790,382.3522,289.3348,523.0945,399.8695,356.6634
15.3333,424.7174,795.8908,223.9987,273.8968,517.4511,525.8622,225.1794,745.1746,529.0701,725.6443,254.0431,238.1703,768.5412,626.7623,398.9058,390.4362,293.6673,540.3399,416.6767,363.7595
15.3667,420.9777,789.5384,227.0452,272.7759,497.9032,553.9535,225.4431,742.4355,513.1713,735.6177,263.2625,241.3058,790.4332,633.3624,413.4633,379.5456,289.1411,535.9551,398.4683,351.2771
15.4000,417.4132,805.0168,214.5337,293.8533,509.5784,543.1150,229.0821,751.4319,535.1331,724.1867,258.2744,242.0351,749.3910,643.2105,399.5589,390.0573,288.1109,550.4281,415.6825,365.1462
15.4333,416.3629,809.6787,219.1980,273.2217,512.9312,538.3011,228.8712,729.5697,530.9338,763.2859,258.2502,251.5615,774.7878,638.1414,381.2029,385.4067,287.8708,538.1404,418.5119,359.1264
15.4667,411.2339,795.1626,221.5087,279.3971,520.7924,543.4993,224.5688,701.5457,523.8906,745.8325,256.9320,245.6236,784.3523,654.7655,376.9624,392.4177,298.4345,539.9981,427.8257,362.3449
15.5000,413.7758,807.8160,217.8380,269.8821,516.4481,545.4129,224.9874,705.9817,522.0829,724.9705,261.7514,247.6453,751.9185,632.6322,380.8572,382.5055,283.3379,529.9375,410.8465,352.6691
15.5333,414.6708,792.2510,223.9853,275.5509,508.6942,564.2843,223.8169,703.4491,507.7720,728.9053,263.3758,247.2069,767.3424,625.5504,377.1478,401.2303,289.5912,559.2510,407.3375,349.6579
15.5667,417.0777,784.0981,221.9316,268.5427,508.4916,559.7527,223.6421,692.9810,543.2557,758.6531,257.4407,249.6704,751.1241,624.4593,368.2090,383.5423,291.6100,557.1649,414.9532,351.4845
15.6000,417.4999,787.0691,219.4441,275.6405,513.1840,529.0124,234.3800,683.8232,516.4810,711.6514,267.0174,250.0586,776.0600,648.4942,360.8231,378.4734,285.0069,521.6612,436.4048,350.0622
15.6333,423.8441,792.3086,224.1517,263.2425,523.6164,543.3870,219.4595,650.5565,530.9991,734.9627,265.2051,249.7591,769.6438,645.6477,366.1585,393.1915,290.3701,537.5814,403.2496,365.5393
15.6667,400.0613,784.5970,215.0524,281.6900,491.6828,539.4536,229.3667,701.3416,519.1660,736.3141,267.3224,250.3005,774.9255,628.7544,347.7763,374.7261,293.5457,535.1108,418.5338,365.9819
15.7000,413.9114,801.9235,221.6559,270.0038,497.2238,527.8204,230.7356,665.9108,517.7606,706.4724,260.7662,252.8615,749.4684,660.5862,353.9356,394.0468,283.7831,515.7126,423.1976,355.1730
15.7333,420.2747,810.7812,220.3306,281.6587,489.1380,540.4053,229.0788,658.0860,545.5271,742.0329,259.7923,242.4592,747.0270,627.1547,354.0670,384.4651,296.1669,538.1103,430.8676,347.2599
15.7667,422.0000,824.6813,221.4632,262.0181,478.5743,550.2950,224.1687,677.4722,527.1052,721.3035,261.8363,248.1159,781.8701,653.8564,344.6433,393.1836,293.7159,523.3652,417.0218,358.9066
15.8000,414.0830,789.4137,219.4769,271.8824,491.0677,559.0950,226.7106,651.8901,527.9174,720.9864,252.8527,245.1697,768.5964,643.8186,340.7684,397.6245,300.4249,520.2223,426.6064,358.3059
15.8333,408.1069,785.0590,219.2816,273.4933,494.2331,547.8690,224.0896,675.3523,536.4912,729.8436,256.9595,241.7508,771.7785,631.4676,341.8745,395.3347,288.8094,527.3266,411.1316,363.1001
15.8667,396.6283,770.6563,215.6552,274.2894,498.0556,560.8611,222.5333,663.7423,525.2670,738.9318,255.4918,239.1685,757.2567,625.8422,345.2404,379.0395,291.3891,555.8525,407.4367,361.2029
15.9000,410.7060,815.4293,215.7795,273.7175,490.5799,564.1650,226.7084,653.7241,515.9620,708.0619,265.1853,245.4185,769.0410,633.5908,338.0279,390.6997,292.7061,527.6991,415.8327,355.4772
15.9333,412.7835,764.4267,218.0786,278.8878,487.9665,543.0380,227.1412,661.7444,533.3281,718.1640,256.1969,243.4921,764.3892,632.2709,335.3361,381.2573,280.8799,537.2804,406.8274,358.9425
15.9667,416.4516,777.8189,215.5234,263.7368,468.3268,535.4775,230.5468,664.4883,518.1432,715.6284,268.0406,242.2069,743.9740,663.5622,339.0713,395.3063,293.0758,528.0486,414.9789,371.0319
16.0000,403.5138,734.7999,215.4826,270.3527,495.5797,548.0261,231.8572,640.0013,506.9742,719.2884,272.3637,248.5029,779.8725,617.9579,324.1095,386.1619,292.3636,532.2726,410.7637,365.6015
16.0333,381.9568,771.0204,224.2747,273.2235,501.6487,558.0057,222.8509,629.3415,515.9316,735.8577,254.2274,240.4985,743.7306,638.6047,324.7081,376.2632,287.7923,526.7080,411.9515,357.2339
16.0667,413.2262,809.4515,219.4312,276.3804,493.9204,558.1767,229.3531,641.8409,538.3648,693.9514,263.9789,243.0900,773.0066,662.5667,331.2448,385.6482,290.5163,524.3953,416.8521,358.1689
16.1000,409.8433,781.2160,217.5074,269.9376,474.2990,563.4729,222.4549,646.1553,530.6598,709.4330,265.1618,239.6854,771.0819,638.0783,320.7574,386.5272,289.4873,548.9245,421.0814,359.0488
16.1333,410.6526,790.7484,215.0861,269.3418,478.8279,557.3408,220.2239,633.4642,527.6810,720.8816,258.1442,252.6831,784.2344,639.8793,314.5388,366.1529,292.9939,514.0911,406.0544,358.4008
16.1667,411.6481,765.8375,215.2024,265.8986,498.4135,560.1249,228.3253,628.1224,506.5852,723.9114,259.9850,248.5111,784.8728,640.3952,313.3578,382.1370,296.7622,509.0462,412.5834,368.5695
16.2000,408.9301,770.6201,209.0434,268.9734,469.2679,558.7551,228.1741,637.7702,522.5821,730.8875,265.1380,250.8694,747.0548,635.6671,315.2492,388.1224,291.8763,533.9120,409.1522,357.0493
16.2333,424.8245,768.6590,216.6560,266.5902,494.7065,562.8658,228.9516,620.6152,519.3433,735.0825,262.4285,240.2804,779.3175,635.5079,311.4523,389.9899,281.9724,537.3558,420.8641,366.3279
16.2667,412.8651,761.6948,213.7742,261.9834,476.5036,548.9417,233.2671,634.6682,518.0049,713.2940,261.5578,237.1665,729.3061,641.1896,309.5442,383.4566,286.4866,539.5920,425.9479,359.1147
16.3000,398.6434,757.6381,210.3206,263.9653,469.3623,548.5314,225.3347,615.9331,510.8727,705.1473,259.0532,243.5904,756.8493,616.8943,314.7329,397.2688,289.7393,526.7028,422.9806,362.0850
16.3333,401.8650,806.1758,212.5281,273.2899,480.1322,558.4354,235.1471,605.2523,520.4249,724.8284,260.9228,249.7519,780.3980,617.3628,314.7019,379.2922,276.0480,539.6081,418.3531,345.9180
16.3667,404.5929,779.5038,217.3062,260.8405,488.5541,535.9723,234.4970,618.0721,507.1360,697.6979,262.6175,249.2436,749.3485,650.4021,309.0680,387.6609,287.3758,513.5286,413.0227,368.5571
16.4000,397.7545,761.1705,214.0961,269.0714,509.6988,561.9490,279.3274,648.6163,539.9021,698.8642,259.8133,247.1239,748.2199,635.9464,306.9988,394.3696,293.5062,526.0762,403.3914,360.8270
16.4333,408.6496,794.9804,213.0870,259.3267,499.9110,547.1939,312.3936,626.2492,528.0131,700.4393,265.6972,243.5041,752.5664,656.9703,301.8237,396.1381,294.2307,527.0512,408.4836,357.1189
16.4667,393.2502,769.8798,210.0053,271.3783,482.4252,541.2033,328.4091,632.1431,515.5533,727.4398,263.8891,245.5430,757.7663,619.9556,299.6247,391.5820,284.4162,510.3557,401.2892,353.9229
16.5000,402.8634,793.7454,215.1724,267.1613,499.3294,546.9616,331.7361,594.0204,498.5265,705.6759,264.2051,244.4368,779.4326,628.6938,291.8246,386.4827,289.0635,528.5572,413.9433,358.7996
16.5333,399.3956,759.2048,218.2669,264.5034,479.5698,546.1255,327.3162,614.3120,530.2027,729.3821,259.0594,243.5998,785.6657,635.0529,297.8993,387.5374,292.2700,528.5716,411.5494,363.7987
16.5667,403.0873,776.8231,201.7579,254.5836,492.4542,556.4048,325.2261,632.4778,521.8064,714.0250,260.2542,233.9785,772.3084,628.3003,303.3750,391.5605,289.2959,530.6270,406.5419,358.7842
16.6000,394.8955,798.4328,214.6267,274.0564,492.0151,566.9423,323.5865,616.3870,524.2537,732.5075,261.7369,241.2636,784.2106,657.5414,302.4892,399.0552,304.3390,527.5964,408.9479,360.5714
16.6333,412.0021,766.5250,218.2802,272.3331,487.9800,538.1662,314.5907,616.3242,517.6847,725.3956,257.1577,245.4669,784.2840,655.0223,306.8897,389.0842,291.6057,538.8538,418.1518,367.6684
16.6667,416.1025,795.8397,207.0502,263.0348,481.2841,549.0785,312.3422,612.1242,513.6650,715.9783,257.5760,247.7118,752.4054,648.0150,306.1627,383.0106,285.6464,541.7705,409.1363,356.1738
16.7000,408.9324,789.4490,220.1977,260.8147,476.1445,569.6034,310.7920,612.0487,519.3716,708.3661,263.5316,248.8566,770.6907,645.9280,283.8824,395.6986,369.2514,540.4788,415.0350,356.6999
16.7333,404.2193,805.6308,211.3094,270.9214,478.0273,560.3996,296.6988,613.7103,536.8153,699.0725,265.2498,306.1821,767.4539,644.6193,290.3777,391.3651,394.8545,521.0007,429.8484,377.3548
16.7667,395.3867,784.5658,214.9019,270.2263,483.1181,554.1151,300.1166,626.1833,524.0910,702.2780,269.7998,347.4376,794.7204,630.3576,299.1193,392.7979,415.7394,541.7615,392.2504,367.3293
16.8000,401.8405,774.0015,208.0791,268.6533,470.9604,558.0626,291.7171,619.9788,524.2677,715.5473,262.8161,351.4306,753.7830,639.9200,298.8690,384.0713,420.1311,524.2069,403.3417,360.8356
16.8333,416.3166,770.4700,207.1542,263.4532,490.6275,545.8569,294.4630,619.7095,539.1009,700.8955,255.8521,356.8051,777.1161,644.4768,293.0363,400.9474,417.7907,508.0046,403.5182,368.6667
16.8667,405.0869,774.9515,215.7876,258.2284,465.4014,551.0817,283.7885,600.2064,533.1589,726.2868,258.4360,355.8710,763.9473,633.9505,286.9131,386.7845,410.1926,529.1934,408.0040,356.0077
16.9000,412.6651,761.4434,203.7513,260.2493,495.2384,556.8549,276.6282,613.3035,522.3970,715.1366,268.0702,347.1538,775.9695,621.4374,299.1721,391.7829,405.4426,523.6416,409.3771,365.2976
16.9333,409.6395,756.4064,208.8389,260.9250,465.7341,554.2620,277.7675,602.5277,547.4289,731.3751,264.5432,342.4120,780.4853,629.0843,290.9981,388.6319,400.1624,506.3734,405.4407,360.6542
16.9667,415.0976,774.8172,207.9672,273.0411,460.8235,546.5643,280.8374,618.7223,541.8884,685.2004,258.0593,338.9136,766.3057,825.0078,297.0760,390.9625,393.7991,530.7058,412.8547,382.0105
17.0000,400.8245,769.5590,213.9834,271.0781,498.0595,530.7541,272.2177,600.5592,530.9725,702.4043,266.7691,338.4543,781.6106,922.2553,284.9787,390.5008,385.4578,536.0161,414.8701,352.3697
17.0333,409.0537,785.8593,212.9067,260.4932,474.8018,555.9072,272.6118,597.4961,678.7592,686.0486,271.8491,334.8098,753.0877,915.7316,302.4060,380.3305,377.5002,524.8421,424.4271,368.6862
17.0667,419.8722,764.5438,207.7707,277.5501,481.1150,545.8241,269.1328,623.9282,716.5845,694.4761,255.8155,326.2457,793.9280,939.1718,296.3987,384.5225,387.6595,535.6413,405.7564,360.7902
17.1000,406.1601,770.4770,211.1048,275.2880,473.0125,528.1081,268.0282,645.5066,770.1544,711.3537,260.4982,320.2101,775.2083,918.9905,294.7569,390.9972,375.7653,523.3360,414.3883,358.0193
17.1333,407.2996,770.4914,212.6456,263.6644,486.7040,569.5497,262.5914,601.2326,753.5618,713.0692,264.5552,314.9964,758.9881,905.9200,293.1828,396.5600,370.9347,506.4774,410.4013,365.8152
17.1667,423.6634,765.4672,220.4544,281.8289,478.7966,551.6454,262.1332,609.8328,754.8368,721.9215,264.2570,313.1639,775.5011,887.7047,289.5650,398.5801,357.2923,525.8742,408.7434,357.6350
17.2000,393.6836,742.8454,212.2670,269.1707,476.8356,540.2784,258.5381,613.7868,732.2454,728.0393,255.3198,314.3546,748.8278,881.4769,291.3431,397.3075,365.4746,522.0475,415.0854,363.8337
17.2333,393.4768,768.2343,211.1301,261.6362,483.9686,539.9039,253.7024,595.2794,740.2926,687.5239,255.7657,303.0362,773.3899,895.9458,283.5216,389.0885,356.7333,527.3313,404.1610,369.6310
17.2667,393.5584,781.6234,212.9716,275.0058,491.2581,531.8594,252.2938,612.0843,727.6010,715.8396,280.6003,306.6778,767.5776,849.2947,298.5683,385.0396,358.5250,524.3254,402.9806,363.0515
17.3000,409.4380,784.1013,212.7394,271.2798,475.7686,559.4834,250.6934,591.7216,702.9431,697.5322,261.4182,294.2465,783.5012,863.6924,291.8800,385.1694,342.4482,505.7150,420.5369,363.3047
17.3333,399.0537,765.0849,209.9230,267.4624,482.5925,538.3872,247.8687,600.3854,706.3323,707.5122,256.8813,297.3818,736.0150,834.5247,299.6342,387.7648,347.0301,514.8251,406.3496,349.9955
17.3667,423.6516,758.8354,213.8770,266.2154,478.9808,543.3461,251.8898,602.3607,689.5909,692.1671,260.8406,292.2127,769.6475,842.3523,278.0821,378.4543,349.2857,527.9984,402.1255,366.4995
17.4000,509.2045,795.6054,214.4821,272.4368,467.1669,535.5300,251.6235,603.5308,678.2812,708.8669,263.0696,283.3188,760.9613,803.8423,290.8817,390.6835,343.9089,515.1076,397.7961,369.3056
17.4333,564.6655,786.3003,220.7083,263.8988,487.0833,551.7320,247.5759,608.9839,683.0919,707.9270,263.5931,283.8167,756.8427,792.4822,291.1223,389.6733,341.9156,509.5072,406.7467,362.1821
17.4667,582.2128,799.1622,211.5948,274.5229,467.1897,539.7209,251.2465,621.4427,679.2724,728.7121,257.7133,286.8884,755.1092,799.8907,291.9210,376.6092,342.0998,512.4777,420.2473,362.1970
17.5000,593.5066,773.2026,210.3614,255.8835,483.5951,550.1222,246.9566,585.0057,656.5270,702.0719,258.7698,276.6581,783.1028,798.2386,295.2564,388.1469,327.4648,506.0152,400.8080,368.3113
17.5333,578.2706,789.3447,216.2576,267.3990,481.0271,537.5422,242.3376,588.8381,639.2699,722.7015,256.4787,284.8789,754.7799,776.7721,292.0109,392.6593,335.0247,534.5891,415.2280,361.6469
17.5667,575.7217,780.2980,214.2483,259.1238,489.7273,546.8133,244.2545,589.0677,645.1281,733.7578,256.3588,279.8436,786.6826,788.6754,282.3114,401.7858,331.3800,528.1026,414.5384,370.1181
17.6000,574.4302,788.8329,214.4067,265.7847,484.0352,536.0121,253.2346,602.2806,644.2386,704.5284,257.5661,278.8915,760.8526,771.7391,285.3778,373.8182,322.4014,519.4877,423.0893,358.6330
17.6333,556.8490,787.2199,215.3423,270.3606,484.5076,551.7552,244.1072,598.4812,627.7692,731.0449,266.3890,286.7380,774.0199,745.1733,291.4360,396.7130,324.0665,523.1615,405.8249,367.6697
17.6667,559.7189,778.1893,212.2528,267.7603,462.3689,547.8075,242.5067,601.2715,623.4829,715.8463,258.2430,278.6024,761.9135,731.7121,274.7711,392.7686,326.3057,515.4271,402.5237,353.6352
17.7000,539.5947,769.6436,214.8687,268.6129,479.1399,563.9945,238.0235,632.5102,610.8861,714.1560,258.7872,270.4343,774.3199,750.7185,286.7055,379.1335,319.1423,519.4573,416.6366,357.1595
17.7333,538.0271,793.8134,211.4511,265.8202,465.9796,550.5164,232.0665,592.8945,621.2947,703.5337,258.6617,276.0717,740.4428,722.0653,288.2854,396.0157,321.9628,530.3110,408.2520,357.6015
17.7667,518.5423,802.4544,212.6624,268.0271,478.2742,557.0353,243.3591,599.6072,606.4168,726.8582,252.5337,275.2981,768.1732,735.8387,285.7241,391.7181,327.6986,510.1268,417.0263,355.5125
17.8000,513.4816,825.9405,214.3295,261.4098,474.5925,540.8764,236.3105,611.8742,601.3326,713.5591,256.1865,265.2398,752.6051,717.7398,292.9207,379.8756,310.3085,523.4116,403.3745,367.0753
17.8333,528.5831,789.5053,204.9897,273.7560,474.5792,542.8691,232.2198,594.4248,607.1662,711.5525,251.1118,269.6194,796.0887,742.5663,282.7231,369.0166,315.5685,522.2002,407.4916,355.9583
17.8667,512.6639,773.5019,211.3199,263.5759,478.6785,543.3071,242.2816,601.5081,605.7534,711.7363,255.2621,263.0262,752.2653,742.1765,290.3067,397.6463,314.9926,522.9492,410.1801,354.5161
17.9000,519.8911,738.5579,214.5505,271.2372,468.2508,532.0811,232.9917,593.6672,582.0161,708.4207,253.9630,265.9279,768.2395,724.6307,286.8953,387.9159,315.9609,512.7658,399.7682,350.7822
17.9333,490.4373,772.1395,212.1643,256.0107,478.6471,555.8036,233.2184,598.1655,577.9646,718.1730,247.9932,261.7020,774.9010,707.4189,284.6485,385.8959,314.9135,510.5002,415.2089,363.2945
17.9667,488.9765,789.4390,212.5464,261.6265,476.7204,536.2625,239.7177,609.1215,588.2833,694.0463,251.5470,266.0082,761.6914,695.8647,282.5649,385.8566,318.1340,527.3349,400.0611,376.5948
18.0000,491.8342,758.7023,209.9267,272.8743,468.6048,540.4265,233.4423,595.3962,574.5135,724.7938,256.8129,264.9423,753.5836,721.7188,292.1650,382.8684,310.0969,525.4965,410.5595,368.5069
18.0333,473.6166,780.8468,208.7398,260.8131,481.7183,576.3839,235.2785,599.7275,577.3306,680.9953,261.2499,267.2861,754.1344,705.6607,290.5733,407.3993,310.9022,507.0410,412.2273,363.7684
18.0667,466.7091,778.9852,209.8848,262.1033,469.1520,569.5583,233.4910,598.0883,562.1239,717.4378,261.1642,263.3095,771.7564,676.3089,285.0242,393.1494,309.0536,526.6056,420.2398,355.0198
18.1000,485.9874,764.4576,215.6729,254.8930,487.7018,548.2280,236.4003,603.0483,583.4995,723.1057,255.4993,260.8256,773.6013,686.9669,285.4564,379.4846,310.7501,505.6890,513.9721,362.9625
18.1333,463.2975,785.6425,217.4480,269.1960,473.7776,559.5067,241.0556,581.5808,563.2529,730.0455,258.7791,254.0965,761.6592,699.5464,285.2841,378.3006,313.4775,556.5286,574.9669,373.9162
18.1667,464.7261,779.6510,210.6487,263.2960,498.2348,564.5813,240.6788,597.0220,572.1698,687.4002,254.2301,259.8635,790.9828,683.2938,289.5841,385.0872,306.5273,526.4289,598.1907,368.5486
18.2000,460.6579,787.9863,217.1695,270.0918,477.6513,557.2438,231.2014,617.1900,553.9344,713.4712,263.0589,263.4404,771.7351,671.5546,288.2326,391.6206,311.5879,521.9264,612.4580,371.4378
18.2333,464.7842,763.9606,216.8637,264.2269,476.4944,541.0986,230.4286,612.3689,577.6927,691.1142,266.0195,260.8432,758.8597,688.4765,282.6187,375.0592,305.4789,530.8846,590.1703,359.6999
18.2667,463.6418,801.2872,215.2778,259.8325,486.4662,546.4501,231.2706,609.6462,566.8132,698.1192,261.2895,258.8213,757.6840,685.2061,278.5840,395.2451,301.4965,517.4651,581.8105,359.1340
18.3000,461.5930,772.1284,213.8245,276.5527,488.4860,553.7695,225.8195,606.0801,547.4666,747.3545,260.9154,262.5240,730.5508,668.7404,294.8504,404.3848,302.6801,526.9953,573.4815,353.3287
18.3333,452.5783,777.3093,206.7978,264.2865,460.5301,545.4824,226.1801,608.0303,565.6794,720.4125,263.1315,255.5086,756.9739,687.1198,285.4875,390.3279,306.6472,513.0974,561.1934,355.4710
18.3667,458.3354,790.7007,212.1915,266.8858,471.2965,542.6226,229.6828,598.7353,560.0076,727.3012,261.1209,247.7846,766.2389,662.1703,283.5532,382.5387,306.9713,509.8192,566.6759,367.0537
18.4000,442.0211,799.7799,210.2833,261.3840,487.3766,526.2757,229.7551,583.6295,551.4831,716.1475,257.0813,261.6412,760.6606,677.3830,278.9872,387.0095,310.4203,524.9449,553.6903,370.7301
18.4333,456.4570,798.9210,214.3898,268.7723,477.7815,538.4509,236.0773,579.1815,544.3732,707.9238,256.0319,248.5859,755.1799,684.2203,290.6731,389.2485,292.3306,524.0011,534.2914,368.3652
18.4667,441.0637,746.1283,215.8168,266.9610,476.8122,571.0121,230.2318,585.4968,563.6849,746.9248,255.3553,251.2094,749.5005,652.4121,276.1957,400.0124,315.7948,520.0757,540.0340,354.6739
18.5000,438.9223,784.4958,214.4769,267.2753,487.1690,556.7458,223.8942,578.8756,557.1353,716.0952,258.4895,259.0024,755.1737,698.5610,284.2227,388.3820,292.1580,529.9119,535.1211,368.7121
18.5333,430.4078,762.2895,216.1013,268.4722,482.6789,544.1132,227.8273,607.4533,533.8300,720.0713,262.3274,241.8641,788.6152,688.0825,289.9061,382.2197,291.7170,533.7543,516.7042,354.3463
18.5667,441.4332,768.7476,207.6042,263.6116,463.6410,558.8720,233.2550,593.9753,550.0450,705.8745,263.3743,255.6329,783.1377,691.9787,276.2097,403.3439,283.2852,491.7110,525.0306,370.5162
18.6000,426.5624,757.9240,215.8299,269.4637,483.4899,545.5179,232.0626,583.5680,527.5226,707.4813,257.3809,258.5937,800.0041,667.6251,293.5411,387.6610,301.0203,536.4907,509.2047,364.2817
18.6333,435.4785,757.8704,210.1973,268.2748,484.5118,564.7004,225.7945,616.8572,569.9005,722.5502,249.1600,252.9659,797.1376,685.3787,289.1511,378.2782,302.6449,522.3854,485.5829,360.8642
18.6667,439.1405,764.7054,209.3538,263.3653,454.6274,542.4199,232.2071,591.9058,548.1941,711.8828,261.1840,244.7812,792.5343,674.8542,290.2370,397.0808,288.5487,516.3816,502.8866,361.0470
18.7000,428.7129,805.0670,216.1662,275.3233,468.8165,551.6298,227.8107,590.3372,550.2740,728.6320,257.6209,252.6946,791.6081,661.8228,281.2713,383.9684,299.8764,525.1589,491.3917,339.9358
18.7333,428.9916,777.6562,208.5728,281.3977,473.0556,540.5482,230.6318,589.7974,549.7403,732.7015,259.9674,246.0243,757.1941,666.0700,293.1059,379.4330,286.4554,533.7484,481.9179,362.1112
18.7667,431.8507,783.0654,213.6958,270.9111,487.7508,551.1490,227.3776,592.0633,530.1787,693.0966,252.5313,247.3103,778.2476,661.0317,291.2666,389.4092,295.1011,512.9615,491.2934,359.2944
18.8000,433.1388,792.7369,213.9855,272.0347,470.6125,530.7576,236.7881,597.7696,547.0528,721.4670,268.4061,256.0988,754.9662,664.2311,277.9559,382.2260,302.9257,533.9676,485.6654,373.3846
18.8333,436.2401,787.6485,218.2722,263.5605,472.0329,528.4256,228.0992,620.4674,546.4862,679.3572,251.9724,245.5246,763.0674,650.1552,279.5639,384.4122,293.8691,523.7563,477.4545,361.0913
18.8667,412.7613,750.3439,209.8824,258.5522,473.9409,535.8056,232.2209,615.5823,535.4660,708.8543,254.6357,246.5805,770.9099,643.9190,285.2987,382.4700,300.0345,507.6525,480.1678,354.8931
18.9000,425.6608,758.0272,219.0147,268.4593,465.8762,541.8677,224.2382,608.3182,525.9497,717.6252,259.8449,247.4425,779.7951,651.7341,290.0907,380.0025,291.9649,532.3456,476.8734,350.7016
18.9333,434.8543,800.3029,208.2168,275.7887,470.5562,560.2074,225.1311,594.7546,538.4711,705.2106,254.9107,241.1297,770.6278,655.2384,281.2206,382.6939,290.8997,530.3560,463.0083,354.4746
18.9667,416.5196,803.0476,215.8313,270.1870,469.1924,534.3210,221.9111,599.1826,552.5215,710.7001,270.0212,253.5221,742.7852,641.6607,283.6418,396.0515,293.9730,518.2033,466.5536,353.2471
19.0000,422.2423,796.6465,217.8971,264.1822,504.5889,558.9770,238.2417,587.4067,511.6653,722.4368,260.8590,253.1462,793.9531,648.3273,280.5931,405.2118,292.9000,513.0077,463.9544,364.1481
19.0333,429.2636,779.5489,206.6415,275.3559,484.6548,544.3122,226.3388,604.0401,523.3541,727.0308,249.5865,247.9236,788.4165,642.1745,286.6429,393.2961,291.5062,532.7331,460.2907,369.7146
19.0667,420.5745,779.1529,209.0975,261.2541,468.1826,536.2808,284.4275,593.6873,528.7830,707.5997,262.4638,258.2980,759.8199,647.7571,281.0930,384.0985,300.3716,534.4665,456.8392,358.7593
19.1000,415.4676,766.4439,204.0994,272.0578,461.3682,551.8909,312.2027,603.5325,536.7851,715.7235,254.4730,252.9138,767.8032,650.9734,288.8419,381.0242,287.9083,561.8914,457.8610,353.3419
19.1333,420.9560,787.7045,217.5172,270.3054,480.1136,547.9186,322.9857,597.8579,527.1769,700.3032,256.7138,245.4065,763.3572,647.4314,280.3940,389.0851,282.6124,530.6459,451.2556,354.7014
19.1667,408.0845,805.8586,216.0654,269.6878,481.6149,558.2067,322.3715,598.3446,525.2018,691.9574,253.1140,252.2924,776.2082,655.1725,296.8547,392.6124,308.2024,519.0346,464.4679,353.6713
19.2000,422.8429,783.4685,212.2456,275.8423,466.4535,533.2918,333.2922,571.3874,515.9102,692.0973,275.5824,251.1524,759.8272,656.8781,279.1789,385.2845,288.6669,525.0459,442.2192,356.4057
19.2333,400.9971,776.4020,210.5041,270.9080,480.4784,529.8220,319.8001,609.6750,532.4719,705.8031,255.7330,255.5672,770.6306,622.4213,287.7219,383.2085,306.3087,519.7723,446.7228,358.1958
19.2667,416.8234,775.1786,217.7987,271.9724,478.4755,556.3889,316.8491,598.4494,522.6654,713.8053,264.5592,247.9793,794.6235,662.6811,287.2720,380.2117,293.2248,532.9857,451.9530,368.9466
19.3000,409.7538,790.2626,213.1041,266.4820,486.8740,548.9936,318.5662,584.0024,520.3169,723.8620,250.9451,252.8026,767.0695,654.2304,280.2173,388.0685,293.7702,527.9379,441.9991,358.2914
19.3333,421.3110,777.9046,216.1402,266.2959,479.7813,549.2630,307.8204,588.1627,534.4507,688.3636,262.5802,253.6602,770.8680,655.9106,290.1922,388.7076,299.6042,524.4039,439.7734,360.5042
19.3667,408.7572,780.8921,215.1683,267.5336,480.9522,554.2861,305.3028,597.1578,503.4509,715.6563,252.4518,241.3958,769.7823,656.9577,288.8452,382.2432,296.6288,520.7861,437.9254,349.1540
19.4000,421.5030,776.7002,214.1645,265.4866,487.0146,533.1765,307.2167,581.7364,535.0019,720.9885,248.7900,249.2592,753.7644,644.4809,286.1347,399.7384,297.7835,525.4920,441.1830,369.3924
19.4333,427.2825,768.2697,210.6763,276.0088,483.4517,555.1536,292.8668,582.9926,538.7017,713.2428,263.3889,246.9140,761.8188,668.8518,283.9529,383.8600,289.9793,521.0866,429.5383,352.4253
19.4667,408.5033,786.6817,215.1815,269.2324,469.7093,545.5175,289.3131,598.8436,529.2077,706.4521,261.0233,246.3585,745.6019,650.0344,284.0114,392.7100,296.2708,521.0321,430.5643,361.6837
19.5000,427.4283,789.0232,214.2132,273.8923,469.0912,545.2406,281.6380,610.5324,513.8519,734.7107,253.3221,241.4310,758.8720,658.7300,282.6847,402.3146,298.8517,525.2800,427.3481,362.8530
19.5333,408.7771,786.3529,219.8199,268.7091,474.1670,563.1566,283.1710,613.4188,533.3939,704.8882,265.1032,245.7046,773.4412,658.9290,281.6409,389.3028,292.7688,504.9310,439.0687,356.8218
19.5667,414.1948,746.3006,220.6056,267.9595,470.2199,557.6698,284.8333,584.9560,537.0873,711.7249,256.4002,257.4016,752.1012,651.6925,280.7896,400.8625,289.6950,546.9050,418.9330,371.2843
19.6000,406.0306,768.5676,216.2743,276.0133,479.2274,532.2434,274.7753,575.6097,513.9749,719.7744,254.9710,242.1464,768.3711,652.7777,280.2003,392.8409,294.9686,515.2849,428.7672,361.1524
19.6333,401.9398,774.6854,208.1832,270.7259,470.4032,543.3011,271.1609,592.6416,528.0155,689.7039,260.5711,248.0466,775.7788,644.0019,274.8211,390.4899,296.9909,524.6076,431.2206,369.6505
19.6667,410.5877,773.0513,212.2652,276.3936,489.9704,549.4916,269.5839,596.6144,528.9740,711.0577,254.4979,235.1790,787.6264,645.5150,289.0720,391.8492,304.6427,538.9016,428.0925,347.2404
19.7000,414.9875,790.2523,213.3647,267.0419,460.7010,546.8964,273.3183,610.3968,524.8525,696.0405,250.2452,252.5177,762.8448,647.2935,283.7505,373.2037,297.3575,534.8206,419.5737,359.5279
19.7333,410.6466,771.9698,217.7427,271.6610,459.5576,556.0480,274.8012,607.3190,505.1732,699.9556,262.9146,239.8392,753.5075,645.6874,281.4539,391.1117,300.3375,521.3120,422.8355,361.2277
19.7667,408.8655,806.7038,209.2019,267.3730,471.1331,545.7372,264.5182,588.1037,526.6342,700.6067,262.5441,254.4540,766.0034,645.5565,290.3998,389.1937,293.4166,523.1143,445.6854,353.6231
19.8000,411.6114,750.3205,212.3371,267.8999,473.3071,555.3140,258.7626,606.8179,516.7605,705.0470,261.4533,239.0046,756.1827,634.2402,292.1722,391.1129,296.9124,520.7877,422.4749,355.1074
19.8333,417.4242,780.8401,213.1675,261.2718,486.5710,548.6340,252.4439,593.0352,497.3503,709.0479,247.1284,248.7031,752.6896,661.6175,278.0057,390.8962,300.6107,519.1494,434.9880,374.9092
19.8667,409.1820,768.2393,217.2315,255.9051,487.7144,548.5076,252.5496,618.5692,546.3828,702.8996,256.5180,243.5498,783.5341,639.6254,275.9136,379.4937,287.8678,517.5222,424.1197,352.1646
19.9000,408.1192,792.9242,211.9027,267.1406,487.5294,555.5162,255.3573,591.8449,529.6367,729.7887,251.4583,246.1437,768.0674,629.5765,274.1991,392.0596,288.2139,527.2751,426.6655,344.5696
19.9333,423.6990,776.8363,209.4856,269.0820,476.2408,550.7038,253.4403,602.4912,525.6850,713.0710,256.7976,250.6541,799.1753,617.1737,292.3412,390.9730,281.5797,531.4995,425.6436,366.7924
19.9667,425.2899,778.5400,217.0501,271.7388,468.0796,542.9261,247.3024,594.1147,518.0427,709.9730,268.3176,255.6300,771.0396,644.3346,282.8041,386.8519,301.4821,534.9071,410.8628,352.3191
20.0000,421.3736,772.5485,212.6048,275.5608,471.7618,543.3995,252.3855,600.6791,517.0816,716.0504,263.6405,247.2113,777.4472,642.2306,290.4276,392.4204,285.1826,530.4819,423.3167,358.4472
20.0333,420.0629,778.6411,215.4679,257.9172,484.9978,563.2592,247.9011,609.8799,501.0287,695.9107,262.8993,260.7456,763.0115,646.6897,293.8214,389.9632,284.8084,524.9409,432.4726,363.8577
20.0667,405.5278,784.7395,208.0600,266.9970,473.1768,545.9016,242.5095,618.5130,513.8872,686.1076,254.2288,245.5818,739.9646,631.2872,288.8841,380.7254,283.8870,535.8802,426.1613,367.6087
20.1000,408.5255,781.3719,217.1266,280.2461,482.3961,542.3969,251.1776,592.5810,529.7188,713.3795,254.1350,248.2872,773.2515,648.6831,280.5507,382.1769,291.6925,538.3002,413.7044,358.7679
20.1333,428.3732,776.3296,212.4035,262.9654,470.7314,547.2290,248.2092,617.5149,522.7283,682.4521,263.7912,250.6708,772.9003,633.3568,289.5120,385.6937,289.8241,520.8599,427.5418,361.9214
20.1667,422.6242,812.1090,214.8008,273.3730,484.0719,563.5499,245.7541,584.3666,541.2703,712.5506,248.0560,244.2676,770.3470,646.9708,285.7878,386.9253,295.9653,529.7991,412.7451,360.7281
20.2000,413.2318,766.6365,208.6145,264.7375,471.7506,546.0325,248.0838,594.0918,527.2588,712.8146,253.2037,253.0946,749.5056,614.1719,276.4951,379.6610,293.0100,528.3706,414.8497,339.0462
20.2333,424.1645,790.6020,215.3876,268.3163,470.5671,553.7568,244.5952,611.0133,528.1872,712.8666,249.3973,251.9694,789.0763,618.9165,287.3313,388.1640,287.7628,532.6979,414.5666,356.8599
20.2667,422.6203,791.2774,214.9709,264.2196,467.7105,540.3705,246.9080,586.2514,532.0947,720.6253,255.7645,250.6640,762.1920,641.7950,280.2259,405.3906,297.1596,518.9631,403.5250,358.0446
20.3000,411.0909,770.0461,221.4516,260.5468,465.1963,566.5852,240.6884,591.1114,543.3282,687.5060,252.1200,253.5773,784.6168,651.2618,294.8136,375.5990,296.1952,527.5714,406.6526,359.6160
20.3333,414.7453,778.7258,216.3239,274.2910,468.7464,523.7556,243.9974,596.2524,521.8067,703.1471,253.2631,248.5984,996.0744,644.0124,281.6933,390.1261,289.2815,529.6962,424.3008,350.6585
20.3667,405.9401,783.0311,212.9559,271.3922,472.7566,528.4185,244.2426,596.6232,511.7227,702.2504,252.1376,246.6957,1065.0192,639.5413,276.6341,395.3475,288.5816,523.3352,403.1662,375.2408
20.4000,411.6831,779.1037,212.5863,270.3585,471.3147,566.2086,244.1787,610.6618,534.7784,697.0907,259.1378,247.4322,1087.8947,638.6119,288.5243,385.3643,298.9109,533.1995,417.0654,363.0724
20.4333,399.4046,767.3904,212.9640,267.4855,491.0288,532.4635,238.7973,604.9556,539.1014,707.4173,254.2762,249.0478,1110.1902,650.5192,277.4219,391.7087,289.9136,538.1614,410.3928,357.7240
20.4667,415.0532,773.7536,215.8902,276.0561,468.9279,528.3433,234.4195,606.3896,531.5248,700.6098,252.7454,240.3653,1108.3218,655.7220,294.9200,388.5078,289.9404,501.8212,406.3062,360.0766
20.5000,407.2113,767.5821,211.5158,264.2092,464.3605,546.5698,238.4594,594.7099,528.8255,705.4967,245.5301,242.4210,1087.5340,653.1964,281.8242,388.2421,371.6166,528.2669,405.6432,360.0573
20.5333,402.7106,745.9307,215.2354,268.5401,474.6165,538.9194,235.4739,588.7526,514.4773,682.0855,264.5087,248.9402,1073.5518,636.5472,281.9592,382.9277,401.7854,525.6214,408.6606,356.0117
20.5667,403.4487,790.1295,214.3123,273.4928,478.6081,560.6356,229.8957,594.5636,518.5162,721.9918,257.4942,244.8639,1037.8205,635.5148,291.8767,378.4128,425.6361,515.1502,417.2434,362.0571
20.6000,408.4599,783.0242,214.2317,264.1417,487.7098,533.9744,228.2231,590.0430,507.9265,717.0768,252.5181,249.9423,1037.6898,654.1720,280.0458,386.1651,426.3317,523.2015,409.8241,360.7923
20.6333,419.7455,794.8399,212.7307,273.5996,450.3324,542.2738,229.7130,591.7462,518.4111,707.4033,263.4587,248.0960,1018.3330,652.1689,281.8325,396.7554,418.6340,529.3084,421.5620,357.1449
20.6667,406.1635,793.0053,224.6636,281.1357,459.3219,544.7418,233.2144,589.5392,518.6643,679.3219,254.2346,248.2275,1022.3438,645.3081,280.6094,389.5353,413.8350,690.0733,407.8068,347.2341
20.7000,409.4165,833.1025,219.8632,271.7966,474.4133,534.6306,232.6671,605.7760,522.6717,715.5102,252.5379,249.2311,1007.3064,642.5833,292.5880,398.5998,417.9496,714.4252,398.9623,366.7485
20.7333,417.7603,778.2515,209.9876,267.0942,470.2184,553.0777,222.0627,582.0998,529.8869,695.2317,249.4951,253.4549,980.1688,627.5470,289.7237,408.6762,408.4668,734.2486,411.7763,365.2046
20.7667,416.1458,759.8960,217.1703,265.7942,485.0826,540.5447,236.8298,590.0806,525.3017,711.3647,262.6561,250.0261,975.3997,636.0660,292.0090,385.7290,402.5118,755.3155,406.5700,344.8464
20.8000,408.3274,768.3711,222.1685,261.6363,477.6354,554.7270,229.4093,593.7504,510.9987,714.4960,258.0571,247.4835,956.3411,646.7136,294.2614,406.7602,390.8769,760.5645,405.7550,359.9460
20.8333,406.6862,762.9094,210.1121,273.2823,479.5890,550.4712,233.6829,601.9931,517.6926,717.5039,259.5836,249.5318,967.4555,639.9137,287.2600,383.9133,386.8234,761.1395,424.0681,356.6532
20.8667,425.6978,799.7329,211.0499,275.0099,474.1722,532.5375,240.5769,750.5375,524.4393,707.8310,250.0461,249.8105,950.6105,665.4691,292.4055,397.9236,380.6480,747.6008,408.4288,362.6415
20.9000,411.9017,780.0408,214.8768,268.9154,483.4264,558.3212,221.8351,836.2075,522.4139,712.7021,260.2124,246.5632,905.0157,642.7588,285.3944,397.4758,383.9933,731.3181,411.2611,353.9272
20.9333,420.6200,804.3719,217.0544,270.0172,484.2645,526.3477,224.3939,826.2012,534.0440,727.2737,251.5238,241.3666,926.0504,667.6212,280.5585,389.9550,370.2482,727.3893,419.8864,351.4646
20.9667,400.0932,773.6049,211.3914,263.4032,601.2227,527.4477,231.6109,861.8625,518.7162,704.2127,260.4362,251.7683,883.1301,634.9021,280.2371,376.3554,373.7614,692.2766,418.7884,351.5668
21.0000,409.2378,780.5561,214.9829,271.9940,673.4096,535.6754,232.1240,844.6369,516.6018,704.3429,246.7765,237.6699,898.8020,647.8865,277.9349,388.1573,363.6209,677.8144,424.9585,346.4597
21.0333,415.2454,757.2899,207.3256,264.8771,666.4634,567.6977,228.8039,857.5426,547.9715,686.2916,256.8320,236.5447,895.6218,648.2177,282.1338,389.2445,367.3934,664.7542,412.3922,362.4370
21.0667,409.9664,780.3621,213.9330,275.3443,684.2994,556.5577,226.2274,844.4197,513.1311,696.7016,254.0183,244.0237,914.2456,642.9473,277.3320,389.7371,364.4962,679.4050,391.3237,358.9324
21.1000,408.0089,772.3791,217.7619,273.0156,699.2500,568.5383,233.0916,826.1177,526.3559,685.8752,247.4844,252.2197,900.9737,650.3765,284.5476,392.9941,361.7295,672.0321,418.3859,366.6987
21.1333,404.9620,785.3734,221.6679,263.4813,673.6156,549.6360,229.9733,1191.7998,520.3967,691.3229,257.3062,246.1817,889.9357,628.5476,278.0117,404.3118,346.0942,661.2179,406.8848,360.6528
21.1667,702.4609,1245.7877,354.7291,476.8208,645.9138,544.6118,230.8536,1361.7120,514.7523,681.9873,261.4614,243.7954,887.4488,669.2576,271.0247,386.2040,351.1569,673.7767,407.6387,364.7224
21.2000,813.3701,1389.1907,414.1994,584.3438,657.4189,561.2153,224.0381,1408.3552,520.1280,706.1902,261.6859,243.3845,855.0719,625.2313,290.2417,387.5000,347.2373,635.7004,405.9951,373.0264
21.2333,872.2854,1500.3128,433.6254,609.1981,654.6310,551.5273,225.1720,1410.6104,527.0175,691.5264,248.9110,246.6439,868.9693,660.8172,281.4349,395.9565,336.3682,643.1415,399.3725,361.9405
21.2667,886.9832,1497.1143,430.9103,608.3338,650.5767,539.9583,231.3757,1399.2125,516.3190,707.9233,256.7459,250.8966,850.3515,651.3327,277.7004,395.6973,341.3899,645.3573,406.4695,355.7910
21.3000,882.6735,1470.5374,430.8813,604.1841,833.0292,983.8076,234.0981,1359.3505,654.9061,722.8175,252.1507,250.0806,854.6445,661.0046,286.4853,392.8778,342.6890,614.2628,402.3368,365.3376
21.3333,847.4496,1458.3494,426.4044,602.8356,932.8334,1178.0413,219.3002,1358.0292,732.9077,688.7092,259.0818,257.4790,1050.3156,665.9388,291.9349,417.5645,330.1902,631.6598,403.5523,358.8546
21.3667,834.3087,1429.4800,415.5449,581.8320,967.9350,1238.1275,224.5036,1284.3038,742.6961,686.0253,257.4421,239.9214,1150.1387,647.6467,284.4971,410.0343,337.4794,620.1480,397.4006,353.8823
21.4000,834.9313,1379.0864,402.6759,574.9482,948.9931,1254.0954,222.4751,1250.1159,750.7063,717.9202,260.3230,243.8358,1161.8792,649.7064,287.6493,392.9872,327.2048,637.7234,402.8241,355.9997
21.4333,804.6981,1366.4734,396.9746,563.3282,929.1160,1237.7863,220.2213,1221.5866,747.4543,704.1496,257.9500,247.5344,1162.9577,632.1454,277.9954,388.0922,328.5559,605.1910,395.6666,359.8743
21.4667,780.8740,1328.7320,379.5891,536.7323,906.2558,1213.0934,230.8896,1180.4424,740.4585,726.4493,250.0195,241.4347,1172.3493,654.6827,284.1583,386.0604,321.1241,627.1142,418.8269,359.2823
21.5000,759.5933,1308.0498,381.1724,518.8814,898.7514,1199.8026,223.8266,1146.9472,710.3889,693.7822,246.0197,255.9250,1165.1561,643.4140,281.5373,372.3456,320.7952,587.4685,398.6008,367.5798
21.5333,731.2056,1266.1853,366.0181,508.2441,872.2731,1159.6182,222.4756,1121.4446,710.7755,693.2895,264.6547,241.9789,1138.6594,658.5367,282.0514,393.3762,330.6157,591.4018,407.7498,355.5882
21.5667,727.5176,1225.9314,359.6623,496.7030,847.9078,1124.4556,228.6627,1091.2898,714.5582,706.3647,255.6633,244.5068,1112.8048,649.7151,288.4184,385.2226,323.7379,594.6766,415.2947,351.6683
21.6000,701.0470,1221.0948,352.9311,486.2605,814.7182,1100.8370,223.4450,1069.0217,711.5962,702.3690,263.2741,256.0999,1108.4823,644.3880,296.1855,383.6302,333.8429,586.4544,407.8170,367.8161
21.6333,681.1887,1227.3074,341.4760,475.5633,819.9713,1075.3839,222.2322,1038.5736,681.7246,719.7892,242.7475,241.3071,1081.9599,627.6691,290.8829,396.8961,315.5261,574.7932,427.2578,350.8401
21.6667,694.5935,1186.8991,337.6444,458.7994,800.8157,1038.1190,228.2993,1001.0770,667.5851,705.3162,257.3066,248.3262,1061.7002,663.2118,294.3567,399.7203,320.0781,581.6715,406.3873,356.1021
21.7000,668.1886,1157.1477,331.4351,444.9608,782.5811,1017.9836,227.2429,997.1219,820.5331,700.8189,261.2703,243.7672,1025.7360,625.7266,292.7743,386.2045,312.0031,578.4860,393.9214,355.6374
21.7333,655.2655,1135.6143,320.6488,440.8929,751.2028,986.3285,215.0920,979.6600,865.8342,719.6982,257.8528,243.9523,1055.1842,628.0007,282.9150,385.8764,311.9399,546.7857,397.2995,358.4877
21.7667,630.9482,1115.5636,328.4920,424.1590,741.2209,967.9335,224.9242,951.5565,895.3219,682.2706,254.1290,242.0196,997.3335,648.5913,286.6430,392.6580,307.8252,583.0981,421.2621,354.5857
21.8000,623.0424,1104.1640,317.6343,432.7688,729.6560,932.2118,217.9047,917.7742,869.7014,709.5707,257.4714,240.8834,1008.0999,644.8005,291.5017,396.1263,309.9713,568.5050,407.9832,360.3137
21.8333,612.2994,1077.8106,306.9789,414.2347,718.7949,922.8055,224.7034,914.5559,878.7365,685.0763,246.4587,250.4894,1003.4675,643.7152,280.2405,382.3265,314.6609,558.8000,398.5452,369.6307
21.8667,610.2883,1043.6383,301.3564,409.4162,707.5082,904.2158,234.5539,902.8472,838.1484,712.4485,257.0297,245.5248,965.5471,651.8269,298.7444,495.4541,308.8445,556.3557,399.7042,356.6057
21.9000,595.4666,1075.9074,289.6369,395.3718,683.3816,878.8046,225.1432,866.6011,809.4067,692.3493,259.1894,250.0802,959.5951,656.7253,282.5897,537.6683,302.1497,573.1343,406.4619,357.2864
21.9333,578.3453,1042.2592,295.8904,390.3040,687.6926,851.0481,222.4626,865.8165,830.2837,692.2386,257.1031,250.2866,947.0441,647.0900,290.9561,560.0517,311.7587,559.1271,407.4009,356.7794
21.9667,571.9010,1037.1469,286.5018,391.0952,670.3041,840.6367,233.7573,846.2119,803.2849,699.0524,256.4365,248.1369,944.8759,675.4455,283.3387,570.9868,296.5141,573.7871,399.9560,354.2023
22.0000,565.3598,989.1145,289.3342,381.4562,666.7395,822.8611,224.7328,839.8774,785.1199,728.9859,253.9960,248.9407,932.5300,640.6487,285.0206,565.9905,300.7619,547.1827,400.5156,362.3274
22.0333,551.9714,1005.3597,281.4955,379.4748,643.8709,825.0028,218.8021,821.5721,779.9190,712.9164,255.7972,312.5862,921.0947,648.5559,287.1868,556.8963,386.9180,527.0994,404.4224,353.9923
22.0667,546.7101,966.0811,276.4657,363.2836,644.1298,793.5735,219.3989,802.9962,757.8279,699.4751,265.1971,343.4632,908.3548,652.6543,287.1388,558.0453,417.3293,560.2883,399.1646,370.5185
22.1000,545.5752,980.6684,277.1825,354.6380,639.6458,763.3602,224.2303,790.4860,732.4175,702.1578,263.3929,358.0028,903.5836,658.8533,282.5311,546.4431,444.0823,563.9524,401.1098,355.4092
22.1333,519.0369,959.2415,269.9287,352.7213,616.8463,785.7137,220.1063,801.9180,726.9162,719.2069,249.5872,355.5213,916.4575,660.9736,293.0115,524.1365,437.3740,531.8581,405.1420,354.7331
22.1667,530.4070,964.5905,273.0390,356.1752,621.8444,773.8175,219.4916,797.5756,729.9489,702.6224,256.3703,347.4150,860.0637,657.0181,276.7678,532.2381,434.5478,554.4805,408.7700,376.4042
22.2000,521.7620,923.0085,263.9818,345.6496,622.9456,746.1914,221.4151,785.7120,723.1490,711.7870,251.9585,348.8788,897.3775,658.4139,286.8244,527.8051,424.2209,519.5029,407.4456,366.8884
22.2333,505.7100,924.7441,263.6617,341.4771,601.5317,741.8083,225.0465,738.8804,693.9151,723.3489,255.8461,341.0876,887.8481,650.8489,278.9839,503.3141,433.6026,541.5083,408.8399,359.1118
22.2667,501.3647,914.0720,257.7333,327.8670,590.4719,750.5111,222.3902,744.1029,698.9460,707.9121,256.9006,343.4988,884.4267,644.0727,281.2884,612.7456,410.8164,549.9783,397.9168,363.2567
22.3000,495.4442,921.3993,260.0768,339.7070,591.2012,713.2361,222.2968,741.7226,671.7016,672.7379,256.9291,330.2903,870.7576,652.0056,280.9786,669.7541,401.7671,550.0677,416.0597,373.5655
22.3333,486.0479,897.4514,253.4848,333.8705,595.9773,689.8298,219.3345,741.3860,658.4390,696.9116,263.7160,333.1333,891.6628,630.0305,284.1921,680.2818,407.0939,548.4011,410.0859,350.4167
22.3667,511.7403,899.1052,252.9805,333.8200,574.6841,691.2108,217.1926,729.0665,681.6400,715.9233,258.7812,328.9608,865.2918,671.5284,283.0341,674.7261,401.1416,524.6773,386.9999,356.0152
22.4000,483.2119,907.6270,234.2968,326.3837,561.7007,676.9220,231.0312,715.2387,649.8578,704.5836,254.4564,322.9709,849.7281,647.5648,280.6823,657.3545,404.8083,535.4536,411.3636,358.5268
22.4333,481.8617,918.8230,251.7131,315.7066,550.8507,689.3858,226.1448,703.5878,640.0376,694.0273,257.5934,315.5397,841.5947,647.6150,286.3521,646.5900,394.3062,536.4478,391.5930,366.1161
22.4667,495.7771,852.6904,249.9656,316.8408,559.5252,681.4678,224.9600,706.4935,630.7946,705.8867,257.0135,314.3771,850.8466,631.6755,284.0178,632.7469,382.2936,538.2414,389.7776,358.7380
22.5000,461.4096,863.3814,248.2137,311.0810,551.8973,664.4027,225.6309,721.1815,625.8237,700.1719,243.5180,310.8546,815.5919,640.2280,280.9883,608.8745,382.4497,535.7186,411.1944,358.1694
22.5333,483.0410,849.1377,241.9295,322.0526,557.0278,652.4703,221.9491,716.1168,622.5059,679.7895,267.2932,316.7315,832.5390,642.2038,281.4793,612.9359,371.3361,532.9654,403.3210,348.9659
22.5667,462.9585,866.3455,239.1301,315.1725,530.1754,652.2800,224.5940,692.6111,620.0106,696.3161,245.9611,298.0912,810.9378,652.0264,277.6875,592.6301,366.1197,529.5482,413.3789,354.4777
22.6000,471.0523,895.4344,244.8851,307.7072,506.7783,657.6034,226.3250,682.6650,601.3814,703.3452,247.0257,306.2874,800.9749,665.4029,286.7098,594.4799,365.3078,539.3435,405.3081,358.7191
22.6333,465.3121,869.1128,245.1816,306.2980,549.3221,654.7943,216.8313,649.7402,610.3320,708.3934,252.2006,296.8343,815.4623,631.0095,291.6084,581.0629,368.9016,547.3057,399.8242,354.7351
22.6667,458.1654,846.1376,239.3672,309.0584,525.0803,647.9119,225.4877,684.7739,604.9646,700.3291,256.6005,296.5616,813.4671,638.7798,289.6231,568.9260,356.2267,536.7916,401.2746,355.6004
22.7000,450.4297,846.7625,240.6749,309.4768,513.7524,624.0659,220.6580,685.4447,610.6698,709.5373,252.5657,295.8435,823.3924,662.5186,287.7415,550.9566,358.4083,536.1871,420.7773,357.8861
22.7333,442.4325,870.3886,237.3349,294.9598,526.9341,626.8198,218.5878,670.5203,610.5213,681.9867,251.6503,276.4555,841.5577,673.8374,290.4503,556.9662,351.8138,524.9189,395.5357,366.3402
22.7667,458.9983,821.1491,237.6456,301.4905,540.9629,631.1719,221.6655,652.0326,598.5676,732.7556,254.8042,295.3318,822.8327,646.5883,292.6289,543.7648,349.5961,539.7472,398.2785,362.5770
22.8000,460.0110,839.4734,232.9628,301.8269,519.8487,614.5212,218.8219,673.3344,594.2987,715.1041,261.4398,285.6213,800.3925,640.3634,283.5776,543.9687,334.5054,535.8322,411.9828,363.2778
22.8333,455.1925,813.6601,236.5020,296.9306,530.1407,623.4886,224.6045,662.0712,571.7400,698.4248,261.3449,290.2355,825.0255,659.0064,290.1886,527.2112,344.4283,538.1171,409.1383,368.8234
22.8667,440.8621,841.7428,228.2305,295.0805,501.9929,610.5590,217.1213,643.8150,570.6337,695.0541,258.3203,276.4041,823.5716,663.8044,278.9019,537.0542,346.4807,526.4076,399.1867,369.0319
22.9000,438.9400,847.6276,234.3369,294.3931,513.6851,622.6973,217.8534,643.7184,554.4812,662.9673,255.4298,279.4346,806.0675,663.8469,285.6338,520.8854,339.3398,538.1426,399.8393,361.3127
22.9333,433.4187,829.0180,227.3523,297.6685,515.1186,590.8819,223.6672,631.8135,563.4635,707.6538,263.1008,281.5037,790.3579,636.1558,281.3192,515.4622,333.0119,535.4664,394.6162,362.3927
22.9667,439.3029,812.2542,225.0095,294.0802,515.0337,595.7386,220.3814,621.5761,576.4615,698.2362,262.7593,283.5010,804.9526,661.0407,273.1472,488.0475,329.0148,535.4921,393.8920,473.2619
23.0000,439.6869,817.2109,221.7842,300.7589,489.9420,583.6440,223.5147,651.9465,574.0374,730.3855,253.1724,268.9285,819.2479,629.3144,278.8835,484.5350,329.6550,526.7828,408.4659,496.8706
23.0333,454.9779,795.1760,233.1691,289.0818,514.0395,596.8830,224.1351,641.7445,577.5924,701.2658,257.1632,277.3408,818.4514,645.2448,285.7902,469.3240,327.0256,509.5700,416.6407,510.5335
23.0667,446.7984,845.7772,231.0266,291.1127,506.6617,607.4092,227.7510,638.5835,567.7828,725.2484,253.3593,263.8881,812.5347,639.5645,280.3746,482.9657,320.6478,530.3583,400.2380,536.1336
23.1000,427.4036,814.5004,224.7409,291.8035,502.5302,590.1650,221.9764,629.2422,557.2920,698.4447,267.3333,268.1050,783.6580,629.7657,285.9916,490.0503,323.9582,533.7997,399.7055,510.4826
23.1333,436.5732,808.0485,227.1447,290.7537,505.2119,579.7445,221.2072,625.4368,537.9317,714.0572,262.1077,269.5272,782.7587,639.5117,280.0062,466.5307,328.5904,525.9332,404.5056,512.4419
23.1667,426.9537,838.3820,223.6141,277.4717,482.2923,592.1542,229.9783,632.8718,560.8810,684.2750,256.1912,270.3595,773.2440,681.4329,281.3809,471.3959,333.5996,519.8566,404.4011,508.4423
23.2000,430.6259,825.8505,221.5775,278.9892,484.8327,584.1470,221.3061,630.5453,548.7888,721.2509,252.9737,253.0145,772.6333,665.4866,280.5393,465.5059,320.1196,554.5280,396.2524,509.6513
23.2333,442.6895,826.3016,220.7697,275.7884,508.6896,575.5281,223.1592,613.9607,554.6153,880.0305,258.1060,264.4727,805.0150,632.0935,276.5810,470.0385,330.8349,526.3736,398.1668,495.0493
23.2667,414.6815,817.2166,226.0883,292.3393,503.5880,579.4987,216.2784,619.3817,562.4613,947.2331,254.5146,271.6198,801.2511,648.6233,281.4128,455.1693,323.4505,548.3206,389.5298,492.3929
23.3000,430.3585,810.8796,219.9265,278.3368,492.1748,585.2925,218.5023,594.4417,559.3474,1014.0779,251.3157,268.3404,792.5787,643.0681,276.4356,460.6176,321.6915,529.2204,391.4266,482.8870
23.3333,421.1102,790.3043,230.2976,285.1531,512.7288,592.9247,219.9473,607.9728,549.1659,1018.1688,332.7849,256.1811,807.2022,648.3375,281.1206,449.5552,316.4119,521.1949,396.8274,484.8285
23.3667,431.8246,826.7171,223.0171,284.2197,503.4520,559.0267,221.0606,629.9849,558.2677,1006.0754,352.8419,334.0048,762.0902,647.9658,288.5343,447.2295,312.8212,516.8337,396.1433,459.9614
23.4000,442.8594,803.0306,225.6711,278.7935,498.0810,547.2064,221.4535,622.9306,553.3130,1016.5593,375.0834,360.9483,788.7524,638.8880,274.0974,446.4007,315.8219,522.9089,404.2958,456.6999
23.4333,431.5699,807.5004,224.1122,268.1819,478.1375,579.4450,285.8710,633.7937,547.4522,953.1570,378.0310,375.7051,762.2513,648.8827,284.3427,443.8070,312.2211,518.9039,406.1654,465.8375
23.4667,436.2557,818.5407,217.2266,274.1841,474.7793,578.5591,309.7620,614.4468,539.9551,960.9686,358.3486,372.4558,781.9010,637.0380,282.0304,431.2581,306.8823,503.6277,387.3836,453.5177
23.5000,430.6417,801.3520,217.4965,286.4052,499.5605,550.4874,319.1113,606.1514,526.4724,956.4376,363.8380,372.4134,775.8467,661.7182,285.7282,430.8913,312.5467,522.7537,403.5644,443.9767
23.5333,424.5791,822.3524,224.0386,275.8806,615.6432,575.2698,314.9759,597.9263,526.9965,927.7359,363.1401,362.4469,772.0353,663.5574,291.3568,444.7704,312.7498,523.7090,400.3542,439.4961
23.5667,401.0508,814.5123,221.6676,273.8598,658.0127,565.2539,321.4878,619.6063,544.3549,937.3742,347.7695,351.5130,780.1849,637.6391,287.9556,422.6769,310.4475,511.2593,388.7122,441.0782
23.6000,411.2768,824.9788,218.2044,285.5430,694.4469,553.7509,312.8846,597.6305,528.3115,936.6879,351.2201,350.8532,806.3850,648.5696,282.7913,427.3220,316.6089,516.7968,403.3791,431.9494
23.6333,405.0815,801.5898,214.9237,288.6297,676.3136,561.1319,310.8817,610.1977,535.9872,918.9804,338.6351,345.3755,784.2755,658.2188,289.8700,423.1063,310.9484,517.1623,398.8591,434.5253
23.6667,408.7857,799.7180,225.8485,271.5004,688.1293,548.8283,307.3290,614.5333,547.4470,905.4579,336.5840,336.7831,779.3518,665.3902,287.7151,430.6160,300.8697,539.8923,413.9542,420.2211
23.7000,419.5998,815.1016,212.0282,282.5037,673.8014,574.9190,305.8912,589.6047,529.1802,905.0259,346.4790,334.8357,761.2792,648.0757,275.8648,428.8122,303.3149,512.5467,400.8486,417.0166
23.7333,420.5521,781.3596,213.1969,265.5586,665.8568,574.8776,292.8799,615.1565,511.4041,876.3100,330.2010,330.0210,755.3876,647.6709,280.8544,429.1409,302.0926,513.7995,397.2357,432.7338
23.7667,413.4509,806.7033,214.8912,272.1877,653.1183,562.9630,296.2971,618.3851,545.4163,859.2011,329.7704,329.5368,767.4212,630.0530,294.4659,432.8267,301.2197,501.2864,401.9827,411.9980
23.8000,415.7705,787.0201,221.8787,276.7727,641.3880,540.6703,290.3024,610.2960,546.8832,854.4395,320.8197,325.3383,762.5108,655.6669,279.5348,414.8242,303.0273,529.0995,387.1779,408.0097
23.8333,417.7963,799.5004,224.2711,276.8915,639.0512,545.1460,286.6071,592.2122,527.0215,853.2815,319.4408,305.2340,782.7632,654.2078,295.5791,425.4991,307.7330,514.4014,408.0152,414.0162
23.8667,414.8685,793.5307,216.4623,275.1572,638.3691,575.8177,287.2895,600.6657,533.8790,861.4944,313.8669,302.1701,752.6975,671.8109,282.8418,409.1913,316.5371,533.7872,403.7277,409.6685
23.9000,412.4365,764.6205,215.6411,276.4961,618.0820,561.3568,285.8063,602.4915,532.7183,830.2548,316.2224,314.9642,791.4823,632.1399,273.3481,412.3614,301.8229,525.1850,404.7905,399.3389
23.9333,425.8169,808.9557,219.7801,273.2541,604.5545,549.4462,276.5033,597.2346,539.6184,839.1671,316.2220,308.8481,773.8303,649.4575,364.1999,404.1134,300.2554,526.7228,404.1805,399.4997
23.9667,426.3949,794.2586,210.5439,265.7370,598.7709,568.7500,276.8572,599.1183,537.3426,808.8409,301.7863,310.4373,754.4903,660.6458,397.5159,417.4809,305.2494,523.8023,391.3617,407.1969
24.0000,433.2853,780.2191,216.3976,272.1444,583.1532,545.0052,274.9403,575.4205,530.5715,797.8510,299.3285,295.3087,781.9588,655.1631,408.2893,407.6203,307.7069,521.3871,413.1515,403.5222
24.0333,420.5598,752.9295,222.9652,276.4604,587.2844,562.2137,278.7819,603.9306,527.9492,808.8046,295.4331,289.6573,735.7180,656.3243,400.8461,401.9147,303.7655,521.8610,417.2962,395.5776
24.0667,419.8147,809.6658,218.9902,283.7568,583.2236,538.9250,264.2633,601.0569,549.4972,819.7375,281.8412,293.8874,769.8077,656.5271,416.4181,415.4613,305.9863,525.1600,410.2602,390.8912
24.1000,411.2589,786.4758,215.5764,275.7347,576.7859,563.9850,257.4944,601.6865,530.3953,768.3873,294.1205,286.5167,795.4264,638.1948,406.2867,416.2594,293.6252,544.2152,400.9540,406.2744
24.1333,409.7504,781.8968,220.1855,254.3986,594.0696,546.7259,274.4982,580.1340,526.6549,783.9002,297.4060,293.7514,752.3174,631.1960,382.7302,410.4506,298.4005,530.9701,403.4606,394.8343
24.1667,398.0398,773.8710,220.9841,271.2537,569.4126,554.6513,248.1291,593.4534,520.8929,785.8903,283.0484,284.8011,786.4225,640.1145,390.6646,418.2048,380.7137,529.6282,394.4546,380.7588
24.2000,410.1941,767.6769,212.0431,270.5176,562.2059,549.7441,254.3812,584.5630,530.4872,781.6596,282.9712,285.6592,750.5561,660.9316,376.9098,403.4777,415.8509,523.2675,397.0187,398.9317
24.2333,401.2985,785.4662,218.2301,268.8617,549.6109,553.0956,252.7349,586.9588,550.3781,777.7280,291.6142,285.7645,779.9613,666.5081,374.4092,401.6874,420.7289,522.5603,388.1665,385.6457
24.2667,418.4160,779.5352,214.2597,272.8096,536.1631,538.2006,253.2082,611.9439,514.8151,760.9275,283.3956,291.9693,781.8747,648.4661,375.9910,383.0061,437.1700,535.2131,396.7667,381.1979
24.3000,408.5569,768.5164,219.1919,264.2596,538.3348,547.2866,249.2375,589.0183,543.6627,777.7061,281.4734,271.2857,760.6192,657.4153,363.3013,414.4973,431.4430,533.1286,417.9809,381.2245
24.3333,399.6435,799.4957,218.1745,272.7219,546.0415,546.4714,250.3194,605.2377,521.8094,762.5044,294.3910,276.0979,773.5594,653.8799,368.7367,403.5618,416.0611,518.3795,397.6802,383.0385
24.3667,406.0025,799.0738,222.1450,271.8721,541.5665,539.6544,245.2668,596.9823,508.5542,789.8319,285.9004,273.1949,752.3315,663.4976,368.3061,405.4583,413.3961,519.1714,402.9976,382.2072
24.4000,414.5949,756.4000,222.3909,266.1759,522.9433,536.7812,241.1403,593.7913,519.3752,742.4484,287.1350,276.2077,765.0010,637.0954,363.1991,404.9291,415.3650,518.1746,406.9605,379.4603
24.4333,405.6915,771.0089,212.7058,259.0488,527.3316,545.4256,247.8951,591.3282,533.6921,747.2947,274.8860,275.5461,744.8249,652.7782,355.4856,398.8457,400.1192,516.5200,395.3109,379.0852
24.4667,421.6209,751.5192,220.0085,271.9122,532.0216,542.5212,241.6872,610.9478,522.5192,719.8535,281.3304,275.6448,731.4612,655.5900,346.5871,396.0281,412.3687,539.7076,401.5048,375.9985
24.5000,402.3444,784.7018,219.6439,272.5925,517.8658,546.0680,241.1024,578.3852,524.3193,772.4435,278.1196,271.6268,764.5541,636.9391,345.1485,405.6837,401.1978,523.4620,395.5230,382.2030
24.5333,414.7691,781.6100,216.6521,267.3831,513.3745,535.7314,246.7762,591.0305,529.4927,729.0171,288.0626,274.3783,758.8234,679.0887,336.3003,399.3461,382.5065,530.8605,402.0979,379.7243
24.5667,397.3323,794.5717,220.6913,263.3198,519.8660,534.4958,241.0413,587.3910,515.6457,739.9129,268.6095,263.6821,758.5792,660.9737,334.3729,411.2839,385.3357,514.6095,394.3288,391.3967
24.6000,406.2702,788.0268,214.5332,264.6716,505.7247,545.5826,232.8138,591.9666,516.9708,745.6353,283.9548,261.7195,764.5911,635.9328,326.9302,412.2320,374.3720,535.1115,403.1317,370.8222
24.6333,407.5658,791.0011,209.3426,277.3178,509.0371,540.4383,237.7787,599.9925,508.4168,720.8071,274.8306,265.3723,757.4438,644.8429,332.3131,400.9151,380.2535,500.7947,410.1371,375.1810
24.6667,403.7007,774.5586,212.8064,264.8788,486.7440,535.9109,239.1371,607.3494,515.9632,726.3796,274.8553,271.4633,762.7390,646.7529,324.7896,389.6884,359.5262,511.7170,397.7831,382.8249
24.7000,420.6135,764.1617,219.6747,264.2929,501.1234,549.4239,237.3013,594.0087,530.9118,735.8356,274.6994,262.5639,787.1715,659.1161,325.3426,393.3428,371.0408,536.1995,402.9525,370.1472
24.7333,422.8635,775.4386,215.4747,261.2786,504.0125,541.5616,239.5624,581.8509,496.9714,719.7236,275.3075,267.0873,743.5417,670.8999,328.6659,393.6068,372.8713,522.8546,386.9623,375.8576
24.7667,426.3583,782.4934,215.5747,270.1366,506.1818,542.7985,230.9214,589.4415,493.9140,725.5177,261.6924,263.8323,763.4613,646.1962,319.4695,381.6929,364.0341,540.7177,406.1360,371.5173
24.8000,419.7809,791.4820,216.2455,267.7552,510.4810,543.6831,244.8809,595.1924,518.3872,724.3974,266.6184,320.6714,744.7553,651.6611,314.9391,405.6195,360.6223,532.8084,404.9574,378.1525
24.8333,420.5090,791.4236,224.9991,269.4848,502.1532,534.5966,235.8204,598.4948,508.5747,738.7456,268.1240,366.3999,746.6815,675.4252,309.8824,400.8939,364.3589,535.4737,402.0723,378.1898
24.8667,412.4728,792.2613,211.6210,267.9043,468.6277,531.5030,237.6780,601.7749,505.3455,738.0396,256.1181,360.7576,763.7101,653.6521,320.9631,378.1576,354.7739,668.4582,402.5371,376.1025
24.9000,399.6796,774.9965,217.4653,272.0443,495.0240,544.1397,240.7655,600.3544,512.2624,736.5663,271.3139,373.5517,791.2584,659.7623,311.8886,406.5520,344.9361,734.7318,409.9462,378.7673
24.9333,411.5388,774.6236,213.0590,267.6633,501.8101,535.0356,227.9872,595.0214,504.6892,728.9208,261.1512,376.7817,761.4562,648.0698,308.2219,408.5116,337.3477,772.1582,408.3080,370.8061
24.9667,407.0951,775.4088,212.0868,280.6783,488.2369,559.2945,235.8928,581.8316,524.2028,727.3039,260.7743,363.2216,770.2678,665.1221,307.0040,406.4667,347.8391,748.9000,397.0074,365.6875
25.0000,400.2858,777.5746,213.2712,281.1181,504.1009,547.9475,226.9485,597.4868,505.7190,715.6092,257.8885,359.9995,751.3720,637.9449,311.7803,409.1955,339.5161,779.2482,408.7549,372.3922
25.0333,415.5161,793.3061,216.9329,271.8716,490.5633,545.9262,232.3311,590.1085,522.5678,714.1610,259.5617,354.3560,726.6818,679.0228,303.8580,418.6810,334.2118,755.7932,407.7454,386.8213
25.0667,416.3719,763.7120,218.6879,257.5263,492.0091,566.5602,230.2153,597.5631,495.4133,722.1642,260.7033,343.4013,781.8629,675.6083,309.8106,390.4277,342.8584,743.1243,394.8313,373.0096
25.1000,405.1585,780.8106,216.6074,273.6456,483.1181,549.9025,231.6344,598.6747,494.0239,733.7441,271.2614,339.6853,747.4141,660.7899,302.8926,407.3812,327.3322,729.5972,405.1451,369.6381
25.1333,414.2558,806.9596,217.3298,265.7284,494.3423,549.4795,227.5490,574.6036,510.3163,723.0100,263.9803,339.2167,765.2518,657.6945,311.8573,394.8734,329.2676,718.7228,402.1534,371.6083
25.1667,423.5033,789.2309,223.8985,270.8060,489.6859,563.8228,230.7312,583.2007,512.9077,730.1772,264.3957,332.8840,759.6489,662.1871,298.0384,396.1531,321.2559,705.6133,403.7303,369.3441
25.2000,408.2033,777.0395,216.4173,271.0860,485.1127,541.2508,229.3705,595.0610,516.0196,717.6168,265.5334,327.9177,760.1606,647.0925,298.6017,399.3502,324.5624,700.9520,394.5603,369.8558
25.2333,414.1633,799.2869,213.0951,271.4782,495.4129,525.0623,219.3319,603.5787,509.4499,717.9023,260.8909,318.2222,736.6072,656.3276,311.6529,391.1852,323.0148,691.9269,385.3977,364.4244
25.2667,409.8994,785.0333,221.0277,266.3193,486.8997,548.7965,223.8639,568.5438,524.3578,705.9048,257.7675,329.0164,764.3108,669.7469,292.6825,398.5572,320.3223,666.0679,404.4701,366.1068
25.3000,416.8537,788.8658,212.8098,267.4335,484.2786,530.8774,222.0769,589.9657,494.6525,696.7457,258.6559,325.6085,746.0263,673.7136,296.6110,400.0504,315.4985,674.6034,406.6326,372.8762
25.3333,408.1808,800.4577,215.7652,275.1308,478.9550,549.1972,226.9802,597.3714,498.7713,733.4010,265.8789,305.4487,743.3336,652.9541,302.9335,392.8752,325.3467,676.5208,392.7786,366.0529
25.3667,410.4438,789.3360,220.7976,278.4704,493.9013,546.4147,222.9313,586.5354,517.0161,712.7129,261.0540,303.7550,764.6468,629.8088,294.9219,394.7034,310.2144,656.4848,407.7067,377.7872
25.4000,405.2966,778.2922,210.0839,269.8032,481.1414,539.9572,229.3576,572.9373,503.2046,722.1325,251.2792,296.4619,738.9805,666.1586,291.6475,397.5275,317.8400,643.0301,412.8308,360.4459
25.4333,410.8571,808.6790,223.2176,271.4453,473.8596,554.0958,229.2760,584.6086,531.8175,734.8624,252.4876,295.3488,765.7364,674.2436,289.9486,402.7241,322.7535,648.8024,414.5179,369.1331
25.4667,426.5443,788.8042,213.4401,268.3307,467.2658,553.0311,227.2185,589.1563,511.6060,682.0600,248.5255,286.5926,768.3812,630.4782,297.9630,394.9903,314.5422,633.6039,406.5393,377.1280
25.5000,411.0916,773.0475,212.2740,266.1926,488.7001,541.4633,227.4390,591.9898,517.8473,687.2810,271.7857,301.3401,746.8993,659.0187,299.5464,393.8129,314.0456,643.0169,403.6712,360.8115
25.5333,408.0163,781.2472,214.0760,264.9990,495.8560,551.6367,228.3611,576.3751,502.8974,702.7501,258.5427,290.8369,776.0899,658.5053,282.7486,399.8218,309.7197,641.5665,397.0143,373.8448
25.5667,413.2724,789.0158,211.4008,277.9573,476.6792,549.3537,222.9728,576.6350,511.6966,704.7181,252.2057,291.7624,741.3960,654.1218,286.6716,385.4341,302.2900,608.5781,414.7095,370.0583
25.6000,405.1849,765.8200,225.4288,267.7819,481.4156,548.8161,220.7833,577.5039,505.4277,681.5283,257.1640,288.4048,770.1261,649.0312,286.4245,388.0461,327.3735,609.7782,394.8103,375.3100
25.6333,417.1683,785.6758,213.6000,282.5262,485.3563,544.3360,220.6256,566.1069,515.8223,679.6013,256.0324,286.2473,755.9176,678.0646,301.4685,400.1648,311.6001,608.2325,401.0478,365.6771
25.6667,405.2534,783.1663,213.7433,265.0792,467.1825,546.0417,216.5675,591.6855,521.7175,718.4226,252.4100,280.2766,749.7998,681.4334,296.3573,398.8928,314.5594,608.7967,413.4431,370.5550
25.7000,420.4427,781.5710,216.8244,266.8732,469.9093,558.6919,225.6590,593.8755,497.1654,690.1634,261.6149,291.7129,767.3067,653.7690,287.6181,416.7466,300.5160,615.2568,404.1388,375.9704
25.7333,423.6433,786.6658,224.5332,271.4114,474.4393,539.7553,218.6847,608.2316,506.4837,672.1775,259.3099,287.0650,742.5585,670.9589,298.2688,399.1164,317.3568,617.6939,394.1948,366.3358
25.7667,406.9558,790.3009,212.9704,275.0030,470.1702,555.5698,210.7141,576.1352,523.9803,715.5165,254.7038,279.6126,752.9402,657.9435,280.4322,393.3835,306.2396,598.8600,415.8893,361.9251
25.8000,419.1979,777.3617,214.7816,262.9674,470.6034,519.7878,219.5955,591.4260,521.9062,732.1936,262.5414,278.8774,777.5727,633.5768,295.7123,400.5866,307.8305,570.9084,401.2880,357.6046
25.8333,407.8306,808.4158,221.3411,273.7320,470.3553,536.9920,225.4322,594.0613,515.4735,679.2516,262.8542,278.3904,771.9770,663.9434,282.0295,390.7895,301.3181,588.4716,517.5422,362.1635
25.8667,411.4438,770.0736,218.4685,268.3805,466.4949,547.0434,230.1289,568.0864,509.8544,688.4947,250.4190,268.7939,754.7478,648.0003,295.3221,400.3068,305.8893,580.4362,581.2811,380.9371
25.9000,431.9814,792.2598,218.8580,270.0824,477.9161,551.6921,224.2776,600.3813,501.7796,718.5543,257.9216,263.8993,764.7380,661.6050,293.7916,401.0327,308.1632,575.3345,592.4700,376.6452
25.9333,398.2851,794.3393,222.1247,277.4938,477.1699,564.8435,218.3698,601.1746,518.8032,730.6784,249.3908,267.9477,738.0448,659.5482,287.7337,400.2841,303.7052,590.9254,573.4918,360.8179
25.9667,406.8180,777.6496,218.2811,275.3491,471.0937,553.7151,228.8757,599.4267,513.4568,709.9524,257.8068,270.7364,765.7985,639.2607,295.0316,393.4693,294.1996,570.4426,577.2025,372.5201
26.0000,412.9471,793.8179,220.1998,275.6751,470.5331,545.0568,218.4027,606.0961,513.9064,707.8861,255.2104,269.3904,773.5688,648.1037,294.6093,383.8047,300.4327,564.7877,572.0475,369.7744
26.0333,421.9568,791.7862,214.6613,268.1827,460.1551,528.0647,220.0059,591.4735,508.1298,698.3665,255.1096,263.1387,722.9413,661.5293,280.3271,388.4909,308.8223,567.0940,575.1961,363.3559
26.0667,431.3234,793.4678,221.9423,272.1556,470.8820,533.9907,223.5817,584.1098,522.0321,698.0720,255.8046,271.5190,753.6611,672.0489,291.1434,395.2310,306.1959,547.4020,561.2117,361.4920
26.1000,423.3898,773.5928,214.6615,276.7119,469.7289,544.6669,219.4081,612.8991,526.7151,701.9477,261.1242,259.0907,747.2328,671.7745,284.3752,396.9880,316.8372,564.7586,552.8986,358.1319
26.1333,414.4354,782.6270,219.5824,284.8289,480.7416,539.6803,224.0886,603.6171,517.6858,710.7292,259.5360,267.2000,758.8791,642.0226,284.2660,390.3708,292.9701,559.0742,537.4192,359.7746
26.1667,411.0021,767.3232,213.6284,271.4633,474.4974,541.7795,217.9469,584.6806,520.5602,685.7638,261.9246,262.7458,785.3181,673.3719,290.0602,395.0649,307.9317,558.1332,529.0597,373.5660
26.2000,419.4885,790.2104,220.1597,277.4706,459.9294,552.0966,223.6741,594.4046,506.3805,698.7436,249.6593,264.1352,755.0790,657.2648,273.1819,396.6969,300.2915,562.6964,508.1837,367.6070
26.2333,407.8022,749.4720,223.0642,287.8481,476.1995,531.5304,224.4880,566.8959,496.4118,666.8701,253.2196,262.4359,744.5186,667.6726,291.0796,405.0736,296.8610,574.1663,516.1924,374.4911
26.2667,424.6310,783.2475,221.6020,272.2110,465.1884,550.7912,224.8068,591.4478,497.8949,676.9005,253.7547,269.8672,733.3900,640.3770,281.5080,392.8399,317.6383,567.3546,524.9406,361.7992
26.3000,408.1918,783.9333,224.1740,270.7871,461.8482,554.7737,220.1795,597.6143,529.4843,677.3739,250.2883,264.6326,771.3258,646.3281,278.9435,407.4140,299.1651,554.9607,512.4375,353.2325
26.3333,412.2668,782.3019,217.0130,264.3468,460.2967,558.1327,225.8201,592.6720,500.5192,679.3040,256.5579,324.9575,759.3186,664.5865,287.7713,396.9614,286.1453,554.6939,488.8018,359.6412
26.3667,424.1630,791.8909,214.6233,266.5834,472.7494,524.3774,213.6672,620.0179,514.5054,706.7693,252.3181,362.4308,770.4989,659.5263,284.9914,386.6134,303.6605,578.2779,491.9125,355.7028
26.4000,411.9500,784.7081,212.9875,260.3551,473.3257,545.0318,213.8185,587.7811,520.9410,691.2412,252.4008,368.4744,772.4888,672.2513,281.6774,381.2450,305.2998,542.5649,501.4029,359.6944
26.4333,423.5439,785.2943,216.4934,277.0247,467.5820,533.1585,217.6843,586.1222,508.5293,680.7390,254.2086,371.1068,779.7729,666.9683,282.8024,385.9384,299.4688,558.8834,487.1698,358.0005
26.4667,402.8769,778.6929,219.4313,276.7525,463.4650,535.1361,216.0458,585.3565,505.6654,701.3926,247.4238,364.8931,770.5102,654.2306,284.9473,401.2328,297.4897,559.7813,574.9069,352.5512
26.5000,420.2276,792.7346,217.3754,270.6282,458.9619,542.6210,213.2480,599.4298,533.2629,694.8415,251.5612,359.7694,759.6306,676.2445,292.7337,403.3737,295.2972,556.5953,640.4536,352.6597
26.5333,420.1328,787.1458,217.8033,266.9292,478.1857,550.5434,222.6420,606.6125,521.7880,701.4448,243.4197,359.0362,768.3290,664.1743,278.7680,390.9998,295.3411,558.0091,642.0255,374.4095
26.5667,411.7919,779.1962,216.5590,265.2095,446.3326,527.8153,223.1729,600.7285,539.0548,710.9691,255.6217,350.8190,764.3245,666.6196,281.0522,403.0881,302.4075,545.0564,663.1472,367.4321
26.6000,414.7818,799.9134,218.3938,276.1054,473.2106,550.9900,216.1058,599.8313,502.2369,707.5093,252.2286,342.7945,747.3358,661.6485,284.5255,397.7309,295.3027,536.9313,630.3840,364.4833
26.6333,411.0605,776.2975,220.5651,266.0171,463.4629,552.4533,212.7920,584.9195,508.7530,705.6916,255.0632,340.1921,758.6821,646.7828,290.5861,389.6988,304.2035,535.1109,640.4804,357.1260
26.6667,404.7609,801.8854,217.4635,271.7867,469.7530,560.3496,221.8117,609.7442,526.1755,680.9013,250.8967,334.8135,769.4750,654.8869,279.7446,413.6562,293.8470,549.7376,627.6231,373.6222
26.7000,409.5566,772.1660,207.2987,270.4303,453.1259,546.0950,225.1574,572.4418,500.8121,712.0939,256.3633,333.3672,772.4278,673.8564,282.1771,400.7870,296.5677,541.3669,606.9760,358.2981
26.7333,419.0647,791.8119,223.8185,274.1927,465.5576,559.2642,226.4811,606.6134,506.7387,713.3989,252.2343,325.7325,762.0303,650.3799,290.3081,398.0207,300.7301,531.4583,597.5391,362.0781
26.7667,410.6879,775.9570,214.3036,268.2833,480.5717,544.2201,216.6254,584.8282,510.2238,665.9619,250.8160,319.6996,756.7256,668.9096,286.5629,401.6416,309.7541,532.1915,579.5596,372.8028
26.8000,420.9624,789.7510,215.1705,270.3005,469.3231,515.5663,208.9075,597.9431,505.0669,712.4712,257.6918,317.1192,747.4376,651.6636,288.9865,391.6075,292.2794,537.4385,560.3420,361.9081
26.8333,427.0140,768.5873,220.5271,271.6720,467.0672,555.6795,219.9344,591.2725,519.5682,699.7690,259.9597,308.5291,726.3282,656.8101,286.9887,388.6429,291.3591,546.4161,562.7795,372.1537
26.8667,420.8603,744.0886,218.7598,272.9907,465.6686,547.3620,218.8267,580.5243,489.8990,695.6087,250.2127,322.7830,743.0783,683.8220,276.2842,413.8021,294.4855,537.6026,548.9508,360.5850
26.9000,411.2444,790.2662,207.4958,271.8689,478.7369,540.8681,224.1892,606.6597,507.7092,716.7782,240.9236,306.4595,763.9847,659.7656,280.3366,401.0582,289.3840,529.1198,563.4103,359.3326
26.9333,407.2246,808.4173,211.2456,265.0148,474.8527,534.6249,213.8967,594.5640,517.0751,675.9619,245.7057,296.3251,775.6789,674.1337,275.6994,390.7480,295.9017,522.4759,539.7563,364.7868
26.9667,414.3796,766.2380,222.4185,277.7126,466.7228,531.0094,221.3320,580.9335,517.5734,698.6817,251.9870,308.7862,755.0263,623.8306,280.8448,406.9209,296.2335,549.0677,535.7773,355.2600
27.0000,423.9178,800.2310,219.6814,275.8255,469.7160,533.8468,218.9049,584.5121,506.0414,678.5232,251.0699,298.5104,766.6167,653.7837,282.7927,406.9552,297.6206,522.2375,526.0597,375.2501
27.0333,414.8051,790.2414,214.7129,280.4543,470.3734,533.7862,228.0839,595.5629,506.5677,677.4843,248.7912,299.7019,775.5418,661.9483,280.1343,399.9193,292.9055,548.7617,518.4409,362.2760
27.0667,405.0199,803.0410,218.9908,266.3667,482.8271,527.1056,212.4117,570.0317,521.0522,675.0905,257.6496,295.1967,762.5986,667.6427,280.7418,401.5591,304.2732,548.8938,519.4149,366.9866
27.1000,417.9873,799.8628,214.2235,266.5097,479.9766,537.7379,225.4214,577.4438,534.9829,669.9906,259.3444,284.8981,770.4031,660.2999,291.1858,391.6396,297.1443,546.6831,497.1296,355.0006
27.1333,413.0796,791.1786,213.0129,268.0771,473.0361,540.1689,222.1603,562.1530,510.9784,682.3968,251.8110,290.3845,743.7769,662.3644,286.1930,408.7259,288.7446,535.6271,498.3697,370.3928
27.1667,407.1022,792.4827,219.1955,270.8824,468.1125,571.8256,219.7139,587.5145,523.3264,688.0717,253.6831,289.4961,766.0269,658.1261,283.8350,398.0794,291.9667,529.7018,494.6331,371.7941
27.2000,405.3629,798.9025,218.4771,269.1718,470.9212,540.2273,217.0785,589.8360,493.4142,691.1993,250.7609,284.1461,768.0456,670.5353,279.9662,392.1378,297.4791,537.0189,499.8650,357.8496
27.2333,416.1816,785.0122,215.0134,273.8114,455.0381,531.9751,221.2291,586.7407,507.1766,701.3076,251.7355,273.3224,757.2870,666.5367,275.5896,391.4659,291.6109,536.4462,480.3596,370.6859
27.2667,416.0503,764.0777,223.8688,269.5987,469.2162,536.4176,220.2783,588.5401,536.0632,714.4662,255.3143,277.4651,778.3913,664.2788,281.6792,394.2805,298.4567,542.3208,453.2963,352.9087
27.3000,418.3172,774.4253,222.4895,269.8605,449.0148,517.8250,213.6335,583.7173,513.7505,698.4251,259.1564,275.9654,762.5899,681.7382,275.3773,391.8565,290.2332,539.6571,476.3381,357.5354
27.3333,404.4379,785.0850,216.9762,269.1790,482.3930,540.0052,215.9177,571.6455,525.9426,702.6767,250.4690,276.7177,747.3268,677.0510,274.0328,406.0450,298.3203,530.2766,473.1964,350.2726
27.3667,415.5281,798.5434,216.2421,268.4823,469.4519,547.0182,216.2678,596.4847,518.8777,700.0877,250.2932,279.9580,754.6872,648.8855,278.8015,392.8648,291.4922,535.1368,472.0187,366.8302
27.4000,413.5398,778.3201,211.9092,262.9618,468.3762,546.5090,218.5767,600.3438,518.5395,670.2178,250.2773,271.2689,749.6710,647.5460,285.6135,392.5854,296.1250,548.9214,461.6652,362.5640
27.4333,415.7564,796.4911,222.9152,256.9962,448.1238,557.6140,214.3346,564.2450,527.8436,685.6292,252.8994,270.6876,742.8357,683.1707,275.4264,399.6279,286.4321,540.4598,448.1913,367.9006
27.4667,421.6164,782.2196,213.7622,271.6200,459.1068,523.0183,221.4559,595.6591,520.6331,681.5543,246.4677,271.7269,733.3260,663.1830,281.3368,390.1783,302.7560,542.6057,465.7429,370.1291
27.5000,406.9352,801.0548,213.8040,272.2715,457.3530,539.1665,225.1391,587.1881,503.3611,699.1082,248.8841,269.6656,771.9473,665.1228,284.1926,383.3332,306.9943,524.2596,459.6815,368.8793
27.5333,402.6739,818.2941,222.2076,267.9371,457.2200,523.0658,228.7134,597.1573,518.1317,689.6591,255.7395,270.7511,738.4724,652.7382,288.7285,386.0820,299.4809,539.0398,442.1933,369.7222
27.5667,424.0404,815.4046,214.2484,263.0516,467.1895,536.2592,218.4531,580.0536,511.2187,709.8649,258.4811,264.6903,753.9465,663.1756,291.6209,394.0739,376.6483,529.7605,455.2453,360.1854
27.6000,420.0459,779.8265,215.1430,265.3626,475.5622,536.9544,215.1175,570.9658,530.2212,690.5430,243.6512,267.8519,766.3352,667.3848,289.9899,391.3078,413.0579,522.1686,442.8174,358.9036
27.6333,421.9427,788.8678,222.5907,271.4302,467.5381,522.7413,218.0651,566.8379,522.8966,708.5579,254.3427,258.4960,717.4853,680.2776,278.4084,406.5831,419.1925,544.8566,436.5737,367.6635
27.6667,422.3636,783.6604,212.8713,267.4040,459.7232,548.1436,220.9163,582.0317,508.4600,671.9827,249.7594,263.1249,760.7212,678.4733,276.7529,384.5197,425.1575,534.1327,437.7956,376.1091
27.7000,410.8350,776.1904,221.2923,275.6110,458.4601,538.7698,218.1265,581.0564,511.5659,686.1052,251.4896,262.5121,752.2418,653.2144,282.2002,400.3781,431.5878,535.8833,437.1353,360.4171
27.7333,401.1555,812.3153,217.2055,270.9739,470.1981,538.3323,220.8822,585.1813,522.1064,682.3301,256.6587,261.4469,772.6434,648.1030,292.1506,379.0498,416.5633,543.1778,448.8759,364.6244
27.7667,406.9471,760.2810,286.4646,279.2351,453.1019,542.7311,215.6786,571.2163,497.5292,698.3922,259.4537,265.4844,727.3070,676.1068,283.2018,402.9855,420.4072,526.2356,436.7643,367.8443
27.8000,414.0628,774.2626,303.0660,267.8631,470.7593,540.4251,213.6827,596.6591,499.4191,688.0058,252.5571,330.9678,752.0178,648.8692,278.8859,396.1864,409.6602,537.9709,424.1761,372.0485
27.8333,404.5545,769.4547,319.1159,271.2329,462.2999,541.6109,221.0974,581.4179,525.5950,722.4956,251.7157,361.2244,770.1658,670.1273,273.8461,413.8645,410.1057,503.3862,434.8879,364.0788
27.8667,423.7445,763.1336,319.6966,265.7117,471.7119,551.0653,211.8390,587.6480,512.2312,697.0679,256.1244,364.5405,755.4139,680.6615,272.8210,388.6159,406.5442,540.0962,420.7430,373.7805
27.9000,408.8842,766.8140,309.7275,278.6207,450.3143,542.7263,210.6681,597.3068,515.0759,678.6291,247.7004,375.4909,766.7874,652.8626,268.7513,403.0844,387.9088,530.3852,444.2936,369.4211
27.9333,401.2364,807.0747,307.6639,282.9147,463.1841,535.2556,219.6288,579.2527,508.6693,668.1892,256.4264,374.7046,730.9814,655.8773,295.2811,403.4969,398.8255,544.6187,424.8823,355.2074
27.9667,422.8456,759.4981,304.6558,268.9296,451.4153,557.3341,217.4008,593.0485,509.2206,687.6284,255.3728,360.1027,741.0487,666.2136,288.4955,395.5592,378.4216,523.1911,435.0995,366.5540
28.0000,412.3131,770.6443,302.5786,272.6733,472.2676,542.8108,214.4778,584.0881,650.5502,687.5107,253.0224,364.8294,736.4968,646.5419,279.9147,398.8831,386.0443,537.7675,419.5323,365.5756
28.0333,406.2674,777.8416,296.3956,277.1396,449.1087,535.9700,222.8301,600.2210,725.6367,696.6508,252.0272,356.4564,758.5532,640.4010,280.7610,385.9714,373.1956,555.4607,424.2453,356.9635
28.0667,424.1136,767.7037,285.3148,272.9823,464.1668,543.4993,218.9644,589.2974,737.3152,677.2467,246.4991,344.2513,770.7477,672.4054,282.7997,398.8904,364.2742,538.6583,439.3779,355.4801
28.1000,411.3474,781.9605,283.4075,272.1916,457.2463,551.2059,210.7232,596.0383,723.2657,730.2529,253.0911,340.6976,763.4818,669.6386,294.8114,389.2329,371.4062,535.5797,400.0554,372.0984
28.1333,420.0321,772.6568,275.1091,274.6143,447.2887,529.4077,224.3569,573.5104,742.6140,706.6529,246.1695,342.1108,765.1950,651.1219,280.5227,393.6093,371.4184,543.7156,414.0167,370.7266
28.1667,417.7872,771.7832,277.5779,265.3434,456.7653,530.6292,216.7996,599.6432,720.8169,666.8288,254.7023,322.2098,753.2301,661.2638,284.2872,411.7404,364.2089,539.2219,414.2652,370.1311
28.2000,415.7403,792.0465,274.5885,273.0965,482.8323,518.2025,215.9301,569.2331,710.2592,696.5489,261.6258,330.0804,762.1828,688.5238,288.5579,385.1418,360.5160,535.3573,414.9286,367.3977
28.2333,404.2221,768.7568,275.5421,267.9768,467.8036,542.0442,218.0591,584.6931,707.3618,674.0914,253.7767,321.8983,748.8051,667.8771,284.3991,402.8669,348.0113,523.5907,421.7099,356.8416
28.2667,424.4607,781.2796,273.3083,277.6962,597.8574,543.6828,218.3324,604.7848,693.5148,655.0925,252.4007,321.0976,746.6469,674.7833,279.0061,401.0223,346.7369,512.4160,440.4534,354.2550
28.3000,420.5676,797.8331,264.3106,276.0304,645.7508,533.4825,214.3977,581.8491,673.4183,686.6572,251.6769,315.4831,759.7457,684.3367,278.5316,388.1670,354.4644,551.7571,413.3885,363.2999
28.3333,410.0497,783.4064,270.0081,272.8384,665.5142,520.3262,210.1898,585.7750,669.7602,661.2269,256.8929,309.6261,784.7403,662.1647,285.2325,391.7907,340.3674,545.2405,418.3196,370.0933
28.3667,410.2458,769.1981,266.9826,261.6638,666.6885,544.5291,217.4123,600.2875,667.3329,731.3742,246.0690,312.6289,759.3693,650.6490,278.2288,403.6273,348.8417,568.1638,412.6625,367.1033
28.4000,413.0621,761.5810,264.0185,277.5668,672.8656,543.9951,220.1025,569.4352,649.6924,695.0106,258.5461,308.2232,764.3969,680.8723,284.2423,390.3768,344.2788,534.3128,417.0642,362.7315
28.4333,408.9562,801.2852,261.6154,285.5618,642.9686,559.9915,223.3487,580.4331,644.7396,683.4530,251.9403,299.4024,763.3410,672.1283,279.0792,391.5248,334.5131,544.3050,414.4080,355.9682
28.4667,415.0310,806.9585,255.0042,279.8643,649.1928,543.6517,216.7437,577.4364,641.7405,669.2416,249.1646,305.3518,731.0259,645.9205,276.1730,389.8812,344.9137,526.9281,409.0403,375.9985
28.5000,412.0098,790.9087,251.4887,272.6378,643.8802,544.0223,223.3559,575.0731,637.0246,678.1395,256.6061,308.1004,768.3174,642.5014,280.8580,395.2379,326.3094,520.5029,409.4988,367.0840
28.5333,408.0425,799.0756,246.1625,261.5542,625.6817,534.5367,213.8972,583.3285,636.5690,699.4730,249.7028,299.8356,756.8713,688.5822,284.5144,405.6644,329.5202,520.5517,415.6888,356.1454
28.5667,427.2303,777.2537,259.9409,277.0913,627.4530,552.2008,221.1027,590.0330,622.8847,691.9204,257.4064,294.0418,754.3973,669.2806,288.4011,407.3544,321.9587,536.2709,416.2019,379.0647
28.6000,432.9481,804.4303,249.4395,273.7947,621.8722,531.9366,214.3167,596.9633,598.2765,696.4593,250.4311,284.0481,748.8458,676.5622,286.5533,389.5964,331.8587,534.2611,409.6278,367.0278
28.6333,414.4000,771.4736,254.7528,275.1753,609.8104,535.4663,222.6966,576.5273,600.2856,653.1436,257.6043,290.1351,741.4150,679.6764,267.6054,517.2552,325.9712,532.8968,400.6892,357.9556
28.6667,414.0860,781.5008,245.9246,282.4058,615.9347,543.9768,215.1453,568.6521,613.6322,693.2534,252.6240,284.4333,745.2877,659.7039,281.5621,550.1546,331.4770,539.5704,406.9395,365.2216
28.7000,413.3697,789.9503,244.1196,275.7493,583.4231,565.2831,219.0110,587.9911,597.7499,684.3559,262.2034,277.9450,751.0114,656.7510,270.8973,572.5940,317.9573,534.3390,397.7343,354.0160
28.7333,412.1917,791.2701,247.8997,279.1738,601.0121,529.6694,216.0570,585.6261,585.7297,693.6669,260.0624,280.3399,767.2560,677.3118,282.0096,581.3247,327.9559,552.6889,403.7807,373.2606
28.7667,409.2171,788.3543,244.4513,277.0864,561.4003,546.8478,221.5024,578.2227,587.7407,683.6285,248.1515,279.3519,744.7881,647.3455,278.6147,563.2782,312.5577,533.2515,409.4751,353.9827
28.8000,409.4189,786.6254,241.3117,266.5833,562.5808,554.3764,218.3939,565.4031,585.2199,690.0387,255.9965,276.7413,763.1149,674.2014,280.8599,559.2976,318.7406,530.9011,402.4761,370.5807
28.8333,428.1190,791.6262,236.1045,272.2558,566.7464,538.3556,229.5805,600.6360,564.5900,691.2174,261.0690,283.2875,776.7360,681.7804,270.1563,563.2783,321.3831,520.7895,394.9195,364.4337
28.8667,407.7250,766.6222,241.4779,266.4394,585.9536,524.2041,214.7458,606.1428,569.6388,684.8088,243.0198,279.6195,782.8048,663.3630,283.3826,547.8799,308.8235,528.6861,425.3233,378.8202
28.9000,404.8996,789.2997,239.7529,264.3608,558.3417,535.3954,223.0271,563.7315,566.2739,690.4961,255.1159,274.7337,760.9620,665.6453,279.0466,538.0039,317.2819,545.2126,398.7707,378.8858
28.9333,417.7088,802.6751,240.0024,271.6683,550.5286,549.5314,224.5222,573.3066,563.0623,687.6109,243.3000,276.4186,767.9557,660.8983,281.8884,514.1659,311.9918,531.0201,393.7224,363.6722
28.9667,411.1704,777.6841,235.0814,263.7010,543.6093,548.5357,214.8762,586.0147,565.0325,682.1144,261.8105,267.3549,764.1663,655.3464,276.0932,525.0780,315.2816,559.6846,422.3033,366.4446
29.0000,423.6877,795.4733,235.2412,275.3135,532.4385,541.8293,216.1219,570.7443,573.3979,688.8251,250.1610,261.8118,738.3959,650.1203,284.4783,524.9277,317.1939,538.5791,405.3676,363.9475
29.0333,421.0101,771.7687,234.7846,278.3793,536.9000,542.2407,219.1144,564.3340,558.2345,701.8539,255.7268,266.2036,770.9501,669.0366,275.6350,522.7479,308.3713,521.2362,397.1397,372.1065
29.0667,420.3083,773.8480,233.6015,268.6605,534.7048,545.0794,223.9539,586.4266,570.2732,677.9334,256.1210,276.3996,758.9795,653.5937,282.0683,506.2589,306.0737,538.0738,395.7579,370.4202
29.1000,420.6996,790.8749,231.8216,271.6387,536.5887,530.8016,215.8202,584.2321,559.4850,704.7525,250.1509,263.1784,762.9618,646.5617,286.0921,488.9756,313.3568,533.8268,405.6007,364.4412
29.1333,421.3198,1433.7745,233.7241,280.4474,798.0012,546.4075,213.2360,595.2443,549.8637,699.0960,253.1400,274.7343,743.4462,668.6836,269.6965,489.8636,302.2447,552.9517,414.4229,372.0381
29.1667,419.7254,1679.5205,228.2971,271.0596,919.1686,533.2146,214.4751,584.9441,519.5771,697.9321,259.2526,267.6654,747.2231,673.9291,280.7214,495.8472,304.1861,543.3844,398.1452,362.9927
29.2000,417.1358,1806.3445,228.8676,266.6387,981.0239,517.7688,217.0285,597.4065,527.8003,675.0603,258.1673,270.0110,756.5029,686.6037,281.7698,479.4724,310.8622,549.2256,403.0557,365.1499
29.2333,413.6329,1820.4551,227.6628,407.8639,977.3077,547.7773,220.3270,1036.9629,548.0226,661.6843,247.6555,271.0592,769.0245,653.2160,280.2184,478.4722,307.0876,523.8661,409.0965,359.8578
29.2667,415.6948,1790.3282,225.7053,456.6825,944.5258,540.1077,317.6889,1222.7745,534.1590,700.5042,246.9320,265.8452,711.7751,693.0986,272.8405,471.7756,304.7709,542.3686,394.7862,367.9718
29.3000,423.3877,1765.1402,228.9427,479.2049,919.8367,557.8961,375.1347,1309.3985,546.1442,698.5129,249.3429,260.8485,749.9786,653.0430,266.6352,469.2163,308.1191,528.3705,399.2295,368.3601
29.3333,421.5123,1677.4197,229.4711,487.9154,905.7923,548.1894,389.4375,1304.4877,530.4827,699.3007,254.7341,262.3017,734.7983,671.0052,287.5099,467.7680,295.5197,527.6900,396.0691,369.1966
29.3667,407.8208,1692.3491,228.1970,478.7740,875.4431,551.3626,390.6939,1285.8453,543.1383,677.2869,250.5914,254.8633,762.6628,858.4272,273.2188,464.3154,311.2181,538.0242,390.4880,363.6005
29.4000,421.1946,1602.9743,228.6963,476.1827,861.9140,529.8630,387.0098,1257.4704,528.8668,684.1991,244.8385,265.6701,768.1704,937.4427,278.1418,464.7780,305.2328,531.6749,399.6814,353.0153
29.4333,427.3276,1592.8984,232.6066,463.0305,855.0003,530.3465,381.3315,1240.6879,540.8491,690.8759,249.5059,252.9710,751.8207,975.9804,273.7513,467.8266,298.8197,520.4350,396.4306,368.1969
29.4667,421.2307,1519.3536,232.0740,449.3448,827.6900,548.3976,378.0367,1206.3391,520.3761,678.6311,254.2369,254.2085,756.9922,965.0778,280.2475,460.2145,311.9576,538.4357,378.5126,363.4788
29.5000,418.5376,1492.4826,222.1276,444.4568,807.5477,556.3781,372.5314,1174.3927,537.7301,686.7401,248.6760,255.9270,750.9482,981.5789,296.4438,448.9788,301.6143,545.7474,397.6166,359.5057
29.5333,413.9625,1428.4141,224.1996,431.8958,801.9958,522.2571,349.0112,1142.3856,559.2678,690.6117,252.8639,260.5029,750.3907,969.6217,281.0338,455.2232,311.5935,529.6682,411.1097,371.6279
29.5667,418.0075,1443.5351,227.4348,425.9512,754.2050,517.7443,350.5393,1126.0998,533.5289,884.7115,248.7650,267.5488,772.4397,929.4088,272.6474,439.8591,304.8439,522.2845,400.6131,357.1815
29.6000,398.3660,1384.4924,224.5549,420.9475,756.7123,542.1908,337.3479,1101.2869,524.7074,964.7157,263.1383,255.6958,753.6662,928.5085,273.1381,434.6843,311.1249,528.6779,410.8992,366.9938
29.6333,413.9833,1322.1628,229.5352,404.7810,731.9917,551.4708,330.2216,1068.0065,527.7158,992.2715,256.2029,264.0219,738.5649,938.1517,289.5210,447.6841,300.8548,546.4814,395.5253,356.5763
29.6667,411.7985,1314.3433,223.7585,399.7365,728.2782,550.1470,331.6310,1042.8498,535.7482,1000.5012,250.8309,254.5985,723.8009,894.7485,276.2255,437.3482,297.7777,521.6142,381.1301,369.6419
29.7000,413.8893,1307.9843,223.4736,406.5088,707.5733,539.7856,322.8789,989.1439,530.2666,983.9798,246.8847,257.5549,777.7172,903.0526,282.4090,427.6742,300.7598,530.4562,398.1157,371.4887
29.7333,420.1984,1269.3799,222.0307,392.0336,687.5142,553.9663,322.5083,990.0989,521.6873,974.1439,252.7297,330.3233,773.6014,887.9555,284.5860,443.0844,304.5540,538.8037,394.2487,366.7978
29.7667,415.1541,1247.0546,218.1415,386.1051,695.7496,532.6812,316.9797,973.3515,535.6821,965.5719,253.4852,349.9861,763.6908,839.9015,276.6898,420.8436,304.2008,524.9383,397.1983,363.8654
29.8000,411.7506,1221.8689,225.0580,376.9632,668.2216,516.4778,303.2657,941.9685,533.2176,971.0588,248.7454,361.5827,744.5360,852.7009,272.9669,414.0880,292.9911,552.2298,383.3127,381.9142
29.8333,407.8137,1218.6515,222.3975,373.7949,666.3569,540.6655,305.4844,913.7804,521.0045,937.4108,259.8885,372.4256,761.4963,830.1053,292.0170,416.4573,294.2414,523.3639,400.2255,374.9139
29.8667,400.9079,1180.4583,217.5580,370.4943,644.7901,532.5832,298.2467,913.1946,529.5550,919.0638,257.0633,362.9338,741.6630,819.5443,271.3225,431.8780,300.9010,548.0637,396.6992,362.8688
29.9000,427.0952,1176.4792,222.4308,358.3364,635.8877,534.2155,293.0630,869.7021,509.6898,885.1890,250.1522,359.5233,724.2595,855.4496,279.9088,424.8764,293.0917,537.4985,386.3607,366.0810
29.9333,416.4037,1143.2681,217.6488,345.8894,633.1968,541.9221,288.5087,847.9637,515.5325,904.6996,254.5736,345.6259,724.2185,814.3838,277.2261,430.1634,306.3267,539.4321,395.3342,372.3565
29.9667,418.3614,1097.8713,222.9708,351.9142,640.8224,545.5787,285.2149,838.6225,513.8696,882.5953,249.9680,353.1559,767.3214,800.3520,280.8383,421.0535,297.3616,541.5268,406.6183,372.0459
30.0000,421.7496,1069.8500,216.7551,349.2048,617.8972,532.0877,282.3146,851.8200,510.9350,887.6263,253.9533,340.5143,724.8521,801.1564,286.5450,414.2753,298.6570,549.8611,393.4621,375.6303
30.0333,404.9254,1103.3458,227.2018,343.4967,594.0140,532.5783,282.9406,846.1367,520.0153,855.4104,254.1367,341.7285,739.9868,809.5176,280.8629,412.4278,313.8117,543.0602,409.2024,372.0087
30.0667,422.0433,1103.6069,219.3935,344.6258,604.1771,533.3660,276.8379,804.3861,533.3552,845.2694,258.5548,330.8387,740.7178,790.8846,287.1021,401.0574,304.0026,539.7718,385.2844,375.1990
30.1000,416.1062,1067.8421,221.4581,329.1717,587.0511,535.4096,267.3310,795.3720,521.6944,860.3054,257.6313,327.5945,739.1520,788.4286,260.0403,403.6542,301.1687,538.5198,391.7031,371.8431
30.1333,406.9746,1029.1909,217.5424,339.5069,589.4240,530.0606,263.0989,784.7553,521.5183,827.4226,246.8000,323.9512,756.9102,772.5925,279.0904,418.4708,297.6941,569.3512,399.6491,355.6689
30.1667,412.7432,1000.2031,221.5815,330.5941,572.0348,542.7060,262.2968,788.4312,491.9571,844.0243,249.0428,321.9357,748.2319,757.5170,280.8275,420.5411,303.7361,532.4109,413.4609,360.1242
30.2000,412.2641,1018.4624,221.0059,337.0080,574.3737,550.4953,261.6664,772.8253,507.5763,846.9042,263.4097,322.5771,741.3055,733.7118,279.8812,422.0891,295.8354,539.2913,395.1742,364.0059
30.2333,409.1572,995.1126,226.4087,324.0689,559.9063,525.8612,263.0455,761.6540,518.7599,841.0079,251.7892,323.4060,747.8354,750.2030,274.0300,418.2730,291.5869,544.0669,399.9380,365.4933
30.2667,426.1769,964.4883,216.9546,326.2047,558.3147,548.0283,259.2659,759.3578,516.6730,802.1163,251.3323,311.9764,754.5937,756.4526,277.6316,421.9349,296.2525,521.4119,406.3176,368.1219
30.3000,418.5408,985.3001,220.5340,312.4502,563.2933,541.2015,255.9952,716.3153,490.9837,798.2114,256.6993,300.0773,751.2642,768.0876,276.2459,412.1280,304.9092,531.6256,400.4775,361.6520
30.3333,429.2306,969.3798,222.8043,322.8316,530.4142,540.1061,255.4872,721.2493,528.5296,791.7372,254.9238,309.7579,760.1162,747.6061,283.7260,411.8383,296.8020,510.4862,392.5082,375.3587
30.3667,417.5511,955.1633,216.6295,314.8851,551.9480,532.9213,249.4259,710.4373,505.9375,795.6134,251.0583,305.1147,746.7139,741.8433,265.7319,416.8727,306.6465,525.1842,410.9794,374.2259
30.4000,409.1704,940.4726,223.2469,312.4770,532.0951,539.4446,253.3248,702.1724,518.6900,758.4317,249.7987,312.2207,725.4310,733.6723,289.5984,425.6453,304.9225,539.2350,382.8655,381.1413
30.4333,409.3821,952.1253,219.0855,314.1894,522.7359,527.2515,249.2653,706.1349,488.1791,796.7481,254.0275,306.1175,725.1157,732.8185,274.8921,404.6269,303.4694,538.9032,397.3076,374.8110
30.4667,417.6429,928.1186,223.1942,308.9946,551.1393,528.1562,252.8438,694.5401,525.9461,778.5701,257.8968,300.0467,757.7916,748.0012,278.8977,406.3501,305.6050,518.0728,390.1856,373.8742
30.5000,415.2377,918.8707,218.7314,308.6460,532.2126,530.8556,249.6148,693.9359,521.2572,782.9781,251.7565,296.6554,752.6791,721.4956,281.6710,407.7317,299.2074,537.5737,397.1085,379.9854
30.5333,427.3972,908.6977,219.9594,303.1735,524.5550,530.6019,246.7628,689.6687,523.0489,749.0647,261.2873,292.1253,749.8272,726.5801,279.6527,399.4011,299.7582,548.0476,394.3216,356.9569
30.5667,426.7066,895.4782,225.6244,309.9890,511.2776,522.4321,232.2784,683.1963,530.4016,740.4754,253.6832,288.5887,747.4729,720.3429,285.9436,401.6490,291.7595,537.7482,410.7438,374.3395
30.6000,417.5972,909.5174,220.3587,299.1322,508.2630,535.3702,244.8141,691.4392,508.6421,755.2441,250.2670,288.0591,754.1673,724.2901,278.4769,412.2733,307.5182,512.4681,405.2757,353.6889
30.6333,410.3067,904.6297,226.9034,289.3147,509.5226,535.0248,243.0958,660.1781,518.3365,747.7962,256.0545,285.3466,774.6021,742.9965,275.0426,399.6074,296.2038,535.2920,395.4298,370.3348
30.6667,414.4490,1099.8629,216.9881,297.5785,521.2740,529.3599,237.3352,693.3422,518.1673,736.2213,252.9691,277.9519,748.5871,699.1775,277.6853,415.0990,309.1068,537.8999,393.6516,364.8600
30.7000,406.9101,1204.1193,223.3095,297.1060,507.0498,555.4314,233.4853,662.3390,518.6926,746.6403,246.9945,278.8558,736.3125,711.8484,283.7389,392.5563,303.8067,545.5902,403.1907,362.5956
30.7333,417.9719,1225.2404,227.1480,301.2783,518.3160,553.3186,237.7255,658.3215,512.5005,726.2605,251.9642,283.0374,754.0988,711.0050,287.1142,408.1337,311.2165,548.1547,411.8090,366.3457
30.7667,413.5488,1240.1425,214.6061,300.6331,499.3455,523.2405,237.9487,665.6146,495.2945,744.0118,258.2140,274.6175,755.4905,734.8419,285.0131,403.8690,283.1632,534.5160,400.5581,378.8699
30.8000,406.2678,1216.7765,214.7045,292.3773,485.9102,539.1481,227.8155,645.2097,508.0687,740.7968,243.4643,277.6880,766.5209,701.5144,282.1463,395.8345,289.4773,535.8823,393.0874,369.9195
30.8333,418.2303,1196.4764,221.2614,287.9012,505.6646,546.1939,228.8162,646.5858,509.4776,730.9783,255.2693,270.6566,740.8427,676.5505,268.5758,415.4170,306.1296,521.6049,389.9196,364.8284
30.8667,415.6600,1214.6038,216.9325,294.1056,509.6047,532.5287,229.7661,646.0644,501.0941,740.9842,251.9700,272.9430,757.9071,726.0882,286.3981,404.1076,286.8457,522.4431,401.3888,373.8852
30.9000,409.2999,1149.1197,212.6913,283.0015,494.6384,541.9327,235.5701,628.4060,504.6555,709.5569,247.9616,264.4070,740.6424,710.8336,277.0482,403.0757,295.3955,522.9098,394.7470,380.4981
30.9333,404.0924,1127.3248,226.9775,283.7745,484.0226,534.9814,221.4896,632.7841,524.8372,715.2473,256.5385,274.3341,753.9611,696.0059,262.3766,405.5226,290.2579,539.8738,397.1655,371.2812
30.9667,430.3055,1119.8731,217.3184,290.6217,507.3203,526.3131,236.4374,629.8020,512.5139,713.4428,254.0757,274.6871,746.3574,697.3872,277.1815,401.0652,295.7429,523.5990,377.7470,366.4714
31.0000,420.0282,1098.1407,215.5584,278.1539,491.6853,532.5392,229.2199,616.0862,493.3961,717.2898,257.5732,267.5430,731.0465,689.3055,278.2027,405.6167,298.3596,527.6911,406.4322,361.9304
31.0333,414.0302,1067.2793,222.6865,287.5749,474.9768,544.8871,226.5326,796.7461,486.6411,710.3097,252.9098,264.8910,759.0728,690.4749,284.2084,408.5490,310.2419,551.2915,400.4261,374.7652
31.0667,398.1967,1059.6446,218.1998,287.3808,487.8907,534.2847,225.2942,843.2462,512.9116,725.7102,248.4279,271.8684,772.8579,662.3552,358.9190,391.0368,291.9638,517.5142,390.1130,363.1433
31.1000,400.4204,1034.5233,213.2650,294.1611,479.6827,550.6281,221.8387,870.0041,493.4225,715.9731,252.2975,270.4046,733.6128,666.0356,385.9227,401.7696,296.1782,550.9286,378.3889,366.2455
31.1333,431.3662,1033.3321,220.0036,287.2701,488.0447,520.3090,223.7319,866.5622,486.5875,711.6235,254.6088,274.8945,737.6367,697.1825,404.8373,396.0425,294.1811,547.3555,392.2950,363.3885
31.1667,412.2254,1010.7653,226.1313,291.8017,465.3703,547.1986,222.4514,880.0772,499.6190,708.3098,251.5733,265.9660,779.0497,713.2808,405.5118,391.9853,296.7868,530.0840,396.4062,371.7465
31.2000,414.3247,1041.0180,222.8228,279.9099,480.1499,542.0376,222.0009,839.0001,510.9154,710.4784,247.9485,261.0111,778.6577,649.8863,396.8328,392.5536,289.9445,528.8477,395.2404,368.8281
31.2333,419.8070,989.8900,218.7710,289.6938,489.1548,524.1958,220.8289,848.4842,500.0575,712.6158,250.3345,266.0304,748.0829,700.5484,394.7896,402.4486,299.2084,522.0093,391.7910,365.8568
31.2667,420.3238,976.2498,215.9424,279.3479,469.4046,531.5200,225.4899,815.5739,510.8242,729.7190,257.0617,263.2079,761.4971,679.1991,397.4036,411.4603,297.0067,520.5139,406.7776,364.6881
31.3000,426.2994,966.2180,223.9046,288.5146,467.6137,544.8528,222.2302,819.3124,494.6884,691.3048,254.5463,270.2301,756.3734,700.7572,382.5674,410.0495,297.6241,527.7980,402.4048,373.3128
31.3333,405.9369,960.1493,221.4311,279.2293,462.0486,521.9587,226.0648,802.8819,503.6224,710.7690,250.8012,266.5959,768.2577,689.4419,372.0612,399.5669,299.7770,542.2847,385.4496,358.7283
31.3667,414.7660,975.4094,223.1793,283.9903,466.1180,541.3171,216.9859,791.8491,500.4944,877.8895,255.8484,256.9862,767.4323,694.5401,376.7526,406.4181,293.7690,528.3991,388.9924,375.4057
31.4000,404.7424,949.3347,217.5404,277.4243,485.9674,531.6848,220.8636,788.6450,496.7208,961.2730,251.6923,252.3331,767.4799,677.5370,368.8789,405.6988,295.5391,522.5322,375.7428,370.3825
31.4333,415.4356,924.9759,225.8157,284.3611,472.9160,546.6914,228.3826,773.8326,507.8432,1018.7362,247.2556,262.5008,767.0443,678.9667,363.7939,394.0956,285.9986,553.3625,389.8972,368.6589
31.4667,417.4587,929.1594,230.1370,279.0461,477.0265,534.9401,223.2241,735.5337,503.5734,1001.1784,252.9111,259.5034,741.8101,687.1865,360.7716,416.8512,289.6205,688.8532,392.8542,363.7615
31.5000,422.1113,910.5855,225.0471,278.7419,481.2764,567.4362,228.6608,745.8397,502.6914,1004.5554,257.3684,259.6254,741.4403,684.3714,353.4935,399.9855,297.9974,732.2749,407.2736,379.9810
31.5333,423.9494,893.2779,220.2942,282.5728,473.1665,541.1298,218.7927,749.5307,493.7781,981.6870,258.8829,258.3025,743.6487,684.5023,352.7087,398.6064,301.0673,776.0945,388.2206,359.0206
31.5667,422.0855,911.7663,218.4040,278.8710,471.6833,535.8328,215.5604,738.1499,509.7856,966.6368,256.3065,257.6604,735.8796,685.5470,344.9882,399.4716,308.9493,777.3056,399.4115,351.4822
31.6000,415.1325,892.8555,220.4323,274.0378,477.6061,526.1178,215.0862,723.9353,514.1444,977.1486,256.8462,263.3112,743.0891,685.6069,341.9088,406.3149,283.1609,784.0055,390.9386,369.5612
31.6333,405.2773,905.0856,222.5163,280.6564,464.6059,554.1094,210.3701,719.4747,500.7284,949.4265,244.3623,264.5686,711.5060,692.2781,343.8713,398.6485,294.9847,751.6585,394.9919,376.2535
31.6667,410.3188,880.2867,214.5791,259.6122,448.2045,550.4537,219.6770,723.6906,492.9398,937.9207,255.8609,262.8889,744.9947,672.4933,330.6122,399.8582,291.5438,769.1061,391.8511,354.7424
31.7000,417.3493,866.7986,218.8169,275.7340,470.8970,536.1028,218.9935,695.7733,492.1443,902.2859,252.5735,257.7127,732.6207,688.8457,331.5732,408.0506,305.5743,734.5429,393.2977,363.6095
31.7333,419.4316,865.9168,222.5415,280.4606,477.6139,532.2210,219.1532,687.6131,514.5346,900.7301,256.4389,259.7072,751.0925,704.6245,324.5818,408.5969,302.3428,729.0767,394.5600,368.0888
31.7667,417.3777,878.6462,225.9450,278.4670,473.7313,558.0635,212.7512,681.7602,503.2868,886.0139,251.6818,254.5699,747.9637,692.0662,323.5895,389.4971,287.2438,721.1790,401.8673,360.8657
31.8000,412.4661,862.6307,216.8048,270.9760,467.4475,527.6987,211.0996,696.1508,493.1066,916.4601,247.3101,262.6214,728.0375,680.9398,327.3418,395.6529,293.2795,702.0340,404.9881,371.2482
31.8333,416.0433,889.8855,220.9049,271.0284,459.9009,530.4672,216.2519,673.7027,513.5986,887.8200,255.4159,255.1703,745.2584,689.3235,321.8948,395.9081,296.9165,699.8315,400.3451,371.8429
31.8667,412.0031,853.1109,227.0416,280.8692,460.6523,542.3703,221.2004,661.3381,500.2438,868.6554,262.7983,260.2781,758.7902,670.8575,324.3242,402.2211,301.0910,689.2565,393.2163,358.8149
31.9000,394.7854,867.3990,217.5871,273.6700,466.5386,521.9253,234.9910,656.6552,503.9913,831.5093,245.0541,255.7367,770.3021,675.6205,322.3673,401.9654,275.3488,689.4070,409.4489,375.5179
31.9333,424.1578,872.5820,218.8432,275.6065,461.0696,524.4603,222.7555,668.8041,511.1727,857.5795,253.6424,260.2862,742.7770,686.5958,325.5024,400.6816,301.6803,667.0863,392.5705,379.2992
31.9667,422.8312,832.4813,220.1726,277.2630,484.0285,526.1689,208.1452,653.2885,505.5702,822.6694,257.9263,260.3497,765.2790,664.2389,306.4348,397.3153,296.5793,681.7118,393.7291,366.5122
32.0000,417.9474,829.8429,222.4711,269.7346,464.4989,527.5762,225.5772,677.7957,496.0035,809.1005,248.7437,250.2009,749.9895,662.1398,305.7910,403.5229,283.9608,660.8469,392.6173,371.5826
32.0333,412.5379,823.5872,221.1228,290.0476,476.9163,521.3205,227.8348,642.2679,502.0416,818.0352,256.3655,263.2495,739.1568,689.9625,307.8102,389.6397,298.8330,634.3415,383.3037,377.0112
32.0667,417.3581,828.0255,221.9730,271.6452,452.5443,536.7134,214.6448,637.2799,499.9170,805.9145,250.1846,253.0399,735.7699,669.3201,297.9944,397.5688,304.0483,627.3263,400.0685,370.0672
32.1000,423.4075,807.2735,222.4883,286.3653,465.7909,525.7544,210.4591,652.8477,492.0319,775.4639,254.3157,244.9489,748.3026,691.0150,310.1019,373.8821,296.1007,640.0531,395.6596,364.8683
32.1333,406.1570,823.5167,219.1757,281.1620,458.5939,528.3350,221.0945,647.2147,512.8883,776.6956,248.2010,252.7036,760.1959,691.2114,298.5069,394.8274,299.2695,652.4199,401.6942,361.8213
32.1667,412.0461,818.8148,217.9517,262.9618,468.7625,539.7462,219.2898,643.3049,493.5702,815.8149,242.6245,253.3432,749.2016,659.4267,306.4696,406.5155,296.2448,638.7501,389.7697,363.1668
32.2000,416.7155,817.7379,210.6610,275.9227,468.3929,535.0633,215.8792,635.6329,498.7342,781.8660,249.1205,261.1498,723.2550,676.0517,294.3418,383.4974,292.8131,622.9794,398.0882,384.9375
32.2333,411.0734,800.8209,217.8592,272.9759,469.9737,528.3298,215.0599,641.5144,518.0175,774.8811,249.7275,253.7557,724.4513,668.7905,298.0601,399.9097,289.2042,619.0160,402.5322,362.8114
32.2667,404.9838,807.1679,220.6597,277.7708,452.7983,534.7943,222.7750,638.3272,502.9835,773.6254,246.8504,252.2906,749.8094,674.8359,298.0568,405.6228,301.5942,621.3562,396.4035,366.4039
32.3000,409.1909,820.6473,218.1403,264.2592,470.8249,505.8632,218.4969,603.9130,519.9485,776.5037,260.6945,248.4997,759.2461,687.9637,284.8087,391.1060,293.9077,622.3123,381.2293,379.2592
32.3333,417.1971,796.0971,220.2214,285.3485,463.3546,540.5854,220.9750,611.9376,494.7169,773.1941,249.5904,254.8718,732.9696,670.8064,293.9284,401.4919,301.9969,611.1664,396.5562,356.5229
32.3667,409.3319,803.8895,221.3245,271.8041,451.6195,533.7153,213.4865,612.4824,496.3683,767.5179,254.7565,255.4714,754.6485,666.3802,292.6394,391.7234,292.7996,619.2344,394.6655,372.7091
32.4000,414.2373,825.8641,211.0717,272.0914,465.8782,519.3026,216.0693,609.4961,499.6979,756.7097,256.9342,246.5211,730.8788,683.6979,295.5150,393.0857,295.4162,590.2578,390.8456,376.1483
32.4333,425.4057,821.0113,222.9740,274.0234,461.0608,533.9377,212.0526,589.6597,482.2662,752.3875,255.7792,258.4316,968.2650,679.2356,289.0544,394.5914,295.7739,601.8684,392.6003,375.3100
32.4667,417.7485,818.8871,221.6911,266.3326,445.7442,543.1632,215.4735,607.1266,498.6562,754.2004,254.1774,256.1240,1055.1394,664.5977,294.7184,399.7461,279.8961,592.7253,393.6138,374.5219
32.5000,423.0662,800.0594,221.1593,286.3466,463.1614,531.2313,212.6880,604.7497,489.1781,746.7871,250.0877,253.4473,1061.0174,661.8693,289.9885,386.3423,290.1599,610.5267,404.2566,359.6473
32.5333,399.9065,778.3739,212.8351,281.6927,445.2543,552.0585,210.6152,605.5559,490.0242,746.5730,242.9427,262.4121,1100.1609,678.8144,293.0754,404.1249,296.0403,580.9012,397.2271,389.0498
32.5667,406.8092,817.9292,220.8072,275.9679,466.4208,539.0737,202.5777,602.5813,505.7125,727.9969,252.3368,251.3038,1053.4054,639.6797,289.8092,403.9428,301.3268,595.5942,380.2779,366.0508
32.6000,412.3359,808.5592,226.1946,274.1921,441.2960,540.6017,210.7118,590.9429,504.5523,744.2426,254.1920,254.7315,1027.0062,662.0617,296.4423,401.5115,298.9546,594.9561,397.1636,376.2778
32.6333,408.4207,802.5354,222.3562,267.7989,459.8931,521.9750,218.3478,610.3139,509.5163,726.9062,252.5092,252.7222,1023.7460,668.6332,288.6828,405.3329,295.9772,572.3571,388.6436,380.4319
32.6667,412.7310,789.5442,218.0556,271.9530,466.7406,533.0276,208.5468,577.6121,500.5856,740.3562,257.8581,249.0450,1039.5055,658.4675,298.8560,401.2069,298.0277,584.1538,397.8955,365.8915
32.7000,400.9350,813.3121,221.7168,275.5379,442.9647,515.3548,213.3629,602.9965,481.9862,731.8045,243.4961,255.5765,1010.2175,656.5213,286.2227,397.5194,298.1171,563.5397,402.9051,353.6301
32.7333,399.8900,797.6851,218.9230,276.6973,468.8520,567.2656,211.8679,603.3532,499.2079,725.1287,245.9769,252.4028,1001.5254,690.7997,286.8234,392.2975,295.8447,588.0194,380.2342,371.2610
32.7667,416.8945,799.1451,220.0827,266.8174,453.8937,549.9925,210.1292,603.4530,499.8231,694.9082,246.7582,249.9149,1195.3863,669.3702,281.3860,408.5359,304.7011,573.7777,386.4381,367.9299
32.8000,412.5328,807.2886,226.3945,253.5699,455.0286,543.5315,211.7035,597.7636,507.6482,701.8649,251.0171,255.2799,1251.4238,669.9613,281.1678,406.2046,310.3543,559.2627,383.8502,363.1584
32.8333,420.9764,798.1688,226.6677,271.6272,447.8311,531.0007,212.0495,607.2699,488.6647,703.0915,252.3151,253.8255,1286.5363,673.1756,286.3841,399.0850,298.9709,579.9037,388.1782,371.6391
32.8667,418.5784,800.1524,220.1083,261.2888,464.4333,528.8754,211.5963,599.3264,510.1640,718.2577,244.6889,263.5270,1282.4047,668.0181,293.9007,403.8221,291.1091,556.2590,406.8366,373.1987
32.9000,409.0415,829.4094,211.2088,276.2677,444.3504,557.8419,227.7859,599.9071,495.4022,723.9622,253.6598,248.7792,1249.6571,658.5031,279.8916,400.4831,296.4492,559.0872,389.7548,363.1258
32.9333,420.2001,777.8839,215.4921,266.7216,449.1121,520.8202,218.5598,575.4693,496.9373,700.1849,253.8030,250.0623,1241.4121,693.3805,289.0324,401.3917,303.2055,576.1420,409.4456,381.7267
32.9667,402.0681,819.1416,218.2554,278.4516,477.1696,523.6090,215.0167,594.4715,496.9605,714.4468,251.9514,258.5201,1222.1258,653.7200,285.0963,394.6083,295.5021,564.7689,395.8483,354.8730
33.0000,410.4634,788.2485,218.8785,269.7434,443.3587,539.3565,210.2377,598.0997,516.8728,729.3638,251.9999,242.6772,1191.8336,689.5437,273.6440,397.5507,312.9718,560.8529,399.1948,359.1702
33.0333,429.5723,793.9990,228.1825,278.9683,446.6558,547.1517,221.7579,599.8964,503.0815,716.3140,250.7452,253.3614,1168.4288,664.1978,274.5355,406.8182,303.6878,565.3272,388.2415,375.0345
33.0667,397.7698,792.8284,221.4039,280.0571,469.7030,530.4145,209.3650,573.2238,501.3523,714.6804,255.8768,256.5169,1154.3513,698.6022,277.3812,406.0697,291.6936,572.9104,399.1437,372.0244
33.1000,421.1457,801.2219,218.4520,274.8738,440.4085,539.0028,217.7185,602.4821,510.0763,708.2376,257.2509,253.8183,1124.6178,682.7539,296.4754,395.5598,298.8429,548.7343,393.1138,363.5431
33.1333,405.1493,796.4330,220.6285,276.6366,460.1693,546.3704,217.5097,590.6919,504.6228,721.8570,257.3107,252.7424,1083.0431,675.2287,278.2865,400.6539,291.1891,580.6333,390.0040,378.4064
33.1667,412.9522,785.5746,219.1793,271.4512,481.2687,528.3982,214.3701,727.8228,501.1414,698.5676,252.8968,247.9842,1094.0760,683.8116,282.7771,393.9034,292.3128,544.4527,393.5383,363.1982
33.2000,418.4030,783.9624,224.1098,279.6786,446.6955,529.2035,216.6341,813.7682,493.2962,700.7670,262.1961,255.0219,1049.5463,680.1451,278.0491,411.1980,288.9911,560.3422,400.9982,382.6270
33.2333,423.0515,792.8243,215.6897,270.6527,450.9872,535.4389,209.8794,837.8181,497.6791,721.0451,259.5968,252.3138,1013.3101,672.4450,283.4350,394.7925,301.0694,556.7646,379.5517,373.7628
33.2667,425.0601,793.2434,218.3551,275.6937,450.0317,543.2433,210.6812,852.0223,506.4671,715.6343,256.6814,253.8871,1022.7960,668.9821,287.9581,399.7270,298.7405,559.0303,398.5563,367.0382
33.3000,418.6872,782.7099,227.3656,280.2081,445.9572,542.4712,209.8853,854.2547,505.7451,703.8273,258.5381,248.9109,1009.3179,671.3982,271.6410,411.5114,296.1007,550.4377,399.0050,362.5782
33.3333,429.9379,762.8761,226.5857,272.5749,466.9215,539.6281,214.2787,829.1077,478.6423,726.6828,251.9547,252.9126,1009.4476,672.0168,270.5235,390.7700,290.7839,540.6123,379.9429,369.1048
33.3667,406.5436,796.8091,214.5449,271.2984,449.5431,533.1624,214.9525,795.7875,506.7572,695.0261,253.6299,252.8025,995.8287,676.7227,284.8237,404.8557,288.5595,560.6333,393.1810,373.4973
33.4000,399.2183,775.1677,221.2714,272.7343,461.6376,544.7541,215.2477,803.2754,512.2414,902.2125,251.5447,251.7181,981.8316,687.1496,280.6428,513.6180,307.6280,566.2006,399.6806,365.8751
33.4333,415.1360,821.7999,219.8126,269.5507,455.0742,532.4431,209.6640,781.1836,517.1563,986.3038,254.2678,257.6274,937.5776,665.2931,282.8938,562.4355,290.7784,549.7256,401.4887,374.1324
33.4667,411.6842,782.4992,219.0136,282.3640,470.1003,537.6367,227.4533,786.4757,505.4908,1023.9095,252.9035,254.3224,950.0821,654.3113,278.6114,568.5183,294.7592,557.1047,392.1615,388.3319
33.5000,419.3812,787.1597,228.7392,268.3413,457.2672,531.5356,216.5726,777.2829,501.0087,999.1997,242.8232,254.5594,943.1276,696.2465,283.7441,574.9658,297.7321,554.5517,394.8835,366.2192
33.5333,409.3681,796.1949,219.1157,275.9128,457.5044,507.8085,219.4842,740.3519,506.2656,969.2537,260.6031,263.0030,947.9213,684.3844,272.8629,573.7256,300.2550,548.2300,394.3734,374.2621
33.5667,424.6230,797.1799,220.9651,282.3754,475.7329,520.4657,213.3918,746.4001,501.2847,967.0063,246.9336,254.3986,935.7403,658.9597,283.1197,571.7580,294.7143,542.0015,387.2726,373.7897
33.6000,409.1445,769.1311,223.2967,275.8179,451.4945,523.6440,210.2465,744.6565,496.2572,970.4408,252.3840,242.3473,908.1284,664.4826,278.9828,538.6173,289.0451,543.5492,401.5528,364.8831
33.6333,417.8181,798.5088,230.6785,277.4873,459.3127,551.5653,222.2784,733.0605,502.8697,945.0438,256.0303,253.4700,907.7085,654.7240,287.6304,552.9298,299.7170,549.2610,397.1963,379.9278
33.6667,416.0088,784.0430,218.8731,265.9211,454.9102,538.8994,220.2957,719.4791,509.5333,919.2523,250.3715,255.8504,886.7243,680.4038,283.1937,540.2578,302.8351,555.0908,396.3518,381.0582
33.7000,425.1238,794.2248,225.4863,270.8393,438.9562,542.1596,216.5746,723.9020,496.4952,917.0618,247.2027,253.4596,883.5157,682.6063,278.2054,535.6286,294.1335,529.6978,402.9224,357.9502
33.7333,423.4178,807.1776,231.4335,275.3676,472.2828,530.2189,218.6098,710.1247,506.0391,930.3336,251.0873,250.0300,859.5823,695.9402,278.6792,501.4456,293.7967,569.4182,396.0202,375.7807
33.7667,404.1468,785.4735,211.9414,275.1603,473.8516,534.8919,214.1187,696.7714,519.1697,889.8970,249.2916,252.7768,864.2400,685.5139,279.5216,540.3581,286.5406,551.2968,397.8018,373.0721
33.8000,421.8886,753.4737,212.5513,272.8601,463.5965,512.7345,214.1262,698.3652,509.3229,863.0688,245.8072,255.9882,833.9355,710.5770,286.4599,517.4498,296.2037,533.1348,395.7743,377.2082
33.8333,404.4161,781.4816,218.6987,266.9102,463.3890,535.1702,218.9784,677.0024,501.3294,885.6102,266.5311,266.1038,840.8593,703.0179,274.9916,509.0147,294.7193,543.2761,392.9547,368.8585
33.8667,419.2392,780.3926,220.4498,278.3364,432.1231,531.3685,221.6222,679.4476,490.3342,863.4642,261.4963,259.8496,849.2179,677.7835,281.3347,503.0784,296.3175,538.4046,396.9214,394.9003
33.9000,422.5944,762.9678,227.5744,273.2430,448.1295,530.8332,219.6928,683.1458,479.7426,864.5616,249.5536,257.4756,825.7463,673.1902,263.6130,500.2732,294.7211,546.7303,381.0637,368.7837
33.9333,419.3750,793.7449,218.6583,271.9959,461.8703,513.7270,216.2153,674.9754,497.8253,839.7565,252.8706,258.6862,804.2889,676.6255,270.0097,472.0464,305.3085,543.8859,392.9374,379.4293
33.9667,409.5530,788.9693,221.9231,278.4585,458.6976,511.3066,215.4890,659.3338,520.9075,837.1843,255.1748,253.6943,826.6201,699.1678,273.9412,484.2863,289.0006,554.5797,391.8774,375.2983
34.0000,411.0712,774.0894,211.3135,274.0246,451.6569,539.2793,209.1237,661.1906,497.9035,826.2035,255.5767,256.9470,824.9157,683.6709,275.2852,473.0042,292.7732,533.2919,393.9564,350.0803
34.0333,413.2236,764.0462,230.6381,284.8839,465.6139,529.8505,217.5761,637.2484,488.7470,809.9000,252.0244,256.0707,795.6165,682.9050,281.9609,477.6780,291.6422,551.4993,407.2335,366.8531
34.0667,421.6523,775.9295,219.0483,276.6656,460.9552,522.1578,225.6409,623.8551,482.1645,823.7485,259.4421,256.5198,821.3058,661.7735,280.8835,469.5459,294.8069,521.2370,392.1692,356.0338
34.1000,423.6061,806.3128,214.5708,277.1759,452.1818,523.9789,205.9622,646.4689,492.0270,809.4323,259.4321,250.1132,802.9283,681.3552,278.0130,466.0798,293.6065,540.1663,383.7603,370.0182
34.1333,425.2367,748.5409,223.6456,276.1721,470.1339,526.4142,213.8390,668.9323,482.9912,800.1562,253.8075,259.5781,797.2614,658.2650,278.9751,469.4835,296.1860,552.5585,386.0879,368.6709
34.1667,399.9280,789.5262,222.3888,281.5178,462.9508,544.0474,216.1372,638.8911,483.5894,787.7210,253.9414,266.5441,802.8427,687.9716,273.9962,449.2129,302.3034,536.2775,385.3525,370.2146
34.2000,422.0382,787.5671,217.4087,280.7529,458.5692,531.8739,214.7451,614.4590,500.5942,770.8263,244.7476,254.9118,814.3223,675.3228,276.6915,471.2731,298.2295,536.6084,391.3026,366.7035
34.2333,400.5870,756.1627,215.4510,277.0469,592.9778,537.9758,205.3298,641.9003,505.0172,775.6082,253.0630,265.6200,802.5780,670.6658,277.1590,447.6973,306.8039,529.7714,393.0384,376.8277
34.2667,425.9354,789.5801,223.3026,282.3954,617.2064,528.8828,211.2458,608.1003,490.6258,803.0966,257.6652,261.4952,801.7827,661.7631,277.5094,425.7496,298.5934,556.0257,408.4958,373.0708
34.3000,407.4797,792.5303,218.5297,277.5411,661.7575,530.5193,213.7100,638.9443,499.1727,787.9698,265.5368,260.4651,798.1538,694.5635,270.0452,450.6600,293.4129,550.4053,386.4447,384.5896
34.3333,418.4718,784.8505,225.5107,273.1345,667.9986,538.7828,220.5034,596.8204,506.7763,765.0079,251.9504,253.4708,758.3067,655.2659,273.3140,444.1535,295.6649,548.0281,389.4855,375.4212
34.3667,429.7405,775.4983,215.2967,272.0865,667.9653,542.1517,211.6137,622.4398,491.8970,762.7369,249.8352,253.6396,775.1493,676.8380,270.7350,434.6932,293.5712,538.5719,387.4404,358.6556
34.4000,417.9996,782.8262,222.9244,264.2252,637.3610,532.9672,216.1851,623.4043,510.3870,765.6295,253.1729,257.4200,798.0610,705.5415,263.6429,423.4732,292.6692,535.4028,392.9944,370.7144
34.4333,414.5179,785.4667,217.0963,274.4197,654.5606,524.9349,209.7752,615.0250,494.0396,752.4153,251.6047,252.8047,798.3024,697.7849,276.6973,430.9807,298.0111,570.3148,399.4576,365.7956
34.4667,407.9591,794.6190,224.4833,273.4591,626.6923,541.7772,215.2717,615.7540,507.8613,751.7959,252.3441,250.6948,779.8969,660.6176,275.3493,419.4229,378.9693,551.1585,395.1752,377.9529
34.5000,404.3608,777.3729,219.7845,273.4599,623.9766,521.2664,209.3196,593.9383,517.2618,723.6677,249.5064,250.4364,748.4331,666.8815,280.8806,426.7055,410.1401,541.3210,399.7095,368.5436
34.5333,414.6326,797.2696,216.4440,284.8335,603.6963,524.6870,215.0311,599.1188,507.1709,741.3992,251.9496,254.9747,789.0543,660.5924,268.5332,426.5160,423.1653,533.1536,384.5666,374.6263
34.5667,413.1498,768.8660,216.8565,276.9157,614.1701,542.4134,213.5000,603.0611,501.8639,734.8226,257.4345,254.0895,772.4199,675.4365,270.9356,442.3463,428.5553,554.6713,397.6119,379.1162
34.6000,428.3212,793.4340,225.6572,278.0061,601.5133,533.9461,214.9782,610.8702,496.3015,741.9976,252.2509,256.7625,782.0874,671.5335,282.1045,430.6616,421.4114,553.8773,393.3311,363.6865
34.6333,414.6509,765.7695,216.5985,278.9389,588.8530,524.8702,208.2092,596.3428,483.3375,748.7185,260.2571,244.7883,768.0856,687.7868,280.0787,429.7717,418.8849,538.8667,390.7617,371.7638
34.6667,417.6902,814.5158,212.3493,275.2773,588.7374,527.2230,218.6915,602.1357,504.1401,759.2754,255.5226,258.6416,765.8884,722.1546,273.0826,422.4736,402.6203,550.6726,387.3767,380.9236
34.7000,406.5168,777.0068,221.0396,278.4671,574.6410,540.3416,209.5284,582.9768,494.6006,732.3818,257.8357,252.3500,740.3196,690.3449,274.9928,434.3993,413.5108,542.6669,396.1385,360.3578
34.7333,414.8763,779.8928,214.5670,272.3233,568.5181,534.9598,209.3841,587.3612,491.1854,703.1810,249.5876,265.1193,756.7205,681.6123,275.2217,433.3560,408.1834,526.2065,395.0739,386.8773
34.7667,415.5222,790.3650,217.9385,270.3590,569.0945,545.3503,220.6894,600.5221,496.2908,720.0593,251.0163,254.5653,764.1354,641.1815,278.8281,430.8203,394.2860,554.3330,397.0098,365.5436
34.8000,411.7224,782.9575,220.4201,265.7587,550.8680,517.2014,212.8469,597.5714,489.4210,733.8566,255.7534,260.6891,786.3836,671.4065,275.7352,397.7536,406.2382,543.3851,403.2455,371.0592
34.8333,423.0522,775.2459,218.7040,274.8723,544.3864,537.3650,216.1336,583.8439,478.0355,706.6051,255.0604,255.0960,786.4030,663.8804,274.4887,418.4448,397.5293,562.3179,384.3947,380.3559
34.8667,428.8214,779.6234,220.6578,265.6213,540.5250,534.2565,224.1301,577.4985,502.7524,708.2752,248.3701,255.5409,785.7051,666.8000,278.7688,420.9970,368.9354,545.9166,383.0357,368.4436
34.9000,422.9098,805.5037,218.5505,279.3775,536.1774,557.0967,213.6244,576.0746,506.6095,745.6651,253.8050,256.6833,770.7110,682.0925,278.1210,421.6867,373.8696,543.3266,389.5599,379.2194
34.9333,417.6856,755.2642,223.4179,274.0097,536.3443,531.0998,213.8393,612.1725,506.1354,710.3826,259.0560,243.4807,758.4778,672.4676,287.2014,398.8607,376.4654,539.1354,389.3662,373.3609
34.9667,424.2798,776.3954,225.2941,284.3831,532.6937,557.4736,218.9078,579.5915,495.5160,708.7638,245.8698,256.1004,762.2882,673.7977,272.8289,420.4270,370.0403,552.6903,384.0979,371.9113
35.0000,409.1749,783.3892,225.1657,275.1896,534.5771,531.3354,214.3170,603.7169,516.8089,715.4663,253.1974,264.0980,755.0814,663.9111,284.3114,416.0227,359.0946,555.5480,383.0778,372.3293
35.0333,411.2843,784.1841,225.5138,276.3505,528.4674,535.4729,206.3135,577.3457,500.8809,695.7028,261.8600,256.0063,748.3054,655.9715,275.9191,417.5756,363.0771,548.7464,401.8205,370.9368
35.0667,428.3411,782.4260,217.0617,277.0317,527.4499,548.0701,212.2448,596.5365,491.7600,705.4161,256.1874,255.6014,774.1161,673.6173,281.0592,398.7683,360.4164,537.2628,390.8132,376.0041
35.1000,408.6230,792.1798,211.4622,278.1165,516.1205,507.3651,221.6809,589.1630,503.7467,718.9847,250.2793,258.2898,772.0998,667.0572,280.0559,411.4249,350.2657,553.2126,381.9820,370.6263
35.1333,400.4504,778.4234,217.7000,272.8525,521.9011,517.1650,214.2936,597.0141,500.9237,709.2943,257.6012,252.2893,955.8890,680.5309,273.4178,394.5642,352.8859,545.7846,401.0928,366.0619
35.1667,423.2593,785.1040,218.0566,277.4408,522.4681,517.5329,219.3954,593.0056,488.4742,728.6890,254.5684,254.8066,1035.1155,683.2791,276.3725,409.3556,353.9897,522.6638,395.7085,376.9547
35.2000,425.5240,773.4631,216.7418,270.7863,511.9449,534.0272,219.7657,576.9794,479.4991,710.0993,254.9848,256.3419,1088.8971,672.5501,274.3268,416.4043,351.1251,552.3958,392.5503,370.4982
35.2333,421.1487,767.9335,216.5723,276.3220,510.1226,526.4833,214.4546,572.0068,495.2565,693.1601,247.1524,257.7493,1098.2120,649.1311,276.4614,411.7364,347.7259,549.6503,410.6359,372.9510
35.2667,411.5803,758.2681,223.0092,278.9851,522.7313,536.4005,213.1799,575.2317,492.0424,704.7620,251.4906,251.4658,1080.4131,672.8102,279.4597,409.1187,332.3358,525.0518,400.9429,365.8544
35.3000,422.7894,802.3256,219.2472,273.2940,505.2538,528.5161,222.3393,592.2832,484.7439,722.7412,255.5998,258.5574,1058.4262,694.0880,285.0215,409.1443,338.0344,555.4516,399.4512,362.9927
35.3333,412.1969,776.2373,216.0804,265.5486,491.8170,536.9954,213.5458,580.7219,485.8153,722.4916,246.1019,254.3670,1082.2456,683.3698,272.3662,400.0534,343.0550,547.4933,390.0055,364.2370
35.3667,419.4254,784.1184,221.8021,290.2133,500.1173,540.3198,209.7122,584.4903,481.7449,683.0540,252.7909,260.5820,1030.2472,645.1035,266.2443,401.9403,330.2016,544.2058,378.4117,371.6727
35.4000,420.4279,762.6552,225.2262,282.5031,501.4813,523.0113,213.4612,581.4506,499.5270,704.3307,257.6870,251.0179,1026.2059,701.5889,277.3329,406.6357,318.8111,548.9633,400.0713,376.6412
35.4333,410.1096,766.7296,225.9736,275.8585,491.6606,538.3310,208.0393,581.5984,493.7309,725.0979,254.2996,256.5546,985.6029,676.2315,284.3700,411.7506,334.4020,540.8388,397.3528,376.0982
35.4667,396.2445,788.8281,224.4008,273.9366,496.1242,534.6617,219.2771,578.1799,510.5624,695.9872,250.6653,256.2862,989.2735,664.2919,273.7980,402.3192,319.2879,539.2131,377.6714,372.9223
35.5000,422.6621,787.5603,220.9070,272.1148,477.8479,532.7967,214.2100,581.1542,502.1721,695.3173,259.7885,244.3610,977.7318,690.1997,271.9307,411.0040,321.5587,551.6171,378.9669,372.5599
35.5333,413.3908,756.2689,220.0603,277.8224,478.9416,527.4419,212.2280,566.3070,506.2380,680.9676,257.2220,250.7761,961.8688,674.3989,277.2261,401.9564,331.1079,536.4221,400.1924,376.1401
35.5667,414.9711,777.1415,219.6148,273.5707,497.0584,524.7289,212.0658,584.9502,479.6195,705.5005,255.5584,259.2784,963.0047,677.4416,273.8598,392.2283,317.2470,556.9201,387.9517,368.1864
35.6000,412.3141,778.2998,222.6340,279.1905,476.5233,527.1183,221.1694,593.0479,499.3068,695.2328,257.1663,258.1004,936.9894,675.2528,282.4456,399.6761,334.3778,540.2169,397.1547,377.0507
35.6333,405.1262,765.3519,225.1166,271.4818,497.1622,514.8914,207.1732,580.9106,512.2272,695.4838,241.1399,258.2230,926.3469,680.2002,274.6320,402.8292,318.8846,550.5804,384.6385,368.4618
35.6667,403.9378,774.8207,220.3067,275.0631,470.8755,548.5072,210.0368,588.3422,501.9420,690.4789,246.6031,252.8792,918.4363,674.6508,274.7645,400.4781,330.3039,541.9569,384.5600,380.8783
35.7000,428.5418,785.9820,223.7509,270.5488,487.9140,551.9680,215.8777,585.7092,496.6921,687.7492,240.6606,254.4183,906.0421,665.3063,277.7486,407.4913,308.8258,544.1076,401.2006,366.3405
35.7333,407.1467,778.9543,223.3522,278.5479,474.6570,516.1051,217.6969,571.8405,494.7942,689.6484,247.8465,324.8828,890.2252,656.0100,276.2893,408.8411,325.5833,540.9039,395.8280,357.1232
35.7667,398.3366,781.8803,222.1912,275.7034,478.0188,526.5734,217.7528,588.1820,502.6401,671.7901,249.0595,364.3637,887.2215,672.3025,276.0971,402.3067,312.7650,535.0842,404.2510,372.3273
35.8000,422.7442,785.5930,225.2069,277.2613,464.4741,506.5380,208.9642,567.3061,490.5264,680.7502,242.6385,380.4118,888.2156,682.8863,265.3477,402.6416,307.1410,534.6469,399.1538,376.3309
35.8333,419.9659,785.2194,221.6220,279.2244,477.0807,541.7951,215.4657,598.1673,500.2714,721.6476,250.8817,372.2483,865.9473,679.2499,282.9141,395.6491,307.7633,527.1759,396.2355,377.8991
35.8667,415.8248,783.8616,222.8676,273.3312,487.5898,516.0481,215.5197,577.7026,502.0094,680.8262,257.2534,374.5258,870.5839,662.7461,281.4625,412.3152,304.6340,546.7271,377.7105,366.0055
35.9000,430.6359,782.0416,218.4571,272.6067,471.6378,532.5111,216.5338,576.0450,505.3726,677.3908,259.0606,358.8811,853.1426,696.9735,277.5676,406.7288,305.1600,555.6272,387.8622,377.0948
35.9333,416.5870,781.2933,223.4889,278.1784,486.0091,519.9623,214.6977,564.8366,499.2276,704.3532,247.2529,353.1296,833.1467,675.7255,273.2051,386.4693,306.7246,538.0999,394.6114,375.1716
35.9667,440.2621,819.9123,228.5621,277.3139,473.0529,526.5132,214.1380,577.1110,503.4475,691.5555,256.1389,350.4519,840.1730,675.6020,267.4366,394.9984,311.9511,536.5715,399.5638,379.2161
36.0000,410.1986,750.6328,226.2326,263.2377,467.9496,541.6931,208.8834,573.4888,504.3043,682.6615,253.5605,348.9485,869.7483,691.4932,272.9950,406.7546,304.6648,537.4085,383.9108,373.0783
36.0333,403.6228,770.1310,226.9477,266.7788,477.9516,528.9639,208.8019,559.0293,495.8699,700.4900,256.5716,351.8593,811.3658,684.9136,282.5304,388.4721,300.7106,540.5082,386.2100,367.8218
36.0667,398.7375,759.9095,218.1761,284.7443,476.3541,524.2644,219.7029,586.9391,500.7518,686.2940,258.1007,339.4543,795.2613,677.4828,281.4386,402.1100,306.0263,554.2820,386.7466,362.3451
36.1000,408.3567,788.0263,218.8584,275.1543,481.0808,537.1426,225.0569,571.6045,518.2955,674.1463,250.1927,333.3756,822.4517,680.8439,277.7947,394.2176,309.4611,539.2755,395.3563,372.7923
36.1333,415.4868,782.1023,226.1766,281.7053,466.4143,522.7052,214.5715,575.4179,536.4643,697.1384,262.1460,335.9548,810.7665,671.5177,282.4236,388.3297,302.7697,549.4996,405.0701,365.9745
36.1667,415.5623,749.2831,231.4620,276.8744,478.8474,514.9484,211.9453,572.8124,501.1005,689.8058,259.6473,327.9009,796.6018,699.1522,279.0133,398.9253,311.9892,540.1634,389.7854,369.0483
36.2000,413.9452,775.8523,220.6348,283.6895,471.5904,527.5390,212.7765,574.8741,508.9625,888.2994,243.6028,320.9053,826.9272,657.8198,268.4952,406.9828,302.3784,537.2105,397.8504,368.7581
36.2333,418.4929,797.0639,224.4344,281.7869,471.6160,508.3880,211.0246,559.3464,506.5913,963.0462,253.4487,322.7020,797.5708,686.9423,274.0467,395.7983,304.0563,502.6768,381.3004,372.9285
36.2667,418.9205,778.1368,217.4575,282.6311,473.7058,551.3020,212.9819,583.3184,528.8296,995.0058,267.3503,315.5173,809.8534,696.1257,283.0597,400.8269,305.6834,560.4614,389.6547,376.4866
36.3000,419.8092,776.0729,226.4301,280.7045,483.3606,529.2825,219.1387,568.6178,496.0437,1009.6090,245.3679,314.2005,770.8549,702.2405,270.5656,387.8428,304.9887,538.1167,398.5831,367.7136
36.3333,402.0971,802.1611,218.0594,263.3401,468.5074,525.7144,211.3979,575.6383,498.9282,987.7945,257.3137,312.2121,780.9103,700.0657,284.8578,403.1092,302.8339,536.6511,383.0707,369.8723
36.3667,413.2834,775.0243,217.7998,283.6569,467.7442,539.9271,218.3994,545.1450,503.2737,964.9397,265.0891,304.6025,791.6582,662.6718,282.0083,399.0172,298.8223,553.3524,397.7305,371.3431
36.4000,421.8109,775.8085,227.9764,280.9995,462.8514,527.3913,218.8635,559.3761,510.3935,962.8171,256.2250,304.0707,765.5094,667.5841,273.2433,386.0281,296.1802,543.9673,401.3530,386.5918
36.4333,409.3229,783.7473,225.0538,271.4708,482.1209,529.6135,219.6576,576.9949,504.2560,950.5791,256.6679,297.0901,795.5544,678.3269,267.8548,405.4689,308.8409,551.1598,393.0638,352.3421
36.4667,425.8003,778.8291,232.8488,284.0695,460.9078,537.8585,214.4375,575.1774,508.8059,956.3184,261.1662,309.9730,747.2463,662.8281,282.3235,499.4393,295.9133,526.4873,399.0356,375.0992
36.5000,393.2311,773.9231,212.5678,281.8024,466.6133,517.9804,200.4377,561.8620,498.2576,906.0615,250.5878,303.6884,767.7009,675.9900,277.2831,550.2670,305.7721,533.3777,395.7282,357.6785
36.5333,412.6414,779.7356,223.4679,271.9647,475.6640,490.7454,218.8707,555.8533,490.9977,919.5741,257.2599,286.1357,758.8223,681.8196,276.1968,569.5485,303.0781,545.4978,402.2944,380.8022
36.5667,406.0259,746.8282,226.9344,270.4654,459.0701,522.3244,211.3900,554.0557,494.4676,908.9190,257.5086,282.2058,777.7327,670.9937,281.8146,563.8541,299.6175,535.9542,375.9477,369.8295
36.6000,422.2489,807.3151,224.1701,277.5939,470.6480,522.2780,221.6536,551.8461,494.7610,914.2386,264.2940,358.9882,797.1558,693.4105,268.6063,571.0385,296.7124,554.3291,384.7121,371.7579
36.6333,426.3002,785.8749,220.7726,273.8921,467.0183,534.0870,201.7437,557.3317,486.0668,874.4605,261.3597,380.3664,752.1555,697.6381,286.3839,556.8229,300.6899,525.8830,394.9471,381.7619
36.6667,414.5782,787.6697,231.2504,266.2205,463.8399,516.9234,215.9835,579.7551,499.5831,855.7925,254.2205,404.3318,758.4469,688.2837,280.0905,559.3798,288.7247,558.4029,402.3900,377.2924
36.7000,409.2564,784.1416,218.5919,278.4153,463.1487,531.8755,212.8970,571.4721,495.1204,864.9768,249.3369,408.1268,785.9904,675.6694,279.1587,533.5270,299.0056,535.8219,402.6721,379.5249
36.7333,409.8895,789.2267,223.9753,277.2048,444.6676,531.4249,211.1677,580.6663,636.1039,839.3285,253.2668,396.9830,758.4171,667.4592,271.1784,527.8244,296.8455,547.1845,386.6143,363.8003
36.7667,407.9250,798.1220,232.5490,268.3891,472.4197,527.6419,216.7653,566.1241,666.4893,846.6096,322.5524,380.0005,802.1727,667.7361,278.8034,529.1275,302.8245,549.4697,394.3102,392.5158
36.8000,415.5416,784.8434,217.8772,277.3036,464.6088,527.1109,227.4130,577.8432,718.2792,840.2764,361.2823,384.7411,750.7078,667.0025,271.6672,522.0654,289.5832,568.8242,390.6983,375.8607
36.8333,424.5162,802.6885,223.0238,284.7542,450.2391,538.4789,215.1245,562.2997,722.6484,798.5907,357.4697,383.7171,772.6780,692.4405,275.9004,537.2297,299.8385,545.4700,371.5593,371.9926
36.8667,415.2510,783.5592,220.7977,266.7623,473.0536,521.0395,212.5889,580.0667,724.0954,815.8359,368.3376,365.7419,777.7219,701.8730,280.9221,505.4648,292.4486,546.7888,398.6200,365.5397
36.9000,407.4710,778.1612,225.3313,286.2307,475.7844,508.7034,209.9395,565.0943,707.2076,814.2537,357.7876,363.0572,703.1210,688.8590,281.7341,508.9333,296.4313,543.0989,384.8827,367.2062
36.9333,432.7015,763.0087,220.4709,278.0940,464.1351,532.9914,220.9926,579.7208,693.4514,776.3852,349.2204,357.2933,749.5307,666.0303,273.9345,490.9705,297.2964,539.5094,404.6867,363.5188
36.9667,408.9322,787.0385,220.3187,269.9133,462.1381,552.4621,209.4537,584.1027,678.3160,817.0055,357.7900,353.8058,742.4527,660.2365,272.9297,475.3977,299.6278,539.0775,388.3778,363.0604
37.0000,414.0785,761.5890,225.8964,284.1762,445.7610,536.8599,226.0332,572.3959,651.9337,804.6244,347.4986,342.7357,737.5862,677.8929,268.0698,477.8262,289.2598,526.3991,394.7662,373.9854
37.0333,412.7180,779.6754,229.4699,283.8973,452.7869,525.1892,212.7650,562.5887,663.3348,790.4783,345.3042,342.0155,744.0063,657.1632,280.8127,478.5145,291.5680,551.5556,392.7934,379.5406
37.0667,411.8695,782.2798,224.4313,267.3964,463.0916,521.3124,213.9100,569.2688,652.6697,766.7228,343.6651,337.9455,755.4108,678.5977,270.8607,467.8046,306.7399,532.2643,396.6286,373.3315
37.1000,415.2957,770.3890,216.8021,277.8807,455.0309,520.8237,212.3977,569.2701,656.2552,782.0386,329.2249,334.4774,737.9239,704.2401,275.5689,470.3378,305.1208,550.4723,393.6004,367.4482
37.1333,420.5106,786.5069,366.6964,275.1649,456.9017,528.6435,213.6185,592.3672,639.1039,761.5860,331.8334,326.2032,729.3909,669.3314,269.5630,472.7434,289.8374,550.8252,398.0701,375.6097
37.1667,428.2199,786.3300,429.6212,276.2820,463.5136,522.1436,220.3195,559.9268,623.1545,767.6679,332.5884,327.4922,735.1353,671.7596,284.5990,463.6124,294.5920,552.5208,396.3072,370.6350
37.2000,610.8483,1134.2592,453.9254,279.7724,451.2031,535.6810,219.7579,578.6774,643.5324,746.0225,402.2985,328.8755,758.4827,674.0296,274.8716,448.2776,299.0447,547.8072,393.7014,379.6171
37.2333,708.3465,1321.5943,453.9944,456.0107,735.3193,533.3041,206.6259,849.2691,609.4325,742.3154,417.9838,315.1208,751.6188,675.3710,274.1640,466.6100,293.9802,554.7161,391.1415,366.5527
37.2667,717.4038,1362.6877,452.6194,550.7427,849.0850,529.7900,215.1740,957.8197,615.2506,739.5898,422.5392,320.9504,769.3078,670.0457,285.1129,453.6280,296.4014,549.7823,391.0789,371.1698
37.3000,740.3753,1364.6038,447.0106,565.0617,892.2425,530.5197,217.3214,1003.5331,747.3969,749.0830,425.1220,313.4052,747.0327,684.3049,269.9171,445.3743,284.6959,531.6113,399.0329,363.2907
37.3333,721.0897,1364.0793,439.9410,580.3296,908.4380,507.7213,215.6086,1023.0218,793.1099,727.9302,422.8282,310.4769,739.7999,691.4016,275.3347,450.2932,294.5012,552.0505,379.1185,358.8841
37.3667,724.2512,1340.5835,425.6905,577.8026,892.1375,522.6546,220.7843,997.3088,815.6597,718.1259,407.0715,306.3818,760.8099,677.8018,280.4365,436.0104,305.4679,559.3491,400.5974,373.7116
37.4000,700.2923,1325.3565,422.1922,571.4886,882.2387,521.0810,215.6829,987.1550,812.3974,738.1869,404.3577,317.5788,752.9361,674.6679,278.0939,440.4412,285.7094,567.7403,391.9220,369.3284
37.4333,687.7269,1285.5427,404.7695,549.4013,865.2280,534.9696,209.1996,964.0467,789.0487,765.9633,391.5145,303.3204,754.0963,656.4752,274.3208,433.8770,298.8673,549.9243,390.8318,381.9339
37.4667,673.9299,1241.1569,404.7379,542.0248,820.7886,521.7490,219.4204,951.6118,781.3260,737.0564,388.4637,305.0123,748.6762,671.9894,271.8263,446.5201,297.5300,543.6283,399.5596,390.8310
37.5000,668.4246,1238.8642,381.9151,526.9585,823.3267,532.7580,212.8550,922.0045,765.4230,732.2001,375.8358,298.1167,739.2305,672.2554,276.5005,439.9113,286.5942,535.9941,389.7487,387.6663
37.5333,660.2154,1217.6736,368.6470,517.8568,805.7602,516.4216,223.0698,910.5218,748.0903,732.0242,376.0141,294.8642,729.4561,681.5077,278.3385,434.8759,292.2630,539.1740,385.9351,386.4160
37.5667,640.1864,1192.2295,370.3361,504.7264,764.8289,529.1945,213.5550,899.5124,771.4893,714.0684,364.6524,292.5356,711.5368,668.0080,267.9105,426.2254,283.7650,529.8053,382.2024,362.0343
37.6000,624.2978,1188.5344,362.0390,479.1858,770.8310,513.5770,216.3141,896.6874,730.7677,739.9001,363.3978,301.7363,731.4042,668.8114,269.6200,439.3922,296.1532,553.7533,392.2519,368.8077
37.6333,618.9283,1153.1771,350.3029,481.3187,753.6786,532.7490,211.5025,862.2513,723.3012,723.3681,362.5253,281.7819,749.1015,662.5105,282.5579,445.2475,291.4968,551.0463,395.4704,361.9919
37.6667,611.5377,1137.7504,348.2170,463.1516,722.2832,524.7380,216.6404,831.6642,837.3677,736.6055,344.7415,282.5625,718.4186,687.3458,268.3826,433.6033,294.5305,559.4468,392.8896,378.5275
37.7000,593.4189,1114.8535,339.1431,444.3207,730.0987,532.2268,211.4476,818.1003,898.8401,708.2438,358.3683,286.8577,755.4979,673.3647,283.1243,430.5378,281.6940,542.4996,388.6546,370.8080
37.7333,589.7159,1078.1085,332.6853,451.2433,710.9135,529.3569,215.3400,811.7371,916.9837,708.9111,335.7440,279.3897,714.7983,680.2491,277.1067,426.3818,297.4875,548.3846,397.6803,384.2578
37.7667,564.5305,1090.0718,324.0699,427.6609,702.8724,549.1578,211.5763,799.2840,899.6258,737.7079,338.5485,280.3726,751.8861,666.9806,267.6912,419.5816,281.5553,557.3585,396.6580,376.3535
37.8000,565.9714,1057.4382,318.6123,433.8875,664.3052,530.2320,217.3641,803.2537,880.3463,731.3197,333.3731,283.3032,723.6358,652.3260,267.8344,413.5965,296.5577,566.0568,394.5922,373.5053
37.8333,567.9153,1037.0654,312.0735,419.4150,659.5716,544.5851,212.1180,782.8380,867.5887,724.6803,322.9522,283.4181,726.4071,647.2434,275.1863,405.5375,302.1313,551.8799,384.0954,379.7522
37.8667,547.6197,1018.3337,317.0722,413.9547,665.2007,526.8311,220.4660,754.3548,855.7432,710.0071,317.2656,285.4526,750.7987,673.0852,275.2126,415.2799,288.6216,542.6142,383.5359,382.5497
37.9000,543.8405,1010.3942,307.0099,402.2453,636.3086,525.5203,210.8329,739.6446,836.5490,717.9033,320.1794,279.9293,724.1358,674.5595,283.2644,401.0250,300.5541,538.1196,390.6307,367.1921
37.9333,537.7183,990.7163,306.5899,388.2028,635.7865,529.3703,215.7308,726.0069,804.0981,722.7744,321.9302,281.9790,708.4740,682.0677,273.0274,426.5168,289.1236,548.1492,392.7300,372.4090
37.9667,521.3337,981.6486,301.7056,386.8003,632.7609,532.2659,218.5236,728.4441,784.0851,689.1446,309.5776,278.9927,719.8245,688.1711,268.9403,421.9136,291.5629,534.3858,411.7947,385.6631
38.0000,534.9861,1007.6478,297.5836,386.2897,604.0193,530.2612,218.4956,727.8098,796.7789,719.0843,313.5802,277.2864,752.4147,693.6857,284.6391,420.0480,287.6735,572.5750,376.8260,375.4130
38.0333,513.6625,968.6334,294.0253,390.2510,599.0173,510.8720,217.1588,706.6819,758.5821,718.5398,311.1017,283.6556,754.6001,684.1411,277.0603,410.7324,304.6963,555.8377,402.7478,386.9790
38.0667,512.9029,941.9480,284.1540,381.4167,602.3482,543.7676,211.8279,701.7853,745.7680,699.8907,300.6669,275.7768,749.5502,686.6718,273.8267,407.3036,293.8946,535.8353,396.3979,388.8231
38.1000,514.7858,955.3426,283.3870,371.5977,589.7016,508.6600,214.0848,700.2154,729.4966,720.7292,307.1196,276.6705,723.9654,673.4215,281.8207,406.9852,292.4791,540.5931,403.8866,371.1846
38.1333,504.1172,928.7109,276.1169,363.7655,585.7245,538.7296,208.2376,707.3071,730.1816,694.0905,301.3737,268.7499,747.4139,678.7559,280.1455,388.8342,303.0175,551.0640,400.6740,372.1595
38.1667,488.9655,912.1108,273.5379,352.6808,569.0498,522.2435,210.4171,690.5241,706.1345,678.4477,296.5071,271.5949,723.9672,690.9657,269.4973,402.6258,292.9934,528.9002,400.5118,384.4603
38.2000,486.4426,931.4045,269.8981,358.2764,586.7132,534.7033,209.0963,677.2810,677.1308,700.0828,292.6125,275.2399,692.9397,707.0969,265.9947,398.8803,303.9961,542.6692,385.0762,381.0444
38.2333,492.0384,913.8707,276.9032,354.6647,563.0278,540.9071,219.7941,679.6587,692.3138,683.9055,296.1483,265.6059,731.9786,693.0170,274.2738,398.6685,289.1409,526.4598,380.5068,373.5752
38.2667,486.1477,1109.3907,266.7345,359.8394,562.4626,514.0240,214.0394,667.8413,690.9188,704.8817,292.5310,274.0773,733.9991,678.2027,276.6801,404.5860,304.1067,541.1843,386.2648,382.8118
38.3000,485.5662,1215.0904,270.5365,344.3937,530.5549,527.3170,227.6127,662.0550,667.3518,698.4293,285.1768,279.1606,733.6098,665.9492,276.4555,409.9577,294.7440,555.5833,404.0250,369.3405
38.3333,484.0776,1243.0245,259.3726,335.5800,556.2505,513.9328,221.1032,667.2854,669.0214,673.3587,289.2532,334.9311,738.5776,679.1426,274.5168,402.2088,295.3594,552.6944,393.7421,374.7213
38.3667,474.5808,1242.2046,268.6195,335.3460,543.9276,541.8394,218.8914,649.9906,657.7458,692.9139,298.2347,370.8918,722.6855,663.7811,281.3973,404.7158,295.3926,537.6492,391.0092,387.8984
38.4000,471.4554,1226.8262,318.3947,333.6673,550.2455,525.1315,211.7225,657.0498,640.4240,722.3988,277.5224,376.1518,743.6326,667.6063,269.9012,409.1348,291.8036,528.7863,392.4724,375.6950
38.4333,469.8490,1230.9921,347.2088,326.4213,549.7219,509.9796,209.7290,646.8239,642.0532,696.5190,282.3319,381.7396,737.6973,707.3893,275.0345,400.7485,292.8793,533.8999,390.9940,383.0454
38.4667,472.4804,1172.2486,345.1721,330.4424,522.7014,534.4755,202.9799,674.1829,612.9381,696.8606,270.9034,382.9489,710.0164,655.9028,280.9407,397.7707,286.6690,561.4921,388.5006,380.2228
38.5000,461.9834,1174.0755,353.5333,328.7092,515.7418,526.9206,212.4041,655.8082,628.7608,666.1344,280.5734,370.7519,740.0708,687.6608,276.8955,401.7783,291.1193,549.1186,382.8410,374.8650
38.5333,453.8790,1146.5424,350.2437,320.1470,527.6703,543.3965,203.3037,642.5747,615.3421,699.0171,290.1004,371.8515,730.6335,689.5458,280.4690,416.5372,294.1302,543.1257,393.2589,379.3839
38.5667,443.3219,1113.2576,345.4177,317.7152,505.5542,538.7162,219.5298,627.3190,617.8334,695.9010,270.6384,360.4521,726.7888,675.7999,269.7257,381.9698,294.2742,548.3312,414.6726,381.0249
38.6000,457.5233,1091.5509,336.3032,316.7133,529.7225,522.4015,212.9076,620.2151,605.6982,691.8796,272.7600,360.0853,719.1785,676.5209,285.4030,402.0266,303.5214,543.1567,391.0753,379.6609
38.6333,448.3104,1104.4017,330.6273,312.3716,502.9156,529.2262,204.7880,629.8680,608.2930,687.2013,279.0546,346.7664,719.4954,696.8459,275.8892,402.6850,294.3768,551.7897,396.4496,382.7231
38.6667,448.5467,1058.5261,329.9239,314.7158,504.7556,535.2359,212.4634,615.0935,586.6506,710.9927,276.5029,354.2358,731.9750,680.9018,271.1355,416.4640,292.1630,547.0471,398.7753,377.9915
38.7000,444.8197,1040.0095,319.1422,309.4751,515.4527,522.3192,211.4132,614.0850,583.4762,712.6845,267.4546,344.7421,743.4356,678.6771,275.5179,395.8563,299.6045,545.5770,391.7198,385.1780
38.7333,437.3258,1025.8153,319.0030,309.5937,499.7430,518.8726,223.1415,613.7992,578.4167,701.9044,265.7689,335.5031,745.7837,695.0279,273.3828,398.0538,303.0705,545.9731,385.7529,387.1944
38.7667,443.4720,1017.8039,318.6391,302.0748,503.5539,529.3808,216.5620,609.6552,594.6183,686.6830,271.8405,334.0517,728.2405,688.5393,282.1788,412.5620,289.2105,531.2571,383.8041,375.4802
38.8000,440.6025,1019.2292,303.5901,303.6242,502.7749,510.4256,210.6640,599.8326,577.5137,704.7445,269.5722,331.8660,743.8366,652.1363,266.8917,397.8205,301.1795,549.4516,392.9634,365.5066
38.8333,434.4275,1019.0315,303.5093,306.8663,512.8344,529.9407,216.1671,586.5231,545.3204,662.6088,266.9013,329.6633,719.1149,686.8199,274.1458,400.4470,301.1659,553.1247,397.1551,380.9167
38.8667,439.1835,986.4224,302.8252,309.8058,487.1557,519.8981,210.5864,590.6488,567.0539,688.8155,261.0427,324.8803,726.5870,679.5446,276.3803,398.5380,292.7578,530.7132,397.6872,374.4808
38.9000,451.0491,941.7510,295.0435,314.1571,492.7131,533.5876,209.3507,597.4779,545.0882,671.8929,271.5976,312.5248,721.2576,650.9277,273.4112,379.1242,299.5028,545.1714,382.7501,366.9127
38.9333,441.5569,985.8475,293.5751,304.6386,493.1071,522.2322,215.2129,602.5252,532.1399,687.6766,270.1446,310.2560,742.1301,686.5850,269.3139,405.1921,290.2819,546.6547,384.1611,380.0584
38.9667,432.1584,944.9380,294.1463,309.6901,499.5825,526.2507,219.7085,599.1847,554.3916,687.6755,277.4201,311.1461,733.5260,668.1425,272.3191,397.0510,291.8174,555.6587,397.2341,362.9324
39.0000,445.0271,959.6334,281.1837,304.1952,466.0163,527.4351,210.3857,597.9214,565.0114,688.1857,265.6804,314.8628,739.1976,682.1451,270.0497,401.5647,290.5929,547.1224,391.2025,375.4024
39.0333,430.8359,946.7151,286.5230,288.5791,490.1439,532.3729,218.7451,607.2562,553.2811,689.5943,270.9656,307.4006,718.2022,666.0390,267.8353,389.9343,297.1145,540.5873,384.3968,382.9148
39.0667,425.0545,904.5465,272.4646,288.4452,495.8057,545.9219,211.9535,598.9297,547.1420,693.3991,265.7697,309.2796,717.1157,667.9393,268.5411,402.6572,284.5662,538.5257,402.8584,369.7811
39.1000,425.4005,936.7073,275.4576,297.5376,489.5115,526.9169,219.9559,601.2440,547.3081,682.7918,266.9839,300.5353,768.1103,683.4251,270.4088,388.4228,300.2576,535.1910,399.9498,365.0299
39.1333,427.3292,888.4482,268.0713,299.9574,475.9404,532.7800,224.4407,594.2692,530.5354,697.2182,262.1023,302.7522,735.9500,664.9561,278.3101,388.7977,289.7747,565.6194,393.1972,372.6476
39.1667,421.5890,881.2329,265.4231,289.1832,472.7412,537.6254,215.8453,594.2288,535.2243,690.5177,259.0954,303.0625,716.6387,681.2488,273.9774,398.6967,295.4078,544.9269,390.9506,376.3018
39.2000,424.0789,892.9036,265.7576,285.1418,485.8213,515.2977,217.5794,601.9623,546.6451,707.2771,264.4856,300.6136,720.7874,673.9074,272.0589,408.7781,296.0866,544.2588,398.2045,379.8119
39.2333,432.4261,886.5232,263.4531,306.5830,468.7995,526.3698,219.3230,585.3021,533.3951,689.0466,261.2122,289.0170,713.6526,672.8319,266.7781,397.1930,296.9266,561.0354,391.8277,368.4615
39.2667,433.1430,879.0474,259.6472,294.8144,469.2986,536.1761,217.6974,581.3341,533.3948,699.3010,253.1406,291.3891,728.5074,666.5075,282.9232,396.0459,293.0298,543.0773,397.5965,365.6746
39.3000,412.5107,922.0849,256.9487,286.1434,482.4953,515.4204,219.1055,567.7782,544.1255,686.9766,257.6217,296.0825,740.1329,688.2622,276.6826,387.1592,295.7882,547.6513,392.8750,380.4092
39.3333,434.5069,854.7287,257.7523,285.2121,473.8672,518.8537,217.0916,590.7320,528.4354,681.6944,262.9886,285.2220,740.4141,694.3104,268.7585,387.7823,288.2767,527.9917,388.9387,370.8964
39.3667,424.6369,863.0578,261.8516,294.1488,475.4027,524.5857,219.9880,584.5584,532.7603,694.2037,262.0163,282.2033,699.7833,678.7444,271.0529,383.9771,297.1523,555.9369,510.8233,360.9489
39.4000,416.1125,847.1065,243.1541,290.1678,486.1062,523.0036,208.4033,579.5691,519.3922,685.2554,255.2144,285.2700,733.7258,670.9765,277.5564,404.2654,289.3646,550.2578,562.8432,375.6045
39.4333,430.7154,869.0462,248.5619,287.9863,474.3343,523.7102,222.0937,574.8786,533.9887,702.2081,249.9067,289.8226,726.6235,692.1272,276.5176,400.5910,291.2836,550.3489,571.4067,376.5031
39.4667,420.9554,857.8921,254.1520,300.2912,477.7477,508.9243,218.3416,586.6881,534.5019,677.6927,254.3541,285.0826,739.9152,683.9738,280.5800,392.2405,289.1617,543.7119,560.9604,378.0343
39.5000,416.4453,851.7442,247.0306,288.2184,450.6940,544.4999,205.2886,590.3203,518.2999,683.2669,255.4089,281.7367,725.6056,682.2172,275.6352,387.6667,296.1846,559.2229,571.0754,393.8883
39.5333,418.3207,843.3010,256.2490,287.9898,465.0396,524.8202,211.7007,560.4236,505.9353,693.4657,263.6058,287.4603,737.7346,675.7168,278.4341,384.3911,293.8005,552.2694,568.0935,364.3067
39.5667,413.0120,842.8088,248.1488,358.4157,482.9465,525.4330,222.7720,590.7106,524.3979,684.0223,260.9856,276.4867,718.5419,688.6742,263.2832,392.8449,291.8471,557.6932,553.0686,371.7195
39.6000,413.4910,843.3360,240.4111,404.3166,464.4430,539.8362,215.7306,574.5367,518.3530,670.0186,257.0242,265.1513,737.6165,677.7135,276.4251,403.3241,296.2268,570.3176,542.2206,383.9811
39.6333,421.3093,827.7671,249.0356,405.3869,465.2729,535.1245,218.8736,596.8480,539.4810,680.4562,258.7141,267.2230,752.7228,664.4958,267.6110,407.4240,301.8312,567.4919,536.5349,370.4762
39.6667,412.9096,835.2880,237.8460,405.4406,472.8284,519.0754,213.9072,577.5138,515.7010,680.3751,260.2640,273.1677,747.2966,657.7012,274.9135,379.0940,293.7859,563.1017,522.8179,366.2774
39.7000,432.2330,850.5390,245.8495,410.8376,459.3377,517.4329,227.1779,554.4005,514.1383,683.1748,257.8516,277.1980,692.2590,693.7600,268.9128,388.5236,297.5626,547.7113,522.4506,376.9019
39.7333,429.4160,812.8364,242.7296,403.1933,455.9156,526.4875,216.9495,541.5835,501.3619,695.3828,263.2031,272.7193,733.5914,678.2391,283.1109,410.2528,289.3790,541.1670,506.9306,379.3937
39.7667,421.8293,799.4330,244.8794,402.2644,470.4562,534.5960,218.1934,591.2929,521.9255,681.3080,245.6116,272.0593,701.7763,704.3599,271.3813,388.5910,294.9547,555.5518,510.8837,368.0599
39.8000,419.1843,811.9119,235.9215,393.9740,465.4414,525.9221,211.8550,569.2398,489.2051,667.1262,270.1239,270.4440,725.3143,696.0144,265.5149,400.5809,292.2875,531.6965,508.8549,370.0207
39.8333,419.7590,813.0350,242.0121,385.4530,462.8019,526.6814,221.1225,577.4397,508.5438,690.3930,251.9791,264.2730,743.4489,693.7403,274.7568,398.9162,293.3364,540.0675,492.2272,383.0401
39.8667,433.7563,797.5342,239.5070,377.8615,469.3427,516.5490,218.8305,585.5436,496.1116,702.8116,250.9388,270.9767,717.1669,671.7883,274.1258,389.9979,298.1150,543.1971,481.3867,377.6380
39.9000,408.8183,800.3080,230.4395,370.4175,456.3637,523.9161,216.8624,572.3064,498.9263,707.8627,251.4893,275.2331,740.0559,646.9900,267.9794,396.0505,293.4985,560.7209,490.5751,379.6882
39.9333,419.6990,801.0073,239.3935,356.6476,475.5775,506.5147,215.1512,579.1438,498.8749,695.1360,258.4082,266.6105,713.6985,683.3520,273.4112,387.5260,293.2061,542.0199,470.4358,374.7768
39.9667,406.1997,815.3939,236.8369,370.9801,452.2265,537.3657,226.3439,560.4462,516.3668,701.7759,250.3704,256.8198,728.8728,676.0068,281.1705,397.3930,285.0236,545.4537,474.0529,381.8247
40.0000,425.7330,812.9672,234.6858,352.8465,446.1380,529.1925,209.3971,566.0035,511.4809,701.4681,254.6829,276.5819,733.7757,663.8263,280.3987,396.1804,289.4249,550.4907,474.0729,367.4944
40.0333,418.4476,857.6100,229.9447,350.1568,458.9532,532.0690,219.5180,586.1798,507.3725,712.4079,250.7592,260.2490,730.3060,666.0000,272.4246,384.9216,288.4359,567.7431,471.0298,380.9501
40.0667,415.9620,761.3194,243.8621,352.5879,479.5971,531.2737,209.3521,561.2714,496.0386,698.4849,255.1231,266.3862,734.4431,685.3965,287.1446,384.3885,295.5381,544.9787,455.5157,381.4104
40.1000,420.7609,799.9660,232.2143,348.1291,462.0535,520.7524,221.3037,560.4971,503.4385,683.4342,249.4950,270.5728,726.6948,686.2034,271.3197,394.6879,287.6876,517.7580,456.9081,377.3999
40.1333,414.6647,794.1557,225.6483,349.2217,479.5712,508.0576,221.8290,557.3526,512.5127,677.9804,260.7039,274.0922,737.2899,680.9939,274.6366,401.2822,287.4627,543.9145,444.8699,372.5642
40.1667,410.7031,800.4662,228.5230,342.5576,442.8044,536.4720,221.3216,562.4593,506.4015,674.9331,250.7381,262.6791,718.2401,649.4508,274.1460,406.0796,287.2990,553.1341,458.6762,373.4919
40.2000,408.6242,796.1498,224.9234,333.1809,457.8294,547.0377,211.2504,575.9934,505.0650,675.1014,262.9432,265.8683,722.2885,688.6900,257.8858,391.6114,295.5380,553.9880,448.3471,366.5038
40.2333,408.9414,795.4072,230.8600,325.7471,471.8109,535.1960,215.3388,563.6875,503.0238,661.7001,245.4353,274.4083,712.9493,691.2181,267.7345,403.8380,286.3053,554.1413,438.5181,364.9864
40.2667,390.6322,800.3325,228.5277,323.8751,448.9777,511.1703,220.0666,575.5405,479.2467,706.3025,252.6948,256.1518,725.8356,687.6795,276.3175,387.8095,290.1162,563.4794,434.8930,374.0801
40.3000,407.8835,798.6690,232.0447,318.3559,472.0302,534.7040,219.6793,574.8439,507.2341,686.6092,245.8773,256.4670,731.1453,689.7328,282.4931,397.1914,287.4856,556.2160,444.2980,389.6928
40.3333,413.0806,810.9682,228.4602,327.5207,474.2463,524.7781,218.8665,539.9392,490.9047,672.3718,260.7796,266.0795,748.7810,689.6525,284.1922,398.5467,291.8805,551.6870,435.0459,384.6736
40.3667,416.8357,800.9001,224.9540,322.4179,450.4811,530.3530,221.3632,555.8069,500.9174,694.0742,242.7187,257.8882,719.4791,684.1237,270.7351,391.8158,285.1875,557.1207,421.7923,380.0963
40.4000,399.0580,779.7220,226.1933,324.0131,450.7988,525.3992,214.0818,573.2171,486.4285,699.9275,244.7090,261.5417,743.6798,677.2265,270.5798,392.7870,294.5266,547.3657,434.8980,363.8604
40.4333,410.2189,808.9202,226.6832,317.0659,457.1614,517.1993,219.2041,562.7964,510.0043,658.0111,248.9854,254.8669,768.9238,658.0436,268.9240,382.2326,283.5786,547.1914,434.0687,373.6317
40.4667,407.5943,815.6582,222.3818,317.0206,454.9555,516.4384,221.1487,556.9641,489.6003,672.7687,258.0525,257.6874,709.3010,700.6486,349.7309,398.9253,297.7831,555.3187,434.0733,379.3583
40.5000,414.1977,778.5146,219.4226,316.5824,461.5470,527.4956,219.5603,557.8834,480.5641,672.7994,251.8814,259.4155,738.2733,662.2144,390.7296,391.4556,291.1917,552.7798,425.3285,366.4490
40.5333,410.2424,772.6055,226.0985,311.8695,466.2119,531.1698,214.7922,564.3451,462.6167,681.2860,253.6974,258.3563,714.6290,677.4485,389.5738,388.7590,287.1797,546.7227,439.4641,377.2970
40.5667,415.2575,764.8172,224.1576,303.9885,457.8406,507.6060,217.3963,559.8751,513.5523,671.5949,254.9342,267.3092,747.4285,654.3458,398.4622,387.8251,286.6611,561.4233,419.7067,495.6823
40.6000,409.3755,775.5009,233.6657,314.5776,461.4479,523.1835,217.8387,563.4878,486.4759,658.1337,257.5005,263.0475,693.0244,697.1332,399.0371,396.4235,295.4246,550.5382,420.1783,524.9437
40.6333,425.3177,771.9510,231.3118,305.6381,453.6037,515.5497,218.1363,593.7787,480.4038,677.0759,252.2827,264.7237,726.9578,695.4487,392.9806,391.9820,278.7697,547.1236,413.1715,529.0021
40.6667,414.8347,786.2257,224.4732,306.2199,471.0059,526.4333,225.6386,569.9364,499.4904,682.6796,261.8292,262.4342,750.7636,682.0029,380.9116,406.3627,305.7353,544.0100,421.6294,543.4508
40.7000,419.5124,771.3599,225.7138,310.6163,459.8248,523.3354,217.7325,570.2233,498.7136,683.8213,255.8347,263.8037,703.5762,693.3984,377.2899,381.9785,287.2061,545.6630,425.9689,537.7805
40.7333,406.5035,745.2160,227.6942,310.8873,463.0138,524.5734,211.5233,579.3488,507.8104,666.3938,258.9764,268.5215,745.5548,722.3904,362.7262,388.3493,367.1826,563.7824,413.9257,537.0143
40.7667,406.5638,754.4869,231.5209,296.6075,467.0292,505.0377,216.2593,575.4290,500.3298,683.5934,250.3235,260.9228,744.1937,689.6372,354.5372,394.7075,411.8020,541.7818,417.9768,534.5940
40.8000,411.1832,768.2745,230.6252,300.9864,463.0782,529.5430,214.4816,568.0048,507.7220,675.2075,260.8916,256.4982,742.8762,670.6256,360.5411,402.5669,426.7533,546.5819,417.5249,504.1983
40.8333,400.1110,762.7035,227.3108,308.3333,487.8004,535.5560,222.9761,577.2545,497.2546,672.1952,245.8060,259.2189,746.5951,666.3417,364.8120,393.6612,424.4559,666.5185,425.0159,517.2760
40.8667,402.0628,779.5406,228.2024,301.3047,463.6308,517.5816,216.8370,573.1024,495.8766,691.2183,260.2718,258.7663,711.1069,666.6975,351.2228,392.7986,414.8992,794.1149,412.8412,510.0857
40.9000,410.2575,770.7624,223.1885,301.8098,458.0015,524.3301,216.3862,572.8073,496.7292,689.9810,262.1433,255.6321,751.4360,679.2649,347.5031,388.9289,406.4072,816.0755,402.6928,492.3780
40.9333,415.1833,758.2644,234.6795,296.1270,452.6357,525.3630,222.8939,562.9036,512.5232,706.5544,255.5897,254.8322,729.7857,694.8962,344.4597,391.6205,408.3157,785.1863,400.7391,487.9147
40.9667,401.3712,789.5580,219.6797,287.4147,451.9558,517.5628,218.8017,563.0534,482.3184,669.1131,262.0056,262.7480,695.2367,686.2091,336.9338,402.8277,404.5708,796.5533,396.7330,494.3865
41.0000,403.2796,778.9295,232.5372,294.6800,461.3616,539.5904,211.7080,578.3074,500.4011,689.0215,263.9582,264.9945,703.4026,665.3709,341.1860,391.7975,391.7512,795.1848,410.3036,474.3478
41.0333,409.1417,766.0712,221.7732,283.9930,454.3444,501.1428,221.3515,569.4882,497.1282,685.9950,252.0031,271.0372,731.5906,672.6593,332.3403,400.8405,397.4360,757.1957,408.9851,468.6633
41.0667,419.3352,795.6414,228.5482,287.4983,476.4772,534.5869,209.4518,561.8812,489.7632,670.7427,253.4541,258.9635,715.9895,693.8424,327.1874,394.3273,382.2966,756.1927,405.3301,479.1082
41.1000,422.5142,797.6740,229.9432,288.9724,437.1688,645.3322,216.1048,546.0686,492.4165,708.6837,244.3753,254.4964,749.3797,691.3997,326.3191,374.5143,376.6455,767.8082,397.5675,459.1052
41.1333,400.0242,768.8803,228.5093,292.6806,465.6095,748.1108,220.3952,583.4613,482.5613,698.2897,256.1833,261.8681,691.1691,692.9544,317.6141,396.5424,376.0251,740.3382,401.8523,455.0512
41.1667,422.8354,783.4759,230.7813,288.6566,456.3380,746.0153,218.0166,556.7383,481.1815,669.6991,251.0886,262.8865,730.7675,672.7927,323.2458,392.6288,376.3728,723.4528,403.0124,454.2111
41.2000,411.4550,781.2166,227.2089,284.8720,461.4399,760.3914,215.9073,562.6153,488.3836,664.8378,244.4883,266.8046,733.1188,689.5924,302.0099,392.5357,360.3400,714.0895,399.6802,454.1327
41.2333,411.4180,802.7974,224.1898,288.6549,455.4949,751.3406,214.1210,565.2383,496.3874,702.5226,258.6406,255.9750,728.0048,667.7402,309.8970,396.9858,360.3922,703.5090,406.9698,442.1907
41.2667,417.7253,792.0204,226.3140,293.1046,450.2400,747.4794,212.4159,585.8536,510.9214,666.5638,254.0763,260.9067,719.1720,672.9489,308.0862,399.4247,361.6525,681.8071,410.1653,441.3975
41.3000,425.6342,763.3477,226.6986,290.3394,464.8045,747.1653,226.3609,552.8654,497.5645,697.5912,255.5637,264.1112,740.3651,693.6704,312.1537,394.6395,368.2032,677.2999,395.6434,431.9627
41.3333,418.2836,778.1096,221.2750,290.2728,456.3575,729.9226,219.6600,557.5971,493.2352,678.9981,250.4878,261.6545,706.1330,682.4903,302.5382,391.6591,353.1859,685.5697,400.3769,442.4112
41.3667,405.2027,771.9483,232.1162,283.6940,448.3201,723.9386,217.7021,576.8521,507.3467,690.3106,247.3530,261.2530,708.7011,682.5927,312.6086,398.7168,342.6010,655.5927,408.9466,428.5984
41.4000,412.7513,797.8398,223.4178,287.6326,449.2710,700.2689,212.1719,565.6794,503.1623,706.7709,247.5415,263.3343,740.0554,688.9223,304.1912,389.6953,349.2752,676.2713,391.4608,423.3572
41.4333,418.9347,745.0897,224.6319,273.6592,454.1711,834.3415,210.3578,569.1210,476.9028,706.1222,261.4625,268.0575,722.9308,684.6301,307.0693,407.5843,337.9067,657.1697,394.6711,436.8380
41.4667,403.1810,757.0075,224.3481,288.1571,454.5237,891.6354,215.8329,573.4512,497.5599,675.9071,247.6955,266.0970,734.8711,693.4285,301.0936,395.6188,329.5079,669.8133,395.0585,427.1096
41.5000,411.8760,789.4769,222.0924,283.5654,469.8407,908.0092,221.6901,568.4919,496.9332,711.8732,252.9363,262.3835,736.8802,675.5466,300.4468,400.1844,334.4408,663.9805,398.1230,430.2050
41.5333,408.3639,775.8625,227.3301,278.5011,465.7793,912.5863,218.3418,553.9840,494.3755,697.0591,248.2816,258.3530,741.6270,674.2423,298.6097,382.9526,331.4690,645.3988,399.3535,421.1338
41.5667,425.6140,780.8525,226.0294,288.7769,473.9169,901.0485,222.3951,538.3779,473.5171,686.8855,253.0905,262.0390,703.9165,690.2594,300.7920,389.4252,331.3508,652.1111,388.0888,419.5427
41.6000,413.9305,765.8179,224.4632,283.8434,463.1100,847.0536,220.1691,556.8622,492.2995,674.9987,252.5639,259.9995,708.5253,693.0213,291.5226,379.3867,415.2891,646.1243,391.4561,410.2147
41.6333,417.4790,758.1502,225.5966,285.8545,439.8500,847.1282,216.4695,574.5658,505.0123,673.9557,250.4429,261.1828,734.2592,675.7412,296.4492,397.9320,434.7233,647.1230,404.2908,405.0603
41.6667,411.5439,742.3980,229.8640,280.7011,447.4998,837.1853,219.2127,559.3250,496.8322,655.1252,251.2760,261.4421,713.3421,687.9385,295.7127,385.7164,449.5014,632.0766,396.2661,423.5657
41.7000,411.7206,759.1203,225.7965,274.9072,455.6361,829.2796,218.4738,558.1402,487.5456,690.0132,254.2956,254.9426,719.6233,669.5113,297.2021,381.0157,455.2299,633.7771,405.7676,408.2651
41.7333,415.6604,778.9851,230.9348,280.7587,452.6560,791.0381,219.8921,593.9363,487.9942,689.5052,259.2219,264.2057,714.8366,663.6034,283.3316,405.0511,452.3357,621.6618,396.1721,400.7330
41.7667,399.5465,790.3065,222.8006,271.5006,446.7741,806.0109,215.3143,565.2391,511.4551,700.4475,258.5729,254.2366,720.0560,675.3834,292.6629,385.9699,444.5942,645.9968,392.3103,406.7602
41.8000,428.3470,771.0897,230.3468,278.7650,454.1862,788.1789,214.6268,572.5011,495.2332,702.8541,255.1545,257.2452,741.7057,694.1308,289.2011,413.5299,431.5239,612.9163,399.0424,412.3058
41.8333,423.9785,767.8611,223.3811,283.1090,471.7476,759.4358,227.1926,540.0406,493.7339,674.3323,259.1947,256.9487,726.1324,676.6049,282.0676,403.5693,433.5857,609.7161,387.0789,396.6555
41.8667,405.8877,766.4761,221.3463,292.2122,457.8664,771.9215,219.4722,569.8849,505.4888,682.9845,259.4255,259.9425,706.9201,675.6298,286.6665,401.4404,414.6368,595.0777,390.8179,394.5610
41.9000,397.9355,755.7927,222.9910,292.4914,449.2721,737.0145,219.7194,584.0546,510.4197,696.8365,260.5413,260.9840,750.3130,666.1089,282.8502,383.3760,424.4581,600.9812,406.0019,384.6039
41.9333,412.3353,757.6348,226.9477,280.2230,468.8011,737.5609,228.4715,550.4032,500.5661,669.3351,248.4425,262.6849,695.0706,673.6462,272.2907,385.0272,412.5340,599.0978,402.2514,403.5618
41.9667,414.1385,779.5530,227.3246,283.2303,461.0265,721.2431,224.4038,561.5728,494.0068,676.6580,254.3884,259.1441,738.1685,675.9542,292.2980,392.3296,398.1263,597.4790,393.8571,403.0445
42.0000,403.9624,758.2306,214.9503,269.6194,451.0987,685.1698,217.4137,563.2920,491.0468,689.4709,256.9422,260.6781,736.2414,682.8710,291.1874,404.8387,397.1817,602.8943,393.3785,405.9246
42.0333,420.9394,772.9455,224.2433,275.0998,457.2933,705.1929,221.3084,576.7651,478.9410,671.6468,260.6699,268.0720,696.5043,678.7205,284.7461,388.7392,384.8268,592.5906,403.6202,395.7202
42.0667,409.5311,756.3413,227.1596,283.6475,453.3753,692.2109,211.9317,563.2299,481.3725,664.6329,261.1585,261.7564,720.4620,668.3159,287.3977,402.2914,381.4120,598.0855,388.3315,383.5557
42.1000,419.8545,746.6508,222.4404,281.1273,454.8056,668.2822,224.2004,572.6022,491.9977,678.6129,257.9189,255.0814,718.6423,691.1824,280.5438,400.8914,375.6606,605.4223,397.1967,407.2944
42.1333,413.4942,740.0759,224.5248,286.7774,470.8164,676.3683,221.9063,564.9279,499.7333,675.3868,250.6828,258.1497,721.8862,659.9018,283.4704,401.2603,373.2244,597.6685,390.2366,400.5704
42.1667,412.4217,771.7022,214.3570,285.7347,457.5664,651.8951,215.6485,566.0868,478.8705,696.2366,253.9674,260.1639,736.9795,693.7920,284.8141,391.7933,364.6899,573.5099,409.8280,389.8396
42.2000,430.5875,782.6024,223.7132,279.8300,461.9677,657.2819,216.3678,554.7559,478.6712,684.0717,256.9369,256.0946,746.8978,688.9212,285.4013,404.9037,362.6386,587.2577,390.8216,394.0148
42.2333,407.3775,751.2842,225.4143,273.1136,455.7213,649.6694,225.3203,569.6649,489.9866,704.9168,256.1616,262.2318,727.3514,685.0918,277.2388,414.1795,363.1340,579.7421,397.2972,385.9126
42.2667,416.0177,766.3070,225.5825,279.2831,460.5786,651.7321,214.7139,567.6220,508.9315,679.3798,261.4946,266.3108,737.8023,681.3911,291.9110,393.6297,354.7379,587.7139,400.7972,395.9008
42.3000,411.3395,801.8809,222.4326,274.0603,456.9873,640.0145,223.0615,568.3179,498.1977,696.0525,260.0693,261.4906,721.2668,665.5829,280.7844,381.2482,351.8518,576.7728,405.0481,395.3085
42.3333,414.4975,802.1695,226.4375,283.2093,452.8089,637.3031,226.3981,569.3195,494.5508,688.9212,259.1868,248.5314,726.2228,682.8479,278.3740,398.4026,346.4456,585.2705,376.9009,389.0770
42.3667,396.6471,774.1486,235.1243,283.2816,468.2617,634.8840,209.9443,556.2603,495.5682,691.5759,249.5733,264.7904,717.5883,683.4394,287.4142,390.3169,344.1180,582.4856,394.8234,402.7548
42.4000,415.1391,803.8061,223.6139,283.1205,455.5802,635.6212,219.5594,576.2648,496.0495,690.4507,260.9800,253.0139,748.9307,671.2502,272.5856,383.2208,424.6918,573.7360,384.6267,387.7639
42.4333,413.8596,797.5093,224.1950,290.4111,463.0292,604.3878,211.2769,560.5482,481.3011,679.4320,256.2909,253.5810,712.2922,692.5169,278.3866,391.1835,458.4806,560.4110,402.0430,394.8003
42.4667,397.1300,791.8981,235.9271,288.3672,472.4660,594.3729,220.9585,564.5956,494.2877,682.8929,251.2841,266.5958,733.6212,689.9388,280.0497,388.7739,481.3393,573.5288,390.8086,402.4781
42.5000,411.3403,747.9806,225.3766,270.7476,451.4684,616.6907,213.7038,561.8263,491.5663,675.7324,255.4686,261.2982,748.6265,699.3547,272.4647,393.0366,461.7262,576.3616,376.6011,383.5029
42.5333,410.9051,785.0674,221.0853,284.1951,456.4607,607.2648,212.6611,575.8790,486.9766,706.7081,255.2240,257.6616,719.7807,661.6379,286.5136,391.0622,455.2462,569.9471,392.2823,394.7962
42.5667,410.0707,779.2832,222.4866,279.5319,456.8161,597.0578,227.8896,587.9310,499.1493,694.8656,261.1006,261.3785,723.1974,657.9098,280.5261,386.5451,459.1818,600.8293,391.9731,394.0591
42.6000,409.8723,780.5336,224.6717,282.0365,476.0734,619.6130,214.4588,584.4676,485.0967,690.1422,255.9760,256.3163,729.0623,658.8459,278.3880,388.7356,440.0301,558.2937,399.1967,389.1052
42.6333,415.3752,778.7630,224.2335,286.3828,469.0353,582.6025,225.1099,561.3629,498.6274,706.8816,258.7372,259.6100,763.8859,688.7845,274.7439,389.8253,438.4892,558.6593,394.4796,389.3372
42.6667,406.5080,776.9983,225.4162,282.2109,448.2833,598.8064,214.9140,556.5850,499.9933,701.6714,258.7933,255.5329,709.9543,692.0854,276.1878,388.2060,425.1970,585.2149,384.2003,386.9923
42.7000,417.2874,753.0402,221.6440,288.6207,452.5777,583.4319,218.2522,572.4670,488.6777,691.6139,262.2567,267.2669,708.7986,657.0762,280.0928,402.0274,407.2399,562.9277,396.9025,393.2814
42.7333,412.6787,764.8235,222.9103,282.9111,458.0357,593.6524,218.7723,566.0149,518.2062,683.5535,268.4081,261.1796,764.7908,684.5884,280.1655,395.9065,413.8978,549.8369,397.0788,377.2680
42.7667,409.1708,775.4769,222.0169,276.3699,459.6098,581.7550,212.3062,558.7986,486.4305,683.6056,266.3644,263.5428,741.1412,675.0805,281.7553,393.1628,409.4288,585.6035,396.9359,373.2212
42.8000,418.9604,789.7384,225.6259,289.8664,454.0940,569.2692,215.3483,568.4925,488.2343,704.3813,254.5447,254.9373,713.0425,681.8973,279.5807,392.2470,404.0852,570.8938,399.1286,375.6884
42.8333,414.9181,760.6942,223.3182,268.9310,456.1265,568.2272,216.2757,570.9461,490.5432,686.4201,249.3689,260.7160,737.0874,680.4994,269.8372,402.7618,398.5965,587.7535,403.7770,378.5523
42.8667,431.2929,763.5318,222.4262,272.3201,450.3800,557.4192,219.0357,555.6050,488.4984,677.5715,254.5289,275.3524,738.8918,677.0841,269.5429,392.9068,384.9403,550.4868,402.6442,373.6254
42.9000,416.8017,768.1477,222.3993,276.7753,464.7282,563.1522,222.2072,569.9705,502.9992,700.1567,250.6213,260.1453,713.7901,659.7871,266.9788,388.1984,386.3248,551.6016,401.2545,381.3144
42.9333,425.7498,770.7018,228.2747,281.8123,448.9364,566.6685,216.4657,572.7358,481.7642,665.3713,254.7332,261.2312,735.7458,673.7268,273.3506,394.8536,378.4800,548.0034,376.7676,384.7778
42.9667,410.0737,782.5020,232.9853,282.2283,460.7585,563.9807,229.1798,532.3670,506.7269,680.6542,256.9747,256.1941,690.4662,675.1106,265.6021,390.9787,377.2229,586.9961,399.4617,373.9883
43.0000,416.7994,761.7772,227.0163,281.3312,445.2253,557.8180,219.8855,577.4308,499.1882,680.7272,257.4847,255.8769,708.2380,676.8155,268.1557,389.9540,361.5367,566.6107,401.4602,391.5823
43.0333,402.9017,748.1044,220.2841,277.8397,454.4534,566.1608,214.5427,556.5453,491.8497,682.2497,253.3042,256.3014,725.7684,668.8912,266.5620,393.3631,361.8419,550.4325,399.9590,391.7904
43.0667,402.3064,763.6528,225.4522,277.7696,452.6934,519.4570,213.8163,567.0833,496.3862,708.2147,253.7174,263.2976,731.1694,666.8211,271.9848,384.7052,361.4182,555.2076,374.1813,382.8372
43.1000,395.0652,736.4547,221.4308,277.3967,473.8937,546.3061,223.2414,574.9387,500.9466,706.1140,252.3734,263.6480,681.4631,697.6077,274.2168,383.8653,359.3103,564.2295,379.7035,378.0676
43.1333,410.9094,725.8790,222.1688,276.5238,464.8621,526.8884,219.1265,573.2921,498.3474,724.3190,259.9456,262.9302,689.8355,692.2570,270.3015,409.6527,351.0025,555.9944,384.4247,389.6977
43.1667,399.5013,763.7272,226.5705,276.4260,467.4436,545.8840,226.0563,569.2479,509.3514,704.2742,251.4306,264.1706,723.1782,688.0407,274.8640,396.3594,342.7605,568.0709,389.8615,385.9774
43.2000,418.7293,760.2142,218.6200,275.7908,450.2182,541.6081,225.0625,572.7865,478.8214,687.7394,265.3453,264.0711,694.9297,667.0365,277.7937,398.7254,360.6593,548.2231,406.0969,375.3418
43.2333,416.0897,777.9430,223.3778,277.1294,451.3280,537.3928,220.5163,566.3600,505.1351,660.4005,249.2706,263.3613,708.5371,677.4366,278.7004,388.4867,335.9289,547.9741,398.1623,371.9955
43.2667,420.6619,735.4646,215.8051,274.4334,465.5482,537.9604,213.5849,561.7224,493.2052,722.6945,259.4795,257.7270,729.2445,681.7328,265.5470,378.5089,337.6041,546.1881,400.6746,389.8210
43.3000,411.3536,747.2931,233.5050,275.9580,471.4818,552.4912,213.8435,578.2152,487.7839,690.4191,250.2384,267.9288,715.4896,672.6462,271.6557,386.3840,334.4472,567.9653,376.6334,394.0334
43.3333,410.1128,777.8607,226.9089,277.4747,461.6693,545.2013,222.2469,558.1093,490.8288,691.9781,256.1763,260.2695,727.3333,663.6964,277.6068,395.4215,331.2752,564.8518,405.0774,381.7678
43.3667,415.1764,751.6118,221.4499,280.1411,451.3734,540.8191,218.6854,561.0564,502.9984,676.7693,255.4659,263.0470,738.7134,687.1360,273.1552,401.0387,334.3718,564.1452,394.0867,365.8339
43.4000,408.9719,780.2868,222.2622,275.1939,458.9421,532.1768,214.3650,566.2708,484.8959,695.5011,271.6579,260.8692,714.8309,691.7905,276.3566,391.6195,325.9005,550.9613,390.4097,374.8068
43.4333,417.7809,966.6173,219.8293,281.7359,468.9739,539.2856,217.9468,563.3143,496.0839,695.6500,257.1343,263.9052,722.5961,670.0011,263.9410,393.6693,318.0069,548.8501,392.0402,385.8360
43.4667,412.8689,1074.3925,231.5014,292.3026,461.1253,546.3104,225.0230,564.2021,493.8898,695.0819,260.6772,268.0223,713.7399,686.6723,264.8527,399.2115,324.2271,561.9517,393.2439,384.8496
43.5000,403.4286,1095.3975,219.4577,290.0995,443.8865,537.6681,212.6834,569.7491,496.4080,696.8093,256.7179,249.9559,706.6354,672.1397,274.0049,507.0309,321.1862,556.3378,389.9437,381.3359
43.5333,397.9190,1090.8570,224.0380,272.0683,453.7325,542.1663,223.0579,556.1798,483.2108,670.4394,255.3215,261.6280,724.8382,675.6086,273.2289,545.9347,312.1392,563.8855,385.9037,384.9899
43.5667,397.5932,1129.7808,223.7154,276.6128,455.1640,546.9195,224.6126,591.3206,497.5381,713.0332,262.6827,264.7715,729.2959,684.4528,273.3074,572.3298,315.0392,570.8396,381.8059,386.4873
43.6000,398.5763,1108.7891,232.0150,286.3662,446.1710,539.3674,219.4082,569.5063,483.8791,684.4908,250.7400,263.5278,732.8629,653.5695,266.4551,567.6191,323.5041,549.2472,400.3376,375.8245
43.6333,412.2034,1074.3271,224.6372,277.8105,469.9131,531.4140,224.1890,568.1267,496.9966,719.0532,249.0985,252.8978,694.2520,696.5113,263.0073,565.6362,317.3880,547.1328,388.1578,387.4184
43.6667,409.1630,1044.0466,223.7149,276.9468,462.8870,531.1945,213.9939,574.2496,499.9725,689.1089,260.0428,259.0588,705.7034,659.3363,271.4312,563.1707,322.2628,564.1261,406.0513,363.7775
43.7000,418.1006,1025.2809,230.7079,275.2041,475.1551,558.4998,280.0445,548.2773,495.1858,671.7316,255.4720,256.7834,744.6993,676.7226,270.8904,556.0984,307.1283,558.5797,386.4073,381.1588
43.7333,418.2045,1037.3178,228.9055,286.3122,453.3006,538.0380,300.8792,570.5088,500.6358,677.5413,247.9155,252.8592,703.4635,664.2834,272.8990,555.2655,326.0278,556.6458,392.4378,387.0285
43.7667,412.6419,1002.7036,228.4895,282.2067,448.5999,528.6439,323.8781,574.9450,491.1137,679.9066,260.5320,249.3286,719.6792,679.7624,274.2753,530.5520,302.9240,562.0738,386.9106,388.8876
43.8000,419.0773,994.2346,218.7488,284.5702,462.6667,543.2226,325.5513,551.7651,507.1199,667.3957,263.8855,268.9950,721.5579,674.5303,266.5701,520.1203,311.7143,554.6676,388.4274,384.3428
43.8333,410.5905,983.8156,231.3196,273.5311,461.9873,536.3532,319.3553,583.1822,486.1577,703.1919,255.1339,256.9981,714.5214,641.7258,265.8398,511.9581,304.6677,573.1123,390.5839,395.8059
43.8667,408.3271,990.1190,224.8380,274.9833,457.5818,530.6047,311.1192,567.6231,505.2045,666.2253,254.3025,261.6830,738.9823,684.3922,272.7359,498.2629,305.6000,558.7052,376.4310,387.9884
43.9000,408.8819,960.1656,219.5173,278.7212,462.9172,519.8451,313.2164,571.4443,494.4985,682.0443,254.1526,260.2386,738.2991,677.7480,282.0640,498.0214,306.0638,537.2137,393.4946,372.2254
43.9333,410.3309,964.0471,228.1207,285.9879,468.8390,524.7822,309.1188,577.5627,492.3862,697.1833,250.0837,262.1808,709.3299,667.2579,276.0014,595.7996,309.7186,543.4471,403.7580,378.0175
43.9667,412.7320,948.0633,220.5415,268.4290,448.7327,531.6214,304.1392,577.1367,493.0469,676.6246,250.0862,259.1438,714.0373,686.1484,272.3138,644.7350,303.7741,543.4355,401.9551,372.7921
44.0000,414.6797,942.7384,220.5471,274.6020,454.2934,519.2949,291.8618,587.4602,499.1873,667.9421,250.7049,262.7155,721.9542,680.7082,261.9350,675.7733,305.8716,563.3100,388.5213,387.1162
44.0333,394.5794,927.1108,232.9515,289.1820,462.8978,516.5114,285.4813,554.1132,486.8606,706.3029,259.1605,255.9052,759.7879,684.1559,279.4791,645.5343,293.9294,558.6134,398.7137,373.2288
44.0667,415.0468,949.3639,225.8751,277.1228,467.9976,528.2390,282.8992,565.4652,468.7481,691.5659,255.2064,262.8153,720.9032,695.5353,272.7636,645.6695,297.3142,565.8681,393.9790,375.9202
44.1000,406.5620,913.4628,220.9713,282.3705,465.6876,523.6473,289.9481,570.3462,506.6378,675.2079,260.7679,263.4296,739.6488,674.7365,274.4884,641.4189,301.5702,552.7680,396.9603,378.7855
44.1333,433.2919,898.0168,230.3045,277.3166,449.4645,502.1326,288.6483,581.5672,512.4997,696.7941,248.7476,261.9137,724.8032,650.8376,268.7114,636.8825,299.4571,567.0987,392.3050,374.5163
44.1667,413.7490,895.3241,225.7594,277.9380,458.8427,537.2716,275.6361,553.8430,496.0223,692.5956,255.4155,253.8991,738.3498,697.4286,270.3167,606.5469,293.7773,551.9441,397.8586,378.3534
44.2000,401.1487,878.3768,221.5534,281.7635,478.8457,532.0057,268.7637,582.1590,507.0134,675.4067,253.5580,266.4169,722.4183,675.9701,280.6850,595.2680,289.2882,561.2111,407.5884,387.3934
44.2333,402.4147,884.8936,229.2237,283.6123,458.1855,522.8118,269.1521,539.6102,467.6481,677.6366,268.4294,257.0830,688.3062,698.8793,266.3850,588.0549,297.7412,549.7842,389.9276,384.8243
44.2667,405.9604,868.2618,227.3740,276.9455,448.9598,530.9650,275.3026,556.8214,503.5854,671.0375,252.5587,262.7980,706.2028,668.6998,274.2795,575.2757,288.5090,559.0154,401.7770,384.2058
44.3000,414.6516,894.4952,222.9298,278.0497,463.2346,534.0137,262.8550,572.9106,489.3926,677.8947,251.5682,268.1121,720.2225,672.9090,271.7756,569.8951,299.9713,552.3767,404.2315,393.3706
44.3333,413.6037,854.7394,216.8326,286.0055,460.8206,498.4210,266.5597,563.1235,497.0031,697.6818,261.6684,265.4051,722.0559,703.9149,266.8128,555.1442,295.4822,545.8675,371.6432,386.4120
44.3667,403.9932,849.0525,220.8072,271.3978,461.0052,510.8192,266.6411,571.2958,490.4728,712.2885,256.7230,268.1288,715.9460,685.5689,274.4950,550.7814,290.0688,551.6178,396.1466,375.7037
44.4000,411.4192,857.6860,234.1897,279.8266,456.0086,534.3857,256.2171,582.4109,486.2158,702.9443,252.5384,257.2518,745.4551,698.1317,262.1023,543.6683,292.2568,557.5391,389.4262,386.6052
44.4333,401.2130,860.3158,228.2243,264.4612,464.6844,529.5061,256.9741,575.2722,494.0384,689.1017,245.0420,260.8904,704.6741,671.5899,275.9679,522.7990,296.7840,539.7759,390.8310,363.3567
44.4667,406.9575,844.9720,229.2329,276.8714,465.9821,540.7555,246.8238,567.4207,490.4000,688.4188,260.5284,251.9471,738.3317,677.6195,259.1555,515.6994,307.6733,532.1434,385.2448,370.6656
44.5000,404.1196,831.1510,227.6241,278.3455,448.3497,538.6393,309.1042,724.5532,497.7283,676.9197,256.3400,263.0087,711.5545,687.1344,268.6387,512.1467,291.5394,574.6206,416.7440,377.1090
44.5333,401.6803,851.5868,228.0532,290.0903,453.7966,516.7679,339.0142,785.8998,497.5399,665.1486,263.8956,264.0210,726.3630,664.1845,271.9700,523.7855,304.7449,562.6424,392.5438,380.9482
44.5667,410.1035,838.2203,218.7694,270.0702,452.3780,493.1131,352.9283,805.9826,496.7265,714.5134,254.5670,263.1742,721.8709,687.7406,266.0380,503.2369,295.9888,550.3872,394.6320,381.5172
44.6000,401.8719,805.5690,221.2415,287.9684,462.1707,518.6887,342.3979,805.4247,466.4703,700.4693,256.4156,256.0978,719.8178,689.6035,269.5247,499.2407,294.2998,552.8520,400.7126,390.2839
44.6333,413.4285,825.3328,226.3894,284.6274,458.5924,531.8168,342.4271,823.1043,497.4921,707.0107,255.9314,268.7023,716.3107,677.0902,269.2563,481.3347,291.1639,566.8003,405.2771,390.1507
44.6667,387.1147,830.6046,226.6055,279.5485,446.1346,497.0550,335.0505,800.0839,501.1427,694.8432,255.1054,259.1370,720.9822,678.6730,273.4465,502.2570,292.6811,552.0712,402.0324,370.0821
44.7000,401.4065,826.6852,226.0762,285.5835,471.2533,518.2393,325.2608,804.7874,488.6805,690.2663,264.9324,265.3017,745.1108,682.6992,274.9909,487.1596,285.7489,548.3592,383.2675,382.9038
44.7333,414.0109,797.0740,222.4461,283.7734,454.7255,519.6124,324.0854,768.3539,509.4733,675.1435,254.0320,263.1086,745.4211,655.9938,278.1602,477.8025,284.5332,558.1464,384.6881,382.7083
44.7667,412.7741,783.5708,223.4374,279.7652,458.9760,545.9561,322.8047,772.9598,505.4248,701.4833,256.8792,263.0716,734.3553,688.0140,266.2607,473.5242,295.4223,561.0176,403.0069,385.4355
44.8000,414.3859,831.4193,229.2724,279.7860,477.8268,509.2360,318.5208,772.5653,476.7791,695.9088,259.1574,262.5684,725.1563,698.2046,264.1337,456.8299,284.5311,550.8442,383.0871,383.8325
44.8333,418.1232,817.2845,220.2852,284.1690,471.9200,530.6663,311.1080,736.6667,490.2046,675.6043,271.1205,259.7350,751.3276,671.9393,273.1807,466.2094,292.1436,565.0795,395.9404,375.0325
44.8667,414.5704,810.8710,227.2842,277.2790,460.6900,532.9085,315.7513,737.4979,483.8788,690.5450,256.8608,270.5161,719.1059,662.8712,272.3879,453.9403,283.8995,559.8116,403.3120,391.6678
44.9000,404.2837,784.7111,223.8879,282.7793,446.8108,536.1412,300.8819,727.3643,500.4545,678.8318,252.2254,258.4369,730.8222,678.4850,273.7918,457.6050,279.9656,548.9985,398.3582,371.3271
44.9333,412.0003,794.8529,231.9295,274.9499,464.8975,527.2490,301.2037,715.8360,497.7250,673.9354,261.6403,261.7324,735.3953,689.4384,261.3478,455.1352,297.3377,547.4410,408.6953,381.8815
44.9667,411.4035,782.2274,222.2880,282.3381,470.9990,531.3830,297.9416,722.1511,499.5717,704.4827,260.4656,267.3824,740.6209,669.7926,262.5325,456.8623,285.1492,570.2862,386.0152,377.6371
45.0000,413.3513,805.0782,223.1056,267.0885,465.7126,525.0943,297.2071,703.1986,514.1025,691.5554,252.8934,270.6525,706.6094,671.0092,265.4546,444.9147,300.1545,533.3973,397.9453,367.3847
45.0333,399.7850,788.6132,220.7831,272.2801,459.5828,521.8047,284.6587,705.3835,486.9475,696.4052,257.2255,262.7391,730.7636,664.1492,274.9982,451.4529,287.3191,553.1999,401.5149,387.4332
45.0667,403.6170,793.0893,225.3479,281.8117,466.8002,526.2930,282.5161,698.2471,493.3996,702.5967,249.0171,268.4491,762.8244,654.1122,263.6742,440.4255,290.0308,579.9098,394.0401,371.1308
45.1000,409.8101,780.6395,226.1093,282.4996,461.1549,540.3158,275.7777,684.2744,493.6214,671.4253,257.1119,263.5407,730.0149,685.0687,273.7089,442.8791,294.6933,556.0942,394.7890,375.7940
45.1333,723.7272,790.5624,220.1375,286.4349,457.2244,535.4012,284.0893,679.5643,486.4128,698.0644,257.1179,258.6082,725.8257,673.6715,267.9480,448.9326,291.4853,554.7772,397.9159,382.7235
45.1667,879.4086,801.4319,347.3648,289.8194,748.5480,516.1101,266.8024,1041.7397,495.4307,699.4138,256.6636,270.1268,697.4164,650.6505,279.3573,424.7982,285.6229,541.0073,400.1354,380.9330
45.2000,922.0627,808.5454,395.6211,282.0490,856.2900,534.4031,274.8951,1223.1624,502.0683,697.1314,253.6347,252.3060,709.0894,686.7082,265.2100,438.6379,285.5784,566.0668,397.6777,379.4724
45.2333,905.9279,809.4074,415.6122,265.4115,892.5519,947.0226,269.4339,1271.7284,489.9704,690.3937,259.4040,261.1859,726.3529,661.1782,270.3222,437.2935,291.1709,563.6553,387.8124,390.5230
45.2667,916.2867,784.7159,428.6879,426.1691,898.8644,1141.1217,265.6456,1305.2550,505.7439,717.7992,258.1387,259.1336,714.2086,680.9912,282.9838,428.1655,293.9724,550.3817,400.6808,373.7565
45.3000,893.4590,784.8338,412.3156,477.2322,911.4356,1185.4064,266.5319,1273.6862,483.6583,679.6225,259.7933,269.8638,727.6772,670.0924,265.8959,418.6007,291.4484,552.0265,386.6823,376.5160
45.3333,878.8442,790.0888,409.4190,505.2136,889.7239,1202.4626,266.0756,1221.0451,487.9321,687.0821,257.4673,265.8130,719.6276,676.8247,264.3765,430.7216,287.6608,559.1037,386.8948,379.2532
45.3667,831.7686,786.1811,398.9943,515.0449,877.5090,1197.7174,249.4789,1210.6600,504.8134,698.4979,259.6052,251.6350,731.0584,690.2161,265.5578,424.9629,295.9623,553.1127,378.8985,374.6299
45.4000,836.9857,785.7758,394.1715,506.2306,844.4953,1161.2929,256.3582,1145.7799,496.3101,692.4060,251.9349,264.3591,721.7338,674.3906,276.6285,403.8884,288.5808,552.4168,399.6159,370.6836
45.4333,802.6558,780.5756,382.2463,496.0518,835.6142,1146.5044,255.9288,1157.0243,485.8889,672.3593,259.5981,268.4318,735.1078,663.1160,268.5267,418.2309,290.0039,547.1255,413.3898,382.2375
45.4667,782.2226,787.8232,370.4220,481.7399,809.4264,1112.8164,310.3560,1114.4108,502.1187,687.7520,270.3896,271.7588,718.1100,677.0348,266.3913,416.1953,289.7123,563.5386,397.9775,392.2493
45.5000,775.6376,774.4473,372.3011,484.0486,783.6551,1071.8130,339.0911,1100.4104,488.7734,706.6835,250.0341,258.8266,741.9065,673.3499,256.2355,418.5367,288.4381,562.5921,395.7681,386.1756
45.5333,740.2334,764.9399,370.5207,470.1686,765.7170,1041.9391,346.1586,1049.2334,493.7439,704.2448,250.0272,254.9357,718.3432,676.8428,270.2846,420.3470,287.9375,572.9994,393.4182,396.0575
45.5667,735.6712,768.3197,352.2254,453.3152,750.1058,1015.5609,351.1748,1013.8901,467.2224,716.9648,265.2441,256.8322,715.5296,687.1974,270.3302,410.7039,285.0196,572.6257,406.3285,367.7206
45.6000,704.0619,792.8036,345.9308,453.9157,750.7402,987.1834,337.9541,1001.8880,497.6725,687.3169,254.2314,272.8751,725.0299,686.4039,266.8065,411.3280,288.5542,547.3423,373.1936,372.8247
45.6333,692.6903,761.7829,331.0632,445.4140,733.5770,961.1294,336.4942,982.8116,496.9543,709.3211,258.8817,257.3563,736.1981,669.6606,263.5388,412.2155,291.4348,556.0964,403.3937,367.3196
45.6667,684.4159,758.1084,339.0509,428.8068,723.1154,943.0380,325.8068,959.3476,496.5499,707.9243,250.8804,262.8595,738.1712,677.8162,272.1714,414.7972,287.8156,722.7862,383.7976,369.3722
45.7000,659.5435,760.3690,334.3497,428.5456,710.1161,917.8559,333.1123,943.1566,495.8007,684.8398,255.0843,258.4544,696.2663,695.7486,266.7816,403.5878,286.3916,781.8564,378.0529,379.0173
45.7333,647.6687,780.5688,325.2335,410.4670,670.0741,897.7628,324.1738,911.3064,485.4818,675.2220,256.4096,258.4289,722.6660,674.1408,267.6581,418.5306,290.3026,790.5858,403.0242,394.1287
45.7667,635.9317,777.5040,319.5550,407.2106,696.6441,887.1259,318.0509,867.5926,491.6144,690.0691,254.4470,269.7661,712.4500,641.1042,265.0632,410.0195,284.0731,805.0871,401.8164,369.0741
45.8000,616.9258,775.9469,316.7255,399.2966,657.2072,870.0915,318.6206,887.1800,501.3110,715.5434,262.3719,264.7147,702.6648,688.8800,271.0593,400.5806,286.2998,805.8327,395.2728,380.7620
45.8333,608.7902,785.5816,308.6850,401.8073,645.0427,849.2642,310.1751,870.4722,506.4627,675.0357,249.3814,257.5363,710.9251,683.2499,271.4226,402.3586,294.2705,791.3831,396.9680,376.3197
45.8667,584.7261,761.0120,300.8652,397.3436,659.9337,821.7678,299.5392,847.6791,495.8066,697.8146,261.8490,257.2249,716.8862,657.2038,266.6336,410.0649,281.4805,794.7067,409.2569,363.9806
45.9000,576.0175,763.2830,297.2349,381.9051,628.1969,805.3282,307.3038,839.2203,502.1393,705.2912,252.2796,262.6292,716.7325,688.2729,271.8199,408.1794,294.2239,769.6477,387.0170,391.2479
45.9333,596.2956,775.5776,292.9627,385.3909,617.5861,802.2426,294.6018,812.7670,492.4594,688.9792,257.7878,254.2257,732.2227,654.7847,275.8234,410.1487,285.8604,746.9790,394.4118,370.0700
45.9667,569.1712,753.0323,292.4258,362.9078,624.1009,780.0297,289.8123,801.2119,503.8034,695.2732,257.7699,262.6671,712.9675,674.3313,268.9866,405.1240,283.3882,735.9197,415.0305,376.5875
46.0000,568.5386,779.7616,289.6980,365.3452,624.4977,757.7926,293.7973,802.8895,502.2422,703.1958,261.6831,257.6609,719.2308,659.1007,272.7604,397.7124,280.7554,749.8207,385.0544,376.6954
46.0333,541.9154,761.5868,281.8532,365.8494,597.3947,750.3061,281.6152,772.7740,469.9648,691.0515,264.1603,257.1646,738.4918,671.2140,260.1818,412.4891,284.6423,736.6516,387.4323,377.8616
46.0667,556.0057,774.3657,281.7031,364.3947,573.0170,753.6524,275.1778,762.1138,493.3390,702.5973,259.7485,263.1104,735.4220,648.5685,272.9414,393.8612,286.7267,710.8263,395.0431,373.8688
46.1000,522.2285,771.3939,279.9700,349.5104,601.1111,717.7588,280.6945,752.8356,487.5074,655.2952,259.8191,265.7488,736.5885,656.5113,263.5905,390.2192,277.3564,721.1365,399.1593,375.6130
46.1333,526.6140,759.4248,274.1918,343.5394,590.2290,702.3141,271.7130,742.3406,486.1962,689.9694,247.8681,253.1731,732.5931,666.0787,269.9322,393.0163,291.0780,699.4119,398.5039,363.3247
46.1667,534.3535,770.1461,266.6230,332.6212,565.5964,705.6071,271.8514,735.1900,496.7304,689.1105,258.7372,267.8256,723.1334,683.5370,264.6945,394.9423,287.4881,674.1410,403.8055,389.3499
46.2000,518.5885,780.5881,270.2832,335.9989,574.2928,701.6172,269.0001,712.4065,487.5696,685.0663,257.2478,254.2737,715.0939,671.8106,271.1057,394.4178,292.1660,683.3447,409.2975,378.4211
46.2333,513.6865,756.4762,269.0499,344.1205,562.2249,671.5568,261.5519,697.4930,488.1593,680.0853,262.0895,265.0636,704.0129,679.4803,269.3438,401.7536,291.2126,687.3945,395.1474,381.8903
46.2667,494.2358,755.2289,263.1975,330.1311,544.4524,661.5395,251.9080,708.1621,497.8372,679.1421,259.2066,260.8237,706.4814,664.6048,270.8519,398.2601,284.7262,685.8839,399.1997,375.5143
46.3000,496.2237,762.0917,263.4167,337.6238,562.7418,662.8184,258.9665,695.2993,489.3666,690.6367,256.1160,268.6960,730.2601,666.2153,269.9285,398.2500,290.6426,660.7901,395.3331,382.3464
46.3333,485.6007,983.3081,258.3506,337.6706,544.3344,661.1736,265.2928,691.9502,477.9533,696.8084,255.1028,264.5561,729.5346,689.6002,267.5684,385.2724,289.2230,657.2081,392.1580,378.6490
46.3667,491.6400,1061.8562,260.5050,327.7866,523.7133,646.1144,260.3408,692.9269,508.1394,694.4674,262.5084,258.9784,753.7838,687.2030,269.3101,398.1411,291.3758,645.1914,401.0988,378.3450
46.4000,494.3251,1088.7210,262.3649,323.3284,529.7944,639.2832,257.7855,669.2204,502.2692,667.7755,255.1766,259.8311,722.9997,667.6389,283.4655,387.6712,287.6777,660.7122,411.4495,378.1643
46.4333,489.5767,1088.9071,256.0436,327.7009,533.0319,658.1156,247.7096,662.5539,476.7466,685.0643,245.8784,257.7495,738.0800,659.4632,270.4132,399.5444,285.8793,627.2694,400.0376,377.5424
46.4667,481.7047,1102.2580,252.4869,315.6366,521.1729,642.4966,257.6560,661.9103,476.5340,662.2641,253.2198,261.9874,740.9587,651.6821,265.1967,385.1914,280.5542,631.6332,407.5390,382.7635
46.5000,461.2546,1063.9028,250.3574,314.7005,507.2463,635.6777,252.3936,673.1395,492.6415,691.3600,258.5538,255.1349,706.4030,664.8361,268.5199,398.0896,283.1912,624.1535,397.7257,390.0111
46.5333,476.5234,1052.1766,241.9712,323.4785,518.9772,616.4967,253.8212,668.7044,490.1318,718.0288,255.6667,254.4289,736.2972,684.5623,274.2397,398.3967,290.1436,640.5146,384.0094,373.8946
46.5667,473.8418,1054.7493,251.9217,305.5091,509.4359,591.5305,247.2272,645.0475,518.0022,693.9256,262.2283,266.0361,716.4262,661.1402,270.6564,384.0523,292.2037,629.4692,402.5745,374.0054
46.6000,466.5772,1034.0573,245.9312,316.8407,534.4779,596.2785,258.2309,638.4131,511.8857,680.0800,256.5931,262.7748,737.1987,666.7055,277.5855,377.9713,283.7134,629.6115,391.5371,378.1734
46.6333,444.6133,1016.6496,242.8693,312.4008,506.7227,587.3463,238.7756,662.6545,478.7597,700.4135,252.8619,260.4347,722.8346,659.7063,273.5777,390.7216,281.2474,621.4866,406.4475,379.3944
46.6667,449.6938,989.1246,241.0956,310.6016,505.3565,590.7042,244.5453,648.7974,480.5010,704.4786,268.5513,262.5404,741.1013,691.4901,269.6042,394.2958,287.8856,620.8787,383.6093,387.0578
46.7000,465.9089,997.1833,235.8719,303.7198,516.5628,594.5921,239.4390,636.2732,489.1477,713.9314,266.1219,258.8309,694.8582,679.5982,274.0583,385.3731,280.3667,604.5250,399.2071,382.3955
46.7333,464.1717,989.3753,239.9933,309.3048,520.8565,611.3749,239.0300,624.2557,496.5733,688.0495,260.0902,260.2774,722.6788,666.2582,271.4502,385.3224,286.6667,608.4694,396.6786,382.9383
46.7667,453.2105,955.7532,241.2894,297.8098,518.8584,580.3275,228.9747,645.8852,488.2690,702.5019,257.1362,260.4968,695.3701,666.8431,276.5160,395.4356,291.3084,605.0053,387.3326,386.5257
46.8000,446.5829,998.6484,241.2297,309.9790,497.3791,581.9455,238.5954,606.2022,481.9341,687.2617,263.0351,263.0392,704.4597,675.1618,273.7725,389.4401,282.8201,573.9923,382.1466,372.5409
46.8333,446.6885,946.1221,237.3558,303.1476,488.8011,582.4678,241.0621,610.1530,505.2755,863.1237,261.1930,252.7477,730.6745,676.9628,269.5509,385.2937,283.5301,598.5583,399.2053,386.1209
46.8667,433.1931,933.1218,246.6970,293.0576,512.0317,597.9142,229.3002,629.3057,497.5856,961.8552,266.3097,261.4700,716.4266,672.9824,259.9812,401.8237,291.4957,599.0821,395.8471,386.9384
46.9000,435.1529,944.9707,235.0761,304.1102,494.2148,572.4061,243.6980,606.7089,493.4787,1013.9195,260.3051,260.7115,708.6850,673.2266,269.1437,396.8341,280.6801,606.6511,393.6455,380.2376
46.9333,454.9645,928.3049,238.2271,292.9286,619.9083,566.7082,234.4829,604.5876,511.1284,997.5467,264.9023,262.4783,716.1800,672.7388,271.7178,382.3125,279.6729,604.4298,414.8769,375.6186
46.9667,441.7983,888.0869,244.3850,294.7442,680.0106,567.3151,225.3621,602.8920,487.9925,993.2994,258.3263,264.0970,729.1337,652.9357,275.8776,391.0489,272.7796,586.2418,393.2390,384.8751
47.0000,445.9202,903.8456,241.8599,294.5227,694.5250,559.4415,234.7605,603.6096,479.5384,1006.0331,253.0405,259.5225,728.2151,658.0208,267.7756,388.7516,291.4627,593.6520,400.9960,361.6087
47.0333,435.0305,924.9557,234.1141,290.9782,700.4578,556.4325,231.9762,586.9380,490.9228,1010.4092,263.7937,260.4250,715.8800,693.0165,274.8762,373.6434,279.6663,604.6077,401.3776,387.6163
47.0667,434.8445,881.3038,235.6563,287.2519,683.1005,558.0164,228.0207,620.1884,497.8311,963.9544,256.9701,266.6191,711.3437,656.2404,256.0776,393.8038,280.9739,594.1518,392.9455,388.3061
47.1000,418.2080,877.7954,232.9550,293.8730,669.1357,553.5100,231.6003,605.0899,491.8912,949.1608,246.8807,256.8847,714.1940,677.1139,274.9510,388.1553,289.1731,596.9053,392.5697,370.1074
47.1333,438.6476,876.2643,236.2673,290.1758,667.3976,574.9571,226.4333,598.6013,498.2434,918.1357,267.2444,261.8315,719.7816,659.4568,279.3826,390.3033,279.0918,574.7254,386.6623,382.9265
47.1667,427.4718,849.0417,231.7916,289.4947,641.7152,545.3606,228.4338,609.3463,504.9988,934.8860,258.9483,264.8212,746.5325,663.6136,265.3735,396.0271,280.8337,580.0489,387.4305,381.2725
47.2000,432.4722,882.1168,230.9092,298.8941,652.8374,576.6378,231.4862,592.3425,499.0473,907.6160,259.1422,260.3827,748.5761,648.0234,279.1900,389.0854,281.8595,567.7585,389.6733,388.4943
47.2333,418.6583,854.3357,236.5516,299.3998,629.5556,550.0669,229.9990,579.3355,504.7971,899.3587,255.1210,261.9701,744.8494,678.5316,272.4642,389.2438,279.8714,586.0008,392.5432,380.4104
47.2667,426.2932,855.2234,223.7213,296.5187,617.9329,552.9320,235.4440,589.4433,490.4469,884.5457,247.8419,259.7988,733.7594,655.4611,276.0859,383.3693,285.3673,582.8567,397.7643,383.6510
47.3000,428.3110,839.3819,229.8410,285.9427,632.8187,550.1706,226.5546,590.5876,496.7182,872.9089,264.9984,265.9341,699.1118,679.5823,273.1031,400.7841,291.1705,585.7077,404.7891,388.8680
47.3333,427.0079,839.7568,238.0481,292.6418,606.3156,553.8035,226.3802,608.4959,507.2558,857.7465,261.1007,259.6278,732.8935,695.3025,257.2005,394.8333,285.9164,575.2675,393.6630,370.0314
47.3667,423.8569,825.3916,222.3773,284.2623,592.5218,548.3795,233.2950,587.4555,487.8521,842.3361,254.5624,258.3975,726.2429,658.3853,266.9200,392.2209,287.2386,580.8366,497.6518,375.1217
47.4000,417.7586,844.3484,225.4621,292.2474,619.5561,537.4097,227.7860,579.1978,473.8152,865.2647,261.9036,263.2522,704.5191,634.8804,264.1541,380.3501,292.1307,586.7727,553.8362,374.4962
47.4333,426.9033,840.9425,229.7317,291.5074,577.2469,552.3769,235.3650,582.0103,503.2639,829.6092,265.5530,265.9974,732.6225,657.2442,270.3367,370.6978,286.9214,564.2484,575.0367,368.6469
47.4667,420.3952,798.0178,235.5077,278.1395,581.1615,536.2504,223.3536,570.3783,495.0859,834.3084,260.9840,262.6268,713.5528,676.7977,274.6299,393.7249,283.7720,563.1711,581.5367,368.9816
47.5000,415.3335,837.7378,227.6696,288.9359,576.8818,516.6425,227.3908,588.3712,492.2536,855.6194,252.8449,264.1155,732.4001,655.3285,276.7678,386.8101,279.7509,568.3409,565.8973,373.7959
47.5333,412.0571,827.3885,229.7844,285.1547,571.7325,549.7678,220.4058,559.5990,504.4395,816.6774,255.3252,264.7767,732.4593,662.4594,269.0560,387.5492,282.2729,571.2591,576.4247,381.7288
47.5667,423.3448,833.5893,226.4919,280.0110,556.2470,557.2946,226.8973,583.6001,490.9024,826.5626,260.9678,261.1551,718.7784,664.4269,263.9051,370.0871,289.0132,583.8183,551.9974,382.1271
47.6000,422.6108,819.1609,224.9113,278.5906,550.4902,547.0591,225.2747,545.7744,497.2154,813.9196,255.6911,262.9420,705.4243,662.2393,280.9623,380.6702,283.5265,572.3342,545.5024,370.7637
47.6333,419.4501,831.6073,224.9910,279.4249,573.2666,533.0979,221.6870,593.2191,501.7441,800.4319,260.3010,250.0603,717.9131,680.0673,264.5360,388.8150,278.9011,563.8841,538.9408,373.5979
47.6667,411.9945,805.1120,232.1303,299.4477,539.8189,560.9548,221.0281,580.5144,479.7991,811.9349,260.3247,263.8344,721.5914,665.0451,270.5333,389.0087,298.3105,561.2308,528.4620,377.2495
47.7000,420.1207,800.4215,238.6917,283.6462,546.0173,544.0061,217.7194,587.5513,514.4073,774.8676,247.5614,254.6975,736.0381,694.3233,268.5461,389.9244,286.8545,561.5373,527.7980,372.7922
47.7333,417.3593,784.9374,230.4126,282.3101,679.9789,528.8630,228.1517,573.3684,503.6100,776.1971,260.7315,258.2784,728.9810,665.4217,268.1859,388.2478,285.9433,546.3244,525.7352,392.8447
47.7667,423.8796,787.6151,233.2018,285.6161,710.5097,544.3893,227.4672,575.6474,514.7944,748.4788,260.2762,266.7279,724.1401,684.3092,276.3511,381.1623,280.8210,568.5627,501.9272,382.7198
47.8000,415.8364,787.1919,224.1499,284.0421,738.6909,529.4524,226.2620,587.5291,499.0645,747.6296,265.0904,254.2844,717.7069,648.5780,271.4071,378.0682,277.4232,565.0241,494.2147,384.8997
47.8333,428.9642,769.6413,232.0747,277.4887,738.9446,537.8590,233.8550,587.2500,488.0299,760.0650,258.3685,259.6137,721.1876,650.0758,266.4524,387.5509,291.1701,551.3038,497.9926,371.7835
47.8667,405.4559,800.7814,219.1061,280.8286,721.9900,522.4839,223.4977,566.5673,491.6434,778.2958,260.6379,263.8434,732.4040,652.2673,269.4737,378.2782,280.5100,582.1849,487.8178,376.8132
47.9000,413.6135,759.0197,224.6178,296.2411,717.6408,531.2899,233.0332,575.2139,483.4715,786.3362,263.0184,262.6976,950.7493,680.5407,262.4852,391.0948,272.8218,562.7142,486.8831,378.5520
47.9333,399.9259,772.9646,233.2796,289.1768,709.8047,534.1595,232.6486,576.0270,504.9081,754.4927,246.8547,263.0892,990.6471,688.4622,272.2801,374.2424,279.9948,560.6071,601.8861,372.3456
47.9667,402.8811,789.3940,227.4424,277.0958,696.9622,532.4351,225.0582,564.9813,494.2460,762.8954,257.4633,263.2997,1041.1355,656.7066,273.0559,389.6853,292.4487,550.0049,648.6297,388.3886
48.0000,400.8811,787.0086,228.9692,278.4922,668.1779,512.4989,230.4619,588.6268,480.2779,733.8531,253.4222,264.8956,1054.2634,661.6429,273.2840,379.2685,283.2198,587.6629,659.5747,394.3559
48.0333,402.3166,778.0078,220.3686,288.4304,667.4182,541.2562,224.4461,570.4518,511.2376,762.2778,250.4547,258.6854,1033.0897,680.2084,275.0267,391.7502,285.3706,558.9024,646.6889,386.9914
48.0667,409.6397,784.4033,230.4569,283.2823,646.8041,517.3106,222.5738,572.0537,492.1390,740.4512,254.1447,266.5930,1020.8896,674.0083,275.0476,396.4057,289.2465,569.2651,640.0764,392.2864
48.1000,404.7563,777.1479,224.0354,292.2610,653.5843,516.8532,233.2636,600.1726,490.9365,745.2274,261.7845,252.2429,1025.2902,687.0204,268.2594,376.3178,284.7428,572.8097,626.7840,386.0888
48.1333,401.6389,994.6222,223.8233,275.7144,640.4842,520.0564,220.8103,566.4795,502.4763,750.9035,264.0777,256.5262,1016.6769,682.0064,275.1013,385.4481,285.7030,566.0147,633.3046,385.4523
48.1667,403.6845,1061.7230,227.1087,284.8333,631.4737,522.8546,221.8071,557.2249,494.9099,745.3165,256.4622,258.4213,970.8847,681.1532,270.6919,395.2359,272.1551,540.4329,595.7055,374.9476
48.2000,410.9676,1107.4608,222.7092,288.8777,613.3168,534.1710,228.5733,722.9889,488.8568,759.2234,259.3505,255.7098,981.3332,662.3451,280.0917,388.2463,290.7326,585.3064,595.8900,389.4468
48.2333,403.2646,1125.6853,217.9981,278.1507,588.6311,503.7518,219.1826,787.3856,494.6847,721.1362,269.3016,265.0575,945.1396,673.8991,271.8186,385.6694,282.6393,555.0750,597.6205,376.9062
48.2667,405.9113,1096.6716,219.1553,271.7987,607.8219,542.6503,232.2806,833.1703,496.7504,745.5604,260.9572,253.2130,928.3199,677.6621,268.8643,396.0239,284.7030,543.7730,577.3432,366.7571
48.3000,409.6034,1097.4692,223.0743,275.7842,613.6772,527.7663,225.8443,839.8979,500.4114,742.9587,259.8824,263.0499,913.7689,659.8163,271.2667,383.4413,281.6779,552.1749,569.1241,384.6024
48.3333,379.0631,1062.5847,225.7256,283.9641,602.6741,521.2501,227.7224,828.8276,497.2892,731.9109,252.0580,268.9990,931.1734,658.2440,266.5984,396.3320,289.1219,579.8212,566.6508,380.1880
48.3667,401.0429,1078.3656,223.3288,286.0453,574.9634,533.0463,218.0704,804.9199,504.0282,719.6621,255.8853,258.0236,921.1509,662.6028,276.0095,387.0467,285.7507,558.4879,545.1124,367.7414
48.4000,424.9145,1025.9192,221.3456,277.5967,571.8046,513.8439,219.8513,796.7152,512.6544,722.0427,258.3252,262.7362,901.3485,648.4153,271.4490,391.2215,272.7152,552.2722,540.7636,392.0385
48.4333,398.6266,1005.2278,224.1873,280.5919,577.3931,517.3173,229.2031,794.6485,497.8825,707.8314,256.5412,264.8621,901.7383,668.7783,274.2652,384.2063,295.5788,562.3237,536.3270,373.7919
48.4667,404.5884,1039.5843,221.0320,273.4519,563.5415,513.8063,224.0240,779.1659,506.9504,712.2797,255.6500,269.6107,899.1480,654.7909,273.3339,386.3651,290.3833,539.0126,535.5832,377.7561
48.5000,416.7250,997.8998,236.1567,276.3486,550.0991,510.8185,218.1962,761.4843,482.6667,739.8701,264.3938,261.3285,835.5730,644.6502,277.4030,386.9710,282.1989,549.6482,519.2761,396.0096
48.5333,403.6655,969.8286,225.9943,285.4487,544.0288,547.2794,223.9679,755.5548,501.3787,702.9158,260.7737,260.4012,846.4149,670.7754,276.3579,389.3179,288.6192,539.3920,530.4618,385.8702
48.5667,415.1421,988.1584,220.8553,277.8397,543.8680,533.2890,225.3215,768.1548,494.4017,752.7692,255.1791,259.9939,853.6087,674.6749,268.6996,389.7472,282.1272,565.0583,510.8020,382.7558
48.6000,404.1002,952.1052,225.2527,281.3505,522.6097,523.9011,223.9740,732.2633,509.5346,699.7009,260.8408,256.8245,832.6519,684.8541,267.7391,383.1248,289.5760,545.6825,508.4900,383.0700
48.6333,402.8911,964.4313,224.7448,276.6898,527.2193,522.2493,223.1541,721.9231,496.3662,722.3394,254.7652,267.8241,840.9197,685.3345,272.2147,395.4008,287.3857,546.2848,499.2142,374.0408
48.6667,413.0589,933.1164,220.9021,280.4391,535.5625,517.0362,224.8032,714.9682,477.9455,713.4723,264.6716,267.9051,838.1081,643.9500,280.4517,382.5577,283.6408,547.1135,485.5343,378.6298
48.7000,412.0843,925.1226,222.4647,278.0922,523.0581,526.5598,222.8079,721.3498,506.5449,709.3481,260.8271,263.7242,803.0393,651.3916,279.5714,403.0955,285.7592,537.5325,482.1871,386.2044
48.7333,412.2205,902.1460,223.8242,286.3865,531.9508,511.0792,219.4532,691.9942,498.5909,699.5500,258.9804,253.9704,827.8951,676.9728,267.3047,382.3767,288.8144,550.5996,480.4255,382.9258
48.7667,401.5836,911.9181,228.9677,282.2498,513.9946,510.3212,225.6344,690.0635,501.2937,702.9943,251.9971,258.0184,831.8998,664.9541,272.4276,380.5446,280.8835,553.8805,483.4437,387.2377
48.8000,403.1053,923.5921,232.4693,277.7997,526.5015,497.6241,227.7604,698.0688,484.5767,699.5863,264.9142,267.7958,798.5449,690.7120,267.9286,382.9469,278.9037,570.0175,475.4964,386.3746
48.8333,401.9650,911.5144,229.0879,271.9924,498.9651,524.8539,223.7578,665.0287,490.7733,703.1625,255.6935,259.0463,803.0565,659.5967,274.2141,388.3807,293.9466,538.8204,458.6822,369.5538
48.8667,410.8117,891.2702,230.6064,277.1329,519.8061,524.3456,222.6196,659.3666,513.8061,898.6936,264.9584,262.2330,780.1715,651.3173,261.9375,377.1090,279.9277,563.1125,472.1405,377.6264
48.9000,393.2296,859.3726,225.0696,281.1010,513.3500,514.6732,235.6269,644.2176,493.3248,980.7053,258.6243,260.4337,806.5083,685.5548,290.3308,393.4614,287.7178,559.8649,452.7119,374.0349
48.9333,397.6658,865.6779,226.7947,280.0148,523.4468,517.3423,228.2177,650.5677,490.7360,1025.2332,261.0228,252.4145,798.4783,651.9251,266.6870,393.0810,281.8670,559.2561,443.9674,380.3220
48.9667,391.9559,849.9123,234.1903,275.6331,502.6892,502.7529,223.7251,659.5497,512.1133,1000.0897,255.3998,260.2471,765.2449,684.2977,275.4925,375.3809,279.4877,547.6606,450.7404,366.5872
49.0000,399.3707,879.7687,236.2930,287.5282,515.0274,524.4698,221.9783,646.5541,493.1381,1038.1865,265.8001,267.1461,788.9655,659.1215,267.9662,394.3907,288.8831,568.0761,450.4649,378.3785
49.0333,408.8636,889.6782,225.7280,281.1080,499.6018,518.0225,220.7641,654.1343,494.1253,1023.8521,260.6854,255.4741,790.1891,672.6680,273.6015,390.4858,287.7052,553.4177,447.9003,364.6705
49.0667,411.8323,823.9549,226.1179,278.4697,510.9160,528.8611,229.2181,645.7770,506.3410,984.2109,264.0975,266.5857,793.4273,650.4954,274.9723,395.4008,279.8780,569.4982,458.4213,380.5915
49.1000,402.0366,837.9621,228.4410,283.2144,495.8511,535.0545,219.7544,650.6054,486.4754,988.6457,255.5204,264.2708,761.1604,659.9117,268.1717,404.6297,277.7694,566.9878,441.5737,387.4049
49.1333,401.9143,834.8615,218.7275,280.2490,494.3926,522.2260,230.8700,635.1089,490.7938,976.3981,255.8348,255.4518,791.8892,680.9956,275.5876,379.3714,281.4086,561.2869,439.1190,376.2277
49.1667,406.6192,826.6810,225.1996,274.4619,503.6273,517.3940,222.8444,641.9878,475.7793,961.2262,257.6331,262.0251,754.9041,653.3651,261.8300,381.5221,282.6764,553.3593,431.8868,372.1410
49.2000,393.0108,826.2734,223.6821,279.5083,477.8369,534.4958,220.7807,628.6246,481.5409,916.0386,262.1008,260.8027,744.0948,650.9928,261.6057,398.3574,272.7872,559.3435,445.3156,379.9631
49.2333,399.3971,825.9814,229.9868,277.1467,486.8966,509.4106,224.4555,641.4668,505.6854,919.1997,265.6946,262.3265,761.6272,671.7433,261.4492,373.9541,285.8978,548.4138,427.8512,377.3324
49.2667,404.7572,833.5521,221.4139,281.2050,485.1183,510.5039,229.6369,633.5499,500.5875,907.6860,264.3698,257.3221,740.8560,665.5536,270.6619,393.2047,276.6230,566.5317,424.6430,381.2829
49.3000,402.7322,814.2518,224.9794,281.0286,482.1775,659.2708,229.5940,608.6105,513.3001,898.8847,265.7648,273.8757,749.4009,670.2759,261.5833,391.0238,279.1339,544.4647,434.8586,382.4063
49.3333,401.0597,799.6107,226.9498,272.1517,485.6069,722.1699,232.2822,621.9243,497.2963,903.6671,253.6616,257.2973,768.8502,678.3373,264.9816,371.4838,291.7668,552.1931,416.1000,376.5050
49.3667,410.0072,810.3316,221.0374,274.9996,496.0748,764.1550,227.1428,623.0275,504.6335,869.3907,263.6446,262.7134,737.2201,664.4165,274.2872,379.8041,284.6579,561.8496,428.0276,383.5367
49.4000,402.3844,801.0087,226.2498,282.8918,472.6812,748.9185,231.2314,622.0124,500.1240,863.3075,269.3553,262.6941,761.1925,653.1561,282.4970,385.5391,280.4299,552.1521,406.0996,371.0227
49.4333,401.2639,778.5726,225.3318,277.9912,491.3959,758.4698,223.9162,602.9365,488.2570,850.1361,259.7969,257.0706,765.8519,651.6070,275.4233,383.7600,280.4507,557.0735,421.5629,378.5813
49.4667,402.2647,801.2331,222.0688,277.8676,487.3889,732.8251,224.0487,606.7314,492.6924,831.0455,254.0297,264.5454,744.9703,666.3538,264.9726,379.4374,285.1662,537.9865,420.9051,383.5903
49.5000,414.0011,789.4416,224.3585,274.8315,482.0713,722.1373,222.1998,600.1923,486.7453,832.6526,250.3521,261.0565,741.4104,684.6371,269.8177,379.8977,282.7825,556.0497,423.2323,395.1487
49.5333,399.8909,803.4753,229.9353,276.2656,486.3097,717.4499,213.2996,623.6782,496.9053,826.4474,263.1951,250.5432,731.0210,655.8248,272.0381,384.5881,287.5369,554.3835,428.7563,381.5615
49.5667,388.2993,773.2817,224.1512,282.9793,490.5614,725.8925,217.7336,613.2331,479.4458,825.9567,268.4344,262.7916,723.1481,675.9980,273.5064,380.7618,278.9407,554.0090,423.8494,381.0570
49.6000,404.7069,787.9101,228.2728,270.4023,494.6387,701.7088,227.8296,589.1563,495.6339,833.1496,250.9731,258.6799,946.6289,682.6067,271.7109,397.5055,283.0542,547.2238,417.0646,376.9387
49.6333,398.8445,813.1255,220.6105,281.5476,479.1604,688.1676,215.8324,575.6824,494.8669,805.3916,254.5484,260.8869,1033.8735,669.2882,260.2054,397.1058,283.4977,569.1991,403.3669,377.4981
49.6667,407.5787,779.2045,216.5301,273.1537,470.5260,676.2150,221.1681,585.4029,507.0644,823.5591,262.8149,268.5347,1076.2715,653.6616,268.6420,371.6548,296.5346,554.8929,419.1320,382.1418
49.7000,411.5158,758.9345,227.7600,281.0941,469.8683,660.4055,223.6772,598.5862,505.8921,774.3254,255.1287,254.4699,1098.3759,673.0250,270.0827,370.7072,289.7250,547.1416,429.3446,381.5881
49.7333,398.1192,784.7727,227.3995,287.1850,477.1063,681.8624,222.3497,595.0640,492.5115,810.8707,267.2920,276.0699,1046.9466,676.9468,267.6057,398.0129,294.1738,563.0700,405.1379,386.8508
49.7667,415.6951,763.1919,220.9532,284.9222,474.7089,651.9717,232.2106,590.2415,477.8905,798.1900,265.0319,260.6085,1030.0013,662.9704,262.8049,390.6865,280.9149,555.8353,405.2692,393.3960
49.8000,407.5673,758.3797,218.5979,281.6030,470.4525,631.0889,225.3001,590.9064,495.6023,768.3019,254.0365,251.3577,1023.7146,674.4915,270.6429,378.3865,282.1547,553.6429,408.8781,374.4309
49.8333,409.2067,747.0831,226.5268,274.9868,466.8373,666.8222,226.6206,587.5264,497.3291,808.3043,260.7294,263.6777,1018.1938,672.7060,275.1914,385.1341,288.7365,548.9213,413.8699,375.5883
49.8667,397.2215,781.2335,224.0663,276.6741,473.5959,638.7524,229.2843,601.6700,492.6362,788.0883,270.9433,255.7507,1019.6475,668.7945,274.7453,396.1643,269.6503,565.8352,404.4850,372.7299
49.9000,395.7310,752.6130,225.3660,280.8381,479.7757,629.5044,227.1906,579.1624,493.3502,777.6904,260.6310,272.1208,976.1584,822.8804,264.9767,378.8827,289.7727,558.4726,412.4479,389.7517
49.9333,400.5407,783.4459,219.6519,283.2346,469.0946,612.9731,215.7195,583.4067,491.8284,742.6758,262.7783,261.1263,973.8835,915.2482,273.8618,389.6801,288.7824,548.2427,408.1147,381.6376
49.9667,410.4152,785.1691,220.8672,275.0856,475.7462,616.1693,225.4450,578.6111,485.6917,750.1389,269.1497,260.8157,941.0611,962.9261,275.5427,385.0656,285.7119,556.9395,417.8670,390.8510
50.0000,404.9306,777.8657,226.1410,290.3115,478.8378,595.6231,219.7352,580.0768,520.6965,757.8749,266.9269,256.5741,947.0902,944.5847,276.5257,393.6256,280.7990,539.4958,395.1223,375.3648
50.0333,401.9051,783.0034,224.2893,277.2214,468.0146,594.4730,213.9060,558.2215,510.3036,771.0135,262.8381,262.0644,948.4960,975.7342,278.4454,372.2184,290.5878,545.5679,426.5539,392.5934
50.0667,389.1108,767.3157,215.5922,273.9952,475.3098,631.1100,234.1499,589.3604,496.8795,751.7312,263.9448,258.6371,918.3939,912.8846,269.4886,396.4147,283.4798,554.5102,409.3153,379.2835
50.1000,406.2182,771.8641,228.5468,287.7069,470.7855,605.3329,224.9449,558.7353,503.0785,959.9910,260.9734,261.7346,1108.5207,907.0166,273.3141,372.5970,290.0420,552.6888,406.4614,373.6622
50.1333,403.2554,749.4127,231.9140,279.7337,460.1899,599.8676,225.9117,588.7834,488.5243,1000.2904,257.8116,264.1848,1172.4465,896.5566,269.4323,377.4310,278.4773,575.0885,408.8097,371.7303
50.1667,409.9778,765.4444,223.6357,273.7718,469.0305,583.1732,229.7140,597.8156,501.9196,1044.4130,265.4763,255.8449,1209.1632,890.7874,268.2096,387.4807,288.3501,544.3498,406.8316,368.0154
50.2000,402.7067,771.8086,227.8295,282.6853,458.3609,585.6524,228.6410,582.5086,501.5512,1044.0722,258.1175,258.0185,1187.1417,895.0310,267.2842,385.9312,286.2616,544.7847,399.0174,378.3865
50.2333,397.8497,772.6551,229.9946,287.7957,478.8882,571.3890,215.3134,601.4403,494.9064,1035.2783,257.4019,256.1597,1182.5227,851.7274,272.8456,393.7197,282.0104,548.8377,416.6841,383.8180
50.2667,405.1186,771.1589,227.8346,269.9690,469.9563,571.5371,221.4128,571.7218,490.2044,1020.5729,257.6667,258.6254,1188.4935,853.9288,261.6965,389.5471,275.8722,554.6140,416.2556,388.3164
50.3000,412.1366,736.0722,220.1807,293.4493,463.3940,584.5991,229.4900,581.7714,483.4308,1015.7903,260.0814,266.7525,1177.8488,842.9090,270.8084,384.8556,282.7238,557.2379,414.4245,379.5662
50.3333,408.7198,765.9117,233.0606,280.6909,471.0486,577.1430,228.2308,578.6775,484.7668,1011.6103,252.6574,266.4624,1138.0776,849.8695,268.8852,378.9084,286.4487,560.7012,409.9093,391.6920
50.3667,410.9324,778.5916,220.9922,282.4583,463.8354,584.7840,229.4282,558.9114,496.4604,979.4776,257.2447,253.9348,1102.3658,831.6239,268.9763,386.3133,281.7134,552.8964,408.0981,384.2889
50.4000,390.0492,768.8151,218.4814,278.7332,465.2901,565.4109,228.9495,582.5426,500.4848,995.0099,261.5676,260.2681,1080.0383,812.2999,270.7679,383.0900,272.1167,562.7340,403.1520,380.1824
50.4333,395.5635,737.3609,224.7366,287.0443,478.6912,566.7988,222.1622,585.6711,492.6200,964.8795,261.2121,256.5941,1074.1698,805.1991,261.9941,376.9600,270.8413,550.4918,404.8496,385.9447
50.4667,399.3477,767.1206,215.6686,279.6187,470.9323,571.1185,226.8520,580.9765,515.1839,943.1514,268.8633,260.1918,1045.8832,778.5383,258.8868,394.9175,280.6398,556.1717,407.4568,379.3720
50.5000,410.8053,745.9914,226.1075,282.3720,459.7904,550.1849,227.0756,575.2994,499.0004,946.8357,264.2759,261.8217,1008.5228,800.5282,269.6283,378.1612,281.5685,531.4284,395.9135,379.2510
50.5333,398.2845,789.3459,223.5263,292.2774,476.0663,565.9566,229.5375,571.0784,506.1704,917.8173,256.2318,266.0724,1000.8781,792.3511,271.3310,384.2376,270.0912,557.1612,396.8430,391.5143
50.5667,396.2899,783.4124,220.2287,280.3008,472.4916,557.2839,222.8334,564.1968,515.1424,938.3619,265.4256,260.0901,991.7711,783.8769,270.3326,378.8470,287.9056,553.5983,395.6813,378.7398
50.6000,414.9685,744.0732,220.8641,285.8964,461.8598,556.5848,217.5368,576.1011,497.7266,898.8171,259.5308,257.3932,978.2369,761.4684,260.5922,391.0623,284.1639,568.0818,399.8345,377.8318
50.6333,405.6660,777.4262,228.2987,292.5156,466.9724,564.3321,226.4114,562.2885,488.8715,882.6674,264.8725,255.3388,984.5111,781.0618,279.1261,394.6296,283.2635,557.3632,401.1420,383.3020
50.6667,410.8591,741.8664,224.6793,270.8150,478.4090,535.8139,224.7293,583.2101,473.3063,887.3228,260.9301,267.0269,952.7637,797.4441,266.9214,385.7570,278.6656,562.3148,410.0130,379.1378
50.7000,401.6781,739.3329,225.2676,283.4088,455.6186,553.3478,225.9271,563.8568,499.4161,874.9394,272.2340,261.3524,946.5958,759.8080,272.1015,374.7068,287.8935,535.5439,403.9313,381.9712
50.7333,404.3928,745.9134,227.5352,267.5224,463.0281,540.1217,226.1709,554.9623,484.8436,849.8637,264.6232,254.8309,937.3492,743.1543,272.8109,382.7845,285.0749,557.5076,392.4952,392.3815
50.7667,400.6099,755.9407,224.6651,273.5988,470.3852,559.8401,224.1740,571.5139,498.4885,843.4256,257.2664,258.2001,912.6393,735.4332,271.0114,377.8732,290.1268,568.5878,404.2352,377.1247
50.8000,398.7350,763.3048,226.5355,281.5248,469.0424,553.3518,230.4198,555.3715,505.0164,846.7342,264.2417,249.0227,925.6906,739.2650,264.9604,379.6324,280.6762,555.4710,406.5109,397.3945
50.8333,418.6553,761.7265,222.6946,277.7956,452.3306,568.0119,227.9062,576.0421,491.7075,860.7403,260.5182,255.0809,915.9872,708.5543,274.5927,391.4634,280.2557,529.1578,406.3436,383.9631
50.8667,401.2664,735.4124,222.4254,270.9567,478.4271,542.7406,227.1253,568.7260,494.6952,828.0374,255.5853,267.9999,871.0183,730.7369,277.9341,381.7994,277.5669,563.3378,393.8586,386.5340
50.9000,396.6205,745.5467,231.4868,274.3774,468.6929,546.9071,225.4810,579.0683,498.3441,826.1836,255.7671,260.4626,902.2355,752.0764,271.3475,385.2012,279.1721,561.1204,398.0860,376.1276
50.9333,418.4766,748.5925,220.3780,291.5414,470.9091,538.6402,231.8962,583.5966,531.5994,831.0094,256.3689,266.1665,869.7349,726.6198,267.8436,381.6975,283.1858,548.7155,390.1895,391.7445
50.9667,400.5014,759.9089,225.2726,281.5534,455.3840,544.2071,222.9069,565.1474,485.3702,801.3244,258.4712,259.5944,854.1885,707.6507,276.9399,384.3697,295.2959,548.6391,390.1458,376.1305
51.0000,392.7900,731.9227,234.0113,286.0287,465.3654,545.7405,227.1312,538.0747,511.2521,799.6320,261.9332,261.3343,837.8883,732.1337,263.9015,378.9658,289.8153,570.8856,399.0018,378.7081
51.0333,403.5100,781.5314,221.1665,283.1888,468.3341,526.1052,235.2776,582.3468,495.1342,794.6937,269.2128,258.4526,848.6413,702.1897,272.5694,379.4546,284.8964,529.3712,388.3849,400.5185
51.0667,393.9383,765.7598,224.9668,283.8490,465.7381,554.2331,221.8121,562.0488,517.1677,798.0601,275.7839,258.9216,832.7298,725.9685,275.1166,389.0844,280.6802,529.5273,393.6487,375.6736
51.1000,400.4072,729.3345,222.4670,279.4044,483.0216,542.2268,226.6447,567.3699,494.6869,766.2934,259.9337,263.6299,846.4795,691.4493,272.3734,389.5842,281.6966,549.4380,390.6961,398.4227
51.1333,397.2840,744.7082,224.1913,280.9642,468.3900,538.6923,224.0264,559.0519,489.2531,759.3736,265.7952,262.5846,850.2084,738.3638,265.8691,382.7331,279.9659,552.0659,400.5289,381.4911
51.1667,395.1183,772.8700,223.5229,288.8929,471.4691,519.5088,226.3769,576.5744,492.4825,798.8059,277.0680,253.9860,817.0845,725.6874,265.2146,379.3428,283.0101,565.8716,400.8406,368.4017
51.2000,403.7042,754.6118,219.1526,275.2098,484.1428,531.7232,226.7092,556.4215,486.1305,743.3294,260.3171,262.1610,822.4797,734.8741,263.4450,393.8930,285.0622,554.2503,398.0444,366.7668
51.2333,393.0822,749.0186,223.8791,276.7181,469.4584,540.1889,223.7443,572.0008,495.4460,766.9570,260.1047,264.9673,801.7788,679.8709,274.0654,375.0316,281.2480,548.3632,403.8021,375.7833
51.2667,416.5090,713.1880,226.9554,275.6014,469.6592,542.8282,224.3241,565.0608,475.2718,765.9581,266.8553,257.7398,800.1700,706.0830,273.4733,373.9638,275.7638,558.8335,395.7660,377.0601
51.3000,406.5117,725.6235,233.2857,286.1648,478.6357,530.1791,228.8170,572.3650,498.1133,758.0104,262.9903,259.9420,839.3774,678.4156,265.8565,380.6277,277.3073,566.4454,397.1479,382.0511
51.3333,412.3581,746.7217,220.8506,282.0317,476.1252,541.8502,226.5415,580.1480,497.5585,742.5753,257.1476,258.9234,819.5186,683.4944,272.4820,385.6302,277.6163,546.5582,419.1661,382.6243
51.3667,406.7997,787.6249,223.9323,274.9977,482.7378,511.5649,224.1986,580.5614,479.6433,736.3175,266.6359,262.3090,799.7894,677.5525,269.6913,387.5545,282.8886,540.9864,409.9765,375.0255
51.4000,413.3036,765.5386,223.0030,277.1164,462.3621,525.8725,224.6629,568.7824,492.8171,726.4340,258.3658,258.8404,761.0016,670.5444,269.0916,399.8501,286.0036,547.0745,413.0956,374.9951
51.4333,403.2978,739.4637,219.3451,282.1791,483.2076,542.3629,228.2650,568.4754,495.0708,752.1286,260.7150,258.1347,772.6776,684.2694,273.6769,384.6034,280.4408,538.9698,404.5933,367.8082
51.4667,401.4854,732.9427,224.2737,286.8055,469.7212,529.1620,223.3560,573.4869,499.4324,739.0021,259.8289,265.6385,800.3280,701.2243,273.3451,395.1973,286.5478,565.5992,397.5607,381.6735
51.5000,409.2849,756.8418,223.6769,277.0928,465.7057,529.5764,227.9979,567.4995,501.1123,740.5155,264.5308,257.3222,792.0516,665.3507,269.0889,386.0974,283.6370,558.3018,390.5926,386.8739
51.5333,402.1215,770.9335,225.5208,277.5740,477.3592,519.5142,223.3495,558.2192,508.9511,750.7129,251.6232,258.9003,757.3205,684.6017,268.2082,389.4963,276.7261,558.8557,406.0905,368.6648
51.5667,394.0005,738.1868,219.0980,292.5502,458.9605,532.9439,226.2920,566.5152,492.9124,765.6814,261.8137,263.6943,764.1183,689.8133,268.2516,383.4344,273.3988,564.5472,400.2503,382.0247
51.6000,401.5542,745.0991,223.0226,280.6511,452.6379,530.5331,230.0392,590.2135,510.8665,745.2956,267.8400,272.4114,787.6505,678.4186,271.2831,386.6424,287.5738,551.6806,393.0567,375.1097
51.6333,392.1409,740.7912,229.7674,286.8596,464.3791,520.9769,230.5043,571.2473,504.8833,746.0311,261.3573,262.9939,770.1712,676.3973,265.7499,385.3291,283.0824,537.7054,394.5231,378.8481
51.6667,398.1929,742.3032,228.3617,283.8520,478.3506,494.3988,228.2533,572.8650,495.8535,741.1427,261.8648,257.8718,785.4869,685.1182,273.5970,392.2855,272.5437,563.0803,395.6252,377.0799
51.7000,400.9886,733.8712,225.4963,276.4655,448.4921,523.0267,236.2378,553.1205,498.1795,724.5638,262.8052,262.0206,765.2390,690.6473,259.8720,374.8288,279.0955,550.5440,389.6611,391.6114
51.7333,399.9206,736.7962,226.7377,282.6425,484.3394,535.6758,228.0834,585.9941,503.5558,730.6420,257.7275,259.2918,771.4425,662.5280,264.3748,397.8221,281.0558,534.2347,404.9846,382.3200
51.7667,399.3073,773.3156,232.6038,283.5512,464.3793,527.2728,221.0191,569.0707,499.8351,761.7024,262.5999,265.7973,746.5037,668.5066,274.8205,381.7462,282.3111,543.9784,391.5571,381.3658
51.8000,399.0461,735.5290,221.3109,281.0495,471.6172,501.3018,220.7337,574.3059,480.2464,739.0021,265.5270,260.1666,747.4273,649.6449,265.0767,385.2379,280.4959,558.3411,411.1578,377.1005
51.8333,411.3645,722.5293,231.9325,291.9658,461.7984,529.7394,227.1615,571.5906,505.9070,711.6995,260.0619,256.8408,761.3155,636.4275,271.1366,386.7012,276.2762,539.4887,404.7733,375.2424
51.8667,400.2360,746.2334,234.9427,278.2800,447.1604,508.7905,229.8101,585.7012,500.4470,706.9458,257.7684,264.0000,742.5100,705.1628,267.1373,381.3065,276.8671,567.0470,402.3644,363.5775
51.9000,400.7851,749.1214,219.3157,280.6163,473.0828,530.2421,222.5213,573.6343,486.3178,728.0158,261.7463,257.8366,769.0531,679.7153,277.9876,376.8122,283.7730,541.3392,405.1095,376.5268
51.9333,387.2311,737.0951,216.9569,272.8782,476.6660,519.8331,229.5800,562.0756,474.9601,691.1775,257.9304,265.8799,733.2428,639.5499,269.1661,378.1811,285.4592,558.7603,403.1794,378.1748
51.9667,409.3926,741.3830,226.3662,285.7572,597.8583,504.0211,225.3024,559.4304,486.0928,707.2515,259.9556,255.3382,744.2815,671.8081,265.9934,387.6654,285.3731,552.2873,398.7564,384.3737
52.0000,393.3125,756.6992,229.8582,288.3723,655.4973,526.0240,227.5331,572.6457,501.9501,731.9409,270.3948,258.3535,747.0886,664.1697,267.0699,393.4545,293.3122,542.2583,406.4608,376.1141
52.0333,405.7705,763.3814,232.8003,272.2637,675.1537,523.6981,230.0709,564.0069,515.5678,725.9614,262.9273,247.7672,769.1999,669.7379,269.4272,366.2334,284.8910,557.2222,405.9492,396.4066
52.0667,386.5080,945.0707,218.8156,279.1556,688.3427,530.6060,230.0104,587.7102,493.9203,698.1893,256.7556,256.6366,752.8634,653.8547,269.2955,390.3372,282.5410,554.5173,403.5609,385.1789
52.1000,386.7246,1045.2761,223.1756,284.2102,689.5711,517.7385,219.7838,573.2442,475.9713,715.6964,260.1555,262.2318,747.4472,656.9239,263.3052,386.5825,290.9012,550.7958,414.8784,398.7919
52.1333,406.2713,1094.6647,226.5320,273.3553,670.2361,521.4710,230.9102,584.0697,495.6942,711.4794,261.0937,263.5774,765.0802,669.2654,265.4674,384.2203,278.2355,567.4394,400.1101,363.9360
52.1667,418.3262,1069.6850,224.2118,281.1287,660.8213,510.6387,231.4524,575.7545,512.5377,715.5438,257.9609,252.7837,737.6463,629.6367,273.9433,380.6236,282.0133,552.5135,397.4458,378.0232
52.2000,405.9690,1056.9024,225.3754,279.2763,650.1544,514.3913,226.9445,599.0932,494.7003,698.7326,257.4774,260.7752,726.3802,679.2184,272.5062,380.4250,291.2897,553.0304,403.0510,389.4878
52.2333,398.8583,1065.6000,227.8293,288.1753,658.2801,514.5213,228.0128,563.9009,492.7895,718.2047,258.1117,260.4949,694.3391,657.7727,272.2037,384.2426,276.1127,555.9186,410.0640,382.1088
52.2667,401.5986,1030.9296,222.3847,281.0975,617.3172,520.7636,224.4377,582.0862,502.0857,720.1720,264.1602,264.9420,750.3741,651.8106,271.2313,377.7848,284.1315,552.1852,396.7859,368.3090
52.3000,402.9775,1061.3446,222.3026,278.0361,610.0809,534.5716,226.0999,586.6505,500.4531,710.7564,269.3291,256.8654,744.7067,637.6696,275.2487,370.7877,280.1974,561.4094,410.4132,385.6509
52.3333,400.0873,1019.3661,226.0525,290.5596,603.8887,517.2212,232.8420,570.6549,506.4996,708.5216,263.0384,253.6951,760.6245,667.2774,276.4935,373.6374,275.1005,557.3899,404.5512,361.7067
52.3667,403.8616,992.8957,221.2824,281.3030,610.8181,523.8278,227.6019,568.7399,492.7980,709.6661,267.5556,264.3301,760.7788,656.4406,267.9667,391.7592,272.4357,551.0563,407.7904,367.4721
52.4000,410.6434,988.3510,225.4153,282.6457,600.8254,515.0405,227.8965,593.2020,482.4693,704.0372,262.6677,258.5151,748.9142,651.3908,279.2440,371.7150,287.1026,545.7575,394.7242,377.2321
52.4333,401.0088,986.1889,227.6254,276.3992,600.1880,503.5839,238.1057,572.5598,496.6552,718.5471,263.0183,261.2225,752.9037,677.9682,275.2988,375.8516,273.4278,542.1867,405.8896,389.5141
52.4667,402.5437,958.8425,221.5788,296.0343,573.6997,501.3463,219.1280,558.1775,498.5953,729.5543,259.1950,256.2192,727.9770,672.6719,278.1839,377.1571,291.0634,538.0387,405.1012,383.0367
52.5000,398.7109,940.0845,220.0681,285.5394,572.2409,520.2269,220.3985,560.2036,505.1747,705.8486,271.2509,260.1790,747.4386,666.2917,270.8660,389.9026,275.2540,544.5476,408.7448,385.3588
52.5333,396.8206,935.7151,225.3374,273.2645,572.1267,507.2653,232.2460,576.9627,504.2175,705.2869,263.7681,264.3399,730.4220,664.8886,266.8205,383.5378,274.6585,547.0159,402.7295,379.5819
52.5667,379.9756,962.4139,222.9072,281.4867,585.6254,515.3608,226.8257,570.3576,486.4205,743.7517,275.9252,247.9780,749.5105,681.1242,273.5516,390.7583,282.5148,554.9371,401.4350,380.8940
52.6000,402.2315,922.0745,285.1471,279.6630,543.2044,522.6904,227.7344,569.1093,498.1579,719.1752,265.2494,261.8045,709.0699,655.7073,272.4221,384.0665,273.4047,553.8694,386.4971,370.4285
52.6333,396.9771,908.3731,311.7494,275.7687,555.8750,524.8132,230.1154,584.2406,480.7792,703.1668,273.5991,256.7694,729.1830,643.8020,272.6835,374.6264,283.2475,558.2941,413.5238,385.2290
52.6667,390.3644,911.2507,322.4584,277.2545,543.5082,523.3749,228.1521,580.2383,500.6067,739.8138,264.8096,255.8464,728.5616,651.1233,272.5667,375.2468,282.5904,552.2619,403.6283,360.2272
52.7000,395.8445,896.1062,321.2455,275.4704,559.3825,520.4813,232.8072,579.1257,492.2797,747.4335,257.0756,256.1311,732.4845,664.2186,272.9895,391.7286,281.0110,577.9752,402.5937,381.6242
52.7333,416.6401,885.6559,311.0674,283.2710,537.7047,505.2428,224.6412,564.6928,487.9031,735.2384,265.0259,261.8208,732.7429,658.0835,272.6243,381.0731,278.0065,539.3122,411.1911,383.0752
52.7667,423.3209,876.3221,326.4290,275.6009,541.9601,526.1442,231.7091,574.8896,498.3027,715.1748,258.7634,261.9242,924.0169,658.0630,271.1459,371.7362,283.4165,551.2105,386.8226,381.3440
52.8000,394.7150,832.9174,326.5912,280.0694,541.1796,533.0928,234.2080,569.7464,491.3643,705.9188,263.5080,254.9440,1000.9533,649.7099,277.3476,380.0846,283.3998,529.8201,399.2680,397.8721
52.8333,401.0129,865.9846,306.4219,276.9278,542.7836,659.2088,232.4969,570.3730,503.8580,697.6019,270.3029,252.9313,1049.0560,660.2867,265.3796,374.9331,282.6913,558.0736,400.6823,373.1953
52.8667,396.5360,853.7056,311.5547,285.2525,532.5172,714.3357,236.1592,563.0809,502.5739,728.3344,259.1892,260.1631,1053.7727,631.0036,268.2106,383.6426,285.8737,542.8367,394.5316,378.1117
52.9000,413.6381,843.8366,292.3371,283.5945,527.0789,742.8200,222.9971,578.9712,512.2867,728.7544,257.4893,262.6228,1040.6123,647.9323,283.9672,395.0502,284.6288,532.9100,405.5493,365.1896
52.9333,398.6190,842.5827,308.6303,283.9274,521.1865,743.9212,222.2610,584.3104,491.7286,703.3341,260.9879,253.3027,1072.4363,663.8182,272.8163,379.4442,285.6253,558.6817,407.9154,375.4881
52.9667,406.1455,847.1788,293.5010,272.5337,510.1033,743.4148,230.6178,570.8630,507.6554,689.1409,259.6043,257.8928,1042.8585,665.9544,265.7422,384.3574,276.4165,538.9813,404.9301,381.7495
53.0000,394.8045,823.6824,288.4428,281.9984,503.2128,734.6975,233.7544,555.6732,519.0578,694.4095,262.1296,262.0377,1000.4296,657.7553,282.3348,374.1125,270.5349,564.0897,403.6031,377.9855
53.0333,399.9821,845.1336,286.3317,270.1140,497.7568,732.4916,234.8105,577.7658,492.5042,705.6411,261.0481,263.5272,985.6881,649.3436,275.1928,382.6963,267.6819,542.8035,400.9583,374.8318
53.0667,394.9357,799.4397,283.6235,301.4806,509.2370,731.6044,232.4175,569.3046,484.3284,694.7799,261.2438,266.0168,980.9834,646.3903,266.9625,382.6784,290.0545,558.8749,408.6306,385.4967
53.1000,400.0763,843.9400,284.3797,280.2397,513.7876,721.4577,221.9074,571.3790,501.0204,703.2247,268.5303,260.3835,952.5075,672.2950,268.4623,388.0694,274.4489,544.7748,391.8171,373.0234
53.1333,405.9442,798.4508,282.3171,395.7797,512.5953,689.4687,225.9916,579.5277,505.8779,719.6109,261.7528,260.1537,974.4867,831.5988,278.9613,388.2631,276.1733,543.4189,407.9586,388.2058
53.1667,408.2208,1296.1770,275.2963,455.1870,498.4901,688.8377,224.7301,589.1222,500.5068,703.3371,265.5140,263.4228,930.7572,909.4768,277.3309,378.9808,275.5162,548.4259,390.7818,378.1030
53.2000,411.5565,1516.4650,272.3283,480.4039,500.2065,677.1129,231.1981,588.4791,513.3430,709.1168,259.2721,258.7734,923.6422,930.6143,268.8124,376.8289,287.5858,540.5084,412.4822,384.5342
53.2333,415.1163,1563.1408,265.3533,479.6311,519.0606,666.6038,224.2964,542.2522,501.6719,718.0278,269.7059,262.1843,939.2999,952.5193,271.8193,390.2662,278.6667,549.4503,402.4023,373.4611
53.2667,395.9874,1583.8326,270.5905,475.9804,500.6466,668.4559,227.5494,936.1122,501.5936,716.0298,264.5873,259.1928,904.2145,948.6985,278.9895,368.6931,281.7283,543.6034,402.8936,384.5850
53.3000,393.3409,1568.3057,382.7889,461.6925,498.3890,1052.7878,229.4165,1050.0794,503.8348,670.7813,261.0705,267.1553,876.0360,920.3170,275.6181,393.7837,276.8719,555.1770,409.2237,365.5288
53.3333,414.8905,1512.3840,419.0165,453.8495,495.3278,1251.3933,227.5789,1151.1707,498.6550,716.0097,271.0907,261.3711,894.8814,917.8699,265.3849,382.1409,293.0902,528.7261,411.3501,373.6293
53.3667,399.3157,1505.2637,448.3444,446.2051,488.1987,1298.8280,223.7513,1135.9719,496.6828,717.9586,264.3380,262.2154,888.2584,908.2759,266.1352,379.9054,282.4389,551.0677,403.0116,376.1601
53.4000,400.7645,1457.2623,444.3747,446.8925,492.6486,1286.2055,228.6235,1131.4150,531.8670,677.4320,265.5293,259.1358,881.5308,873.6727,258.7820,372.4694,282.4861,556.0273,395.4079,394.9420
53.4333,401.5458,1410.9007,442.6537,431.6140,488.5581,1297.3104,220.9807,1100.0706,500.8213,714.6923,262.8854,256.8428,861.7421,892.8375,258.4354,379.4911,283.9717,550.0887,398.7325,374.4679
53.4667,412.4277,1398.4225,438.2431,419.9645,476.4631,1266.5580,228.6488,1088.6171,499.2149,694.1176,258.5339,254.0675,868.5427,886.0113,270.7681,375.5592,280.2051,561.0061,395.2644,385.0511
53.5000,402.2672,1369.0568,414.6740,406.9220,494.8337,1242.3829,233.5038,1057.1551,507.5252,687.3099,263.5601,252.2333,835.5002,836.2085,273.1487,384.5821,278.0690,535.3408,408.5801,385.1550
53.5333,394.5415,1302.3206,408.2027,406.1268,488.5351,1199.3418,228.8365,1025.4628,519.6408,701.4505,262.3033,260.3540,856.4271,835.7902,262.8004,374.0799,283.1563,530.8853,410.3001,383.4489
53.5667,405.0062,1291.8815,392.5587,394.4680,488.0501,1147.5349,230.7109,1030.3476,511.7104,730.3310,269.7364,255.4069,851.9644,840.1455,263.0640,383.9091,358.9573,530.7618,408.5679,390.3518
53.6000,411.4261,1281.9009,390.0631,397.6190,474.2700,1118.2947,225.9288,985.6929,500.2618,708.3195,265.1676,256.9634,848.4294,802.7437,270.9614,379.0580,396.7260,560.1944,392.0147,379.7634
53.6333,399.0249,1233.8297,381.1650,390.8115,509.0880,1074.4011,225.7553,960.0580,501.0506,711.9796,264.1426,257.1624,859.7508,805.9794,275.6446,386.6241,397.2826,537.6637,394.7547,384.7547
53.6667,397.2150,1185.8786,379.4122,376.6972,483.5789,1077.0737,226.2215,948.2879,495.7326,695.3667,261.0599,256.8545,811.5961,788.4880,267.1783,394.2063,406.2120,551.7912,393.5849,383.2139
53.7000,416.8780,1194.8144,373.1096,372.7872,604.6386,1025.1325,231.4013,913.6835,519.9156,689.0328,270.5733,251.6712,785.2185,771.4342,272.8203,387.2615,403.8477,527.0555,408.5373,392.7635
53.7333,406.8820,1149.9458,363.9901,368.3319,660.2291,1012.0970,232.1747,873.7970,498.5664,685.3599,256.1450,259.1803,793.5333,787.2538,271.3104,381.6814,390.0077,549.4438,400.4269,375.8277
53.7667,394.9836,1137.1602,345.0577,369.8282,702.0949,997.7706,232.1228,880.2389,504.9168,702.7642,261.2870,272.7317,791.3700,794.2911,267.4692,383.5454,391.5146,556.1618,397.8914,381.7092
53.8000,405.9914,1113.7104,338.4552,368.2159,681.8473,969.2404,223.4503,876.5907,492.0651,692.4676,267.2802,258.7798,758.4321,759.2692,268.9008,365.4072,379.0926,540.5179,414.2995,378.2584
53.8333,394.2687,1072.6140,335.8108,359.3884,680.5140,927.2361,224.6942,852.0485,503.9332,703.2128,262.2269,259.0492,790.5414,761.1609,264.0639,387.0939,378.1424,543.9706,391.9524,386.8000
53.8667,406.3943,1078.6031,329.4718,346.2701,675.0448,906.8423,233.0593,845.2985,508.3455,720.5349,261.3328,262.6856,820.9973,771.9548,272.2766,370.6175,373.9152,558.5676,404.7237,383.5297
53.9000,397.8561,1055.9320,329.5966,355.1723,671.0584,888.4879,227.2466,838.8162,492.0505,711.7700,258.8675,258.3727,802.0702,743.8344,275.6838,392.8797,366.0969,560.7051,405.2699,397.7640
53.9333,397.1105,1043.2453,325.4875,340.4959,662.9344,854.6908,223.1805,802.3944,518.2601,703.2244,266.0470,260.8704,795.6410,733.3480,272.0101,387.2049,364.0002,539.4984,405.5215,374.4495
53.9667,415.7193,1040.0017,313.7914,336.7501,638.6546,846.9358,227.2131,794.1065,499.1296,696.2409,257.8071,252.1149,776.5637,743.9808,268.5522,371.1953,360.4800,562.0015,406.7648,391.9522
54.0000,396.6118,1000.1014,310.6541,342.1104,639.4953,843.1007,235.0539,801.1120,509.2013,718.5454,264.0058,261.2749,785.3867,747.8128,261.4176,376.9544,362.6217,547.3669,398.2587,383.8499
54.0333,399.3087,1023.7498,305.2936,338.2479,625.4333,811.8604,226.8505,786.6848,485.6502,699.4462,257.6965,251.4351,781.2784,744.2774,266.2446,389.2703,349.4639,551.6374,412.7883,379.3401
54.0667,400.7701,982.8061,301.7160,332.8455,625.1197,803.3353,226.7721,739.4195,489.7146,685.9577,260.4608,256.2219,785.7001,730.4401,263.4723,377.3209,345.9379,563.5250,392.4209,370.7624
54.1000,394.2488,980.1026,293.8575,335.2172,633.0605,772.0100,230.3838,760.6868,502.7713,688.7224,270.3984,259.0889,783.2963,747.6725,275.3679,372.7180,354.8197,555.7334,412.9200,381.2067
54.1333,400.8929,951.1093,301.7597,328.9286,597.0119,777.9898,222.9715,768.1168,494.3710,715.0505,257.1154,259.9841,770.9964,714.8072,273.2143,383.4805,335.9615,541.2927,401.9750,382.4323
54.1667,405.7767,955.0109,285.9765,321.6793,608.0928,763.3427,225.1115,740.5884,497.4595,684.9159,257.0587,251.4985,765.5799,735.9640,261.5573,378.6087,333.4949,562.3785,399.3748,376.1804
54.2000,373.3171,928.6777,286.7514,318.7456,600.3960,742.7971,235.0608,735.6176,487.2000,718.7581,261.6233,256.2390,743.2720,712.3081,269.4199,378.9864,328.3890,555.0306,411.1412,387.1237
54.2333,386.3492,957.6063,290.7787,325.0604,579.0181,734.1204,230.9694,710.4679,501.3117,718.9381,263.0797,253.2279,754.1853,713.9771,268.7308,369.5346,335.1052,547.4768,401.7612,392.6911
54.2667,395.6945,884.3981,280.1500,317.3957,592.8707,736.4764,223.2771,711.0110,496.5109,715.6147,269.7390,259.6314,774.0732,706.5952,270.6848,377.4474,336.9724,542.0895,399.0112,378.7619
54.3000,390.5349,910.1678,283.8307,326.1872,566.5553,708.4546,242.2824,724.2979,496.1014,701.6141,266.1319,254.9105,766.1408,694.4598,273.2435,370.5231,322.1840,581.1335,416.0296,384.1484
54.3333,397.1643,875.9196,274.5785,318.6044,565.6561,702.9497,231.0476,713.7645,492.0203,687.8666,258.1085,258.2118,753.8841,692.6802,273.7889,376.7257,316.7481,542.0465,400.8500,381.3501
54.3667,407.5588,896.9442,268.2425,305.3698,577.2153,673.2028,231.7506,677.9623,489.8972,713.9053,258.7590,261.1639,761.3330,676.3508,266.2369,382.8146,316.6895,558.4204,409.8913,386.5660
54.4000,395.0709,868.3199,263.4649,320.4081,564.9129,675.6298,224.6075,684.5009,493.3709,734.8876,270.0814,260.8820,768.9600,695.1511,271.1264,384.7149,320.1054,557.4553,410.6060,384.6575
54.4333,415.5943,866.4268,263.5512,302.0223,562.1728,666.9431,227.9982,680.5319,487.2186,738.3419,261.3382,260.2019,753.2813,692.5168,267.3544,379.4733,322.1367,569.2155,396.9915,381.5634
54.4667,396.4837,894.1158,274.4261,307.2459,544.7715,681.1816,229.9080,657.9801,500.9215,703.3874,265.3613,259.9416,746.9687,705.9041,279.3577,377.9523,305.2402,559.7290,383.5782,390.4979
54.5000,400.1102,875.6151,261.3408,304.9685,543.7356,640.8969,230.9050,681.3416,503.1762,713.3936,266.6357,260.7398,762.2747,682.7410,268.6422,391.7184,306.9066,558.7617,403.7940,384.2009
54.5333,384.5485,837.7490,259.0630,300.2128,562.3221,646.3022,223.0440,661.1375,515.1276,698.7521,267.2489,258.4975,741.5838,683.6403,278.6840,372.6645,310.3315,540.1832,406.2285,381.0753
54.5667,401.9960,869.9995,250.7220,303.2506,531.1534,657.1480,225.8238,659.3824,504.9488,715.3896,260.0157,256.7453,742.4321,685.9150,267.9237,376.6311,314.4128,537.7154,392.4509,378.2616
54.6000,381.6742,857.3058,252.9367,305.1624,531.4016,623.5472,218.3764,655.6241,496.7076,715.8610,272.3616,262.2632,761.1969,681.3831,276.2337,366.0616,313.4992,555.6977,403.7276,387.5322
54.6333,400.8870,860.2712,255.7156,292.4792,539.8543,622.0988,224.8031,641.2095,480.2482,688.3381,264.9562,246.4822,753.3760,672.3598,264.2985,372.3153,302.0205,554.7576,412.4835,366.3068
54.6667,411.6296,841.2391,253.2919,293.8925,514.7212,618.5450,228.0031,649.0134,513.7990,702.3324,261.1556,261.0510,737.7077,660.5594,263.4902,391.7449,309.4678,555.6393,402.8219,365.7656
54.7000,394.2909,815.7059,251.8212,293.8134,513.8575,625.0885,222.4975,635.3656,525.8852,696.5938,262.1399,259.0628,747.9360,672.9288,272.7451,372.2310,304.9281,561.5956,387.7222,396.1954
54.7333,388.0726,762.9641,248.4031,301.6724,531.8934,598.4091,222.9880,621.4083,514.6009,718.7835,270.0503,253.2895,747.4042,666.6856,270.8152,382.4728,306.6187,540.7717,413.3503,391.8239
54.7667,397.5717,805.9475,254.0945,291.6770,525.6940,621.8705,233.3113,647.0666,499.4669,705.9982,265.2184,260.8844,720.8084,683.9627,276.9700,380.2090,300.1449,545.7914,403.8850,383.3982
54.8000,405.4992,831.2655,244.8116,299.3599,511.6429,604.6622,221.0346,632.3874,495.2492,717.8780,266.6597,258.4063,709.5952,684.8957,270.0383,397.9700,312.0890,543.5063,402.9540,383.8761
54.8333,404.3286,792.2359,246.5427,290.1146,505.4237,598.8296,223.8401,627.7290,487.8443,713.6005,261.5126,253.8465,737.8410,674.1972,272.3761,372.1309,295.5319,531.9380,398.8066,382.5737
54.8667,388.5236,818.2254,243.8371,289.7986,505.3165,600.1711,230.9479,619.1249,495.7468,701.2286,267.6906,261.7796,736.8066,662.0945,263.7013,377.0525,301.7677,529.4331,402.3752,374.3908
54.9000,402.5618,771.9778,247.7797,290.2852,509.9109,587.5544,228.4751,636.4359,493.1137,712.4008,265.6765,256.6325,723.9142,655.7552,270.0684,377.9773,303.1293,541.6279,387.1170,378.4399
54.9333,384.4374,807.9796,242.7800,288.3580,515.8698,576.3619,227.1965,617.5355,528.4237,718.0028,268.3279,252.7675,725.9004,661.0607,269.2327,373.8230,290.8905,562.9704,410.0949,371.7502
54.9667,400.6039,800.9417,235.4648,298.0879,503.2872,577.0485,232.0884,616.8922,510.7158,704.0483,263.2877,264.8093,720.0618,659.1008,281.8313,386.8421,298.5400,563.0942,407.4445,375.6525
55.0000,407.6569,781.6870,239.1247,290.4621,507.1689,572.5121,228.5138,605.0168,501.9945,704.9960,260.0084,254.0202,756.3197,648.2160,265.6640,381.5826,286.6597,548.9839,406.5487,374.4834
55.0333,400.3841,798.7966,237.5193,293.5404,502.2055,572.8691,227.1853,613.4850,491.8557,718.5149,258.0600,246.8252,707.9851,668.7643,272.3240,374.4633,299.3495,563.2662,390.1275,376.4472
55.0667,399.7711,784.7806,237.6698,296.9799,503.0410,558.3232,228.8943,614.1307,498.0419,712.9760,265.6871,259.9177,766.2408,666.1470,269.5300,370.8682,291.2575,555.1782,397.4649,371.0417
55.1000,402.5016,767.6715,231.2704,289.4063,504.9774,574.2703,231.1365,605.4638,511.6327,713.0841,257.9354,256.9870,745.8548,643.6043,265.9608,361.5408,292.4464,540.5252,402.8771,374.4635
55.1333,400.9695,768.1308,232.9154,294.9407,486.8905,716.9905,229.5631,607.8253,509.1814,711.2660,258.1309,258.0628,725.1007,679.4950,269.5874,378.7645,290.6799,553.0508,405.5294,394.3897
55.1667,407.2281,772.1599,231.3836,289.9874,487.4926,771.3779,229.6254,622.3880,486.6305,730.5439,256.4830,267.2980,722.9739,666.1635,272.2858,372.1284,291.9078,557.1189,401.9204,369.7405
55.2000,393.9854,744.7775,237.4480,291.7517,488.4603,791.8314,226.3608,600.8901,500.7609,729.1270,259.9582,252.3581,748.8980,681.5737,273.8966,372.4865,293.4632,549.9059,398.7559,376.8000
55.2333,398.2297,788.1604,229.5112,278.8402,485.2607,784.1133,233.1360,604.2730,502.1234,733.6454,268.3934,260.5070,728.1501,661.9655,264.5791,384.4657,302.0552,554.0109,397.9042,380.7336
55.2667,385.6877,760.7333,232.4923,293.6917,502.4156,786.5217,224.2510,587.9226,504.4353,701.4676,255.3525,259.9641,730.7597,694.6820,276.5732,390.9453,298.1449,568.5114,397.6271,380.0550
55.3000,391.4970,752.0890,235.8198,291.7040,475.6928,790.1508,236.6318,592.4447,491.8156,721.9685,261.1264,259.6623,735.5642,663.4441,275.6436,368.0774,298.3645,535.6655,408.7153,380.2661
55.3333,397.6799,750.9494,234.5896,288.5580,481.7893,770.3217,225.0289,582.1796,511.2552,717.6527,262.8715,252.9553,740.9446,667.7465,277.3504,380.0149,299.9400,539.1415,419.4259,377.1715
55.3667,389.7878,759.7411,226.4941,283.1544,493.9469,740.9776,233.1690,585.0611,508.7354,716.0496,268.9262,254.6779,714.4413,632.0911,267.7909,365.8791,283.4593,545.9984,404.0095,369.8803
55.4000,397.4624,774.3470,227.5323,285.9929,497.0387,733.1435,230.3019,588.4395,498.3707,715.6188,271.6349,251.4676,726.8472,665.5524,275.3377,382.0082,293.2570,522.0397,396.3629,380.1905
55.4333,398.2203,761.1110,232.0835,294.0914,469.4833,724.7938,224.3482,595.7077,516.9909,705.2005,270.6658,257.5757,724.4917,646.7719,268.9857,383.9719,294.5545,559.1565,401.4336,376.2456
55.4667,384.1633,763.0740,232.6079,288.0697,485.5720,727.5384,226.0929,601.2462,512.2864,712.6925,270.2257,257.6436,737.8844,645.2847,266.5282,387.6546,281.4244,550.9283,391.7392,368.3079
55.5000,413.8224,751.4242,225.4787,279.6850,482.6519,710.8865,228.6360,610.0930,500.4972,716.0513,266.8399,261.4876,711.3803,662.9352,269.6410,374.6944,283.2411,537.8204,395.0705,382.5268
55.5333,398.8323,787.9452,234.4941,284.1726,484.3427,691.7313,228.9153,602.3145,510.7936,715.3216,267.0264,258.5508,742.2771,667.6326,267.0270,394.9228,299.0875,544.7399,403.0206,390.8642
55.5667,386.8015,772.4010,221.3951,275.5358,488.5152,693.6406,230.4348,599.7713,499.0386,724.6607,275.7510,260.1472,724.5730,670.6766,278.9699,371.5282,290.8634,531.6786,421.3018,385.7280
55.6000,385.9103,762.8045,225.9818,282.6140,479.8085,675.2044,228.5096,578.0531,497.0695,713.1017,268.6710,259.3441,742.9480,649.3629,276.1305,369.3608,283.3786,548.6100,407.5182,388.8946
55.6333,403.0869,761.7712,226.7054,281.0593,503.7781,664.4995,228.4543,587.6911,506.9505,714.7006,257.5332,257.3154,723.0912,655.8781,275.5462,384.4323,279.4116,532.3048,406.1944,385.1461
55.6667,393.0298,759.7185,229.3479,275.9733,490.5636,663.0334,227.9648,598.1916,503.0518,710.5766,260.6533,261.1800,720.5416,648.4033,273.6445,371.4540,295.2463,532.7005,417.4718,366.8755
55.7000,399.3642,781.9850,215.9483,278.7107,481.5234,652.9785,229.6816,593.5829,492.5909,722.0781,269.2975,256.5387,753.5669,671.4307,267.0747,375.8037,277.1846,529.8144,421.8359,483.4527
55.7333,404.9630,761.1265,233.2954,364.0354,493.1678,643.0179,229.1875,588.3824,493.6255,707.7408,265.7003,261.4280,724.6916,654.2066,269.3498,385.1614,292.9410,545.4571,408.6806,532.7214
55.7667,395.7994,745.2446,228.5390,393.7507,497.6869,653.9992,231.5920,598.8377,504.6157,732.4267,260.1660,262.0755,712.2704,642.6393,274.2953,371.8581,283.2371,552.5248,406.3311,546.1623
55.8000,395.8850,764.2493,235.8085,399.3245,494.0062,627.6388,219.3189,575.6377,498.6248,721.9205,267.8667,262.1022,733.0587,644.9414,264.6104,375.4653,284.2946,569.6704,398.5694,543.2465
55.8333,402.4523,767.1598,219.5886,408.8254,497.5472,609.9343,230.7615,599.9535,490.6051,717.6385,268.1716,264.8007,758.0276,648.8257,273.2565,365.5896,281.8292,579.4671,399.6902,548.5732
55.8667,409.1843,760.4437,217.5402,403.2223,491.7895,621.0807,223.2983,589.4874,494.3256,697.0901,263.9026,260.3919,736.5962,670.8331,271.3218,385.6833,279.6250,557.1449,398.7535,534.8616
55.9000,393.2597,761.6115,231.4531,408.8367,473.7884,604.8513,229.2572,606.7914,482.5810,701.6641,256.0984,259.0544,715.7292,656.0807,272.5600,380.7876,285.0084,552.5126,414.8908,528.2595
55.9333,390.8802,755.2042,219.5000,405.2554,479.5033,619.1244,231.7372,562.9470,515.9959,722.2243,266.0578,248.5249,733.0307,672.0604,261.8667,379.7175,281.5696,565.3005,409.7528,516.6715
55.9667,387.5792,765.3609,226.3013,382.6873,495.1389,614.3567,234.9410,582.5974,510.3344,714.4664,264.6822,257.3835,709.8250,658.2987,284.8195,379.8087,285.0838,566.2233,396.2430,527.1874
56.0000,402.2785,755.0748,219.6887,383.4531,477.1426,594.9540,228.3595,597.4351,499.4226,718.5907,268.2124,261.1153,715.7800,652.9571,271.0799,377.7077,281.8398,555.3058,408.9824,509.0518
56.0333,396.6223,741.5222,219.9098,381.3286,482.0892,596.0007,226.2784,581.6396,528.4349,722.8654,263.6890,261.0566,737.7376,655.8285,265.1457,369.2257,275.3946,539.6504,406.8966,497.5744
56.0667,393.1684,754.2422,219.9769,367.9057,483.8706,606.6603,236.2413,584.0449,501.6627,911.2432,270.9592,247.0567,730.3694,652.7344,270.3820,388.3442,280.6989,545.1020,395.4358,492.5862
56.1000,409.1027,759.5180,228.7362,367.1763,464.5535,597.6063,231.1387,599.9554,497.4424,978.2597,273.3371,256.7482,718.1013,641.9330,264.5284,376.6482,279.3859,551.1848,409.0938,506.9596
56.1333,397.1329,743.7832,231.3561,370.6304,484.6490,587.3826,226.1775,583.1549,509.6253,997.3860,260.2149,262.6224,728.4194,633.2219,258.9234,389.3572,351.4212,559.6802,398.3762,480.6037
56.1667,385.5357,738.0541,223.5275,359.2588,482.4289,590.5532,226.7560,576.4442,501.1314,1042.1074,261.8940,262.2257,747.6870,632.8838,279.3081,374.4397,390.4705,530.1774,402.3707,482.9523
56.2000,395.9684,733.2693,226.4144,353.5792,478.6521,588.5028,230.2374,571.0972,499.7980,1018.8713,272.6543,251.5100,708.3989,658.8972,274.4126,385.8428,401.1009,545.6468,400.5448,477.1026
56.2333,387.5883,725.6631,224.8864,344.8505,496.2734,581.4517,221.1564,567.5865,510.6049,1007.0142,266.4769,258.9816,734.4752,656.4284,263.2206,387.3201,410.6375,560.3072,411.2888,465.3890
56.2667,396.0054,729.2711,225.1833,343.5612,480.4526,578.8932,232.2896,604.6901,510.4649,979.7100,268.5034,256.9762,724.1092,638.9794,266.7391,388.8775,407.8372,534.1172,398.8341,465.4796
56.3000,396.2612,752.7866,229.2967,335.0249,478.4234,568.2637,233.2429,591.8581,478.9312,981.7473,274.0163,262.2612,745.7778,612.6648,270.6512,367.8284,399.4339,520.9047,411.0808,468.2616
56.3333,406.7600,766.2150,221.8693,331.8629,491.7710,573.2255,226.5911,580.9753,510.1240,997.9893,257.5466,269.5405,745.4811,637.6968,264.9066,377.8976,395.4576,551.7817,410.5908,447.9621
56.3667,386.0130,778.1441,218.7614,336.7993,489.5152,558.5317,228.5011,584.4433,486.7649,975.2458,253.8274,254.0462,729.5713,656.9726,281.8444,378.1565,385.8337,550.3445,400.5383,456.3154
56.4000,389.6719,747.0768,222.1857,326.3866,489.1382,560.4741,227.6072,557.3747,511.3428,960.9141,264.4319,252.8942,719.5770,649.8620,260.8634,367.5971,391.0114,545.1470,381.4860,449.5789
56.4333,391.1569,766.8927,223.6546,323.7607,473.0884,562.3650,226.8614,590.7471,490.9350,927.5109,267.8048,249.4307,730.1694,662.1944,271.6531,385.4631,377.1324,525.5364,404.9544,441.7871
56.4667,384.3222,754.0560,228.0254,328.4408,467.1961,552.3542,232.8598,568.1717,493.5606,915.9347,267.8697,260.1878,743.7110,654.5693,268.8561,402.0192,379.4850,545.6844,400.1701,447.1009
56.5000,388.4513,741.6751,227.9314,326.5494,477.1672,555.5861,236.4431,595.8584,519.6531,905.6617,263.3593,261.7314,705.7173,658.7760,269.5520,372.4070,361.0191,530.5486,394.2825,430.8161
56.5333,395.4472,751.0374,224.3888,320.8787,466.2609,541.9062,230.2103,592.6622,504.0139,872.7160,267.0886,260.4105,720.9080,648.1974,271.6663,363.5930,362.9638,543.3325,404.3159,436.9344
56.5667,391.3741,725.4145,224.1447,318.5711,476.3755,700.0435,233.3400,587.1422,509.2883,895.0515,262.6194,334.4719,714.5667,648.2229,282.1556,369.6130,352.6949,554.0763,411.4899,433.1365
56.6000,412.4498,741.0825,226.4590,320.0733,484.2008,766.8616,227.0715,576.7520,516.7377,846.4173,254.4102,368.7185,717.6689,646.8267,266.4368,386.0536,346.2929,536.8124,399.7314,429.9079
56.6333,389.6878,714.9318,223.9905,310.1343,470.3722,765.4869,223.7014,591.4244,513.2859,1028.1580,262.7808,377.1298,747.9477,633.8617,272.7568,386.5853,349.1369,557.1089,394.0332,426.1819
56.6667,393.6663,712.4338,220.9987,316.1414,478.7795,779.3434,229.8218,574.2281,510.9920,1170.4709,265.3800,378.1493,724.2416,651.7608,270.4181,383.4447,342.9394,556.5463,408.3809,420.4691
56.7000,404.3605,725.2655,229.1117,304.7250,466.0653,764.3121,234.0766,590.9111,508.8314,1181.1180,262.2636,369.4533,758.3594,645.3632,261.9845,378.7992,336.7906,568.7346,412.7353,436.1131
56.7333,390.9898,716.7293,224.0423,308.3520,470.7275,764.5311,234.1192,585.1718,507.4147,1166.5769,262.7289,363.3321,739.6239,630.3620,272.7277,380.8122,332.8407,534.1782,400.6704,421.4999
56.7667,398.5983,781.0342,225.8024,310.0018,466.0051,733.3552,225.7858,581.0091,498.8025,1133.8657,259.3182,365.2603,741.4191,643.4023,272.8291,382.5667,331.0427,560.0871,409.1830,420.1654
56.8000,392.2519,756.9779,222.1186,308.9901,470.0190,730.9285,230.1766,571.3029,500.0450,1111.5944,268.9311,355.7989,728.1059,649.1699,257.2127,370.4247,325.6623,550.2490,417.5689,412.1715
56.8333,381.7754,756.3147,221.3509,310.9330,486.5244,705.0201,231.4680,589.9772,507.8762,1104.6430,260.9711,355.4326,736.4361,626.6613,274.9530,384.8349,323.9738,542.0091,399.7620,406.5889
56.8667,394.9221,726.0236,216.9673,311.1933,480.3968,706.6714,229.4043,569.2059,501.6619,1097.0032,258.9346,340.8359,746.5284,648.6353,278.6378,362.9063,330.6439,552.5488,411.3300,412.2170
56.9000,407.2430,747.6672,214.9254,299.1933,468.4763,714.9321,232.1531,584.3337,518.0873,1074.2262,264.3794,340.5514,729.1162,638.8985,278.9614,359.6504,321.2799,553.0702,402.7981,411.2160
56.9333,397.1205,755.7444,218.4831,308.1404,486.3269,680.3537,228.4167,591.4741,511.8515,1055.1427,262.2501,341.6789,731.8181,615.9481,267.5992,379.2076,329.3604,564.7146,397.8601,410.7310
56.9667,401.0768,748.0992,216.8756,287.8672,469.2477,691.9938,235.6027,554.0504,513.1185,1040.0375,273.1517,329.8084,742.0932,627.8304,265.7413,371.1802,319.7265,548.2632,396.3628,410.0136
57.0000,392.6898,695.5378,225.0171,296.0567,464.2676,674.7282,231.1044,572.7753,488.2840,1012.4834,265.0761,336.1819,720.0228,650.4283,272.3823,360.0058,312.4400,548.5090,396.6989,395.1118
57.0333,400.2875,716.1947,215.3287,297.7210,468.6024,667.4794,227.9826,558.7025,508.3034,1029.8607,260.8899,326.7313,738.5566,637.5149,272.3215,369.7346,317.7770,548.1172,422.2170,402.5450
57.0667,403.5886,751.6743,219.6383,294.1872,489.3398,657.8394,226.6638,581.2921,505.8282,995.5616,267.3281,318.0412,923.1673,645.5972,271.4452,371.9369,316.6126,557.3287,409.9081,406.4521
57.1000,405.5353,753.7082,216.2978,301.3451,473.8518,666.4183,221.7051,566.6654,494.0294,975.4982,264.6201,319.0204,1019.9113,648.3845,266.2442,384.9483,317.3521,551.1367,418.6901,396.3177
57.1333,408.8167,744.0963,226.0519,300.4581,474.7808,661.9761,223.6909,560.4112,511.8178,944.5192,263.6765,321.6424,1046.6329,609.6797,270.2687,377.2480,316.3871,516.1916,420.7712,404.0274
57.1667,379.6094,732.8839,221.7731,289.6137,469.9946,646.2561,231.8400,559.6988,498.7320,956.3079,274.5436,303.8751,1059.3547,647.3867,270.7197,371.2238,302.5094,562.2757,414.2278,398.1436
57.2000,402.8647,769.0401,224.6797,293.0863,471.1291,625.9039,231.8725,564.7215,502.1817,916.0030,271.1221,306.1732,1060.0584,658.6700,265.2455,375.7856,293.8873,528.9317,412.1582,398.1193
57.2333,392.3400,742.4009,224.9083,292.6107,478.0410,643.1267,227.2619,576.2363,506.3963,942.3853,262.3629,298.4534,1042.3345,633.4886,265.1690,376.4389,307.0658,547.2934,408.6216,398.2714
57.2667,388.2787,767.1222,218.5062,297.1086,461.1388,633.3098,229.4594,595.9040,496.4970,894.3329,262.3074,307.1009,1011.0028,630.7539,260.8836,372.8821,318.9484,542.9718,420.6870,387.8883
57.3000,395.4099,737.2736,225.7741,294.6969,485.2383,616.8106,225.4093,599.3379,499.3596,881.9463,266.4074,309.0450,997.6400,650.7503,272.2259,380.2989,307.8954,551.4275,413.2859,396.5453
57.3333,396.0817,749.7493,222.3487,299.9312,470.7693,624.2283,235.1300,580.4006,507.3981,911.9136,262.6097,292.5683,987.4365,640.5255,270.1652,381.1015,301.4536,555.4800,411.3006,391.3202
57.3667,386.7531,757.3093,236.1378,289.2027,458.7889,607.2545,221.3618,560.8843,501.4614,862.4713,262.8852,287.8969,978.7574,632.9713,272.6071,376.8599,299.8403,549.5800,400.7497,397.3131
57.4000,387.7460,749.9720,226.1147,289.5584,482.2275,614.3203,223.0415,562.2347,526.8246,862.7846,259.6541,304.6524,977.4719,676.2537,275.5954,379.2088,299.9221,556.9754,422.6425,392.2587
57.4333,386.7412,767.6893,230.0256,285.9134,479.4701,603.0757,223.5058,584.2972,523.1488,874.9544,259.4152,286.9389,983.3102,626.7674,261.7678,366.7082,303.1646,551.0586,409.1531,390.5316
57.4667,403.6632,744.5397,226.5030,293.4912,461.5461,576.2248,226.3910,578.8509,511.4514,862.7496,270.3707,288.7246,940.1467,628.1276,274.9506,392.2756,300.9948,556.5006,408.6269,389.0659
57.5000,389.9054,749.2160,228.8733,287.0870,461.2653,588.2721,229.2998,566.8886,493.4845,866.4714,271.2915,283.6992,913.3861,653.5505,269.8897,386.2678,290.8286,548.3570,411.5583,388.5147
57.5333,400.8329,748.0738,224.1058,291.7750,470.3988,575.5907,229.5581,590.9391,508.0031,827.5563,269.2830,283.8910,934.6992,652.2208,266.7544,371.4664,299.7489,547.3388,406.2269,389.9217
57.5667,386.0460,720.2663,221.7786,292.2335,489.5488,584.3160,228.6167,596.7883,491.5359,827.5338,257.8517,280.9065,940.1809,663.5118,269.3233,377.1254,294.8363,527.6876,401.3536,384.7666
57.6000,402.1323,738.9664,223.1272,285.5174,460.2120,567.4513,230.2802,570.3589,505.7845,818.1440,261.1935,280.0597,931.1811,656.6442,268.6859,366.0555,291.2225,557.5958,420.9044,383.5519
57.6333,388.5970,735.3342,229.1317,283.2072,471.2099,596.3194,228.7729,594.3726,510.3611,846.8073,269.1024,281.2543,901.7565,654.6688,264.4057,373.5220,285.1064,553.1956,402.1524,386.5067
57.6667,395.3149,743.2084,229.1228,289.5156,486.0012,564.8380,230.2913,559.0410,526.9859,818.2613,266.6434,271.2848,903.8850,649.6221,261.9383,382.7398,302.7060,549.4160,411.5872,392.0879
57.7000,381.0484,718.2875,221.1100,283.2168,480.9475,562.9804,224.9746,565.6767,489.0913,803.2049,275.7569,281.8800,879.8856,662.4881,264.6451,370.0678,308.5734,544.0056,416.1316,395.2777
57.7333,392.2565,756.7279,218.7301,283.9853,476.4350,557.0629,228.8685,567.7441,508.8391,801.1566,265.0677,279.2577,885.0284,644.2701,277.6885,377.0978,284.1355,556.4548,397.4053,381.7354
57.7667,398.5939,761.4174,218.8991,278.4424,475.2869,574.9677,228.5889,586.5804,509.7187,793.7444,255.1920,263.9489,844.6367,616.6451,283.0463,371.2862,285.3904,540.5205,408.5985,374.0173
57.8000,394.0756,749.4211,224.1983,287.7481,475.1351,560.0611,291.3729,564.5062,511.7963,781.3884,263.8998,272.7827,852.3528,643.3493,267.8251,368.2975,280.9344,538.3701,402.5184,384.5603
57.8333,392.3937,714.7442,217.8154,277.7445,463.2632,563.4470,318.2684,595.1748,534.9448,794.4969,260.9857,275.1475,876.9245,642.2926,271.5788,379.7913,290.9031,527.8888,405.6022,371.6297
57.8667,390.9346,732.8247,218.8770,282.3253,488.2731,558.1894,328.0565,581.8237,503.1677,794.2139,263.8074,270.6416,843.0394,683.7546,267.4000,375.1706,286.9525,546.9580,410.6057,377.2493
57.9000,395.2980,777.9247,222.9402,286.7819,477.8266,587.1023,329.2075,589.9868,515.6985,768.6591,274.3554,268.6601,837.1181,610.4100,269.4387,364.8882,285.3445,533.9210,419.5521,391.6957
57.9333,398.8253,737.7293,221.0647,285.9080,474.7834,544.1160,330.9172,573.1469,521.6744,774.8779,268.9725,262.1493,827.2147,643.2317,268.4337,385.8462,286.5099,547.9952,417.0158,384.6916
57.9667,399.6101,739.3977,226.3397,279.3265,480.6201,547.0191,331.9120,595.3997,498.2219,759.5569,261.9546,276.4091,837.2521,641.9517,275.5313,379.3708,285.7093,546.1383,403.8800,377.5643
58.0000,399.0146,749.8104,224.7136,295.0328,480.7025,561.4016,309.8590,575.4853,502.5864,771.0382,272.5230,264.9216,835.9961,655.1837,273.5780,383.4214,291.9257,542.1781,404.8315,385.3929
58.0333,400.4103,757.4162,218.7919,280.0075,482.8226,540.7587,317.5490,567.2807,515.4468,766.4241,268.3352,270.9430,830.9793,651.5066,266.1106,372.8400,282.5011,553.1865,420.8678,373.5740
58.0667,406.7834,698.4034,228.8421,285.5451,487.7502,543.8896,302.4721,565.9416,522.3450,762.3095,265.0658,262.9762,812.5753,667.6654,272.2725,377.8103,281.1070,555.0859,412.9917,388.3740
58.1000,408.1397,748.1870,215.6324,286.3429,479.8985,531.1373,302.0048,580.4774,505.2913,766.4849,264.5630,259.4353,812.0098,652.0642,277.2284,367.5774,285.6815,556.9153,399.3323,380.1613
58.1333,397.4186,751.6366,227.0008,277.7140,469.6298,553.2326,303.8285,575.2411,518.1338,762.9042,273.5528,271.7673,805.4249,647.4269,280.9439,380.9840,285.8808,535.1250,410.6453,392.0447
58.1667,393.3827,725.4015,215.9288,285.9124,459.0770,533.2435,360.9011,588.8964,526.7599,759.9346,264.1072,268.3710,807.0514,647.4032,268.9836,374.0951,290.7153,561.2982,403.6071,379.8113
58.2000,401.6977,735.1514,223.1575,281.9398,467.2550,537.5084,380.2191,554.2354,507.1891,751.5591,256.6053,258.1607,788.4117,633.8409,283.3183,377.6269,291.1452,540.0431,410.3830,387.4922
58.2333,412.2116,737.2877,217.1110,277.4002,481.9988,558.5346,393.5451,586.7785,513.6758,767.9804,257.2530,271.0701,774.1092,641.1468,262.4401,374.3788,280.1712,555.3038,410.4300,370.6680
58.2667,388.4027,743.9486,215.7143,278.9028,473.4794,554.2515,397.5191,582.8956,521.2841,780.3056,268.8740,266.4220,772.7711,649.5447,282.9163,383.7768,278.3788,528.9723,415.1904,382.7726
58.3000,397.4116,745.6577,221.0076,278.9962,464.5332,540.9971,388.5884,566.4902,501.9637,756.0548,267.6436,260.4128,770.6614,651.9064,267.9743,374.3647,280.8914,560.8092,416.8273,387.6645
58.3333,392.7369,735.4593,234.6366,280.0197,476.8258,532.2310,376.7190,585.5854,517.8558,750.5668,262.7964,266.4249,776.4585,636.0186,264.4149,378.5500,280.8814,526.4226,404.9990,380.6707
58.3667,407.3654,738.2648,229.7021,284.5191,463.1406,535.5198,377.7951,569.9509,517.2264,746.9814,273.1145,273.2029,766.5409,647.7717,271.4847,385.6449,276.8062,545.9663,417.9951,384.3735
58.4000,401.2531,740.7417,217.9517,284.2877,464.5948,547.3259,368.0200,573.5437,503.5303,743.4044,266.6447,268.3904,809.4674,653.3876,267.4171,385.0759,279.8129,549.7775,395.9719,387.7132
58.4333,402.8245,727.5387,223.7518,278.3701,471.6611,512.0106,350.5527,575.3521,510.0355,737.2164,271.1691,260.5382,784.1241,633.6476,274.7667,384.7950,285.3321,536.4002,394.3286,379.7178
58.4667,403.9941,753.1201,219.9315,277.6962,456.5381,534.5393,353.6423,571.6332,513.1930,736.8320,268.1713,261.2234,781.3185,648.3160,262.5256,387.3920,283.8735,550.5679,401.8426,392.1855
58.5000,395.8371,735.3998,218.7521,274.8113,472.5962,534.1900,341.3145,592.9308,507.3571,722.9651,261.2704,263.7485,746.4248,651.9875,279.7767,374.6797,273.0298,549.8054,403.3593,371.1498
58.5333,395.9386,736.5519,223.8733,285.6481,462.9560,536.3737,344.7123,593.2391,489.6141,763.1379,257.2943,258.7918,762.5753,652.2198,273.2831,383.4745,276.3972,542.7813,405.8380,404.5732
58.5667,401.2729,741.4516,229.4364,282.9824,473.0938,545.0793,329.2706,572.8786,510.0574,745.6762,262.5504,264.5734,752.6554,670.0124,270.1613,372.5385,280.3017,546.6900,417.8443,372.9633
58.6000,398.5745,754.1926,228.0074,282.7651,475.2817,533.7004,317.8303,573.2582,510.4455,720.5699,273.3052,258.9872,767.9355,635.1460,269.0031,372.6868,281.6492,552.3504,399.1988,374.3235
58.6333,397.1959,731.5215,224.0553,291.7466,480.0378,526.3073,314.0876,585.8268,516.2668,747.0637,260.8865,261.2074,959.4297,656.1575,270.9822,386.3151,290.9887,548.8071,402.2706,384.2205
58.6667,391.7401,736.4055,216.0130,282.5738,477.6328,545.6545,310.2883,581.6266,513.5971,734.1304,265.6039,256.8548,1073.3285,626.9252,266.6066,378.8910,277.6787,526.4802,411.1405,373.9550
58.7000,399.2636,748.3876,217.6728,273.9269,471.6155,535.3838,308.3743,574.4137,510.0197,749.0570,262.7411,257.6326,1074.6634,652.3307,271.9704,386.0494,291.6089,536.2542,411.5122,373.5777
58.7333,401.1594,749.0636,220.2938,282.1768,464.9771,538.9641,303.9676,577.4587,504.9239,750.7443,258.6198,261.4400,1085.4489,643.5886,272.9106,372.4320,277.7478,550.8187,405.3219,361.0184
58.7667,390.5608,744.3547,232.7378,276.3956,476.6062,527.0208,304.7349,574.6620,512.1648,736.6777,253.0223,252.9829,1065.4837,651.7710,266.7499,385.6702,279.1137,533.0247,416.2320,393.0363
58.8000,391.5985,752.1334,220.9944,267.6977,485.8021,524.9868,288.2124,570.5619,505.7827,750.7626,265.1350,253.2590,1096.8459,639.6521,271.5201,374.3799,277.1187,550.5760,407.9609,379.8994
58.8333,393.2249,762.9283,231.0572,275.7880,483.4396,525.9353,293.1550,568.9323,501.5152,709.4359,271.7246,262.1290,1038.1950,647.0746,275.5190,365.8415,288.8075,541.6538,413.5429,364.5828
58.8667,393.6529,734.4491,222.2107,270.3256,491.8725,536.7732,297.0903,591.9231,512.5201,738.0833,258.7401,266.4594,1041.1999,635.9506,272.9187,370.4769,273.4952,543.9207,411.8804,384.1160
58.9000,398.2383,723.9266,227.2916,285.1398,457.5162,543.1702,283.7326,569.5929,507.8744,741.2149,264.8651,250.7103,1011.7780,646.2666,267.8560,390.7304,281.7254,544.5863,423.8015,373.9449
58.9333,392.1186,741.7157,221.3838,280.8716,490.6590,539.3934,293.6205,554.1640,524.3036,732.1238,270.6093,250.6520,1012.1523,627.8477,274.2276,388.8105,280.3780,535.4452,405.3304,375.9931
58.9667,389.6395,714.3175,225.0645,274.5598,461.3008,520.0674,277.4492,569.3013,510.2363,748.6380,268.1961,257.2752,990.4467,648.1715,268.6112,364.5067,277.5833,546.9762,402.2244,380.0125
59.0000,402.4043,734.3498,224.8269,272.1700,472.9344,534.8647,284.2743,590.9415,502.1248,730.5256,269.9035,245.1323,978.0659,628.7204,271.2534,376.0584,288.5098,533.8015,409.4631,376.6514
59.0333,401.2519,720.1399,226.0619,272.8219,474.3189,526.3586,273.6061,571.7288,514.6413,731.0361,271.6721,259.5721,960.5241,638.4509,272.9581,381.4856,271.7397,533.3755,388.7663,375.2377
59.0667,402.9898,709.3623,219.9193,283.6718,493.9915,527.6238,267.2693,584.5898,508.2685,722.4313,270.7541,249.3942,944.9553,645.3592,274.1099,371.4442,273.4451,539.0873,411.9767,381.0765
59.1000,394.3759,737.1371,225.5010,278.1953,482.3638,529.2056,266.2282,599.1747,518.2782,717.2387,273.5434,257.6369,947.9867,625.5427,266.5853,377.6246,281.6362,537.2303,406.0735,377.1867
59.1333,397.3973,741.8871,224.6123,277.1730,468.4370,550.5262,262.9662,574.6771,517.3568,739.2236,269.7636,249.8475,920.4521,646.0724,260.2776,385.2769,274.1573,547.8463,410.2885,380.7764
59.1667,396.8743,722.6221,222.6294,278.9956,481.9358,531.7887,265.9602,595.5654,512.9238,721.2685,267.6629,262.9086,905.8422,644.6791,281.3565,375.0363,269.0917,537.2566,409.2814,370.9124
59.2000,402.0380,741.0612,224.0184,289.0876,487.9265,518.7007,266.4301,581.5844,497.1653,696.3671,261.8885,258.4373,916.8881,662.5238,267.6596,377.9005,283.7570,543.3482,411.7017,371.7051
59.2333,391.1887,755.2871,220.6699,274.1976,465.9208,518.1642,254.4147,556.5530,503.4831,735.1519,269.6732,261.2194,891.1220,630.9736,269.8590,363.7595,281.8184,544.8247,395.8963,400.2688
59.2667,407.1297,764.7770,222.4551,282.1858,468.7113,508.7483,258.1403,577.2277,526.8050,717.0095,264.4472,258.9242,889.3388,636.9727,268.4914,364.2943,281.1964,539.8959,411.2423,389.1281
59.3000,382.2136,749.8399,224.8814,270.2222,467.1835,543.1994,253.5695,589.5777,518.5458,735.2305,265.2761,258.7789,904.6958,644.2226,266.7317,394.6189,276.9198,562.2471,406.9423,378.4491
59.3333,385.2614,722.9052,217.8875,281.5791,480.1114,521.0515,254.2670,585.6123,522.9804,720.3404,261.8804,250.3924,878.6451,635.4588,266.6275,372.8076,286.3663,549.6801,403.8529,373.5807
59.3667,401.3558,747.1888,219.9184,276.5077,476.4861,522.1209,256.3178,576.7479,502.8594,730.2789,262.7068,249.7302,868.5741,637.4246,262.9824,348.0773,283.5036,542.6680,416.5909,393.5896
59.4000,402.6372,745.6319,220.9324,276.6142,465.6399,536.6593,252.2500,577.5619,510.5062,700.1848,269.7504,258.3736,879.4560,649.9490,261.6528,378.9700,283.0606,561.0924,407.3895,394.5411
59.4333,392.2671,721.4534,224.7549,278.3872,486.6440,517.6140,248.8683,575.7864,516.5173,712.2979,258.5978,255.7551,846.3654,636.4399,280.0561,385.5536,271.5702,579.4846,415.3916,380.5069
59.4667,391.1174,762.4837,225.0514,283.4203,491.2307,535.2086,261.5050,576.2959,507.6589,711.5372,279.0708,256.2297,845.5990,646.4115,263.7103,375.9197,290.2293,541.8123,420.2593,374.7823
59.5000,386.2774,748.4309,221.8913,287.2899,463.7839,533.5889,248.8085,586.9862,524.3768,701.9802,271.1211,259.3346,836.6020,626.0586,271.5784,373.0960,277.0393,534.3299,411.8385,375.0084
59.5333,382.1198,967.9564,222.2658,278.9636,473.1601,517.5432,249.5548,568.8797,493.2592,699.0012,261.5097,259.4647,839.4696,630.3795,268.9682,381.8565,274.6936,534.7903,417.3521,385.8853
59.5667,403.6867,1003.2796,217.3150,280.8955,482.0470,530.5397,247.9959,581.8040,521.3255,745.2811,262.0856,255.0038,850.4082,655.6299,274.3919,370.1841,277.1670,552.1726,415.4477,376.5977
59.6000,391.0651,1070.7403,225.8576,275.8061,467.9599,531.4645,246.9584,601.1978,521.7039,722.5021,273.3442,258.5510,836.1474,625.1180,281.5124,371.5363,271.2180,546.2154,401.8110,382.0537
59.6333,389.3814,1066.7387,233.1778,273.9727,477.7078,529.7541,247.0143,561.7444,493.7193,739.0698,264.3361,249.2108,813.9095,647.2922,274.5388,370.7453,285.2687,546.0116,411.3910,383.9531
59.6667,406.9483,1056.3427,223.1850,276.1636,479.8374,520.6845,249.4088,585.7182,515.3709,717.8261,266.8510,254.1185,837.4588,636.6043,267.9458,378.0744,279.8284,542.6249,417.5487,390.5983
59.7000,401.9508,1059.6794,220.1766,273.2872,488.4452,530.7032,244.5869,578.3790,508.4055,703.4141,262.4478,252.3003,822.2013,641.5413,280.5973,375.5614,283.7026,540.8616,413.5519,376.5322
59.7333,399.5970,1051.1743,223.6120,280.5279,482.6835,534.6951,235.2571,593.3237,503.6155,718.7994,259.4667,255.5143,834.8097,621.3491,285.5303,384.3036,277.3596,545.1158,399.3489,377.6764
59.7667,412.4239,1026.3813,220.4262,275.3847,472.1975,515.2113,246.7187,577.7385,518.4916,716.9215,258.5960,247.8964,804.1301,642.0461,268.1923,382.3970,268.6260,536.0650,421.1044,385.8776
59.8000,395.0276,1017.3073,218.9773,281.7620,471.0841,522.2075,243.7762,555.2648,499.5366,728.7016,269.2767,245.7518,800.1410,643.8969,269.3001,363.9871,282.9586,531.1464,399.3318,370.9275
59.8333,387.4107,995.2796,225.1963,279.7531,467.9306,521.7856,239.1876,582.2503,654.2971,718.0197,264.7051,255.0601,813.9827,639.0334,267.9181,382.7525,282.6536,521.6834,404.7250,388.4134
59.8667,401.0457,968.8095,217.8274,275.5098,485.5078,534.6170,239.8932,603.3484,707.3472,705.7655,270.2893,254.3693,794.9243,621.1719,276.2576,370.7908,275.6319,558.4623,411.6885,377.4348
59.9000,393.1553,967.2994,225.4970,277.7663,481.3310,512.9758,239.8777,572.3124,726.6904,722.9266,272.6703,250.1543,785.0243,636.9838,265.2903,366.6831,275.9938,539.2187,404.6766,380.2388
59.9333,390.6971,965.9076,226.5315,281.5920,487.6698,532.5285,240.9421,574.3423,745.2713,728.4716,272.1040,258.9269,804.5032,646.6314,275.1272,373.8814,286.9490,523.2027,420.8777,375.9905
59.9667,405.2635,962.7235,228.5115,272.7935,481.3401,533.6592,246.1187,600.7579,738.7213,714.7169,264.5757,250.9344,762.6108,630.0378,272.1985,388.2672,294.2896,555.0940,420.6258,374.9021
