time_s,cell_01,cell_02,cell_03,cell_04,cell_05,cell_06,cell_07,cell_08,cell_09,cell_10,cell_11,cell_12,cell_13,cell_14,cell_15,cell_16,cell_17,cell_18,cell_19,cell_20
0.0000,757.0657,634.1912,772.2842,729.1505,235.2488,736.1429,452.8889,698.6361,681.5700,531.9282,401.4084,278.1098,441.3599,596.4686,527.2327,444.5962,711.8412,401.9998,531.2452,696.2886
0.0333,753.6702,618.1081,786.0113,728.5385,232.8491,740.5342,448.3630,709.5504,644.1731,507.6488,403.8092,272.9571,468.5418,596.7712,563.3510,446.0810,743.5898,391.6099,517.9287,713.6974
0.0667,778.7960,611.5669,794.9885,714.4389,224.6091,747.6886,451.0293,701.4654,650.0685,525.9744,408.8163,286.4887,474.2441,615.3313,587.4949,447.5637,745.4432,378.8640,527.4463,907.8598
0.1000,779.8885,656.2860,818.6772,723.8736,229.2896,764.1561,462.2786,717.2937,649.1053,523.4575,415.6048,287.4071,466.7634,604.2992,551.5873,458.4352,748.6933,370.6604,513.8278,983.6813
0.1333,772.1729,648.9253,795.2115,719.0956,232.7852,725.8995,451.7054,704.9792,648.1949,508.6868,414.4340,290.5576,439.9948,613.0569,565.2156,445.8406,760.3417,391.8064,543.5890,1026.3301
0.1667,776.3434,629.4574,805.1218,727.6219,228.2943,753.7835,455.1060,701.5027,654.4976,509.3225,401.6310,278.1841,481.3622,601.0854,558.7275,455.3660,736.9536,386.3975,541.4227,1034.5131
0.2000,754.4261,634.9351,814.2231,723.4178,231.0768,732.2676,464.4219,699.8761,692.3936,509.0258,397.4098,277.1504,464.3867,580.8971,540.9935,459.0771,754.2444,382.5858,528.7940,1054.8391
0.2333,776.6736,643.9920,818.7913,738.2925,232.0681,721.3211,440.4475,688.0973,679.3825,511.4762,412.7576,276.5756,456.9566,609.3339,552.9835,451.4427,742.3482,388.6497,518.8023,1003.1542
0.2667,761.1127,649.7102,830.1238,705.7615,223.9156,732.9816,448.4710,717.1091,669.4121,516.4870,401.4494,283.6077,470.0946,597.8079,571.4111,445.0387,752.9832,375.7274,530.0907,992.2245
0.3000,745.5190,641.2400,806.8474,721.2765,225.1907,733.6998,443.1469,707.6689,662.3223,507.5243,403.8414,350.9963,468.7685,587.9537,547.2057,458.6761,738.5960,381.7084,528.0853,1011.2204
0.3333,792.6141,629.1239,817.2697,721.9721,222.7399,743.3969,447.8361,720.4468,645.3013,502.2115,400.5127,397.1952,470.4571,626.0960,562.1205,453.5217,741.3002,384.2350,518.2027,974.6455
0.3667,767.2240,663.7532,809.9990,710.5195,230.0535,760.9207,460.0989,726.1549,630.4457,507.2235,410.9938,404.9366,457.1456,599.8404,556.9421,440.2413,744.5286,371.1082,520.3538,983.3102
0.4000,782.6044,650.0107,791.3683,732.0006,229.8408,735.6527,453.0599,694.2590,674.4494,528.4968,403.1810,412.6761,471.2390,592.1289,559.1083,456.3299,745.1595,396.1095,535.7110,914.1329
0.4333,775.5540,636.4932,805.5430,711.5522,226.4834,732.9620,445.7185,720.1165,675.4082,515.8359,418.9423,398.2330,476.4893,574.5013,558.9288,463.6194,768.1902,389.4676,535.6535,932.5388
0.4667,774.5179,641.3407,822.0580,705.0240,225.6696,720.6798,442.3915,712.8063,679.2212,512.9359,409.9336,403.3822,451.2526,594.2893,540.7684,457.4359,744.9309,376.9322,551.2528,915.0617
0.5000,768.0831,651.4226,794.7299,723.8222,232.1562,738.3731,445.3807,725.7125,650.8395,518.0712,405.2520,401.7749,470.0459,578.3579,547.9660,470.4341,737.9046,371.8202,534.4156,918.5220
0.5333,758.2146,635.3552,829.7648,721.6746,233.2297,734.0486,440.8360,722.0115,665.1013,508.2185,407.9837,382.4764,453.4466,604.9683,547.3985,438.6852,748.4643,393.0033,524.8553,911.3338
0.5667,773.1424,653.5533,792.2055,724.5619,234.9001,771.1027,454.8927,686.4672,673.4211,495.3281,400.3620,389.6945,460.7924,605.9292,556.7618,458.7608,727.8091,375.0215,503.6837,883.4300
0.6000,758.9790,659.7548,786.6910,710.4962,224.2781,734.8177,440.3508,702.0971,655.3053,507.7775,403.6893,375.0018,464.1049,608.4861,560.3767,443.4986,738.8925,387.0613,521.9756,891.1047
0.6333,773.0489,678.5072,783.0208,696.4374,225.6665,762.2204,449.6991,721.6821,665.5512,518.3303,404.0651,363.8360,475.7761,599.2658,568.7306,449.2496,742.1268,396.3864,525.1912,869.0579
0.6667,790.6195,655.8248,773.7872,728.2132,228.4322,758.3135,557.3584,711.2678,662.4055,506.9178,406.2960,366.9789,458.1579,600.7897,552.8326,444.0523,767.9156,382.1838,521.2965,817.5358
0.7000,762.7696,629.1606,769.3757,720.7377,242.2686,752.6489,633.6352,709.4560,651.7717,502.3430,408.6982,365.9143,458.9441,627.6422,557.7437,442.5432,750.2391,384.3588,508.7992,864.2550
0.7333,776.7879,653.5921,813.8870,712.6345,229.0757,759.9296,650.5979,696.0958,679.5864,506.4691,412.2139,346.3085,463.5986,603.2035,561.0481,458.0455,758.4328,374.1302,516.3897,842.7824
0.7667,756.4282,644.2826,811.3330,723.5218,230.6780,738.5227,647.9660,717.6667,659.7522,505.7540,400.2064,352.1886,453.4219,607.8139,562.5057,445.2705,724.8213,384.4573,516.8243,825.9071
0.8000,761.4331,652.7309,827.3111,745.6051,230.7223,742.4315,654.0770,689.3387,665.3890,505.2060,413.3324,351.8337,474.3622,607.7007,564.0786,450.1637,731.4082,381.8960,515.3578,815.5179
0.8333,760.0019,633.2857,782.5311,733.0299,227.7170,703.2249,637.4489,720.1639,675.2026,510.4596,402.6833,349.3962,467.6200,628.9760,565.3566,463.7172,752.4165,367.5187,526.7497,805.7773
0.8667,720.7811,636.0002,794.4295,699.7918,223.0134,742.5800,636.1749,716.0577,653.5922,507.2878,405.2091,343.1306,451.2175,598.6028,558.8075,444.8645,712.8458,384.8294,527.2268,839.6416
0.9000,785.8637,648.9982,816.0613,721.8957,219.5492,745.1491,626.3506,707.5345,664.9883,510.0171,384.5734,347.7202,458.9412,590.7375,557.0102,463.3861,750.2700,374.1352,513.1324,812.1654
0.9333,736.9051,652.3184,828.9689,715.8232,230.4919,744.6144,621.3309,702.8940,665.0493,511.6578,420.3880,340.1819,468.0142,592.2604,545.9779,468.4593,751.3539,374.8999,522.4242,806.4927
0.9667,752.7096,657.4777,823.5929,770.1909,220.8575,737.1232,598.7013,692.4938,646.5950,525.3695,394.3165,328.5474,466.3970,596.4206,562.7120,453.6512,746.9206,369.1296,518.8695,787.1128
1.0000,774.8205,634.7404,801.8390,706.6954,225.6719,721.4191,604.2730,714.5630,657.6723,502.2374,417.2916,326.1305,447.8955,641.4541,538.0638,470.7477,759.8768,378.5693,520.0910,795.5549
1.0333,779.2072,666.3363,795.3228,713.8200,229.5002,738.9448,599.7987,702.5451,668.7674,528.7837,408.8571,330.2433,462.0080,594.0814,550.8030,469.0612,750.2896,390.6087,526.6333,779.2318
1.0667,976.7256,635.2989,825.0506,714.3299,226.9531,759.4764,574.1720,706.1597,668.7503,516.9122,417.7584,319.6769,451.9025,592.9068,560.9783,455.1391,737.0073,386.6622,503.9169,770.7513
1.1000,1089.9212,656.4889,787.5840,718.2041,227.7340,756.2952,560.4283,718.9741,643.2693,508.4857,394.0842,319.2982,480.9217,623.0947,550.3911,466.5128,751.1755,377.0500,528.1924,783.2125
1.1333,1114.1348,656.3036,777.5873,741.3969,231.0259,745.5607,570.0109,712.2165,656.0848,521.9614,411.0045,317.0760,471.8429,605.6812,562.2449,446.3379,728.4522,385.1028,540.4010,785.7935
1.1667,1123.1375,653.9363,802.0239,706.7329,225.9999,764.2517,567.0364,712.6951,669.0526,493.9506,408.3880,310.8513,457.8187,603.4674,549.6590,474.4179,745.1272,388.4429,520.8952,781.6748
1.2000,1121.3462,651.9042,776.6062,695.0603,237.2617,713.9065,556.0394,712.2685,645.7939,525.1694,400.7109,312.9347,464.7743,609.8145,578.1788,457.2777,749.8873,382.7909,507.0540,761.3359
1.2333,1082.7246,635.3837,811.8865,707.9968,233.0142,743.5438,547.4882,715.0910,677.2715,502.0699,405.0199,320.5840,463.7200,614.0860,570.3286,466.8280,747.1494,382.4256,522.7963,752.8932
1.2667,1055.1447,643.7246,783.9992,728.0144,231.3875,748.7693,546.6113,731.9109,648.3072,517.1226,412.2788,310.9412,585.4126,606.1418,546.7405,456.3875,745.9531,390.8405,513.2632,773.6315
1.3000,1079.6085,648.6580,815.6430,724.5808,227.6952,750.3973,542.3475,715.9863,670.5794,519.8954,403.7073,298.4974,644.9984,622.4477,556.6777,438.2110,745.4478,380.6692,532.0662,741.6158
1.3333,1098.5092,637.9698,797.6942,739.0753,224.8688,739.4869,536.1236,723.0306,662.6243,494.6208,414.8350,313.7495,677.8531,600.4032,554.4317,451.2979,769.2785,385.2180,521.2592,777.4241
1.3667,1038.0171,652.2810,787.6561,739.6261,218.9203,741.3711,512.0024,719.9918,671.5223,490.7377,398.1777,306.1671,678.4626,587.5453,559.2018,448.6836,751.4484,378.3803,529.1878,760.4144
1.4000,1033.6064,626.9068,800.6280,710.0154,225.4532,749.2143,521.7966,695.0572,697.4560,506.3514,405.9491,308.4866,665.9015,609.8221,554.0440,466.6172,723.9995,382.6098,502.9512,790.3958
1.4333,983.8331,662.9375,789.3045,723.3977,225.5852,761.7476,509.8411,723.3170,674.6214,516.7961,404.6535,311.3735,662.8290,595.5103,543.5617,463.7957,717.7802,395.5455,521.9210,752.2266
1.4667,1004.1319,644.8803,795.0899,718.2169,225.4260,758.5369,527.2438,696.0448,663.4096,507.7059,400.5724,304.3878,654.2557,621.2818,561.5496,453.3491,742.8274,370.6810,503.0122,761.9406
1.5000,978.1785,636.1631,808.8403,711.3470,231.8250,724.3201,513.1482,706.1548,683.2874,515.8559,405.1158,308.9535,634.0540,625.8596,568.6582,445.3792,735.6400,369.5869,514.4220,770.8001
1.5333,969.3812,653.8339,801.8945,708.8840,227.3481,771.3010,499.7396,734.2132,648.9704,504.9868,413.5793,293.5569,641.4011,594.0857,552.8515,466.9794,756.8784,384.7005,543.4351,742.3004
1.5667,934.2922,651.3954,792.8202,712.5109,240.6722,733.5284,500.1269,718.7309,677.8162,518.2863,400.8718,302.4476,617.4423,582.1467,554.4511,467.5419,750.4759,386.3962,526.9814,763.6966
1.6000,938.7341,624.0122,817.0202,699.5899,233.6431,736.7203,511.1553,695.1593,656.9141,513.5729,408.7934,310.1199,619.9146,584.7306,561.3560,446.3751,731.1097,382.0870,527.7037,741.4349
1.6333,946.5502,640.3780,800.3197,704.2734,230.3114,722.6335,507.0457,710.4754,653.7296,505.8042,395.4316,300.4236,611.6887,602.4028,550.5321,460.2824,713.6929,387.4126,518.7696,766.1065
1.6667,936.9949,655.1789,799.7773,730.7401,228.2878,745.3073,492.7902,712.8284,659.2471,515.1535,397.8806,293.0272,595.5532,615.9692,551.1494,463.2951,712.3915,378.3420,520.8059,745.8131
1.7000,932.4535,656.0550,798.9210,746.6634,231.1880,709.3169,482.8539,677.8886,652.9949,522.7255,411.8882,297.2674,583.6405,604.0955,557.9287,449.3085,737.6127,371.8202,514.2400,770.8109
1.7333,921.5448,644.8254,799.6329,706.0550,227.6566,740.1966,479.3303,707.4207,665.9023,512.3470,414.0403,298.5848,584.5429,591.3418,547.1250,446.3114,761.5495,386.8942,526.3565,715.8648
1.7667,903.0274,643.8951,784.6793,734.3779,223.9991,740.4185,493.3338,702.8555,657.4953,526.5057,407.2151,301.9006,568.4291,600.0341,554.6371,470.8425,733.4291,382.2080,531.3494,725.8199
1.8000,905.1050,632.0399,773.5622,700.2197,222.2512,715.7810,488.7393,713.0965,667.1179,507.2621,399.1821,286.5116,577.3952,624.0513,562.7777,449.8973,743.9670,371.4057,522.1177,732.9651
1.8333,895.3098,665.4975,807.2933,697.6965,218.4356,739.4555,488.2868,719.6981,683.4844,521.0594,397.3528,299.8030,567.2294,599.9435,556.1546,448.4785,737.5492,387.5414,521.4898,700.1172
1.8667,917.9381,625.0030,790.5490,736.9963,236.6721,760.6785,475.2764,695.9438,672.7769,509.9752,404.3946,287.0397,565.4821,597.9102,585.5339,452.2808,712.5595,392.9321,514.4968,726.3816
1.9000,892.3762,617.0166,800.3587,722.9401,230.1186,755.8614,480.0110,725.3966,660.7738,507.8081,404.5529,299.7546,543.4741,594.4114,576.6956,464.7251,731.3380,380.9787,518.2174,731.0879
1.9333,855.7532,629.3177,778.4755,700.0852,225.1665,751.3140,483.7273,713.8463,643.2365,510.5735,403.4028,300.4013,550.7524,596.4505,551.2565,459.4810,739.5787,379.6478,514.2009,733.9919
1.9667,883.4876,637.2942,799.8909,701.9594,228.5752,751.0297,472.2915,716.7242,667.0945,504.6408,407.0948,291.0571,523.4268,598.8280,553.8559,461.2221,763.4446,376.8195,506.6803,729.4663
2.0000,862.1450,637.2720,812.5341,734.5845,228.4318,747.6627,498.5864,730.7851,651.7575,517.4913,400.0776,289.0109,540.3717,631.8518,563.2140,457.2271,728.0831,488.4812,522.6738,719.9242
2.0333,852.9396,637.3800,807.7623,722.8315,223.0885,726.4848,472.0990,700.2108,647.3115,508.9665,397.7825,287.5127,535.4837,582.4622,554.3276,460.5150,744.0967,541.1215,510.8208,719.3809
2.0667,846.9113,655.9459,803.0863,703.5232,228.8578,726.6788,466.4319,691.5294,646.2076,523.8450,405.1885,294.9627,524.8787,605.0856,584.4378,471.1128,722.1822,546.6744,518.9031,728.5973
2.1000,857.3061,649.2150,805.4409,743.8489,228.0320,734.1661,464.8722,690.0586,680.0497,511.4842,408.4613,281.2579,527.5524,573.2666,536.1093,461.6230,732.0629,539.7316,530.5159,757.7433
2.1333,845.0606,634.6970,771.2239,740.0393,228.4938,729.1699,473.0337,747.6472,659.7948,509.6025,402.1224,293.5444,534.0185,593.2700,566.6207,455.6147,741.0403,547.2413,514.3944,736.6306
2.1667,832.0107,664.1329,833.4229,704.4537,229.5294,741.7952,477.4105,714.9183,662.1862,519.2427,410.4715,284.7577,520.1499,606.6879,551.3469,465.2607,729.4665,539.8239,521.7974,721.9670
2.2000,824.3895,640.6369,805.1516,740.6860,228.7134,720.0014,476.3050,706.3425,653.0782,517.3252,409.3816,288.8702,511.5297,619.9266,537.8753,455.5170,726.8832,540.1298,518.9010,712.5359
2.2333,820.8155,650.2721,804.7183,719.4946,233.6615,749.1653,473.7831,685.8115,661.5205,505.5728,408.0654,287.1824,515.5426,611.2676,536.0524,451.9427,759.2808,504.7482,527.5429,709.2163
2.2667,801.3110,638.2695,834.5425,712.6544,231.0310,727.2152,468.3240,706.3756,661.8058,512.7827,418.7244,278.2402,517.6597,611.7990,566.1438,485.6339,729.3788,529.7767,522.2891,721.5791
2.3000,823.6754,637.3263,799.1635,721.9180,230.9870,758.5196,468.6797,736.8008,666.5054,525.9252,407.4011,285.9128,500.5796,590.7823,558.7997,450.7400,768.1986,514.1659,524.4010,704.9953
2.3333,797.3351,638.2732,773.4697,719.4712,227.5434,741.7276,480.5047,719.1695,674.2100,504.4469,418.4399,286.3951,518.5218,607.1006,560.4895,462.6647,715.5536,510.6240,516.0275,714.0378
2.3667,822.0340,652.2912,831.9520,707.2082,222.3488,757.9588,464.3492,734.3274,661.8927,519.7353,411.7836,297.0722,494.7744,593.5337,551.9341,463.4180,731.7617,504.7705,523.5246,710.4311
2.4000,788.6327,643.4344,794.5200,720.7554,226.1545,734.3648,458.7704,712.1062,669.1384,514.6330,402.9830,279.4977,493.1553,624.7514,562.2779,464.0694,735.7902,489.2225,532.8805,719.8522
2.4333,804.6627,651.8956,788.8298,711.9273,222.6396,762.0802,454.1268,707.5672,676.1956,503.1750,410.7074,291.3384,491.7552,612.9642,568.1608,475.8845,766.4098,482.5979,523.8873,701.9073
2.4667,791.0866,651.6835,808.1423,693.1689,230.2865,733.0992,457.5070,695.0080,654.6525,508.3044,406.9119,284.5014,481.2673,613.3615,553.8638,452.3103,738.4629,484.6294,533.5362,721.7764
2.5000,798.3412,642.3452,816.5993,741.5023,221.5220,744.5880,455.5028,709.2397,673.9449,508.2907,417.7944,295.9941,490.4065,609.2388,541.7491,465.3107,743.1150,468.3945,500.5880,726.5640
2.5333,794.1483,646.4931,804.2548,717.3692,230.5636,747.5125,456.6982,699.1602,688.8826,507.9403,400.9593,293.3509,492.5915,605.9584,568.2280,456.1705,734.8108,469.5616,508.2409,693.7358
2.5667,783.6479,657.3980,794.7117,731.6729,238.1831,738.2033,448.9181,738.1090,668.5943,492.7102,403.4306,289.3052,487.4622,579.8118,553.4046,459.4973,750.6573,471.0968,526.5383,705.7484
2.6000,805.9120,633.5359,798.9302,716.2420,223.9930,740.5435,458.7770,698.7570,673.2858,518.3371,416.7429,370.1711,496.6016,623.0587,575.8975,465.2520,751.3191,468.3510,518.0959,706.0185
2.6333,799.9348,627.6235,790.1337,690.9872,215.8323,705.4945,445.9328,738.0177,636.1064,517.7335,401.2546,402.9977,473.8345,613.2328,551.3054,483.7709,745.0589,458.6645,529.6837,670.5424
2.6667,799.6480,662.0742,796.9101,718.9622,221.4303,744.6160,457.1187,718.7531,654.9899,498.1077,414.3638,415.8234,479.5447,614.4002,570.9172,471.4912,747.0631,443.6795,510.8209,684.3195
2.7000,815.2068,627.0577,808.5522,726.8981,222.9294,745.8708,452.8886,690.6930,664.5169,512.9476,404.6813,410.3245,491.1644,594.8571,545.3466,447.0230,744.8384,451.6093,521.5964,730.4678
2.7333,778.7136,654.7393,788.6117,719.0669,230.3156,741.9163,455.3323,714.9384,678.8593,498.5406,402.7619,413.4246,481.1948,599.8523,557.1661,460.9621,771.2498,444.7727,491.4140,706.0838
2.7667,781.8302,652.3844,773.4440,720.6383,231.5594,752.2588,470.1497,720.8711,649.7411,499.5424,405.4025,399.2200,470.6707,606.7453,552.0831,468.8975,746.7590,443.2331,512.7832,725.7792
2.8000,774.5887,644.4459,769.0732,740.0202,226.8891,736.1105,451.3518,687.8091,668.4637,504.8457,417.8817,400.6490,484.0460,589.6387,559.0135,458.7411,727.3730,424.7614,527.3769,722.1467
2.8333,790.4986,631.1625,795.2156,731.0236,234.5225,730.1819,456.7017,719.2713,654.1945,512.1604,400.0707,397.9377,490.9037,599.5533,565.1978,452.2181,735.2984,426.0503,522.9556,719.4067
2.8667,811.2234,642.9623,805.0572,706.9653,230.9623,724.0967,454.7960,720.0209,684.8050,514.0748,402.8035,383.8687,478.3662,604.6384,559.0085,460.8967,756.5094,427.3854,508.4128,704.7796
2.9000,776.5911,646.0641,806.3130,715.4935,231.2911,747.0395,452.5035,694.2428,653.0374,497.8269,395.3239,377.8306,471.6221,608.8049,544.9972,448.1145,753.2208,433.4873,509.8665,707.3184
2.9333,774.0600,649.3964,806.7311,708.1414,228.0493,720.6181,441.8059,712.8720,665.9153,504.0728,402.1888,378.3554,460.7289,589.6184,548.4073,451.8650,761.7719,420.0967,508.6463,707.6508
2.9667,749.6417,651.3737,789.4562,694.0542,228.3331,748.1253,452.1440,750.5636,660.1800,506.3909,402.5507,372.1095,484.6647,626.4450,562.3883,455.8687,751.3406,426.0856,522.7787,695.1895
3.0000,755.6179,641.3255,795.4734,726.0937,228.6355,742.4926,458.2643,718.3378,651.9655,515.4666,396.3521,366.1855,466.2685,572.0314,550.6026,451.7466,757.4231,429.0563,515.3403,701.9082
3.0333,779.4027,643.0023,799.3595,712.1764,227.9533,735.4538,452.2378,715.1409,663.7392,508.8243,410.4645,354.9105,480.8489,607.9329,546.6960,455.8697,765.0127,410.2908,514.1314,697.9183
3.0667,769.0407,657.9974,799.4993,730.2939,226.7802,750.7625,463.0030,713.0931,640.8545,505.6969,403.1475,354.6985,485.2188,630.1367,583.2591,467.8421,763.0994,423.3115,529.8289,706.4837
3.1000,781.6131,650.1498,821.9464,696.4972,230.4553,704.3531,468.8663,713.5683,688.9340,495.9260,395.2814,351.7192,487.3554,568.8268,567.0844,454.0207,749.4435,419.7302,509.3057,694.4182
3.1333,780.2074,634.0266,768.8449,706.6752,229.3750,723.7300,450.0646,708.8314,655.3285,497.2762,391.2641,353.9915,469.9537,595.7667,561.1671,462.0949,744.8001,405.5213,520.6944,696.1320
3.1667,776.2583,629.1003,812.2712,733.4729,229.1900,764.4980,454.6962,710.9506,653.1524,508.5159,401.9454,345.9999,468.2087,609.8779,550.0821,469.9819,737.0196,412.7100,511.1720,720.8184
3.2000,753.1173,650.0647,818.4678,728.3348,227.7496,748.7377,443.0511,712.2212,656.3638,504.4537,412.8371,343.9492,472.1564,621.0845,554.3394,460.8541,959.2868,414.1826,517.2223,712.6352
3.2333,794.1284,663.7025,805.6425,738.6920,218.9622,729.4120,457.2436,698.2473,644.2026,511.6100,397.4425,341.7974,478.8385,607.0197,558.5601,453.8773,1024.8811,422.8714,521.4914,688.6741
3.2667,787.9733,677.8048,801.2669,714.0133,233.0530,734.3397,451.7032,711.7492,671.4024,489.1745,399.6974,334.5940,474.5337,595.9021,559.6133,451.6433,1061.4784,419.7688,526.8502,683.1298
3.3000,774.3543,653.0420,801.4003,707.4556,228.2078,749.3708,445.3343,712.8169,671.6979,515.8286,411.9052,337.7269,476.2604,595.9578,549.6328,451.6608,1057.3155,406.1074,534.2075,725.9046
3.3333,772.9582,650.5378,793.1402,727.0154,226.1925,737.2621,448.4981,692.3408,661.6498,498.0694,400.0635,332.9759,466.1502,572.7364,560.7800,458.9333,1085.9365,399.4424,526.0867,737.1402
3.3667,767.7850,634.2450,828.5787,744.2022,239.9625,765.9105,458.2964,709.0324,663.3199,502.5887,395.1190,325.0409,461.0397,580.8557,562.7215,481.0916,1036.3873,394.5124,525.7998,683.6140
3.4000,792.4768,665.0823,799.0928,694.3135,234.2662,716.4878,461.8503,698.2949,665.7679,517.0387,419.5137,318.2956,469.7636,606.7070,564.5884,472.8157,1009.3239,391.2346,513.3033,705.5089
3.4333,769.7898,648.2824,793.3074,715.3601,221.6996,752.7455,448.5014,698.0102,679.0096,514.1041,413.6239,327.8471,477.2511,600.0095,549.8234,481.1169,1013.1498,406.6293,530.7140,711.1073
3.4667,795.6113,652.5536,792.0407,730.0083,234.1811,738.8089,453.1452,713.7412,665.9842,524.9223,400.4177,306.6496,471.9437,611.1147,553.7925,459.8089,1005.9417,403.2224,533.5067,722.3963
3.5000,761.0429,631.7501,816.9449,720.5004,229.8319,763.1031,453.8343,711.8488,681.7823,518.3452,403.6221,313.0569,481.6179,632.3125,561.4459,458.2999,992.6413,388.2647,500.3712,725.6050
3.5333,761.5475,630.3648,772.8699,735.5066,235.0068,709.8030,439.6673,729.2668,656.6224,522.6047,402.7336,310.9104,465.6963,592.0053,554.5061,457.2951,1002.7903,405.3282,535.4763,718.8253
3.5667,791.3681,637.9146,783.2019,722.7650,231.2642,725.0484,442.6301,690.7569,682.5202,508.9681,415.2690,317.8988,473.3304,606.6145,545.6466,468.4347,953.1865,393.7688,512.6933,718.0773
3.6000,801.0857,627.5006,793.9024,709.6326,237.4114,750.3083,443.5084,714.5577,675.5398,516.0176,393.9825,310.8723,473.3502,588.7286,541.4291,455.9908,958.5829,391.7798,508.2255,689.8186
3.6333,780.5858,629.7169,808.6849,732.7362,222.6634,744.9139,458.9248,697.0203,643.5271,515.2724,407.4644,304.7062,480.7886,605.8213,556.4442,454.0736,932.7516,400.4013,526.8910,694.5318
3.6667,759.5099,651.8850,824.0741,692.6906,237.0578,724.2488,452.0196,713.5571,661.6480,497.0740,405.5046,311.7848,466.9644,605.6300,557.5244,450.3438,917.6476,395.9456,519.5586,696.5560
3.7000,772.6323,647.4197,796.2405,712.9995,227.5964,743.6567,443.0210,723.2103,646.6713,512.7336,409.1888,303.8110,467.7465,615.4603,563.2701,467.7226,938.3625,381.0308,521.2272,701.5503
3.7333,773.0542,627.9689,810.1938,735.5890,229.0442,724.6574,453.3119,717.0880,656.2588,500.2829,407.8540,310.7063,463.5781,613.8872,555.3269,459.7943,937.5816,397.9815,516.9076,711.4378
3.7667,772.4690,636.2458,793.9132,710.8933,223.8106,748.7413,451.9807,693.2259,664.1985,522.3333,420.9188,306.0206,463.3895,608.7405,551.7676,481.9367,883.9977,407.4604,526.8686,720.9929
3.8000,757.2056,654.7512,805.3263,686.2934,229.6819,754.7560,434.9362,706.4090,653.9146,509.2799,397.8931,299.1323,460.0151,595.7844,572.2263,462.1792,907.9049,397.3683,521.1944,717.2217
3.8333,789.5068,629.0638,782.2263,724.6963,223.4276,738.6500,439.4164,710.8186,650.6595,508.9280,407.7924,302.1671,457.7935,613.0799,557.3299,461.7179,900.2507,397.7477,510.5722,687.1465
3.8667,764.8266,653.9070,791.7131,711.7933,232.3230,717.0512,441.0044,712.2954,645.9419,526.6487,410.6004,305.1301,463.1385,615.3000,549.0137,456.1012,875.9479,377.0964,517.1209,698.2871
3.9000,768.5378,659.9125,841.0493,694.3771,232.0469,726.1713,432.9456,688.3340,667.7799,525.5883,408.1350,300.7766,453.4176,606.6988,553.8512,454.6686,907.2656,392.2811,530.6321,688.2088
3.9333,797.0911,649.0615,812.1988,694.5002,235.7059,742.5405,437.8462,674.9546,664.4942,492.5801,406.4384,290.9029,475.0308,604.8840,541.1805,451.6757,841.7461,388.4924,517.4767,687.9045
3.9667,787.1498,665.4354,818.7023,719.5748,226.6694,710.6942,448.5108,701.0437,657.2759,515.2407,413.7105,292.1151,477.6664,601.8901,565.2946,465.1671,859.5218,383.3861,524.5604,712.6686
4.0000,767.7766,643.3031,833.8723,718.7306,226.6600,754.5790,462.8383,701.2165,657.8484,510.1337,394.2427,295.8607,460.7354,608.2208,561.5901,463.0700,844.4890,384.1590,526.1869,718.6695
4.0333,755.6303,650.2486,805.0307,707.5388,227.6325,697.7289,461.5251,727.7875,643.4777,499.5004,394.8359,297.8271,468.4316,635.9094,711.3146,461.9436,828.8147,386.3012,500.0313,683.4122
4.0667,771.2983,648.7194,786.7872,705.2351,225.7241,731.7316,438.6416,719.4243,687.0610,514.6741,420.1742,297.4600,454.5142,591.5876,794.9665,462.1445,839.4228,382.0700,521.0070,701.4091
4.1000,780.3981,658.8969,779.7700,728.2654,225.5028,747.7397,456.7865,707.2981,652.2400,531.3874,414.5651,297.4763,480.9487,602.4881,807.9745,460.3717,822.5477,384.0413,529.4259,700.1015
4.1333,796.3879,664.5015,788.5198,686.3445,236.3935,738.9917,448.7753,682.7222,658.0817,501.8785,398.9427,298.6175,473.5935,608.2397,821.8645,470.6432,807.0549,381.3083,520.1753,874.5837
4.1667,755.9457,660.4657,787.1079,713.2798,223.9460,744.2517,451.5694,716.1553,667.3936,502.4819,408.3294,302.8265,473.9508,603.3069,799.2368,456.4121,837.4807,382.4778,536.6491,976.4763
4.2000,748.6546,653.8656,827.3754,718.3725,227.0055,744.7250,442.5900,697.9260,660.8986,500.9290,406.9940,294.6663,472.2088,603.6775,797.1445,470.6228,818.4048,386.8697,518.8784,1001.8061
4.2333,757.8456,666.7245,808.2637,712.0785,235.7290,759.9387,438.5773,701.9494,641.3690,651.9919,405.3154,293.8260,469.1708,609.3479,763.3078,478.5367,840.1639,377.6617,498.9389,1023.5527
4.2667,788.2279,656.3910,794.1467,723.5114,224.3708,741.3589,448.2233,683.7898,668.1017,698.8271,410.2699,292.4435,459.0700,620.9254,773.4004,457.8545,795.5151,383.7470,523.4504,1031.2383
4.3000,755.5838,648.8042,809.3604,724.2411,222.2975,761.5403,443.1808,700.8900,664.2371,737.2981,404.1116,298.0515,472.0859,606.5022,772.3689,456.9457,780.5084,383.2141,531.0324,993.3804
4.3333,764.8618,652.2248,800.6533,698.7243,231.7842,730.9179,453.1784,694.4290,655.1642,734.0488,416.9467,290.9884,464.6990,587.5088,747.4111,470.8954,780.1169,393.9272,515.4056,987.2611
4.3667,739.3093,654.6960,788.5667,717.2596,217.1813,737.7821,440.6818,736.7380,663.4209,767.2166,402.3786,280.5961,463.7981,605.2934,740.5471,447.8291,805.9412,387.4779,515.5826,988.3562
4.4000,767.5584,628.8388,767.1236,691.2888,224.2726,693.7487,453.2289,707.7397,653.2026,720.2435,399.8778,287.1706,458.4682,604.4584,731.2514,453.4748,789.6988,395.6774,507.8908,937.1431
4.4333,769.0514,662.5727,794.5047,713.7388,220.3386,744.4955,441.6033,703.1448,668.8907,699.7101,415.9666,301.0159,458.9874,606.6365,733.4539,478.7133,770.9719,378.5236,514.6085,941.1398
4.4667,770.4493,651.6412,813.3655,732.9428,228.3224,749.2852,429.0690,715.2120,669.4614,696.2502,399.2666,288.0054,459.5019,595.3197,723.4048,463.7411,810.3939,389.6374,513.9772,942.1803
4.5000,746.8245,653.6275,798.8233,727.1884,230.2918,763.7844,450.0434,689.1830,672.2803,703.6047,399.3265,298.3748,473.3733,612.3077,707.3389,464.3261,793.4039,365.5634,523.5261,915.2563
4.5333,763.7880,663.8059,800.1586,701.5130,231.8944,716.1116,435.7638,693.9460,666.9287,686.5965,403.4124,284.5683,462.1861,620.2988,719.9037,471.0361,806.9356,369.6776,517.7097,894.4206
4.5667,773.1943,645.4431,805.3404,727.7553,229.0184,724.5035,451.5649,714.4983,669.8629,660.1840,408.2499,293.2213,465.3791,601.3860,676.7015,461.9023,760.6321,387.3713,537.3532,904.7301
4.6000,803.6972,650.0279,810.5738,724.4627,230.8132,727.3042,448.4411,692.7830,686.7343,664.2898,403.8142,291.1937,450.5918,595.9974,662.5488,454.4397,771.2039,395.6162,516.4224,1108.9164
4.6333,781.9811,642.6807,800.9842,715.4613,236.3796,730.4677,444.0865,702.9324,674.8472,657.8203,403.5032,282.7174,466.9466,610.9946,691.9815,461.3664,796.1246,381.0620,532.4931,1147.6713
4.6667,741.5504,657.2044,791.7377,737.9601,228.1147,747.3620,439.5996,687.0556,645.7778,649.7751,407.6890,286.6710,446.8955,597.7350,656.7135,476.1983,753.1032,376.2887,539.6628,1176.9309
4.7000,733.2058,670.1659,821.4998,689.7079,223.1077,745.2153,441.3268,714.6360,675.4057,648.6520,405.3743,285.1318,456.8753,603.6943,684.2722,471.5613,774.3413,389.1497,499.5538,1178.8530
4.7333,764.2071,619.6776,784.1879,730.4294,229.8492,737.2756,452.1448,715.5835,695.0595,638.1686,405.7266,282.1854,476.1232,598.0290,659.4922,467.9710,775.8764,367.3237,517.9825,1151.7868
4.7667,782.8036,619.8996,789.3222,753.8860,235.5474,757.6554,449.3751,700.0688,649.1444,609.0939,401.0987,286.3330,464.3808,611.9111,638.0819,475.3403,760.3332,390.9767,528.1869,1124.9955
4.8000,765.5247,632.8313,813.8330,724.7710,232.5275,742.8761,431.7937,693.5398,674.6498,624.0874,405.3205,280.5949,454.1333,596.0569,634.5424,446.0884,770.0409,384.6470,522.0823,1114.0522
4.8333,756.6836,651.5514,811.4107,733.1667,222.5101,739.7618,439.0086,699.0686,657.9696,617.8703,411.3414,291.9378,458.8602,597.9109,626.4313,462.8496,771.3286,383.8523,508.4234,1108.7383
4.8667,778.1478,672.1248,818.6854,701.1367,234.4013,734.5917,443.3650,704.0595,665.6347,607.3782,394.4922,294.6654,476.7524,598.2040,634.6719,470.9992,764.5885,371.3734,521.6924,1069.1645
4.9000,748.4779,655.2526,795.5135,714.4714,223.6134,750.6325,443.3375,691.2904,688.5013,608.3651,408.3921,282.5018,454.6132,612.3240,638.6880,451.3639,775.1048,392.5161,536.2535,1064.6563
4.9333,766.0829,655.5058,787.6849,718.1843,228.0044,743.4497,434.2538,712.1406,649.1955,587.8175,405.3564,285.5078,460.5581,604.4900,629.9060,479.4264,745.9269,387.6969,520.4941,1042.5780
4.9667,774.2204,667.0271,796.9903,721.3176,225.8344,722.6715,446.6974,709.4842,658.9064,568.5816,395.0948,290.4668,475.1941,618.7299,631.9775,469.2803,715.3874,385.4524,493.3274,1018.6656
5.0000,776.3126,635.2383,781.1895,715.4680,220.7136,742.7745,433.5399,687.7712,703.5328,581.9510,401.5911,268.7971,465.1547,598.5833,615.4733,465.3425,753.7798,386.0147,520.1452,1004.0362
5.0333,756.6480,654.8715,803.8854,705.3807,234.9513,748.8381,447.5260,698.8609,673.3104,587.9356,401.6608,295.9648,445.4054,587.3759,622.3260,460.8872,748.5017,389.9840,514.1859,966.9430
5.0667,756.8769,639.9739,823.3681,695.7974,227.2141,735.9598,442.3658,712.5255,686.4559,592.1512,401.2376,281.3664,449.6830,602.6092,616.3524,477.1340,750.5710,388.9707,514.9968,960.2219
5.1000,732.8883,654.3864,789.9005,715.6336,226.4255,728.5077,443.2939,684.0321,674.0978,555.0532,412.6387,289.1116,480.3972,593.4000,612.2002,478.3651,732.4576,376.6705,514.1532,966.0207
5.1333,1383.2839,639.4324,807.8562,735.6662,400.6953,942.9472,667.1958,1224.2029,667.5184,576.3111,396.6140,288.6330,462.3709,614.6433,618.6095,456.8634,749.5094,386.7337,529.7182,935.6340
5.1667,1656.0729,666.0183,797.8486,702.0447,480.5862,1045.5259,770.7761,1422.4284,653.2446,564.3295,413.0153,288.5779,478.6463,597.2025,600.1890,463.7792,766.0952,382.8666,509.0998,922.2865
5.2000,1719.8681,659.2739,785.9671,1156.7061,497.5351,1068.8449,784.6953,1507.9561,665.3563,577.4453,400.6340,281.0464,458.5695,598.0648,591.4280,464.2835,746.1734,371.5754,513.8045,893.4240
5.2333,1753.8986,650.0446,797.6368,1316.4621,508.4822,1080.3929,785.4649,1532.5473,693.1110,555.9209,418.9149,294.9728,468.3873,596.8588,603.8088,467.6710,761.1329,365.4182,520.2279,912.6381
5.2667,1722.1291,652.2575,1405.6724,1385.0324,507.1029,1065.6513,791.9686,1543.4419,670.6394,561.1429,397.6120,278.0125,481.4932,607.6781,601.2814,460.5214,737.9884,381.5832,517.5226,890.8778
5.3000,1702.3547,651.0329,1655.9923,1392.7565,500.9095,1060.2678,768.0162,1504.2417,676.7035,553.2044,405.9015,283.0798,468.9659,612.4651,595.9784,463.9863,730.6120,364.6353,513.4261,847.5662
5.3333,1618.7016,649.5985,1731.5035,1378.1256,482.0082,1042.2597,750.7707,1455.5385,648.6677,568.0268,407.7129,277.5288,484.0139,593.8972,590.1558,461.5343,752.0743,385.2826,491.6790,854.6996
5.3667,1589.6907,656.3380,1753.9942,1361.9272,472.1211,996.3848,740.4711,1411.9177,638.1584,531.4628,404.8378,280.1562,464.9604,590.3744,598.0958,458.6447,757.3155,388.6163,534.6302,843.1781
5.4000,1576.8867,635.1984,1715.2387,1332.4877,452.7039,1009.2862,744.9668,1361.2895,668.4274,559.2562,395.5114,291.9428,461.6434,596.6960,582.3595,479.9460,694.0419,379.4648,533.3997,835.6558
5.4333,1500.5618,642.0020,1693.8976,1295.0195,441.2020,999.3863,709.9642,1335.7724,662.4720,553.9918,395.3591,277.4322,465.1356,627.8225,598.4216,456.1255,737.5902,380.2267,527.6739,861.0902
5.4667,1466.2480,671.8392,1671.1081,1257.2413,434.7858,954.9135,689.1720,1305.6195,646.3524,534.1152,396.0919,286.3937,462.3308,603.5625,585.0955,460.7674,767.6637,384.9787,511.6976,816.1682
5.5000,1426.4936,640.1510,1631.8877,1230.0272,427.9116,973.0579,687.0406,1252.2710,675.8818,525.5361,397.1227,283.4556,461.1976,597.4096,594.9823,463.6651,757.6033,379.3294,510.1926,827.0857
5.5333,1371.0920,650.8925,1560.0890,1200.6114,410.0979,959.3584,658.8210,1259.9199,655.7613,536.5247,403.5408,283.3235,477.3663,604.8640,585.8836,444.1177,745.6086,367.2849,508.0178,828.9429
5.5667,1379.7137,658.0963,1513.7226,1201.9395,400.0251,938.8826,645.9107,1224.8555,668.2457,524.1039,404.6280,285.5581,445.2618,624.1929,594.7651,473.7547,739.3375,382.6191,516.6115,809.5508
5.6000,1320.4966,644.3538,1490.6107,1152.1663,393.5104,947.7517,664.1018,1171.0442,665.5542,549.5218,394.3636,280.7243,456.5563,587.6752,569.5285,466.3568,705.1970,389.0922,511.7677,812.7914
5.6333,1279.8616,658.7109,1447.4103,1142.6097,373.7862,915.0547,622.1106,1145.3823,669.6091,544.9962,409.7374,281.5326,465.4073,595.4597,563.8210,457.4185,736.3379,393.1528,521.0094,823.0133
5.6667,1241.0277,645.7802,1420.3610,1106.3832,371.9567,927.4397,624.8922,1123.0527,656.3608,511.5256,394.7821,281.0611,459.3849,610.9597,593.3583,469.4833,720.0617,388.2976,518.1923,781.3184
5.7000,1223.5909,614.1576,1382.5306,1090.9939,356.4566,912.4954,604.9254,1108.5070,640.5912,530.8357,395.8539,292.9963,455.3324,603.7435,580.0836,452.6075,762.4891,366.1298,507.8369,765.6020
5.7333,1238.6466,642.0076,1386.9887,1089.3366,365.2499,874.0318,606.6600,1096.4311,675.9469,531.8873,400.1013,286.4213,475.2572,582.0037,571.2426,455.0798,756.7856,383.4221,513.5140,781.1737
5.7667,1208.5160,638.5644,1348.9983,1043.4139,355.7339,919.1194,606.3880,1047.4539,660.7654,535.6860,397.5211,284.1211,464.6905,612.7981,571.4817,447.8970,738.7943,374.6861,510.3821,752.7558
5.8000,1165.7271,653.7224,1321.6565,1047.7371,411.5283,888.1820,592.9366,1048.0665,652.9911,527.8338,393.6079,299.2219,469.4473,609.7964,578.0148,462.2366,712.8973,383.1584,516.8763,776.4774
5.8333,1142.9003,643.5149,1253.6484,1014.6482,420.0756,868.2165,584.0243,1035.8287,654.1842,523.7987,406.0368,298.8465,462.9272,601.2091,580.4652,463.2940,731.3461,374.9428,529.5413,749.3807
5.8667,1113.8905,655.8305,1236.9980,1027.5336,439.3431,854.5502,582.7937,1038.2021,667.8187,520.6432,408.2160,280.9708,474.1190,602.7229,585.0603,464.0921,753.9799,372.2632,508.1073,967.6495
5.9000,1102.3790,625.7984,1204.4637,992.7436,420.8919,847.4878,574.2689,980.3057,652.2754,518.9100,404.4551,286.7943,472.8973,592.2225,584.2996,452.6501,720.3254,478.8774,500.6272,996.2741
5.9333,1103.0603,635.1826,1217.7112,982.6826,423.0366,846.1406,550.1755,976.5297,656.1427,522.8432,406.7974,281.8185,466.6576,621.8960,554.3974,464.8733,710.7445,520.6124,517.6799,1062.0012
5.9667,1063.1727,651.9689,1144.4214,987.4210,409.9568,851.8962,546.9658,970.6457,689.4423,518.3945,395.8648,277.1814,475.0201,601.5494,579.6843,463.7957,761.7229,546.8055,516.9122,1093.5749
6.0000,1073.7651,632.2599,1158.6625,932.6689,409.0692,819.6402,539.5613,960.3481,676.5525,521.0788,399.9237,283.7561,456.0994,592.4017,570.3303,459.7012,737.6384,541.5105,522.7252,1049.5644
6.0333,1020.4033,655.9108,1116.6258,947.0605,394.3438,865.1539,538.8189,919.7410,680.2763,506.2509,392.8228,279.2515,467.1496,617.8339,581.8545,476.2436,729.4598,556.3252,510.3013,1076.1193
6.0667,988.9453,649.4154,1118.8125,941.0790,384.3025,836.7359,544.5862,917.9192,642.4888,509.1299,402.3051,298.8574,468.0188,620.0658,573.4431,457.8272,716.2160,533.7756,530.6476,1025.8005
6.1000,1026.4307,629.7418,1073.3784,930.7043,362.7611,799.5589,527.5115,933.8099,671.0251,516.9628,406.8206,280.6467,468.2079,615.8748,577.9422,467.7017,750.1794,522.9021,498.9342,1007.2779
6.1333,966.3099,653.1409,1063.4846,904.6557,361.3099,788.8381,520.0180,919.2418,673.1927,515.9392,404.9631,291.0195,466.2272,610.2917,547.7966,468.0332,753.8777,516.3074,507.8880,999.5797
6.1667,975.1397,627.1556,1072.6246,897.3595,362.9551,795.0502,515.0970,899.6297,649.2770,519.5447,399.1480,285.9735,452.7263,603.6442,576.5666,476.1681,741.6018,525.0641,512.6963,977.9615
6.2000,951.9871,650.4588,1050.0149,894.5385,349.0487,810.9134,511.9744,864.1520,664.5456,512.3743,404.0812,282.1182,464.0097,610.1585,581.5706,465.5318,753.6420,519.4622,529.4870,977.8998
6.2333,979.9281,639.1759,1050.0538,854.4017,343.6134,795.2869,505.3217,889.4549,691.1198,524.8469,411.4564,290.0197,451.1845,594.3157,588.2403,465.1831,744.4473,497.2416,526.1823,946.8277
6.2667,932.0931,636.0339,1014.1084,847.0054,345.9447,833.7649,505.2738,863.6683,662.2951,501.1305,400.9473,287.7127,457.9118,626.1382,549.8744,466.3456,736.1498,510.1072,517.1911,945.3868
6.3000,938.2561,647.7417,980.0410,849.5921,336.8063,809.4526,499.0107,856.7220,680.0533,522.6170,395.5505,281.8082,475.0137,598.7205,554.5418,468.4240,735.3719,492.1948,517.6156,944.6740
6.3333,928.9596,647.3179,1038.7516,841.5611,329.2844,776.4267,503.7724,810.8622,636.2330,509.1575,398.9803,289.0350,464.1413,609.7494,556.9119,467.0188,746.7530,479.8206,531.2829,936.5404
6.3667,907.5662,850.1425,941.4083,830.1553,317.8598,796.5548,494.1571,826.2327,667.0741,515.1297,415.0117,294.7121,466.0774,622.9339,548.9295,474.7941,741.2744,483.5675,519.0649,889.8688
6.4000,887.2609,911.1170,984.5352,840.3041,321.4785,771.4493,511.8302,820.5489,657.0119,518.4093,402.7518,278.9649,467.5064,600.1845,587.1705,450.3287,726.7998,473.6032,510.4885,887.2022
6.4333,894.3928,928.1455,944.6597,834.8907,312.2677,788.1102,477.5958,804.8179,655.4105,513.6766,395.9962,278.9126,474.3267,632.7513,560.5150,467.2547,732.6430,468.4857,535.5521,861.1226
6.4667,909.7982,933.3157,963.3401,826.9457,302.9670,784.1262,472.4876,815.0353,639.5034,497.1206,399.8544,278.0205,474.4443,614.8719,549.1396,478.0457,727.8258,475.9569,517.4068,865.7436
6.5000,891.9894,907.8112,951.6944,818.1061,305.3056,794.9939,499.0893,802.8010,679.4746,509.7454,405.3887,292.6097,483.3588,592.2778,573.6982,473.7667,741.4850,465.1669,525.1313,888.8622
6.5333,885.5597,903.9817,950.5449,810.1616,292.9205,774.1816,487.5525,815.0385,642.5545,512.5121,408.6566,278.2441,459.3438,594.3392,567.4469,467.1884,760.5435,456.4204,516.8133,849.1452
6.5667,866.9941,938.5992,938.0490,805.8262,294.7683,766.9499,476.4501,828.1771,671.9301,529.4481,408.7447,289.7675,462.9096,630.8241,557.4938,457.6174,708.4817,461.0413,532.0836,829.8696
6.6000,847.3459,902.5058,942.5041,781.1675,291.6597,753.4665,478.5964,794.8596,686.3771,511.5508,411.2769,289.0769,462.6041,603.0550,573.3519,486.8148,749.0725,454.6020,534.8881,843.9634
6.6333,865.3145,882.7664,890.5554,811.8916,296.6274,765.9388,476.6466,798.2425,665.3571,509.4204,400.3593,284.1472,470.2280,605.1058,563.2148,457.3705,742.3573,446.2822,521.5191,824.7452
6.6667,877.5241,877.5655,903.4858,779.4560,278.0767,784.4962,477.0281,813.6737,651.8183,500.5581,401.3922,289.0926,470.4578,608.7805,554.5051,471.9692,729.3588,429.9611,532.9828,814.6275
6.7000,860.3914,855.4840,913.3043,788.2345,272.7853,746.6759,477.2052,804.3785,676.4080,496.2029,392.2590,277.3040,473.4662,617.5173,548.3100,456.7442,755.2133,444.5184,501.5691,830.6040
6.7333,857.4853,844.2678,885.6413,777.3547,281.2265,767.5161,480.0442,775.0854,667.7436,503.2800,394.5216,283.8624,471.9691,586.9903,575.7452,469.8153,743.9078,440.8972,504.3614,806.7814
6.7667,847.7415,833.3688,890.2190,791.0797,279.7209,764.7826,466.2516,782.5905,667.0977,499.1397,418.1896,283.5597,458.6455,615.2463,577.9025,484.6974,746.4085,427.1995,532.2806,806.0783
6.8000,844.6912,817.0458,902.6157,748.9994,277.3941,774.0822,466.5526,760.6340,675.3249,502.1346,411.4764,286.4203,475.2358,612.1992,564.1547,463.4238,737.5797,430.7438,518.6146,809.8950
6.8333,860.5461,812.4593,879.1757,767.2485,274.6941,771.4882,467.3072,780.5273,649.9151,497.6546,389.4860,286.8179,475.4396,598.9568,567.2938,462.2848,741.8604,436.6962,511.9848,788.4381
6.8667,826.5325,827.0867,879.4881,786.0361,268.8860,762.3690,462.0727,751.7087,687.6996,497.1603,396.8645,292.6845,477.2703,617.8865,554.4228,479.6212,741.9225,420.7587,490.5578,797.0056
6.9000,808.6866,778.9309,863.4888,783.5369,262.8978,747.3613,581.1011,763.6475,667.4435,506.5668,415.0328,279.1441,457.3550,583.1792,564.3989,469.4268,730.3006,417.3379,519.1753,810.4952
6.9333,818.1372,810.7491,876.2121,756.0587,260.6076,763.4561,621.6367,747.3862,678.1463,519.7390,404.7111,287.0316,465.3641,611.4663,558.9442,481.6020,719.0149,429.2505,505.8969,776.2207
6.9667,805.8469,796.2460,859.7798,777.0724,263.7287,759.2045,650.3248,768.0373,672.4066,513.2850,401.7627,290.5898,475.6029,611.8179,587.1782,447.8143,748.8389,414.2382,534.9463,782.7244
7.0000,788.7107,809.3297,848.5788,790.3623,259.4884,752.2953,641.4233,761.0628,677.8261,517.0541,395.9151,290.1024,468.0122,608.4978,549.0593,465.4403,740.8541,411.1667,516.7658,800.5953
7.0333,806.7414,778.7266,844.8379,771.2930,258.6399,761.8556,650.0661,748.9438,645.5188,501.7384,406.6174,280.1676,463.7137,622.1356,558.5809,462.7333,746.7906,406.0802,522.1134,749.9913
7.0667,784.9085,769.2799,860.5395,780.2093,260.0503,771.1675,642.7162,732.8538,670.1599,510.2653,404.0781,281.1827,461.5502,606.1231,556.7185,457.3628,738.0672,411.7917,518.1738,742.5751
7.1000,835.3782,765.5007,838.8983,754.8047,247.3937,733.5494,635.8748,735.4494,678.1208,504.5325,399.0797,279.3607,444.1339,600.3623,554.7119,467.1792,737.2677,402.3584,531.9232,756.2403
7.1333,805.3489,756.7295,841.2667,742.6678,254.4867,739.2774,623.5779,720.4639,654.2454,507.0033,420.9697,273.6225,453.0299,612.0766,575.0222,474.9585,715.8400,412.0491,506.5361,761.4715
7.1667,794.4299,748.9598,859.8446,748.1931,244.0926,750.1788,611.5077,757.5609,676.7955,501.8566,389.4692,281.6892,455.4663,594.9094,565.5126,460.2910,704.7076,396.5349,517.1618,762.8329
7.2000,818.3056,757.1552,852.9775,768.2024,248.1579,752.2653,608.0267,752.6317,657.5603,491.6080,397.0542,277.4076,473.7112,611.3455,560.6821,591.0696,726.6113,403.7025,505.7649,725.6312
7.2333,806.8265,748.0294,831.2083,744.0519,240.2842,733.7477,593.4386,728.6564,687.3953,524.2420,405.4641,283.0797,456.0212,625.4353,562.9708,660.1544,753.7609,404.3935,505.0409,742.6506
7.2667,773.9491,743.3305,837.7656,741.3017,242.6579,725.8829,593.2094,894.8265,651.6340,510.0048,399.7723,279.5179,476.6415,606.6227,558.4975,683.1829,722.8784,402.5473,508.1270,748.6362
7.3000,776.5370,738.7521,861.8290,748.8518,242.3579,752.3332,565.0648,1001.1924,683.0987,507.6608,394.1458,269.6326,455.6465,607.8903,560.6918,679.4629,752.9797,392.7415,510.7939,758.4892
7.3333,792.1866,715.7615,820.6127,725.0010,248.4254,750.9481,580.6283,1040.3326,664.7294,494.8217,416.6420,287.1482,460.9171,602.4062,554.3068,672.0354,747.4567,400.3734,520.5532,743.1062
7.3667,783.8032,707.5415,845.0504,745.0699,240.2209,752.0108,572.3415,1030.3655,670.0621,512.1901,409.0539,286.2952,472.5542,597.6603,554.2832,652.8811,720.0869,396.4904,504.5152,718.6853
7.4000,781.5318,725.8265,1062.5807,730.7077,238.7010,733.0564,563.6050,1012.9162,653.1341,493.7265,525.5171,285.3308,444.8689,600.0768,557.5518,639.7273,734.0912,397.5993,501.8226,736.4260
7.4333,773.0424,716.6816,1139.3863,706.6693,247.6940,736.3124,544.6308,1008.7801,661.9355,490.7848,563.2332,294.7648,468.3945,630.2273,564.8643,641.7587,714.1343,392.5147,516.4767,723.9410
7.4667,790.6199,710.2245,1152.5828,718.6135,232.7495,763.5430,553.4858,1020.5656,649.1918,497.6358,589.3460,292.5971,460.6110,614.3990,554.9651,647.3339,734.1860,389.1585,516.6039,719.5988
7.5000,775.2506,709.2085,1175.3472,719.7042,232.8886,750.0162,538.9712,981.7669,664.7124,492.6570,584.0206,279.8559,437.3045,620.9122,535.6752,628.3796,740.7663,402.5326,503.5355,699.4904
7.5333,785.1755,708.5077,1182.0023,729.4789,235.0253,744.7980,539.9567,971.6927,664.1185,511.5927,574.5731,286.0890,458.5892,613.3148,553.8154,616.8436,729.5799,391.8086,526.5800,700.9139
7.5667,752.5492,701.3478,1133.6598,747.4265,238.2565,744.7369,532.3210,966.6123,682.8569,485.1783,580.9599,291.8529,460.9264,607.4390,565.6321,590.5631,724.0682,401.3296,507.3294,699.4788
7.6000,778.8602,703.0542,1121.8542,737.0626,247.7302,758.2122,537.1835,970.8531,656.5653,492.3015,580.4640,277.1413,475.9260,618.2755,567.1011,585.1573,747.2971,378.2038,507.0951,712.0987
7.6333,761.3800,713.7886,1123.1087,717.6754,240.2435,729.3794,501.8712,943.7840,660.4457,512.2753,544.0259,285.4246,482.8472,608.6832,559.2327,608.6021,725.7554,396.3217,508.9473,722.0688
7.6667,792.6394,715.2045,1101.2252,711.6745,229.8941,756.5716,506.2924,929.1869,667.3403,519.3519,554.4352,278.2670,473.1823,611.8869,552.3647,601.6711,763.7692,376.6956,522.4811,713.2948
7.7000,779.0854,690.9648,1089.4845,716.5411,234.0795,752.3879,519.8408,907.5486,668.8325,507.5352,549.2249,281.9993,460.3178,620.9389,559.0926,585.7126,730.7837,377.7529,504.4508,719.0675
7.7333,795.7234,682.5683,1030.7508,710.8841,242.6318,733.7260,497.8771,882.5728,670.9490,492.7695,533.7048,281.2070,448.5842,592.9650,553.2785,575.7232,725.2171,382.5877,511.7487,729.4751
7.7667,759.0495,676.9450,1049.1190,715.9342,225.7336,740.1374,518.4992,871.4231,674.7690,504.3388,522.1085,286.9425,475.2644,625.9557,546.0613,559.2063,733.8026,377.9324,525.1664,727.0570
7.8000,759.5940,702.5106,1039.4411,745.4492,235.5869,951.8622,501.7130,896.8785,673.8844,488.3846,531.7982,284.4432,471.5363,589.1941,547.5287,548.7311,743.5858,386.3988,528.7961,705.7108
7.8333,775.7196,691.5902,1022.5497,700.0215,227.0202,1035.1317,478.7190,899.1060,668.8996,512.2765,532.9932,286.3228,472.8183,604.0672,549.6908,568.6875,735.0314,396.4899,508.9896,720.0369
7.8667,766.3140,680.8801,1027.6459,699.7201,238.9666,1034.0599,506.4159,870.0283,658.0125,504.0104,501.6984,292.6015,467.0317,606.7923,560.6683,544.7859,738.5242,377.9721,506.9276,714.0816
7.9000,752.8285,664.8335,1010.5671,737.8133,243.4804,1062.2466,490.0966,845.1356,668.1517,492.2371,502.9402,283.0130,464.3139,603.9492,568.1023,554.4681,727.4578,384.7249,509.5026,717.6165
7.9333,784.8266,685.1499,997.7205,724.9926,237.2930,1069.0571,493.6230,836.0861,661.7457,494.6576,504.4948,273.9451,444.7694,599.9344,553.9671,560.8136,729.0192,392.9154,507.3088,700.7212
7.9667,764.5168,657.8469,949.9162,724.4910,242.0775,1052.3177,484.5171,836.6897,654.2776,496.6486,500.5806,285.0764,435.9902,591.8347,554.0166,551.0050,717.8838,376.3765,516.0226,693.5513
8.0000,758.2829,672.3154,986.6152,727.0510,229.7732,1046.6923,506.5381,824.1132,661.6774,518.6465,492.8308,280.4543,484.0133,604.4776,532.4334,553.2082,740.8051,384.1649,497.1151,721.6850
8.0333,743.7490,665.1342,960.1444,735.1341,228.8343,1013.6288,473.6069,802.6796,658.2300,507.9652,496.7865,278.8416,481.5060,599.9641,559.0484,527.9717,743.2711,383.0695,510.5701,700.2298
8.0667,754.3989,651.9091,949.1308,746.9189,235.9560,1010.1752,474.8016,805.0343,669.5015,513.6832,474.5341,277.4501,458.3037,615.5764,531.1290,522.1854,723.0566,381.2570,508.8330,700.1033
8.1000,738.7255,662.6735,930.2121,730.1895,234.2612,978.4273,476.3330,823.8849,646.3651,510.2299,476.4122,279.8531,469.3099,615.2237,551.0174,534.4024,729.2628,378.1334,522.4706,690.5358
8.1333,739.3590,643.8755,930.4180,713.6219,225.5057,946.3446,477.1756,812.5545,661.0053,487.1694,469.9844,286.0265,470.6230,631.5289,563.0587,530.6459,746.2987,394.6958,509.4689,696.3916
8.1667,777.2364,686.7854,936.5671,729.9791,221.5444,949.4176,476.8903,785.8425,664.7432,500.9126,480.1513,275.2324,450.4231,590.2614,577.2162,510.6191,730.7139,397.2671,505.6594,698.9304
8.2000,748.6114,678.6309,910.0958,720.7547,222.5475,950.0701,473.4226,784.2780,641.9780,489.0183,454.8295,282.9611,447.2454,595.9650,559.7761,525.5053,700.2636,373.4318,496.4469,704.4433
8.2333,746.3553,648.8693,898.0260,754.4281,228.4075,955.2492,468.9075,775.9022,652.6799,497.4679,460.9844,283.3295,461.3330,601.0313,581.2668,508.3660,721.4204,391.5144,504.1965,690.4130
8.2667,765.8489,662.1198,905.0892,725.7855,228.4967,933.3183,455.8182,776.5262,680.8424,499.7508,458.7291,292.8097,471.8312,583.8707,541.8345,510.1363,708.7329,363.4425,507.9055,710.6841
8.3000,742.3810,670.6951,895.8522,713.1779,235.1640,913.0193,465.6363,768.5993,671.4177,512.8048,464.2495,286.7258,474.0873,621.0596,562.8933,517.1912,723.0468,379.8019,507.6105,694.2382
8.3333,756.8193,668.2721,925.2082,718.1350,228.2960,914.6577,450.8281,779.1683,680.9003,499.2787,443.0065,287.1353,479.7538,617.3569,563.5812,521.9025,753.9823,384.7850,502.6139,705.4266
8.3667,735.9394,674.3985,877.0273,705.4415,222.3576,889.9683,467.9121,767.1052,669.5457,500.9938,449.4575,293.6659,459.4058,593.6088,566.2548,507.7210,715.0683,391.4371,507.8579,697.7500
8.4000,738.2445,676.1470,890.1243,709.2391,220.8191,885.2713,438.5527,766.3902,675.5985,494.6586,447.6088,285.4224,474.0744,591.4183,560.2709,513.3971,726.3451,368.7012,514.9768,682.5790
8.4333,745.5208,674.9751,871.9426,722.5389,232.5204,887.5330,465.0819,754.4977,658.5360,505.5741,432.1110,286.5748,460.1404,587.6440,577.5969,494.5501,729.7374,374.3443,491.6987,705.9605
8.4667,781.2154,647.0588,874.1258,733.7927,220.3073,866.0610,462.0001,759.0010,666.7411,513.2778,440.6864,293.1905,472.6201,599.2114,556.9666,495.6608,737.1546,378.7496,497.6470,718.4827
8.5000,769.5094,657.2777,849.0918,746.2950,221.6858,867.4400,455.8803,778.8491,651.1146,495.3414,432.3670,287.7097,463.3833,594.1591,543.9999,504.3368,697.1571,393.6379,502.3605,697.6639
8.5333,745.0902,665.6777,827.1862,734.7108,223.5354,873.8435,453.9121,744.3843,669.4199,501.4278,435.6809,279.9940,452.7394,587.3819,568.5621,502.3585,742.5708,384.9784,529.0637,709.1268
8.5667,743.3921,646.4898,879.6023,714.8146,219.7077,882.4126,456.3531,739.7248,665.2402,510.8031,437.6441,287.3650,487.4889,596.1460,576.5895,487.8716,729.5210,368.9447,524.9006,691.2818
8.6000,750.4048,673.6163,842.3189,712.8247,229.2950,847.0217,468.0800,741.3941,651.3302,516.1389,434.5994,289.0322,469.9196,597.1501,566.2837,491.2951,773.7143,383.8887,515.2147,684.4314
8.6333,749.0142,661.8567,839.5973,712.2984,225.5309,835.3330,458.0490,728.7468,686.0723,495.8551,436.7629,281.3530,462.9232,616.6304,561.8406,491.7532,718.3084,377.4152,510.5962,695.5741
8.6667,779.3964,645.1227,844.6916,683.7844,230.4612,823.5980,452.6064,760.9432,657.2508,519.8165,436.3904,281.0847,451.0558,592.2297,546.0707,492.3964,758.4568,384.0881,499.4840,716.7565
8.7000,767.5133,677.5154,844.4316,720.5073,222.7277,834.7826,452.1587,742.7220,660.6270,485.4158,436.9748,286.3696,451.7090,600.5963,563.5060,482.2359,897.0870,387.7465,508.0912,691.9854
8.7333,738.0175,645.8113,807.4553,722.9361,230.9209,797.6291,440.5600,722.3646,674.2481,506.9194,432.5416,275.2299,457.8613,596.3398,551.3827,487.6526,1038.3274,381.7876,498.7618,679.6174
8.7667,761.3878,653.2852,820.2453,723.2179,223.5732,842.3710,446.9361,731.2413,664.9289,497.6989,423.8237,281.5914,484.9600,609.4145,544.7585,509.4108,1071.6470,374.2704,513.6542,686.9923
8.8000,737.1256,680.1014,860.6652,710.6168,225.9235,790.8779,457.9767,713.6742,661.2049,498.8847,448.4582,283.5678,454.1353,604.2979,569.0284,484.1201,1042.3352,381.4880,503.0521,700.4982
8.8333,767.8511,672.4293,860.2733,711.7833,225.2502,793.9368,449.2138,727.7619,662.0390,493.3132,421.3498,283.2745,460.7552,628.8857,732.4995,495.7337,1068.1106,376.5470,503.7449,692.7619
8.8667,758.2133,666.3528,803.2913,721.6299,228.1647,811.8601,446.2127,739.0027,679.9591,503.2038,421.8329,284.2925,477.7251,592.5370,779.0357,491.8258,1030.9159,377.1795,514.9245,695.6344
8.9000,749.8805,848.3676,816.7582,719.2182,222.0644,793.1079,453.6929,715.0758,668.4361,499.8952,427.6143,290.4595,479.4061,607.1942,812.5907,488.6097,1031.0135,380.7518,498.7685,700.6617
8.9333,752.7297,909.2133,810.2291,682.0506,221.6420,763.1868,456.7562,725.6568,670.0228,513.2529,437.0812,277.8960,456.3297,592.8237,802.1925,468.5019,1024.3960,388.7515,499.8405,692.3746
8.9667,733.3852,947.7980,814.3549,736.3290,224.6732,793.2321,448.8648,715.7695,673.6790,495.8296,423.3793,284.4990,469.8086,635.1840,963.4138,481.4236,976.5768,388.3190,497.8917,706.1694
9.0000,771.0341,921.7545,828.1321,731.5931,227.4797,785.7337,461.5727,709.7460,663.0765,496.8592,421.3842,288.0154,469.6933,613.2915,999.7390,490.3010,1002.6230,376.7921,520.0691,691.0706
9.0333,734.1233,957.4663,817.2353,719.3682,224.3642,797.4137,438.1993,734.1017,667.5017,497.4582,411.4620,284.4557,449.6806,595.0543,1036.1248,491.4493,936.8586,371.7502,507.6346,679.5331
9.0667,724.1545,923.1579,802.6903,727.6486,224.6418,792.5087,442.7357,749.7698,674.3383,507.7419,418.4674,277.8431,462.8414,589.2282,1013.6837,489.8031,973.0847,390.3456,510.9395,679.0236
9.1000,766.0765,921.2231,794.4568,737.1483,233.1344,788.9143,437.7722,714.5561,683.3451,500.8674,418.4961,281.3219,582.5725,616.2588,1002.9440,484.3577,924.4404,373.8472,517.1053,708.6558
9.1333,763.8178,924.3054,823.8727,714.0323,215.1219,798.3544,448.1565,690.8898,680.9572,504.5658,413.7028,284.0154,647.6051,594.9458,991.3224,489.1450,926.8282,392.7065,522.2219,708.1950
9.1667,756.5162,902.9284,767.2857,692.6255,233.4384,767.8928,442.0023,724.9690,669.5544,500.7249,412.1104,278.3937,811.9527,576.7397,962.3370,478.0077,922.0915,377.6375,521.0551,681.1674
9.2000,747.2315,890.7443,811.4031,706.3019,230.8602,756.1688,433.8916,731.8071,666.3591,514.6997,408.6741,284.5564,854.1662,628.0203,920.3193,488.7944,921.8154,370.2510,534.7751,716.0148
9.2333,759.2948,898.7214,797.5861,716.1916,224.8974,771.7734,450.9694,729.3989,666.1648,506.2535,403.0744,278.6325,869.4960,604.3516,941.0589,473.7635,930.3022,372.8609,501.8164,687.8231
9.2667,759.0574,883.1062,825.4877,725.0121,228.4721,767.6031,552.1841,717.1528,656.4449,502.8643,410.2886,359.5452,871.1984,603.1521,903.0432,486.3121,892.8964,399.6846,517.4551,686.0964
9.3000,754.5638,835.5472,810.1284,690.1323,219.8661,726.9838,614.7938,708.7460,675.0417,495.8343,421.8251,393.6292,848.9468,614.7679,897.2873,477.7323,891.3261,386.3702,503.9190,704.3692
9.3333,763.5774,837.5964,805.7667,710.1234,227.1878,801.1975,625.6660,699.5485,658.6039,499.5786,411.8785,415.3234,849.9899,624.7111,882.5961,499.0906,898.9428,373.7595,507.9831,679.8900
9.3667,753.5767,852.8746,823.2095,710.6068,228.6775,758.3492,627.7223,699.6091,677.4940,502.8179,419.7178,409.2940,808.2872,613.7956,835.2829,467.9788,863.9033,383.6996,524.1779,692.4375
9.4000,739.8737,826.2672,787.7301,726.2898,225.2357,757.2745,631.6334,717.9033,638.9466,504.4376,411.7708,417.1238,800.1517,609.4776,838.5178,484.3820,852.4479,376.4173,505.1595,703.7651
9.4333,743.1866,802.6739,792.5666,722.6582,229.4178,750.0838,624.6540,720.7316,658.8809,499.3027,403.1699,399.1059,766.3000,611.1730,829.2113,477.7344,856.4871,374.6477,504.9181,689.7786
9.4667,748.5205,793.3187,796.1886,725.1115,234.4386,752.9551,627.3409,730.9170,666.2113,500.0152,406.8723,397.4966,767.1888,600.3828,820.5345,473.4514,826.6290,391.7230,499.0989,681.2621
9.5000,737.3252,778.4260,804.5708,720.2880,229.7989,774.1150,597.3939,695.1241,661.0320,489.8220,415.9368,394.9045,740.5482,595.0203,785.0836,466.1950,834.6102,368.6391,514.4009,707.7351
9.5333,759.7222,792.3501,814.1482,737.1388,219.7074,769.5550,601.0304,683.0199,669.0542,527.9784,408.5608,386.5814,749.3107,604.7291,769.5671,488.3614,862.5682,371.0575,524.1593,684.4437
9.5667,754.3056,763.3571,807.4975,717.1032,225.2842,747.5016,593.9840,741.0548,679.5298,524.2070,400.9296,374.0901,730.0959,594.2749,781.3555,463.4090,820.1555,368.5788,509.8441,696.9992
9.6000,726.6516,760.4950,774.0053,709.0787,228.0278,738.6699,566.9453,682.7197,664.6126,496.6775,401.7491,388.3938,694.9823,592.8642,767.2570,484.1230,817.8225,378.8392,509.2570,695.0145
9.6333,732.3282,769.9280,796.5657,716.6791,227.6556,770.5574,580.0274,697.9794,638.6572,508.6181,404.9945,369.7575,704.4760,597.3710,742.8573,470.0073,816.2488,389.1549,514.6269,690.5798
9.6667,751.2199,762.1508,791.1876,704.7504,223.8552,763.7579,565.5468,716.5711,685.6250,492.7174,401.6602,358.6772,684.6946,606.4907,739.9533,479.9054,803.7681,364.6652,514.4477,685.8900
9.7000,751.6970,737.3185,781.8903,703.1829,228.2344,772.0053,559.1145,715.3235,677.8547,496.3280,406.5712,367.0031,666.7431,607.8853,743.7504,478.1936,803.2503,375.6868,520.2873,707.4585
9.7333,768.4084,750.4544,801.3725,705.2087,226.9825,748.5317,550.8203,689.9565,673.0456,490.1127,398.6312,353.5651,647.3017,608.2032,727.3549,474.5327,806.5183,371.0823,491.8602,675.7393
9.7667,765.0687,761.7604,784.0415,713.6825,227.1650,738.6606,547.6515,690.0070,661.8318,495.7376,408.9836,358.3347,643.8775,617.7367,709.1538,480.9061,785.7162,379.2197,507.8629,709.6330
9.8000,752.2720,721.9649,784.1166,725.0621,225.2538,750.3713,531.5504,714.4139,654.5214,497.2654,411.1185,359.1813,639.0752,614.2126,697.7295,467.9353,800.1381,376.2179,512.1381,720.3565
9.8333,767.4524,735.0498,784.7916,726.5745,229.8166,730.6462,534.8687,695.3450,642.6753,500.3650,407.2043,355.2356,641.8859,603.9047,709.8247,487.6782,791.5678,384.3280,503.9163,696.0683
9.8667,770.2762,723.3252,801.8103,713.8197,221.3442,777.5765,522.9500,682.2041,657.6301,507.4359,411.6564,345.4196,623.2792,602.5416,680.2952,480.9459,797.7344,387.3898,495.9696,673.0294
9.9000,755.9217,714.7700,814.6904,729.7082,227.0588,755.3925,522.2973,732.3004,657.2764,505.0605,413.8625,338.9249,615.0377,608.4338,661.4106,472.9045,789.2551,374.4196,505.4994,698.9369
9.9333,762.2987,709.9340,807.0549,716.3906,225.6345,726.3708,517.6582,703.3114,677.1044,503.9651,393.2570,339.9292,597.3217,609.8528,651.7692,488.6087,773.1922,374.4769,495.0541,669.9667
9.9667,747.8846,745.9347,1023.1265,735.8359,233.6274,747.5028,517.3861,700.3898,831.8484,486.1957,395.6101,337.1574,589.9072,606.3763,676.7117,490.5548,771.5112,377.8137,518.5653,710.7557
10.0000,785.9197,709.2409,1115.6815,724.6556,228.7193,748.2756,512.7498,704.1335,940.7418,502.7697,395.9652,323.4632,599.8757,625.7256,662.1069,457.7150,782.0853,379.5276,500.8224,695.6411
10.0333,769.9775,737.4109,1116.4952,693.5707,228.1408,740.9455,510.5862,684.3423,941.3483,489.9210,412.0206,332.0208,569.8406,611.3665,676.8306,486.0523,760.4057,378.4544,496.4410,689.7330
10.0667,736.3851,706.8463,1135.1537,711.3539,223.6908,744.5283,495.1605,704.3007,957.4599,509.0273,409.0768,326.4793,701.5818,609.3364,641.5406,487.4389,758.1621,368.3653,507.9904,690.2937
10.1000,750.6941,709.8598,1126.8251,714.9229,224.7931,727.4721,512.5346,693.7956,936.0171,496.0154,415.0109,319.1505,752.8595,601.5969,635.9219,463.6305,752.6416,370.8725,505.2729,679.2238
10.1333,795.3965,703.8547,1123.2970,703.6971,220.1848,745.0821,495.3742,707.2285,935.2401,495.6552,397.8612,323.4861,762.7456,597.1897,655.4912,472.4270,777.6328,372.8110,518.9931,687.9730
10.1667,760.8550,721.3845,1126.4765,730.5620,227.0452,762.1854,473.8712,705.5554,942.6888,503.8239,399.8645,332.0362,777.0602,616.7582,633.9027,460.7627,770.3149,374.6110,506.1320,688.3307
10.2000,768.3422,699.7192,1088.2866,738.2058,223.7766,730.4718,476.6484,702.1666,924.5598,500.6291,407.2362,321.3463,761.1683,594.4516,627.2534,472.4641,754.0739,363.0575,505.1671,683.4546
10.2333,720.4648,685.6672,1064.8647,723.9949,229.1479,712.2672,494.5222,685.7307,888.1764,495.6699,404.7739,314.0745,749.5024,607.9386,648.1242,483.3373,779.8036,379.7011,500.2504,702.8289
10.2667,750.2513,682.4849,1049.9252,713.6109,223.3886,728.9435,472.7230,721.2013,901.9954,504.9978,394.3839,314.7215,731.1424,628.3358,605.6838,456.6851,786.3494,369.4703,497.9496,689.7175
10.3000,773.0515,673.3047,1037.3071,739.8789,224.7306,743.8971,478.9538,690.6379,895.9320,508.5970,409.4634,305.0150,730.0844,619.3023,617.5956,479.6987,738.8626,385.9828,510.4816,709.9562
10.3333,760.5968,690.9572,1037.0501,721.9737,228.4189,735.1491,483.8851,701.9849,876.1657,512.5620,405.3656,313.0073,705.2311,586.3154,625.8454,470.9248,758.7130,365.0406,508.7732,690.3316
10.3667,786.4806,681.4540,994.7788,731.5033,228.4803,723.0470,477.8483,705.7133,861.5600,506.2244,414.4011,317.0528,687.3001,579.1819,615.3207,466.7746,743.4460,370.2997,508.6613,687.5773
10.4000,729.5157,686.5073,1002.8287,728.4491,225.9389,749.6893,460.2796,709.6479,853.7494,483.9538,413.3514,313.6783,671.7158,610.0886,615.8207,454.4544,755.3507,366.4536,511.5607,696.7879
10.4333,740.8597,700.7404,1009.4295,724.6680,223.3715,735.5714,480.7749,715.2807,841.7150,497.7707,405.7825,307.6511,668.2899,611.5138,626.8543,475.5724,755.9611,383.6068,520.6429,695.9272
10.4667,749.7406,663.6176,967.1248,725.7538,228.4735,730.3569,463.5171,695.9657,822.9627,500.6610,405.6483,312.8169,652.8086,613.0569,611.4765,474.9316,759.8653,372.8317,493.9178,710.2206
10.5000,755.3616,698.0281,999.0262,695.4044,227.7468,752.0595,461.1442,680.2581,819.8058,499.5591,410.6539,317.0595,648.6718,624.3034,607.0896,479.2704,753.6897,374.4854,491.2363,670.9694
10.5333,719.8863,681.0826,933.6301,715.0611,221.9704,709.6529,443.5531,712.9317,801.9385,509.0212,408.8332,304.9098,632.1779,593.6141,608.6032,463.5380,746.7399,380.1062,509.2899,715.1757
10.5667,732.5455,690.0324,943.2316,717.8461,226.9598,734.5219,449.0199,718.4376,803.2319,508.8498,396.9720,303.8846,618.7703,597.1559,577.0598,488.7699,731.0807,371.9391,501.8740,695.3971
10.6000,761.4483,697.4437,929.0833,701.8122,220.4693,728.3880,452.8377,683.4709,786.1433,508.4614,396.5003,308.2140,627.8428,614.0081,603.0366,471.2525,730.2488,383.5776,506.2472,686.0039
10.6333,767.4867,680.6369,933.0798,711.7859,225.9481,742.9079,459.1846,724.3807,801.9093,507.5210,404.3307,310.2801,614.8566,621.7722,602.4103,459.0714,761.8278,378.8091,528.7052,688.8096
10.6667,761.0185,646.5390,914.3397,714.2745,224.4382,717.3560,445.5640,702.2270,772.7507,501.6897,391.1965,307.6597,605.8712,599.7928,596.6481,477.9124,749.5948,379.6582,518.2152,685.4844
10.7000,752.4818,670.1734,914.2441,705.2080,221.7305,742.3573,471.8966,695.8184,780.8620,473.9388,396.0251,301.8664,595.4166,616.7859,590.9626,472.2214,727.9062,391.0871,500.4845,662.3892
10.7333,745.4992,659.9223,930.7397,732.0665,221.9632,719.6137,439.3455,679.5345,784.2185,499.6648,401.0475,290.6125,596.3958,611.9139,583.0029,463.6721,721.0384,370.3644,498.0243,693.6809
10.7667,763.1754,640.0507,874.6500,709.8238,232.5156,732.5207,471.2275,680.4362,775.4719,498.5328,402.7940,304.5240,587.7284,613.9972,560.4016,480.1376,726.2084,375.0363,504.5939,703.6764
10.8000,762.5076,683.5357,882.2299,724.6688,219.1125,724.6452,450.4670,685.9420,755.2410,497.6434,402.4356,296.4230,590.6213,607.1456,573.4059,474.2364,757.7278,377.4635,493.3412,693.6389
10.8333,730.0905,677.7438,870.7246,702.2825,225.4389,708.2150,440.1526,707.7851,734.6404,518.6492,407.3062,308.2236,577.2005,633.9508,574.3512,469.5575,734.5698,386.2164,501.1401,704.5649
10.8667,781.5716,672.9523,867.3895,700.4791,218.9759,729.8920,432.6783,711.7802,746.7724,502.4959,411.7459,295.8692,565.9083,593.8696,608.0442,472.7436,750.1835,381.6729,492.3522,693.9163
10.9000,749.7221,696.3384,865.8287,703.6142,227.5878,749.5321,450.2131,705.1186,733.5461,509.0583,409.5500,307.9094,566.1231,593.8309,580.0093,477.7675,720.6992,362.0643,483.9280,682.5038
10.9333,740.9291,648.4290,878.7809,723.2254,230.4169,735.5551,443.7246,686.9307,742.7973,496.7417,400.3259,301.0516,545.8216,589.6747,568.5741,465.8119,742.5381,364.3792,523.6429,688.0701
10.9667,739.6724,651.2290,869.9696,728.7051,216.6335,713.4256,445.8976,698.4397,755.2283,502.7741,411.4498,288.5757,534.1407,608.3664,572.4562,474.3765,731.0060,387.3338,505.9863,700.4756
11.0000,755.0266,673.6721,853.4360,724.6822,227.5269,716.9604,443.7788,712.5076,736.1506,483.3680,402.8767,290.9477,535.2815,612.0375,584.6587,469.0577,760.6781,380.6031,494.7773,657.1220
11.0333,755.5267,661.0214,866.3358,728.7852,221.3090,711.8215,454.4909,684.6613,727.9002,500.6805,395.4465,305.9048,538.3915,602.4315,581.1078,468.2901,732.2172,374.6670,494.4662,679.1341
11.0667,768.7431,666.2034,835.8172,702.6107,227.7336,762.8792,438.1574,687.9264,721.8324,495.1638,409.6146,284.0217,539.4858,615.9393,605.3075,490.9912,721.4784,384.2926,498.0692,688.7661
11.1000,718.4715,667.8786,834.1256,723.6238,227.9265,744.5911,429.5504,720.7649,708.5095,508.9051,395.3171,295.5067,547.8268,604.4130,565.0384,481.4400,734.7369,377.8561,492.2349,696.7352
11.1333,790.9295,672.5712,840.9281,690.2573,220.9173,715.3928,452.4023,684.0294,699.6177,491.5809,405.4130,292.7253,521.9339,605.2005,581.8792,479.3538,721.2938,381.8764,513.2609,681.3289
11.1667,738.5211,661.9740,846.3908,729.1080,226.7174,746.2549,443.0183,726.4226,728.9810,513.3438,392.8921,281.9799,504.2612,617.6992,574.4827,466.1792,754.4332,383.3473,499.4842,695.3418
11.2000,749.3936,656.9108,852.8314,665.6354,231.6481,733.1222,439.4516,714.7551,709.1751,498.8698,408.9566,290.1226,523.9035,607.6075,582.1867,469.8869,708.3263,375.8213,506.9109,697.9798
11.2333,765.9060,698.4213,824.9329,693.6584,221.9273,731.1295,448.6590,673.9288,709.5253,497.2628,383.1822,297.3620,510.9749,607.2381,578.6094,443.3576,721.2249,373.1766,515.2259,710.6390
11.2667,758.1103,668.1693,810.6880,718.5935,225.2863,738.0508,446.7933,700.0604,716.0536,513.0283,403.8248,287.2811,522.4281,586.3602,575.3331,469.2518,930.1559,370.4217,501.8819,694.2865
11.3000,743.6642,681.0884,826.9985,713.4650,220.8171,723.3881,430.4602,694.0721,708.1106,493.2167,406.7634,297.4996,511.1947,607.5775,554.7052,478.1117,1018.8027,363.6522,503.1892,706.0642
11.3333,738.0364,641.0777,856.7033,708.8708,222.4440,753.0990,446.3368,719.0833,711.5498,506.0691,404.0408,293.8403,517.8145,591.2474,556.4024,486.3148,1024.6202,373.0107,525.8836,707.5362
11.3667,739.2346,666.7396,842.7485,711.4993,216.6320,726.9253,454.0773,701.0601,694.6397,497.5883,404.9858,295.8264,511.2486,613.5589,563.8265,490.8758,1030.3068,379.2802,490.0802,692.0499
11.4000,743.7988,666.3070,821.7476,681.3845,226.6415,727.6881,436.0190,689.3061,710.4136,511.7709,407.3793,296.1347,494.9335,608.4862,588.8100,447.8368,1030.2296,369.3825,492.7664,678.9492
11.4333,755.4905,652.0000,834.3112,702.5941,230.8328,731.8409,442.8517,696.1517,704.7406,487.3076,397.0494,292.1678,493.6428,614.4850,556.4243,470.6766,1028.7628,372.4996,490.3911,687.0840
11.4667,754.3776,658.2051,801.4875,730.2018,221.2454,710.9842,438.3311,695.7744,687.0105,500.1234,397.5561,292.4178,493.5752,601.4241,573.7787,490.3759,1032.0698,382.8608,497.7143,686.3668
11.5000,746.7990,642.4789,817.8840,691.2139,223.7072,723.2113,443.3069,687.8899,687.1316,502.6691,408.5932,293.6820,492.0471,615.5660,571.4794,465.5611,1008.9005,377.1313,493.1425,719.8409
11.5333,740.5126,673.8146,803.8739,713.3668,224.7483,741.2903,430.2867,704.7380,702.5161,508.1926,395.8077,287.1095,493.9651,616.6711,571.5284,493.0039,1001.3405,390.0626,506.3550,688.2198
11.5667,758.0154,657.1511,775.6287,718.7611,226.5604,733.4527,445.0239,695.1674,669.3710,486.8354,403.2906,290.3151,492.2850,619.1701,554.7881,476.0304,1003.6861,369.0394,514.1263,712.8955
11.6000,730.8790,666.4898,805.5852,721.4172,228.6701,741.7777,438.0646,716.9409,689.6464,495.0769,394.3485,284.6632,476.9851,601.9991,562.3446,465.9599,967.0691,377.2707,485.4713,673.0392
11.6333,758.8719,651.7543,825.6572,722.1843,226.8846,748.1613,421.4533,701.3569,709.4337,492.4337,399.3749,278.3993,486.4006,602.2095,556.5759,471.6181,943.9983,373.0132,487.9408,690.4700
11.6667,758.0939,652.7952,809.7836,719.7114,221.9510,743.7786,436.2082,707.2589,684.9573,507.9386,392.7853,298.8316,474.0454,617.3650,555.2743,474.0284,931.8997,382.9189,510.3103,678.6883
11.7000,763.1587,667.6432,802.2613,722.8133,227.6511,746.6683,431.9963,666.3037,698.5361,490.9374,406.5779,284.9081,484.8518,604.1884,561.3724,486.4106,920.9218,383.4908,495.4744,686.0945
11.7333,764.9845,652.9189,802.0719,720.0631,227.2448,740.5144,429.1310,703.2584,679.6029,501.5045,389.9581,290.6822,497.1852,594.9542,545.8269,475.9926,888.3287,365.8212,509.2976,689.4976
11.7667,746.4134,684.2366,806.6201,720.1231,219.8789,760.7534,428.0009,703.2149,695.9988,506.3512,405.7522,297.1489,483.1436,586.5979,574.4505,491.7610,887.9213,367.4724,511.3464,677.0114
11.8000,742.6754,670.0063,803.2998,724.1685,233.4371,754.6718,440.3941,661.9805,695.0402,511.2040,389.8803,283.6545,482.5206,588.6798,567.2921,490.8385,914.2978,373.8838,522.1759,692.1204
11.8333,740.8381,671.1268,808.6155,721.0818,224.9358,740.1951,437.8500,702.8846,691.0926,501.4076,403.2848,283.5741,612.2100,623.7980,549.0987,470.7188,908.7716,376.7312,505.2679,692.3970
11.8667,738.7929,646.6356,784.5818,730.0915,224.4955,689.8009,444.0988,702.6609,692.5836,492.3458,411.0182,298.0922,665.0982,618.8558,553.8353,468.9164,877.5570,370.6003,482.2113,688.0295
11.9000,758.4464,653.5055,802.2368,719.0092,227.7768,728.3482,435.3789,685.6330,662.7246,518.8979,404.5760,292.0494,685.4519,600.3143,560.4099,494.9394,879.1782,368.8869,493.3948,705.0053
11.9333,773.1747,662.1141,803.4851,717.7675,237.6044,749.7162,431.1394,707.4196,688.2414,496.9252,395.7919,296.7808,681.6693,600.0373,581.9741,469.1527,853.1340,366.2160,496.9049,690.9094
11.9667,760.7849,641.7597,779.3006,721.7648,220.8417,724.9871,444.9681,684.5599,682.5409,509.8486,401.7663,288.5698,691.0936,613.8846,552.6161,461.9149,888.7490,363.2086,496.6713,692.8310
12.0000,747.9100,683.9215,807.5654,696.3671,283.3208,718.6638,434.2987,707.4002,698.6889,501.7409,400.6374,292.8476,675.2272,597.3511,563.7485,481.3549,865.4545,370.9342,520.7865,688.5673
12.0333,732.5719,666.4629,785.2890,722.8931,309.2445,742.7122,425.7277,689.1850,664.6111,504.2865,401.7112,295.4114,648.7126,606.1250,571.8580,484.7214,843.0489,381.3861,515.1366,691.4727
12.0667,753.8790,661.3011,814.8128,733.4402,326.9651,737.3022,428.2883,687.9413,694.9697,512.2892,390.1567,289.3054,628.9774,580.6388,550.5013,468.9933,837.8479,376.3940,497.7897,679.8809
12.1000,744.9361,667.8260,792.9540,696.0101,324.6184,729.9539,434.4123,688.1421,674.2887,501.0491,385.8625,287.3277,651.8167,619.8186,551.6894,472.1317,830.6879,375.7323,525.2926,689.1250
12.1333,742.4539,647.2519,796.2180,730.4621,327.2089,709.9130,417.0061,684.6861,689.3247,493.0473,397.4196,278.9122,627.1338,608.0296,544.7643,471.0240,813.2378,379.6780,500.8994,701.1763
12.1667,736.6560,646.5243,789.2237,705.2178,323.3967,756.7963,435.3497,694.4505,658.7972,506.5481,411.2890,298.0715,624.1588,603.5898,543.3584,483.7171,820.4307,370.4587,530.0775,691.1020
12.2000,758.1779,663.1817,776.3824,720.9532,320.4750,739.0003,440.7356,700.9941,662.1549,517.1434,393.8330,297.7198,626.4642,603.5896,565.7825,465.0498,828.3800,374.8322,495.9171,685.8150
12.2333,729.8090,667.5888,810.3743,718.4873,315.1246,708.4569,440.6842,674.6123,682.1817,496.6355,408.3272,284.3692,614.6081,597.5780,553.9439,463.9246,815.3076,367.1464,492.5049,675.0725
12.2667,758.3473,646.7310,826.7151,711.5290,306.5661,724.4472,417.1396,696.1718,671.6956,504.8539,406.6069,278.6213,607.9061,593.5374,554.5217,464.1228,813.4284,397.3458,518.6927,711.4230
12.3000,751.5337,654.6576,779.5591,733.6903,307.4065,733.6666,435.5000,709.8190,682.5366,502.0988,397.7872,292.6879,578.6478,605.6228,554.5438,470.2683,802.3120,372.1413,498.9288,689.4482
12.3333,749.0340,657.1141,820.2904,691.3457,293.4153,725.1544,435.4654,691.7108,678.4636,490.5285,389.0975,306.7558,581.1987,611.1065,548.0470,482.9748,801.2196,370.4775,501.5726,697.3353
12.3667,756.0066,668.6781,789.7538,712.5551,288.8545,744.5585,430.4157,710.6263,681.8348,491.4417,394.0156,289.0278,590.8703,607.7969,550.1062,481.7909,804.9278,370.8585,503.6874,687.7518
12.4000,754.2896,642.6743,795.0271,725.8323,299.8614,742.6971,447.3058,713.0237,674.0224,489.7412,391.5222,282.9206,569.9571,618.1520,572.0471,461.9214,780.8991,370.5697,509.6833,712.4514
12.4333,743.4936,678.0684,800.3859,713.4460,290.6438,759.4185,433.9576,696.4216,671.9774,498.9091,385.8602,287.4222,560.1871,615.9686,572.4011,475.8585,785.3459,378.1429,490.5806,689.5689
12.4667,722.9405,646.1197,801.5149,702.6196,275.0540,709.6437,439.6244,699.4983,662.8575,503.1537,406.2025,292.5887,557.5673,591.2073,561.9343,479.9464,777.7952,378.7680,629.9583,708.2746
12.5000,739.8278,654.5203,789.0668,713.9069,278.4996,714.1937,425.5977,685.3501,675.8750,521.3308,414.1625,287.3963,556.1250,594.0149,547.7079,471.0691,778.4683,380.9509,690.9025,698.1072
12.5333,739.1990,667.1194,810.1534,732.5854,281.3658,714.4812,444.1274,695.4096,670.5293,498.2395,387.0939,292.7049,552.8882,626.4247,565.7418,480.3194,769.7000,369.9821,709.1599,707.5348
12.5667,768.9056,691.7747,781.9476,718.7025,267.7056,719.2707,444.6811,690.5113,670.7437,475.2648,402.1120,291.1968,534.2214,613.2640,569.1068,483.2481,768.8691,372.8862,717.3064,705.1183
12.6000,758.4288,667.8465,794.5290,713.1451,273.1246,741.8650,414.0852,670.1198,675.2026,504.1479,391.7313,283.4355,544.0535,607.3392,545.6946,464.0347,758.1627,376.7813,715.8876,691.2499
12.6333,778.1370,657.5387,790.7740,707.5320,272.0296,735.1925,426.3027,691.6016,676.2350,493.8069,399.6160,295.8919,536.5728,601.0156,557.2350,482.7981,762.3721,370.1109,737.7047,690.0776
12.6667,758.7879,684.0209,813.9859,718.4043,263.4614,729.7700,417.7496,687.1100,678.5956,483.4244,411.2277,285.5772,526.6499,600.6938,565.6320,487.4725,754.7140,375.3610,700.2053,692.8968
12.7000,761.4056,673.7282,789.6067,705.9795,265.9866,717.2334,424.4749,681.6971,657.6139,488.7109,398.4004,290.5284,528.5765,607.3633,555.0497,471.3626,746.4823,365.9111,695.8234,698.5600
12.7333,725.6336,638.9657,777.2441,723.5204,271.1105,719.8994,426.8543,698.0919,663.6277,503.8571,399.7320,288.1723,528.8059,612.3965,557.2436,477.3973,795.1287,371.9082,685.1806,696.7781
12.7667,741.8442,641.6389,768.6729,693.4156,260.9083,725.7705,441.3068,684.3788,684.1767,494.7122,392.9221,293.9333,521.9856,608.7180,569.5774,492.8416,748.6727,363.2711,686.3966,698.4170
12.8000,722.4785,674.7499,761.5774,721.0463,259.7935,706.9462,436.7648,701.9023,657.1753,509.2243,404.1848,288.7940,522.9012,611.3355,572.5173,458.1322,741.4167,372.0873,673.1604,689.8394
12.8333,744.4663,654.3550,771.8529,715.2782,254.8832,720.1873,433.5336,693.8579,686.1105,466.8674,397.1289,293.6582,521.1986,623.4349,564.3331,467.4832,752.5539,375.2592,646.7883,701.7619
12.8667,761.0492,692.3316,790.3654,710.6400,247.7454,692.6072,438.1470,693.3895,657.7888,489.8961,387.3239,285.3078,506.4405,601.5789,572.7866,478.4881,738.9404,387.5143,655.5963,704.8063
12.9000,778.0850,652.2243,778.4539,750.8834,260.0874,701.3618,419.4106,701.3280,676.4492,503.3654,388.6788,290.7117,511.7934,604.7675,569.9009,477.8205,775.0126,364.1353,628.1194,690.9095
12.9333,724.9093,666.0184,789.3062,735.4790,248.8538,725.6052,434.5268,706.3140,664.9596,484.5168,398.5419,291.2326,494.5007,591.1796,573.8707,467.5714,748.7139,375.7519,633.4615,719.3013
12.9667,751.2608,671.2733,755.1421,724.2021,244.1694,736.6065,445.1376,681.3839,661.6161,497.3827,406.5649,298.8744,514.3482,606.6741,578.5892,478.0936,756.3744,372.1352,617.8093,669.1841
13.0000,756.7862,664.1481,745.8059,721.7440,249.9755,720.3827,444.5983,699.5809,646.1152,494.1113,396.2559,292.9732,505.1587,613.8071,558.3231,463.4251,730.4687,365.9193,619.5731,679.2075
13.0333,703.6126,643.7047,798.3892,723.2317,244.5924,699.4790,422.3583,698.4590,653.9679,490.1133,384.5134,285.5794,492.6262,597.1292,551.9314,481.1413,733.1146,357.8687,606.4807,694.6012
13.0667,767.4473,665.2919,782.0858,696.2576,237.7270,715.0787,432.1311,692.4491,682.8060,493.0468,386.6632,280.8071,494.0805,597.4659,563.0462,482.3797,724.8407,374.7503,607.0130,697.2311
13.1000,708.9683,656.9724,756.7300,753.9777,243.0450,753.7088,441.1999,703.9348,666.2101,511.2361,407.7714,290.3441,489.8453,619.1693,582.0994,473.3285,755.6880,378.9942,598.9269,696.2170
13.1333,1313.4559,677.8257,769.9586,1050.7964,250.5779,728.9348,434.2347,696.1172,689.8950,499.7332,398.6661,278.2877,491.0613,619.2707,569.5650,471.5457,746.9052,383.8563,592.0958,681.5339
13.1667,1576.0995,645.0429,739.0913,1149.6368,237.1686,724.7504,663.9144,1248.1810,653.7528,517.6213,407.6942,284.9838,486.9115,600.4225,557.8571,459.1243,756.5718,355.0181,590.6110,687.0734
13.2000,1645.9895,676.6974,751.5889,1212.3770,251.5029,719.1288,765.7078,1459.7960,658.0804,478.0269,396.0239,297.5026,490.1483,595.2985,564.9557,454.7538,748.0251,393.0913,581.2029,717.8126
13.2333,1686.7680,1061.6028,770.7813,1235.3751,238.6947,731.1808,810.1840,1575.5287,666.8952,486.2363,399.9148,291.3627,508.5992,610.1657,563.4907,475.2143,748.9548,379.6233,580.5934,702.6769
13.2667,1627.9058,1198.5786,762.6722,1219.1305,242.9060,718.2839,799.8163,1591.7580,666.0958,500.4762,393.7294,288.9963,477.4460,614.5721,548.7692,489.7488,737.3244,365.2312,568.6496,690.0064
13.3000,1617.1000,1240.3853,820.7883,1203.4755,341.7925,1184.4516,803.3113,1604.7559,652.0010,512.4574,384.8061,297.5865,491.1748,603.0758,558.1221,473.5668,737.3135,364.4352,574.4757,689.9716
13.3333,1559.9079,1257.1051,782.2932,1163.4674,378.0925,1397.0930,787.5901,1549.5083,669.4959,478.3325,393.5205,286.7015,483.5935,588.3523,578.1189,478.7135,720.2011,368.0945,568.8596,703.5994
13.3667,1526.3888,1262.7658,770.3877,1144.4163,392.9636,1428.2313,782.8262,1504.9298,679.9851,488.4009,401.1946,289.2574,484.6699,588.0353,555.9996,466.1375,701.5838,363.6211,710.8584,730.5446
13.4000,1487.3539,1250.8157,769.6194,1106.2011,397.7013,1418.4163,766.6146,1472.3476,678.7416,502.9002,392.9148,295.8689,487.6017,612.3856,548.1208,473.0867,745.2787,363.4144,782.2252,697.5935
13.4333,1431.3123,1224.4186,789.0311,1110.0321,396.5826,1451.2540,739.7445,1402.6838,667.4707,496.4793,396.3245,293.8085,486.7212,582.3596,558.0458,463.7124,741.3032,368.5689,766.0589,673.4891
13.4667,1401.9790,1185.9792,758.9433,1088.6479,397.6796,1431.0391,730.1365,1406.3952,673.7302,502.9603,399.0066,286.9576,471.6034,605.5547,537.9570,477.2632,743.6097,385.7412,782.0435,692.3797
13.5000,1390.1941,1148.3042,783.5271,1082.7421,385.2487,1369.4537,717.5100,1341.1325,667.2037,487.0633,385.1873,289.9798,491.8104,609.3334,582.8948,488.7884,712.6830,366.0228,762.9206,672.7181
13.5333,1346.2763,1125.1999,794.5677,1060.0479,375.9762,1346.0668,680.7309,1331.7539,650.1719,489.7017,410.3272,289.3092,481.7975,603.2687,557.5347,477.1686,716.8947,373.9626,750.6741,693.6866
13.5667,1309.8832,1136.1529,782.9976,1038.2820,363.8617,1319.9573,682.9960,1292.8242,678.8860,512.8437,396.6625,286.5612,484.9708,612.9806,542.8336,475.7565,756.1591,361.1413,754.9755,739.8424
13.6000,1274.4971,1077.2724,781.0772,1034.7184,345.6866,1280.8480,663.0848,1237.4223,646.0929,507.8693,388.7133,295.9713,485.0074,593.9279,541.4961,480.0666,724.3704,380.1683,740.5504,703.1451
13.6333,1261.3337,1031.9082,768.0995,1006.6778,351.4787,1254.4186,637.0217,1222.4232,666.2371,499.1549,404.7877,287.5117,482.2751,611.3749,567.4729,481.5739,745.3415,368.2768,715.1253,714.3170
13.6667,1233.9098,1043.6369,771.8866,980.3216,346.6244,1217.5820,646.7804,1192.0648,668.5903,503.5391,403.6388,283.3200,471.2519,599.3429,562.7852,467.4756,727.6856,377.5549,723.5951,669.9964
13.7000,1205.3475,1010.7796,788.8578,973.8067,338.1600,1189.5205,626.9634,1158.0378,654.6417,489.0178,407.8026,287.9767,488.2054,600.0883,542.7035,475.2376,711.3161,382.2648,701.9671,686.5374
13.7333,1169.0659,1007.9314,759.1040,977.4390,322.2884,1150.9192,604.3168,1323.6993,662.4412,487.8266,402.7613,300.2818,472.0640,635.0514,561.1046,465.8129,728.9848,368.9324,683.3665,693.4305
13.7667,1162.7479,948.8204,773.2109,951.0189,326.9100,1128.6815,606.6877,1398.1876,657.7338,492.1223,385.1250,276.2034,461.2720,601.2180,563.7116,469.4384,741.7172,370.6611,681.1317,696.8211
13.8000,1100.4787,972.5528,774.2997,934.4306,326.1870,1111.2184,610.1156,1413.9442,687.5407,484.3078,403.9824,295.8771,483.7975,583.7961,559.3208,475.3841,724.1258,381.6725,662.6937,684.9466
13.8333,1104.7636,940.7368,777.5556,921.3192,309.4833,1097.1934,582.7453,1349.4115,624.9009,516.6325,385.9296,283.6916,471.9949,602.9475,560.9573,472.5583,725.0768,375.7252,650.9476,689.6498
13.8667,1056.0676,933.8020,769.4829,890.6276,316.6244,1084.4814,586.7864,1360.5133,645.4117,505.7780,402.0501,281.4972,463.1350,607.6676,545.8872,477.9705,728.8269,388.0910,639.8810,693.6619
13.9000,1086.9434,922.0889,799.0411,902.3345,297.8154,1063.7602,569.5398,1325.1264,654.7160,492.9765,404.9948,288.5303,475.3178,592.1767,569.9403,471.5703,745.4665,364.5082,645.7946,682.5982
13.9333,1075.3694,912.2788,779.9787,878.8809,300.0837,1034.4661,555.4003,1274.8057,664.2596,477.2783,406.3941,283.1938,461.2942,626.3755,530.8788,470.0236,732.5170,381.3326,630.8803,694.4412
13.9667,1021.0108,874.9682,783.4622,879.6578,294.7713,1018.9816,547.3465,1243.9230,651.1661,505.2301,394.3585,296.7473,465.7505,596.1772,539.1582,458.6052,711.8643,373.9419,626.7484,692.8381
14.0000,1014.5235,881.9205,781.6803,883.7594,297.3888,1017.4722,545.6211,1238.4420,674.8652,482.1825,398.8464,288.3602,485.6554,593.4570,562.0151,466.6802,739.4723,373.1985,621.9553,680.3623
14.0333,981.3631,854.4779,783.0742,868.2902,291.2770,980.3143,550.1588,1201.1294,654.0767,508.6908,384.3533,288.2089,489.1472,604.7929,566.6645,489.8657,712.5757,370.4435,628.4525,678.1512
14.0667,1008.8925,860.0873,768.1802,879.6937,283.1793,978.4248,531.1375,1190.5820,662.8508,522.5775,417.9462,290.7423,475.1607,601.9745,536.9503,472.1742,716.0188,368.5281,623.6418,868.5774
14.1000,1171.3804,852.0563,779.2673,839.3808,284.0887,958.4904,517.2715,1127.6932,657.4867,490.6975,384.0843,284.0166,473.8517,615.6873,565.1876,616.9363,709.6222,376.3933,589.3984,945.3293
14.1333,1236.2295,842.1639,751.7139,831.2117,278.1149,955.5995,524.3188,1114.0179,647.0149,510.8435,382.7112,289.6027,458.6951,601.0277,557.2286,653.9669,738.2388,365.5843,602.5458,975.7914
14.1667,1279.6746,816.9850,768.6507,812.5038,276.5068,947.0519,520.8713,1084.6329,654.7656,492.7709,396.0013,289.1435,475.0834,612.4708,580.2291,691.2242,742.9473,364.0420,582.7865,993.3561
14.2000,1277.7674,817.2083,773.9776,828.8518,275.3911,936.5436,506.0881,1104.1203,666.2370,500.9110,388.3179,290.3825,480.8947,601.1948,531.2762,690.3674,725.0964,371.5702,571.3083,1007.5464
14.2333,1274.8110,803.6435,786.7225,815.7725,267.1291,930.9428,493.3031,1059.6232,660.3353,495.7833,403.0822,287.8939,454.2260,603.2627,558.2419,694.1681,704.1815,377.4429,584.0840,949.6167
14.2667,1240.7287,817.1763,749.4624,832.3726,269.1545,896.5172,525.8265,1034.9615,648.3249,520.1118,403.5638,296.2013,472.3644,601.3572,543.0485,672.2259,734.0003,361.3476,578.5703,964.3936
14.3000,1206.7189,815.0530,759.8991,819.3491,271.5634,908.1338,491.6890,1057.7850,635.9973,497.7254,392.1058,287.3796,473.6337,624.5662,558.6217,673.8768,722.3697,362.1062,579.1833,977.1576
14.3333,1222.5832,790.9070,771.9043,826.5231,253.2377,875.8583,487.0562,997.2499,658.8486,507.7559,389.1222,286.1331,469.2124,620.5489,561.6566,666.7397,713.5688,365.4992,581.7228,926.5544
14.3667,1185.6189,800.5838,781.5264,806.8193,268.2705,878.9180,494.8984,996.0685,673.4546,499.8187,401.7625,303.9407,477.0643,624.1619,563.3912,642.9011,721.4050,364.7338,561.1421,954.6975
14.4000,1156.1416,760.9350,741.9272,821.7436,263.4928,848.2323,475.6561,944.1887,661.4840,504.3139,380.9156,286.7274,472.8209,623.2654,551.6486,643.2171,732.4653,464.3616,553.2002,897.6002
14.4333,1128.9835,792.9791,752.5154,798.4521,265.5838,863.9530,499.5051,949.5669,670.0743,496.6586,394.8759,291.0255,467.8653,593.0855,569.0918,633.2671,747.4767,525.5780,549.0114,932.1884
14.4667,1111.0321,755.7790,772.0761,806.9536,255.7285,829.2942,486.4744,961.6025,670.3011,504.7906,393.6380,287.3887,464.4027,597.7668,573.2575,621.2783,717.1401,540.3480,556.0826,883.4001
14.5000,1085.3919,753.3157,784.6694,761.4603,252.7005,855.5130,488.9580,937.1183,686.6004,504.0082,403.3197,293.1239,463.7198,611.6965,550.1247,610.4618,721.7257,527.0247,573.6813,910.8981
14.5333,1089.4986,729.0881,780.3717,781.5471,254.7922,876.4268,479.4088,915.4730,675.9865,497.1269,391.3128,291.9719,464.1857,592.1306,566.5415,585.2673,740.4026,536.5018,548.1615,848.4044
14.5667,1053.7036,755.9421,769.3330,772.0089,252.8025,825.6060,484.5467,894.6451,638.3065,500.4934,399.1717,293.0775,473.8427,599.8841,552.7757,609.0721,727.1252,526.6883,548.2265,878.4233
14.6000,1051.1165,739.7187,785.8690,766.6338,242.9981,799.0586,483.1050,896.9154,650.0083,519.7484,392.7542,288.7882,470.0248,589.4193,553.2774,591.3826,708.0860,510.7530,546.3996,873.6248
14.6333,1029.1204,762.5834,771.4588,757.4291,247.7928,812.5508,471.0962,899.8302,671.5314,476.5384,384.6306,291.1887,452.1836,592.6318,558.6274,576.3777,720.1122,510.3040,547.2895,868.6696
14.6667,992.7327,718.3361,774.1093,767.0498,245.2296,820.1822,466.0495,858.3711,650.6969,507.2772,391.3850,292.1113,463.8345,614.6149,568.7241,580.2073,707.8275,492.8316,547.8664,835.2650
14.7000,1001.8958,763.1074,762.1509,753.8679,245.5309,794.1139,456.0142,849.1820,654.9283,489.7257,388.0524,295.1477,470.8616,595.6013,572.3872,581.0319,730.0318,495.5403,537.6449,845.4458
14.7333,936.1191,698.0724,791.5674,749.3131,242.8342,788.9269,467.4844,843.3170,636.5992,501.7109,386.1089,296.2985,454.8049,608.2806,569.5669,567.3187,718.0939,494.9626,524.1017,830.0621
14.7667,975.0931,738.6306,766.9341,763.5928,245.0689,811.0751,465.0106,838.1052,660.0720,487.4362,402.6613,285.3573,474.7741,594.1094,559.5843,561.1336,749.6956,484.2944,531.7098,814.6023
14.8000,944.9991,717.0995,803.3539,776.1611,242.2112,811.1626,461.7653,812.7686,658.7709,497.9854,408.0404,285.1161,468.3199,601.3463,566.2984,555.0545,758.0001,473.9951,524.0163,777.0461
14.8333,941.3874,715.9224,1004.6616,751.2279,255.6745,807.9903,456.2384,826.2719,671.7647,516.2347,392.6161,290.9905,456.6633,635.2348,537.5414,565.4012,713.6823,463.6128,531.9215,804.5839
14.8667,948.6454,716.4256,1070.2871,764.2661,239.5096,809.6045,465.3032,812.0110,654.1011,491.9849,390.2250,288.8995,451.8841,597.8987,558.0616,569.3027,709.2132,575.4607,532.3740,812.2635
14.9000,901.0788,720.1863,1132.4260,735.3129,244.1282,764.5825,454.2196,810.6380,660.9695,495.9313,383.6818,287.1985,465.8978,619.9143,551.3614,551.0729,728.7100,603.8753,528.3554,798.7669
14.9333,926.4772,717.0326,1106.3445,741.4416,239.4809,794.1522,461.5595,806.8695,668.0681,505.5952,394.5426,291.8409,457.3744,597.6888,537.2487,547.2786,734.8317,624.9565,527.6438,814.4063
14.9667,911.6605,703.0098,1102.8174,753.1966,236.9893,747.9346,448.6265,796.4445,671.1731,490.7161,388.1258,280.2001,480.6757,613.0503,543.6866,540.3133,719.5988,617.4932,527.3810,789.9885
15.0000,880.4901,719.7555,1129.4016,759.3731,244.0787,792.5003,472.2158,782.8350,662.1279,495.6680,395.2791,286.4045,458.3209,603.6630,556.8653,522.1074,694.4619,613.4016,526.7972,792.4902
15.0333,876.5299,691.8697,1079.2027,786.2815,236.1127,762.1696,446.0336,779.1176,658.2157,501.0246,377.8649,290.5745,461.1256,610.7802,541.5586,531.7663,725.7762,612.6797,522.2553,773.6240
15.0667,862.4448,703.1994,1045.7564,755.4752,239.6760,778.2577,446.4239,803.3656,661.6089,486.3493,392.0493,287.1188,466.3212,601.3735,551.2470,517.0789,722.4398,598.5772,520.7738,747.1892
15.1000,883.4748,705.7783,1041.4024,765.6058,243.2023,773.0170,447.2699,783.8732,669.7419,512.1877,389.0192,284.7361,475.7106,614.5533,560.3359,518.7783,713.1628,588.8104,510.2691,760.8552
15.1333,867.7439,696.3933,1051.6435,740.1344,233.3984,762.1754,451.9980,764.5108,663.3842,487.9791,401.6146,292.2733,460.0170,589.2401,553.2432,515.6387,732.6342,558.7478,506.3185,772.0545
15.1667,875.7530,693.0075,1047.7262,745.9421,225.5257,783.6076,444.2921,772.4572,653.4331,511.7674,415.4960,288.2746,457.0164,610.9288,547.4371,528.8345,722.0219,547.3121,517.4843,753.0397
15.2000,834.3077,694.2142,974.5136,735.5116,230.8376,742.5687,449.5893,731.6243,672.1853,484.2810,396.8451,281.3332,456.6649,611.2679,558.0300,516.1435,730.0140,549.2730,504.1544,751.4470
15.2333,851.0327,710.5678,1018.9432,733.7209,235.9604,768.3827,447.9840,766.4684,669.5888,481.2529,386.0369,293.0685,455.2020,593.7478,556.8203,511.5753,703.4733,548.1269,504.6572,753.5656
15.2667,828.0040,695.1566,980.4517,738.5417,239.7403,754.8090,455.8390,783.9017,655.0653,498.3543,393.4607,286.8816,449.1743,603.9098,551.2641,509.8079,708.7083,532.4194,500.9780,722.0745
15.3000,851.1510,687.6998,973.2337,736.8246,229.5757,749.6665,437.5085,746.9670,655.2671,501.4542,390.0645,282.2038,451.8074,601.6153,547.5752,509.0290,729.2046,518.4771,528.5870,756.6283
15.3333,824.5495,695.2622,957.2347,724.3851,231.7257,736.0403,431.3666,743.2710,667.1582,496.4462,386.3146,296.2356,449.9265,579.6497,555.9857,508.6052,723.2570,525.9151,514.3544,781.5157
15.3667,828.6482,693.6588,943.8034,766.1513,235.2412,745.1819,440.4973,755.2378,663.6942,488.2706,407.9273,279.3082,455.6781,621.0781,563.1718,514.1971,722.4107,501.6830,510.0034,725.7448
15.4000,822.3451,700.3805,951.9266,729.4989,233.1436,740.9265,445.4321,740.0252,661.4955,503.5101,394.4275,291.9844,475.0759,607.9967,557.7388,502.9972,720.4025,496.4533,535.6944,727.9184
15.4333,817.5293,668.8779,943.4995,744.6924,244.0455,742.5566,431.5234,716.8040,645.8266,504.0207,392.0805,292.7288,460.8256,617.3113,551.3710,511.0925,703.6127,501.0324,516.9330,771.3685
15.4667,837.0098,662.5294,916.9687,733.2885,224.7231,747.7842,444.7603,740.4910,665.0268,485.7985,389.8978,279.2903,466.8068,623.8957,561.3176,501.6171,715.9991,483.8346,523.5304,729.4378
15.5000,810.7478,685.2706,908.9072,718.8373,235.0360,746.6708,444.2385,737.0043,668.9331,473.8690,409.1958,288.9957,465.4100,605.1686,570.4639,518.0666,730.8997,480.7361,502.2584,750.3138
15.5333,806.7355,719.5978,926.2651,764.2541,231.3090,714.8041,427.8503,755.5497,667.8021,501.4645,399.8997,282.4509,461.2500,596.9404,541.7032,494.0291,704.4332,468.9861,508.0813,722.0968
15.5667,819.4657,672.7590,885.3373,726.9908,238.7158,740.0998,440.9596,706.3368,657.4768,496.1332,392.3543,290.6924,460.8500,577.1609,567.7256,495.8647,716.5056,457.0220,513.2003,738.9908
15.6000,799.3688,687.4459,896.7741,719.5259,228.6072,738.5957,431.4533,738.4169,671.6255,497.7674,402.2022,293.6978,467.3362,601.9567,553.0696,498.3206,735.0380,452.2730,498.0696,742.5228
15.6333,819.2023,702.6970,885.8672,714.9946,225.5297,712.4464,438.2194,729.9661,660.5541,498.9785,406.0727,294.8920,458.3845,595.5433,544.7271,508.3019,705.2397,457.0991,502.7324,685.5654
15.6667,814.3757,671.8407,893.5182,729.9572,233.3479,748.3905,428.6045,740.8885,665.5996,482.5503,403.3135,283.3905,463.7868,601.5732,541.4506,491.8021,719.7617,459.2782,522.4023,709.0119
15.7000,775.6425,687.9102,897.3180,739.4257,231.9606,764.6299,427.6001,707.2144,664.5588,480.0613,397.2676,292.7169,463.3162,587.8012,573.0926,487.3107,724.1165,455.4554,518.8302,720.8969
15.7333,757.8601,667.8607,858.6412,729.1686,225.2812,734.3066,436.9051,724.1455,662.7104,484.3911,395.2623,294.8291,450.8765,611.0518,543.9516,497.7463,724.3445,438.9886,506.3690,720.3827
15.7667,766.9576,678.2684,847.0153,710.8486,236.6343,744.3798,430.1066,702.9319,646.5299,509.7664,400.5146,289.0629,473.3133,572.8928,553.0098,478.6354,697.2939,433.0338,638.0643,718.6611
15.8000,817.9935,678.3243,862.4359,731.0434,228.4894,757.8764,432.5995,738.8514,666.2444,489.6700,411.8815,286.3648,461.6684,581.0368,570.4918,497.9712,703.2269,437.7785,679.6862,735.8787
15.8333,798.5578,680.1950,885.2364,726.4080,230.6838,732.0792,454.0264,694.7915,663.1959,503.4031,403.8271,297.9211,451.1116,616.4762,546.7683,488.8720,715.3830,424.1771,727.2441,713.0727
15.8667,749.6391,688.9128,845.6561,757.3867,228.4031,712.4295,423.9531,719.9432,678.0741,495.4163,402.0474,293.2633,450.4554,603.7672,554.5597,498.5130,734.4680,426.1948,729.3360,722.6423
15.9000,755.6060,683.5016,834.6965,750.2489,220.7081,736.0550,437.3249,710.5227,653.0133,480.7176,382.0503,280.9036,458.5573,587.4977,548.7922,486.9412,711.1942,400.3488,735.9069,699.5428
15.9333,788.2442,679.5430,851.0245,707.3861,224.8145,906.2922,429.0975,689.4866,653.6970,479.5386,383.8228,298.8105,464.3705,608.3481,556.4335,486.0082,712.7980,430.2441,717.6386,705.1198
15.9667,769.8746,683.0348,816.4688,748.6199,229.2855,1016.9313,431.8177,692.7430,679.4590,482.3252,381.4783,288.9325,484.0308,605.1380,554.6688,508.4752,714.1314,422.2016,698.7378,714.1410
16.0000,789.6091,683.3854,843.0056,726.5245,229.9198,1055.6625,442.9590,683.2220,665.0468,494.8377,388.0697,294.5431,458.4521,605.3050,579.5532,504.8540,725.6020,418.5579,705.3918,693.1989
16.0333,758.0973,675.6269,848.1674,733.4637,227.4328,1069.1541,440.1543,691.8365,661.2990,492.9693,403.4291,294.2787,456.2443,597.3268,562.4552,488.3591,727.7631,419.8198,660.8878,684.7642
16.0667,771.0868,680.7496,850.6736,709.3987,222.3406,1055.6675,450.6596,717.0537,656.1640,491.2835,394.5574,287.1435,459.4646,602.5380,546.3370,490.6673,727.3707,419.9336,687.1610,713.1809
16.1000,749.4868,662.7366,823.6906,700.7287,234.5512,1043.6247,431.4030,721.4571,652.5214,502.7498,395.4877,293.6655,485.2178,581.0799,567.5846,479.0894,731.6763,411.9569,654.6497,712.4977
16.1333,770.6819,680.7079,805.9086,731.3023,223.2571,1037.4298,429.8426,673.7290,674.1832,490.4255,400.4716,286.5486,462.0143,618.7734,545.2864,495.3618,745.8391,419.6865,653.8366,718.5621
16.1667,776.9654,673.8178,809.9358,722.2099,230.2717,983.1239,439.1771,696.8480,657.5185,494.7420,391.5882,300.7935,480.6353,589.3751,551.3813,500.2480,716.2527,403.2576,638.1030,705.3147
16.2000,786.5298,648.7617,803.1279,726.9047,225.8782,1005.1191,423.6818,680.6845,626.3413,492.1801,407.5204,291.0051,464.4841,596.5779,536.9368,482.8824,725.4850,413.3823,643.7217,697.7133
16.2333,730.2587,665.5755,802.0018,715.3609,229.9362,975.5556,427.3360,686.4370,676.4576,484.6350,392.8366,292.6586,451.8226,605.3141,544.5533,473.0005,709.3170,400.4105,619.3067,719.6476
16.2667,777.1617,671.2977,806.7886,705.9206,226.1228,943.3397,433.9069,704.2247,650.5455,502.8814,385.2606,287.3335,454.1113,586.4955,562.6233,459.2374,736.6436,410.9263,621.8285,692.0364
16.3000,763.1671,660.6554,809.5238,712.4011,225.1959,935.3955,419.6841,687.2968,665.6341,499.4343,387.2568,295.8073,464.6037,589.7263,549.2068,495.2255,756.6648,400.9865,607.4711,701.4952
16.3333,749.9722,671.2899,765.0930,718.6239,226.5838,954.4482,428.4274,711.8284,635.2942,494.0364,411.7102,293.4823,456.4499,605.7985,570.5546,485.7017,706.9732,396.7123,618.4127,698.6655
16.3667,756.8816,680.4007,748.8702,715.9809,222.7509,917.0709,417.6008,713.6829,667.8722,482.1459,393.1962,290.8971,441.9588,609.1416,569.5107,485.2842,705.2827,406.8485,600.0629,701.5662
16.4000,764.9970,666.1069,793.2788,718.9693,222.4071,884.4982,429.1807,706.4871,665.1033,484.6854,405.8088,300.6692,461.6451,607.4105,545.0519,475.6982,737.4146,397.7459,577.5020,696.0760
16.4333,769.2591,668.4795,810.4349,705.7273,217.0462,942.1868,429.1096,717.5202,643.8627,495.9513,390.4744,288.2874,453.0487,608.9600,574.0192,483.4085,708.2961,400.2908,596.1377,928.6564
16.4667,744.9893,670.6629,798.2624,745.4165,227.4068,909.0546,420.0246,687.7556,654.9249,490.6008,395.8130,289.5247,456.4565,601.8258,565.1088,484.4256,750.9275,385.4050,590.0615,991.1626
16.5000,744.5064,646.0218,779.2539,713.1246,224.3881,885.3532,414.4437,681.6774,682.2041,495.4009,389.5174,293.8294,459.4853,575.5846,530.9343,486.0216,720.7937,396.5985,576.8260,992.6606
16.5333,755.0285,664.2101,800.8546,712.5448,217.4579,868.2219,419.8498,686.4702,668.5856,484.6520,380.4440,296.1282,451.5563,612.7196,541.2105,480.3370,725.5678,398.1413,592.5000,999.6036
16.5667,739.8813,630.7759,790.9085,707.7374,227.5020,873.5382,418.2568,720.9837,684.8119,508.2031,396.1385,297.1013,475.9164,609.4291,566.5756,488.4830,715.1551,379.0933,568.7865,1024.2960
16.6000,785.7530,668.8899,785.2821,710.8055,221.8653,863.2893,436.1868,683.6967,644.5927,497.3555,389.4517,290.9225,471.2199,606.8251,560.0960,468.8398,740.1881,383.9595,574.3252,995.9769
16.6333,745.6572,665.3163,775.4317,730.6933,231.4655,858.4193,439.6216,685.3398,642.4872,506.0052,403.0174,282.3175,461.8411,594.7207,552.4945,482.8065,706.0547,377.8976,570.3414,993.1202
16.6667,751.0872,678.3492,792.5231,714.3946,228.1620,831.9104,419.2774,682.6716,639.8058,499.9208,392.9896,294.0265,461.4997,592.3413,560.7989,482.0575,733.4253,389.0608,571.3912,975.4233
16.7000,743.4876,699.1148,818.4701,713.3326,229.9547,853.7351,418.1105,682.0923,665.1686,476.9792,400.4773,294.2620,468.8324,577.6595,558.3890,472.3305,691.5350,394.3938,554.9209,942.4515
16.7333,762.6642,667.5114,788.1682,724.0504,222.6211,825.4993,431.6809,705.8513,648.2545,486.1620,391.0387,293.7715,461.1713,601.2201,538.3886,475.8770,728.5571,365.5971,539.4703,949.6562
16.7667,753.0512,700.5963,798.6331,721.6551,227.0658,822.5782,438.3510,663.9759,687.2547,483.9547,386.6304,293.8664,456.1949,597.1337,548.3701,472.6469,740.4998,385.2720,548.6823,923.4888
16.8000,762.7610,669.6099,802.7534,721.7233,221.4325,809.2830,442.9309,685.6516,666.9536,499.7120,399.4636,290.2996,461.3405,609.0646,569.4141,466.6208,719.1336,387.9050,533.8372,919.8387
16.8333,769.4920,669.9002,765.4035,705.8161,223.3084,810.7000,423.6131,693.8882,675.8320,493.6274,390.1160,290.2244,463.2504,588.5734,554.4240,464.5709,725.4413,368.2814,532.8625,912.6947
16.8667,737.7912,678.7956,783.6150,701.9959,233.3920,798.2401,429.5018,674.2517,659.1695,486.0158,389.4345,287.2851,459.3066,592.3687,544.0312,482.4638,690.8871,364.9783,528.9523,888.2229
16.9000,747.9589,676.2333,788.3177,712.1570,232.0498,806.3920,440.6086,692.8143,641.1287,499.5256,386.2951,295.2681,446.0406,582.9328,555.9380,474.5528,700.3163,397.7903,546.6068,895.3634
16.9333,759.2743,643.3993,801.4888,716.9524,223.3645,787.6391,410.8208,686.7880,637.0378,481.5483,394.5780,279.1370,453.2717,597.6768,550.1062,476.6965,716.9732,380.4458,542.8727,863.2372
16.9667,738.1121,677.0281,777.9790,735.1099,229.5678,782.8497,432.5572,701.8809,662.8940,485.0710,395.3667,286.6482,466.1892,598.0906,555.9098,488.4051,709.5622,376.6606,539.9006,850.3098
17.0000,732.2421,656.9582,780.2968,723.0287,224.6151,787.1990,422.2154,691.0698,698.1232,498.3313,388.0323,298.2527,450.7923,597.2669,552.2048,483.8102,727.8518,373.8626,536.5175,857.4266
17.0333,740.8834,670.6046,794.2108,710.9591,226.9636,793.0228,421.2253,688.3177,660.9020,503.9093,409.6795,291.8013,455.2058,589.3238,566.9709,486.9895,718.6519,387.6843,536.5987,839.7412
17.0667,738.1497,659.0251,752.9874,733.2721,228.0664,788.3124,432.2647,698.7239,677.5114,494.1135,398.4872,288.2069,463.6174,579.1470,563.5828,485.0343,705.1277,392.5101,533.4583,826.9081
17.1000,759.1756,635.9554,784.2853,694.9245,216.5016,794.0707,429.5877,685.7525,667.9337,477.1270,401.3192,298.9476,462.6540,611.8481,555.0454,464.7578,708.3711,365.2799,503.0443,837.8372
17.1333,746.5793,651.6608,780.0892,695.7285,230.6239,784.2384,416.6803,708.0617,670.3878,490.0166,403.0977,300.1445,455.1000,586.8892,542.7547,490.2617,706.9558,380.0123,523.8419,816.9520
17.1667,779.5802,690.4655,756.2528,730.3694,224.0862,775.2880,424.9359,701.3456,655.1803,478.2055,396.1164,276.9023,460.8487,602.1908,544.3903,469.2030,753.0281,380.2531,527.9619,831.2410
17.2000,726.5653,662.9950,782.1673,722.5767,236.5815,768.6365,436.1852,679.3129,675.5798,483.4231,384.3311,286.9423,473.1302,589.6833,560.9765,478.7521,723.1073,371.4568,542.6839,815.8372
17.2333,759.6432,669.0971,789.4828,728.1608,219.7915,771.8164,423.1400,684.9537,668.5872,485.9500,390.6546,281.9470,450.4935,589.1442,562.5778,476.4031,744.2570,363.1546,519.3295,793.0690
17.2667,772.4107,637.6122,789.4741,714.9838,231.2129,725.2437,446.5559,688.1775,661.0920,493.7567,391.4849,284.5064,443.9262,604.3438,731.9734,474.2514,721.8927,380.8389,521.2722,797.2247
17.3000,737.6100,679.1775,782.8422,718.7988,228.8171,762.9159,419.6079,714.5966,666.6297,511.0373,390.6782,304.7435,473.1572,609.9913,776.5168,474.4961,703.4110,383.6874,523.7515,793.7108
17.3333,763.2704,672.4263,757.9486,690.2845,231.4050,760.4699,424.0411,679.8844,647.9140,492.5429,394.9552,298.4177,460.1465,597.6960,791.1198,478.8289,699.3801,378.7712,502.7004,786.0259
17.3667,746.5071,670.3757,763.6469,730.3323,230.6184,772.6932,416.6151,691.2565,665.6867,498.6762,400.7237,294.8101,453.5180,591.0463,785.2816,471.3745,708.9053,368.1926,510.1432,764.6782
17.4000,726.6206,677.5789,786.9699,714.6523,231.6223,744.1068,418.5526,699.5331,645.4245,500.9527,399.2177,290.0680,481.2697,592.5612,799.9616,469.1269,705.1139,376.2959,503.6232,782.9988
17.4333,735.9984,682.4117,782.8275,736.3972,226.5933,754.3969,435.4976,696.6351,674.7428,472.6395,400.6830,303.4352,442.6320,590.9280,798.8559,482.7556,726.0259,373.4628,504.5266,780.4010
17.4667,760.4351,691.2542,776.5258,708.5705,219.2435,779.5587,430.4000,702.8638,652.2214,483.5859,396.8930,295.7481,455.9016,589.4697,770.8363,479.8129,728.9904,380.8764,516.5291,743.8380
17.5000,713.2906,668.9229,781.7836,733.8790,229.6420,750.7595,433.6350,693.1622,673.4291,490.7793,415.5013,280.8746,468.2057,605.7163,763.1776,488.2890,726.4709,482.1880,496.5286,776.6749
17.5333,743.7279,684.5397,793.1756,717.0530,225.9703,729.6121,415.2472,688.3689,642.2556,494.7476,378.3899,296.3361,463.7437,604.6262,752.2165,475.1516,716.4203,520.1751,502.5404,744.6717
17.5667,747.9604,668.5828,789.6067,729.3228,234.9501,765.1468,433.6579,667.3909,655.3670,484.9874,397.4870,292.3777,455.2670,595.0409,726.9239,484.9630,729.5322,527.0438,512.7284,754.2258
17.6000,751.0736,657.2482,763.2501,718.8518,229.8020,743.3371,417.5427,660.4616,684.0745,487.9581,389.4359,300.2537,454.2022,600.9112,726.4236,469.2751,732.1413,527.9997,500.3068,760.7279
17.6333,730.1489,647.0009,762.1382,757.1938,222.0544,741.3409,425.0323,673.5530,667.2348,509.2568,394.5051,302.2473,473.6683,588.3845,711.8654,473.3434,723.2168,535.0542,500.6829,748.0096
17.6667,742.6203,657.7915,757.2674,689.8537,226.5680,740.6331,426.6536,685.0916,656.7656,477.6063,395.0131,291.8862,459.9849,600.1805,718.2036,490.3728,712.9828,526.5498,496.7568,758.2191
17.7000,752.1528,667.5707,769.2680,697.8976,231.0496,756.9706,421.7839,680.6651,670.5743,501.5323,390.4621,278.3142,473.8651,593.3757,704.3291,497.5684,729.4786,514.7173,517.6489,757.5298
17.7333,749.9917,654.3004,759.5638,753.4627,221.7999,754.9968,419.0229,693.7698,658.5432,476.1309,391.0424,296.6142,465.8955,598.0452,695.9421,477.7412,695.1282,501.4002,505.3816,750.0463
17.7667,735.0206,674.7226,761.4949,725.9756,225.6145,727.0544,427.1286,686.8659,672.8086,485.6456,400.2657,295.7563,458.5640,603.8630,687.1233,482.7332,678.6636,507.8315,501.0771,730.1264
17.8000,761.7998,657.5752,764.4059,707.9536,225.9192,722.8349,427.9932,719.2013,647.9835,498.9897,386.7137,292.1546,463.2239,584.9807,685.3707,472.8590,727.6473,499.5166,510.3405,732.4963
17.8333,756.6433,676.9023,758.7016,730.2273,233.5076,712.6499,435.7748,672.2642,675.4876,485.3836,398.8250,291.9786,455.4799,596.4839,680.8236,469.8730,713.9805,476.3143,515.7249,715.4858
17.8667,758.4896,658.8509,776.8925,721.2924,215.7350,722.8141,421.5470,683.2676,663.2010,471.5783,385.1310,303.2434,462.4781,597.8494,669.0565,458.6768,736.1667,488.5172,506.9240,742.6990
17.9000,737.2617,677.2900,783.0886,735.0030,227.8504,724.0995,414.2784,681.1349,681.4446,488.3195,389.0169,291.4711,451.2879,599.1194,674.2533,471.1771,720.3569,483.7618,524.2644,734.3630
17.9333,750.6256,691.1876,758.7588,742.2527,226.4453,707.1437,408.7424,679.1546,645.3380,492.5749,379.8906,291.9831,463.0029,617.1903,624.6451,492.4420,723.2037,467.8098,496.8392,709.9437
17.9667,723.9314,658.1336,754.8446,703.7563,226.7030,730.6917,434.6074,680.3401,661.3304,486.1526,391.2568,291.1096,452.3359,612.5384,639.2340,480.3608,696.6023,475.7270,492.2854,713.8030
18.0000,725.7823,648.1886,760.0727,722.0296,226.6364,726.6277,436.6960,664.1334,670.7443,489.3918,396.3738,297.7185,457.9973,611.8189,645.5194,484.4332,719.2995,463.9096,504.9011,721.3921
18.0333,753.3678,693.1214,779.3778,727.2226,230.7156,743.0874,436.2430,672.8565,671.8713,484.8900,393.9656,294.2944,458.6690,615.9246,644.6099,485.8017,710.7520,441.3108,497.6738,729.1436
18.0667,760.5960,678.2329,783.7669,754.6409,224.6176,754.5396,415.3198,685.3488,629.9247,499.5668,387.1295,286.5647,465.8236,589.5642,635.5738,471.2890,722.5646,453.0977,499.3775,718.9591
18.1000,756.4772,671.0110,748.3852,706.1644,219.9210,707.8392,429.6829,675.6395,677.0820,493.3795,385.0477,292.5528,467.4145,606.7542,623.5695,462.8951,729.8570,448.1313,499.9439,712.6558
18.1333,760.2407,669.4289,789.8406,715.7411,223.0869,720.1763,548.1440,680.5108,639.6063,482.4875,383.8452,300.1997,449.8414,599.0062,622.9707,482.9172,695.5444,441.6116,514.8118,729.5296
18.1667,762.5941,668.5676,822.9197,742.7250,224.3569,721.0894,600.2733,662.8645,660.2533,509.4422,399.0973,288.5057,473.6791,601.4128,620.9294,466.8089,724.6850,450.7284,508.9137,711.0475
18.2000,782.5038,650.2131,764.1738,715.0860,223.0862,744.7187,615.2658,691.2481,662.8225,489.9982,390.1958,284.8352,457.4326,614.4258,620.5170,489.9283,702.3266,421.1186,506.0063,722.5119
18.2333,771.7566,647.1221,767.6703,722.9379,221.1369,745.9038,620.8229,660.6301,659.5945,492.1258,390.9649,288.9971,450.9202,595.6824,589.5425,486.2668,723.8398,434.5563,506.9891,735.2008
18.2667,758.7163,658.5038,745.8729,730.0758,225.1194,701.6388,618.7025,682.9876,663.8361,493.1828,399.2657,296.0030,455.5473,598.9254,620.4126,483.7420,685.8888,428.9434,497.2258,714.9354
18.3000,751.0448,667.2082,770.6980,708.2444,233.0617,727.8829,609.9242,694.5601,652.0499,483.6896,393.2452,292.8997,473.4547,602.6976,610.1782,483.2474,713.1233,434.0611,492.3068,714.6806
18.3333,777.3790,662.1051,774.3573,731.9852,228.4097,708.9374,591.3079,709.8931,666.0713,498.9796,392.5251,288.3787,459.4865,598.3917,624.3587,467.5234,703.7227,427.4236,519.1118,716.2385
18.3667,754.8306,677.7937,787.8222,718.6157,226.6588,738.6148,603.5448,680.3410,667.0170,506.9738,378.8475,293.7004,471.5745,597.3130,596.1309,473.5819,714.1073,414.2711,483.0729,734.3377
18.4000,770.6036,683.9881,747.2736,725.6311,218.4295,744.8343,560.5455,706.4835,634.3104,473.4385,387.2449,291.7290,466.7605,592.1400,602.6734,472.4695,722.3342,416.6848,494.5421,718.4296
18.4333,745.7528,678.9167,773.9813,717.4984,224.7599,755.8751,559.5690,678.4901,657.2164,481.8779,391.1122,298.4580,451.9311,590.4209,598.4141,472.6295,725.7383,408.1408,488.8363,690.5567
18.4667,733.7380,693.0641,779.4938,717.2985,290.1994,699.2192,569.8289,682.1244,654.4430,489.2560,392.8086,296.0684,449.5284,567.3572,598.5439,473.1536,730.2880,404.1845,513.6376,691.9636
18.5000,752.3809,674.1378,751.3172,685.0095,307.7134,719.8279,566.0589,688.5799,637.2395,509.6118,395.1394,286.1703,464.2049,607.7820,581.7372,501.6719,712.8395,413.6545,495.0878,724.2202
18.5333,774.3377,667.3346,746.0803,710.9617,328.6802,718.9962,548.5036,699.3448,647.0835,495.9814,386.5443,292.9702,465.6895,588.8426,601.5497,472.4259,722.5401,387.3114,509.2005,714.0529
18.5667,737.4789,659.7819,745.9388,757.8974,333.5524,713.8719,552.9304,688.1811,663.3294,482.3424,391.1103,286.4195,456.0857,595.8430,578.2966,477.8859,691.6207,394.8038,496.8016,705.8668
18.6000,744.0881,657.1098,763.3623,730.2957,333.5681,734.9631,530.6958,676.1130,664.8231,470.4204,381.9320,294.4174,457.9646,567.7477,571.5119,482.1741,711.1787,409.0035,505.8765,721.5620
18.6333,744.0416,678.7432,786.4710,730.4372,317.5552,722.5013,509.4680,673.3883,665.2248,490.5665,396.7853,285.4407,466.7205,580.7392,579.0549,468.2368,698.3924,389.4994,492.6576,706.9367
18.6667,744.8241,666.8282,754.2391,713.5031,316.9451,703.4909,530.2712,692.3742,673.7884,480.1682,401.2704,276.7673,455.9193,607.2690,584.6482,472.8643,694.4834,408.3914,495.0924,707.5971
18.7000,753.0498,637.2056,770.0199,734.8181,308.5184,728.6055,511.7828,706.1516,655.3817,467.2416,393.2658,304.1614,470.1930,589.2428,585.5574,471.8888,711.7006,413.3004,492.8772,719.8812
18.7333,743.5417,675.9389,756.9455,718.1323,313.0816,741.4525,517.4695,676.7596,648.8075,492.9726,398.8769,291.0113,475.4153,603.0422,590.6844,481.0484,698.3002,407.8732,482.5466,730.3818
18.7667,731.3794,670.4017,773.2403,713.9307,305.3466,691.1608,504.5593,695.5586,648.6441,504.4458,399.3829,290.9297,450.3073,593.2829,563.7271,470.4614,725.0543,391.1675,498.8510,714.9422
18.8000,740.0111,665.4716,748.7197,722.6749,298.0712,715.2940,515.3566,680.0762,666.4685,495.6903,397.3072,288.1090,472.2315,603.0524,570.2509,483.2058,710.6085,385.8205,505.0761,735.0206
18.8333,741.6181,667.2517,749.9145,724.7268,298.5824,704.1401,495.8202,697.9802,656.6705,501.1283,391.9243,284.7438,450.0887,595.3463,595.2139,453.1139,744.5966,384.0322,505.6620,705.1680
18.8667,768.6993,693.9093,767.4285,713.7312,287.2082,704.5455,497.0321,689.9323,645.2198,480.6543,407.7551,294.3110,473.2813,594.2494,580.5218,487.2899,717.2964,400.3255,491.9106,693.5383
18.9000,744.6797,692.7845,783.2341,724.9207,289.1113,713.5430,491.6956,684.2528,656.1076,482.9853,393.3701,281.4978,473.6647,616.1064,591.9887,480.7049,720.1323,395.4235,501.6932,706.4519
18.9333,735.4399,676.6812,774.7208,687.6463,288.8347,699.7554,500.3033,682.6664,658.5363,481.3563,382.6166,295.0979,452.1154,582.3473,576.5679,475.8800,698.5575,386.4109,502.1295,685.8537
18.9667,774.5281,675.3642,765.5834,719.1412,277.3537,728.6593,489.1673,691.9698,661.2293,481.5763,390.8839,293.9088,473.9263,593.9220,576.0302,471.6855,717.3135,398.6640,506.0347,720.4022
19.0000,752.5268,665.4870,770.0731,710.7092,279.0190,715.5246,484.9046,649.5372,661.6396,486.2816,383.9467,290.9909,459.0614,585.7983,556.8015,456.8651,743.9953,393.1736,493.3675,703.7908
19.0333,747.0261,666.4944,747.7156,720.8101,279.0546,722.4677,487.9880,709.3676,672.7424,488.1849,395.1052,291.4260,474.1578,589.5697,564.7704,484.3821,722.9215,382.6960,643.5537,715.7519
19.0667,734.4314,672.4166,752.4102,726.2026,274.0577,717.6280,482.7487,695.5833,675.8970,474.9459,409.6397,287.3898,457.6389,578.5369,549.0528,479.7660,706.8424,378.4284,684.8410,699.3003
19.1000,739.8050,668.1111,771.2497,730.0360,284.2699,703.5139,480.2184,686.9976,658.1230,497.7645,394.8117,282.1415,447.7572,594.6101,566.5429,483.3563,690.5122,382.4014,726.3698,715.7559
19.1333,772.2022,699.5345,735.7928,752.3478,269.5141,723.2867,486.7826,684.9897,692.6825,492.4637,395.2280,300.2473,467.2665,579.3931,562.1197,467.4207,707.5131,392.5990,726.8492,717.0618
19.1667,750.6520,666.0831,766.4607,760.6542,271.5504,716.9380,475.6210,696.9075,673.2727,471.7153,400.8134,294.5646,459.3384,566.3001,573.2731,483.9448,707.6211,387.6218,711.2170,700.4198
19.2000,753.6278,685.0215,759.6312,715.4029,264.9299,726.3905,460.9089,690.6412,659.6914,490.2979,398.1216,290.8120,453.0403,592.4080,563.5578,469.1706,715.2935,371.0999,695.9073,717.4106
19.2333,753.9328,675.7152,757.4979,725.4747,259.0148,711.5112,467.2047,697.0838,642.5262,505.7737,399.0777,295.8853,461.2682,586.2376,567.7459,491.8131,721.1171,376.9430,700.0211,720.2875
19.2667,751.8833,683.9852,780.9559,720.8832,266.2876,707.4858,483.5611,677.7753,663.5957,486.5718,392.6700,287.1257,467.1944,590.3881,560.2567,481.0690,715.4192,387.1555,688.5987,693.2555
19.3000,765.1854,681.6679,753.2123,724.9437,258.0194,723.6727,462.7268,679.2783,661.4051,489.8791,388.3597,287.1975,467.7996,578.4171,567.8924,486.9676,741.4983,386.2559,682.5060,710.7744
19.3333,718.2378,669.4147,733.2837,725.9045,252.9392,711.9549,473.5802,697.9429,653.1983,473.9692,403.0775,287.4382,479.0615,606.4814,570.1756,467.0713,736.2494,390.6203,661.3298,720.1309
19.3667,726.2805,684.6412,762.5755,720.6859,249.0912,707.1986,449.3723,683.3793,660.2928,501.0592,386.6820,291.0479,458.0720,585.7606,570.3112,481.1043,702.3316,373.8061,652.5316,688.8647
19.4000,746.9081,682.2948,769.2913,745.0416,257.5255,706.7587,455.3672,714.5959,651.3260,487.9636,391.1003,292.4182,448.2242,584.6371,557.7952,476.2020,720.2677,368.7047,639.6037,709.2204
19.4333,762.8607,671.4712,752.8973,738.3464,247.0580,745.7728,446.7544,659.3362,652.8134,495.3187,408.2958,292.1722,467.7178,579.8108,552.9898,500.9590,731.4191,364.6247,640.6393,687.6625
19.4667,723.3406,671.7551,756.5074,727.9872,254.2303,753.2238,462.4406,697.1751,666.3650,484.9151,379.3161,288.8297,477.7155,581.7963,552.4138,480.2040,725.4068,391.4688,624.4743,699.8659
19.5000,715.1019,652.8996,744.4442,703.7904,246.8907,703.9419,442.7417,657.9372,676.0092,505.6205,396.7063,280.7841,463.0080,590.6067,561.9941,477.8490,710.5611,373.8341,615.6804,674.2505
19.5333,748.7395,658.9675,769.8470,717.0746,245.1375,728.8236,435.6387,666.8686,644.9475,489.5842,393.0949,287.4941,480.3401,579.8060,558.8456,466.9108,706.5584,376.6314,621.8727,702.1113
19.5667,753.7729,683.3018,743.4525,735.4244,247.6996,707.6064,439.8848,696.9175,654.3113,489.3863,393.6910,301.3277,466.8101,599.0882,532.7879,476.3715,747.3790,379.8541,598.5653,680.3964
19.6000,738.9423,671.3963,778.3406,745.0659,247.4695,710.8808,454.2951,697.1072,663.9913,498.9232,390.9144,300.6998,467.9765,583.9636,539.8728,470.0839,720.3821,379.6994,594.9745,690.8347
19.6333,727.0861,680.3204,786.6758,729.6152,240.3070,707.1460,447.5403,695.7069,662.9136,486.4867,382.4350,295.4936,464.6094,579.7855,559.2508,468.1871,719.2083,386.4057,593.2795,702.3647
19.6667,745.4387,682.1432,760.6252,706.4842,238.4763,709.0333,452.3491,663.5833,649.6455,487.9769,379.8653,297.8699,462.4307,609.7302,574.0267,464.3445,711.0589,378.6754,600.0091,705.0956
19.7000,758.2309,674.1120,755.6170,754.9939,239.8793,734.8209,446.6766,686.5780,644.9202,464.0659,395.6223,305.0345,453.6679,584.2914,567.9775,487.6689,726.7154,370.5712,583.5846,721.8943
19.7333,749.7924,691.8977,748.6313,767.9462,242.4726,700.0135,445.6440,694.7550,653.2026,472.8573,390.9375,287.9257,459.6954,581.7688,552.8990,461.3213,715.0315,368.3079,573.2958,709.7208
19.7667,745.7925,678.0374,747.7873,717.5390,241.3944,710.6859,439.7392,674.8319,655.8816,491.9168,389.9767,293.3732,451.6340,594.2777,566.0310,495.0130,719.6305,382.6493,581.6977,702.4631
19.8000,752.5549,686.2722,783.6750,745.4443,236.5724,710.7293,450.0442,689.6215,662.8134,497.7526,395.2265,306.3351,477.1763,583.4325,548.5178,477.0556,700.1938,370.8389,586.8594,695.8063
19.8333,750.8879,677.6878,762.7573,737.6416,238.1543,729.3287,440.6530,720.8708,646.4122,462.6032,401.1971,286.1236,450.1204,586.1880,570.1144,474.7473,729.9247,364.9922,555.7878,706.5787
19.8667,725.2149,671.7748,759.5375,720.2118,240.2325,697.0396,451.4898,702.3159,673.7882,480.6965,371.3644,298.5915,456.4139,591.3898,572.1872,485.3563,735.5261,371.3833,548.9467,699.4067
19.9000,753.3459,675.4198,765.4631,748.3979,238.1856,704.1071,434.0944,676.1287,675.7173,480.7891,385.9735,298.0092,448.7798,577.3472,539.0221,463.6868,700.5886,371.3777,542.6706,723.8722
19.9333,765.8052,669.5701,763.7704,706.9773,238.2479,701.7976,439.6355,690.3386,624.5097,475.3364,392.3707,296.6237,445.7161,601.9340,542.5182,479.2918,713.7814,372.8166,545.4632,694.7803
19.9667,757.3768,681.8385,754.9334,698.6898,238.2928,709.5283,431.4432,689.5662,653.0093,492.8607,370.1251,283.1589,456.1180,605.6313,546.2012,482.6195,709.1444,369.5748,562.6063,731.4960
20.0000,729.5638,675.3408,773.3636,752.9812,239.8982,709.6285,428.1725,699.6643,679.9091,489.0999,387.4161,301.5785,461.6229,588.6924,548.5549,464.0222,714.8351,377.1828,558.4737,680.3588
20.0333,762.2023,665.9853,782.7306,747.4024,233.4525,710.4121,443.9100,682.0762,653.7276,473.9988,388.0259,287.9335,468.0535,575.0362,521.7498,486.2001,728.9051,365.6558,556.8229,705.8750
20.0667,756.4736,671.4561,778.0616,749.9698,228.4755,713.1015,419.2794,706.6281,653.3375,483.1447,395.7084,290.2728,465.6126,593.9618,542.3321,473.0493,731.1712,362.4886,528.6732,656.8744
20.1000,766.5261,670.6264,743.4843,720.5602,229.9335,714.3894,444.9235,684.2697,662.8434,492.2023,391.7354,282.0060,456.1304,591.7851,555.1256,454.4937,724.2446,367.2585,530.8509,674.3681
20.1333,752.2233,664.6208,768.8959,730.2894,228.4582,721.8267,428.6304,692.6396,662.5002,479.4525,397.9685,293.1236,457.6029,582.4878,551.1789,479.9317,723.5656,370.4871,528.4173,720.8455
20.1667,719.5062,663.2003,772.5625,703.8616,226.2053,724.0208,439.7182,702.2877,671.9731,482.2112,402.3532,281.1199,459.2291,621.1170,533.2857,487.1450,679.5412,363.5444,542.1310,707.9701
20.2000,749.6270,692.5170,763.9989,707.4848,238.0878,708.2398,436.9931,662.9529,680.3786,494.1771,382.7862,290.3119,460.0421,575.4038,571.4350,474.4272,720.5293,379.4065,545.6049,715.0520
20.2333,743.1614,680.5338,729.7206,739.2686,234.8388,728.1029,434.4925,682.4997,642.9753,482.1095,392.5214,300.6489,466.8301,584.4306,577.5262,468.8187,723.3794,362.4553,537.7976,719.7222
20.2667,756.7513,681.2335,789.0096,730.8050,234.6712,729.1206,436.1062,697.3057,662.1744,495.6003,382.5902,294.9248,474.3625,591.4340,564.7031,465.3780,732.1015,381.6923,522.9647,700.8226
20.3000,773.8117,692.7878,760.5168,730.0686,229.8257,713.6042,423.4045,700.6335,638.0876,464.2168,386.1124,281.6866,452.8539,597.9236,564.2616,478.5401,706.5728,376.0002,530.1306,732.1647
20.3333,740.4031,668.1745,751.5724,733.2401,232.4203,702.1450,434.2090,692.0325,642.4540,489.0951,401.5794,295.2823,573.8877,589.9337,528.5958,484.3889,720.4645,377.3701,508.5485,706.4697
20.3667,769.0741,693.8697,717.0309,737.3747,233.4879,696.1021,425.0711,704.5354,656.1087,482.4028,391.1561,299.5078,654.5307,579.7249,555.0394,480.9889,710.7651,383.6072,524.8424,683.1433
20.4000,747.7589,702.6667,766.4766,714.2343,227.8116,714.9989,449.4710,690.5618,650.5343,498.0796,392.7171,292.9334,655.3323,560.2231,542.9994,471.7854,716.2560,370.7213,516.9005,697.9527
20.4333,748.6694,676.7743,750.8332,737.7686,229.2954,715.7527,426.0931,691.8041,624.4748,490.1828,384.4040,294.7036,673.0429,584.7475,550.1505,481.9524,725.6682,366.2232,523.4188,699.6202
20.4667,730.5612,694.2236,784.2363,729.1244,227.7495,733.2179,433.6351,681.1576,667.9963,499.3746,396.4472,281.8525,660.2173,622.1108,564.6455,467.2277,697.3347,361.4254,528.2028,695.1949
20.5000,758.3232,678.9399,773.5823,693.6155,229.8604,719.7591,433.3745,692.2894,656.3355,485.0794,391.9615,294.8969,661.3723,589.0999,553.1793,465.8072,715.9035,385.0484,526.3532,735.0000
20.5333,733.2197,670.8196,761.9916,737.3733,227.9078,730.9364,429.3717,668.7644,650.0471,472.9938,366.6710,290.6793,636.9908,593.4062,569.0511,477.5445,698.0903,362.8397,504.8625,693.4687
20.5667,768.9024,669.9507,743.7431,727.6310,223.7045,685.8263,432.1560,692.1943,616.5547,487.8117,405.1842,297.9645,641.6666,597.4445,549.5546,464.4553,707.1970,345.5634,509.8423,713.2348
20.6000,717.6786,644.6824,775.3173,731.4623,225.6763,685.9830,433.2716,688.5214,648.4597,489.8423,393.9112,300.5867,617.0993,608.7622,551.1893,466.7472,716.8222,364.9415,502.1358,684.8208
20.6333,739.5545,695.0769,783.7487,728.1681,224.7227,711.4388,414.0483,694.8566,662.2719,483.9162,391.1342,288.7753,635.0692,584.7648,555.2567,476.2716,701.4190,379.1165,525.1992,694.1952
20.6667,760.6419,688.9924,728.6778,729.4171,225.1665,721.5870,428.1719,677.0763,668.6462,493.5712,393.1454,296.3307,604.0395,585.5398,551.6003,470.1372,712.4284,377.2209,508.0403,687.1555
20.7000,730.4452,671.9673,775.3651,734.0111,229.4823,695.2219,426.7146,691.8104,676.6714,480.6021,390.1132,295.4189,596.7081,590.4745,546.9694,487.5836,685.5260,373.9028,499.6180,715.7528
20.7333,752.3178,700.7626,763.4261,713.9580,230.2791,703.3783,423.5026,700.8715,654.2557,493.2503,394.3315,300.4816,609.2559,601.5634,527.8210,475.6030,705.2621,366.1984,501.6797,697.2187
20.7667,762.9021,681.8786,747.0369,740.4037,229.5141,720.1020,424.1150,700.8678,683.9238,478.4183,382.7932,300.4172,589.8712,585.9508,537.5704,489.3142,722.8926,361.2519,491.6438,701.8756
20.8000,736.4678,679.5159,788.0357,736.6366,218.5267,724.5946,414.4895,692.8565,648.4117,477.5335,393.6315,289.5650,586.7085,593.2872,540.1392,482.4569,719.6402,372.8568,506.5548,670.9686
20.8333,768.1100,684.4856,760.6313,732.7679,228.2813,709.3588,432.7091,683.8600,668.7424,502.6320,377.9409,292.2001,579.4261,597.4758,550.3184,484.1278,728.8134,374.7981,500.8266,711.0683
20.8667,759.2424,677.5540,762.4037,737.9570,223.2510,702.9229,428.0339,687.9980,675.7890,480.1841,396.0951,286.9667,576.4068,565.5849,553.9580,452.9666,722.4015,362.8153,499.3737,698.3934
20.9000,759.8083,685.6585,747.2574,728.1096,229.5314,697.7766,437.7754,674.7848,649.5331,511.9483,404.5486,298.7459,556.0676,581.7211,557.2431,478.6122,703.9472,353.5649,492.9729,720.7929
20.9333,755.5079,696.1891,768.5760,712.6776,222.8580,703.4391,431.5887,674.8171,671.5038,484.0553,376.8356,297.9048,548.0383,596.5309,548.6634,478.7715,707.7463,380.9562,501.1061,698.7170
20.9667,775.0375,688.0028,758.6411,727.7483,221.4588,708.7731,410.8661,691.4787,660.9691,487.9370,396.7119,288.3732,526.7264,584.1046,544.3990,483.7549,738.9833,369.6025,497.2076,709.0577
21.0000,740.8173,667.4964,756.4687,711.2383,220.5761,698.1980,421.5444,663.9879,663.2458,499.4199,377.3707,284.4483,534.1524,578.7609,535.0110,477.3500,724.0819,370.3504,509.8713,703.4286
21.0333,973.6468,661.0975,785.9353,724.7431,225.1187,716.8314,417.0797,679.6100,649.8618,511.7810,390.4622,301.4079,542.1563,603.5516,567.2316,467.8004,727.5828,371.5339,496.1875,710.6010
21.0667,1034.5823,682.6176,761.5579,732.2732,228.2461,691.7540,430.1258,707.5617,674.9410,488.0664,377.6629,291.0803,530.9494,584.8574,545.9498,472.4010,716.0379,385.0241,503.2760,710.5797
21.1000,1089.3140,690.4890,756.0231,731.1359,223.0846,739.5381,428.3981,678.9698,665.2364,494.9401,386.8656,292.2000,528.4184,605.2934,544.9815,496.0535,723.7382,366.0121,498.5839,686.2278
21.1333,1091.2576,675.4819,1148.7761,752.4518,231.4098,672.5101,431.0903,681.6847,666.9748,484.2742,393.0380,298.8177,519.8617,581.4206,538.2560,473.6142,696.6836,363.1133,495.2027,705.2035
21.1667,1083.0802,688.7750,1272.9500,705.0186,226.6092,708.1829,428.5035,1065.5685,652.8395,498.7790,384.2320,284.9856,532.6949,600.3784,529.9467,467.8830,730.1976,370.3121,489.7914,700.8718
21.2000,1063.6297,678.0041,1537.9728,728.1562,238.1026,709.9126,419.9837,1214.8785,659.3993,478.5105,383.4611,302.1159,524.5821,597.6165,547.5590,481.7489,730.6700,365.6957,492.6399,680.2499
21.2333,1613.3727,1081.2758,1687.0680,728.1819,229.2396,706.0542,422.4410,1262.0424,632.6540,493.0297,394.3886,284.4291,525.5377,574.6770,568.2246,467.4099,705.7133,369.3219,521.5817,705.2636
21.2667,1854.7174,1271.4728,1710.2417,714.6524,225.7203,1065.9080,426.8687,1269.8462,658.6150,480.7350,387.2012,299.3251,511.8663,593.8324,543.8291,458.9221,710.9918,362.3103,496.2641,676.6420
21.3000,1918.8611,1341.1172,1661.3506,729.5162,414.9082,1254.1351,429.0052,1262.3510,649.7551,492.1708,391.5305,287.3385,513.4192,605.9732,541.5966,484.1441,697.7361,355.9095,510.0957,720.6045
21.3333,1922.3090,1344.1439,1634.6282,716.1921,481.2854,1353.2580,425.4947,1243.0293,646.2317,488.5229,397.2245,295.9927,512.6542,603.0748,538.5470,496.3552,714.4851,373.8834,489.4071,729.8182
21.3667,1895.3611,1307.7980,1611.4515,739.5363,519.1686,1337.1514,415.7883,1236.3418,656.4971,486.7328,388.0549,293.9936,508.8952,599.7785,545.9826,474.4950,728.7394,378.9227,489.6118,693.6880
21.4000,1837.7308,1306.5769,1587.4712,731.6306,523.0537,1357.4135,428.6147,1215.8157,652.3414,488.3066,392.3483,292.4996,515.3749,583.1124,554.1447,478.3770,729.6839,373.9811,504.4240,701.1557
21.4333,1769.4805,1278.7070,1517.7986,727.8910,508.7456,1319.6303,443.1342,1179.5914,647.7872,498.2714,404.0444,299.3619,504.1297,580.1046,547.9889,492.9648,724.6236,374.4287,496.5385,698.3214
21.4667,1719.7664,1243.0014,1482.2224,724.2293,502.1415,1267.0655,409.4650,1338.4922,664.5273,487.1491,398.0872,294.6026,486.4727,587.2059,570.4058,475.9668,699.6703,371.6149,494.1799,705.7805
21.5000,1673.0708,1216.9697,1436.8638,739.0990,495.7349,1233.9679,437.8235,1392.6487,665.0405,493.6383,392.5012,292.0308,493.3460,581.0809,527.9914,468.0404,694.3897,363.3081,511.6156,710.2298
21.5333,1633.8114,1186.1925,1401.7339,734.5410,483.1372,1236.5658,417.5029,1391.8734,647.4262,483.7909,380.8529,296.6240,485.9901,582.4316,547.0835,468.9564,707.0469,365.9038,495.6777,711.0476
21.5667,1588.5095,1172.5672,1347.0006,727.0228,476.0087,1208.1247,426.7322,1370.2314,654.9761,500.5317,395.3695,294.9567,505.5514,597.7696,546.9186,483.8418,750.4879,378.3281,486.1685,694.7577
21.6000,1512.6724,1128.7761,1350.4950,721.9265,450.7517,1186.4099,418.0057,1335.9324,664.7741,492.4198,375.5041,290.3362,490.4867,567.5249,552.2052,484.9509,707.3400,364.4955,497.4968,695.1858
21.6333,1502.5145,1109.9336,1334.0773,716.5204,438.1441,1177.6479,428.0377,1324.9376,650.3010,487.6824,397.5292,302.0147,484.6517,589.6503,546.8821,469.3889,715.5586,361.6804,511.7875,696.0574
21.6667,1458.9416,1104.8057,1241.5754,735.9197,426.7317,1130.0065,434.4505,1305.2530,650.3856,490.4467,388.4853,286.9568,500.4120,578.7422,539.2534,465.3784,721.9653,358.3380,489.8621,707.0258
21.7000,1432.6891,1093.5043,1241.5034,733.9957,415.2195,1111.7992,428.5194,1254.2898,648.1824,476.0735,384.1223,295.1702,481.4243,594.7495,543.9682,477.9191,696.5943,373.8240,492.6218,704.6697
21.7333,1396.8444,1027.1362,1213.0982,752.1020,404.6665,1071.1286,417.2423,1234.0915,634.5754,493.3905,391.9830,299.0987,492.3305,588.6733,552.8257,481.3108,728.7933,362.6223,513.8335,710.4798
21.7667,1362.9478,1012.4403,1205.4080,726.3990,396.3558,1082.8104,419.7931,1192.3347,682.0592,488.4198,389.4568,302.9605,499.5169,581.6555,547.8681,465.0415,726.0167,376.2602,503.1359,701.5625
21.8000,1321.8960,993.9156,1181.4873,735.4985,389.5074,1018.4726,431.7784,1180.5966,667.6010,476.9439,388.7454,293.2551,477.8865,565.7809,529.0919,487.1735,672.7437,365.4249,515.3637,713.7692
21.8333,1294.6569,988.8219,1122.9872,753.4968,382.1802,995.0355,424.5278,1160.8224,653.1885,484.7520,383.9507,296.6540,478.0000,601.5420,536.5131,467.3335,711.5843,356.4944,487.1825,710.5805
21.8667,1270.7053,970.0369,1117.5851,728.2310,372.7145,1009.0401,426.2661,1106.7627,655.9632,477.6181,383.8888,288.8103,481.5440,561.4211,546.6601,485.1809,705.4283,358.2682,482.9055,724.2327
21.9000,1253.1653,947.7906,1096.0791,734.1294,371.3548,999.2520,426.5776,1103.4222,654.1891,488.3702,392.0900,307.9467,467.4711,607.8249,554.4288,483.7129,693.7358,356.2121,475.5597,688.5974
21.9333,1221.6095,944.3852,1108.9321,705.2848,358.3446,973.7019,417.7230,1082.6369,661.0543,479.9362,393.9543,287.7838,474.8382,574.8678,564.4286,485.5750,700.3968,364.9923,502.4590,710.5362
21.9667,1175.1668,934.8078,1074.6727,752.5763,353.7665,937.0196,430.2954,1051.7000,645.3833,498.9839,395.6903,302.4236,468.1888,602.8163,538.4846,468.4681,710.8941,358.2811,507.5103,706.9370
22.0000,1161.1618,916.4607,1041.7114,738.4270,351.1526,926.5738,410.1994,1051.5812,661.1179,492.9363,397.7488,306.6723,473.6035,568.4466,557.7297,475.0723,747.5399,358.7273,498.4925,697.4046
22.0333,1149.0865,887.2815,1004.8640,722.0572,330.0303,945.4055,417.6487,1015.8273,657.4647,488.2596,403.8028,291.4257,476.5659,567.3211,547.1165,488.3967,717.8529,367.7955,479.4559,683.9761
22.0667,1117.1780,871.1409,1034.6492,741.7820,341.5924,915.2022,428.4881,988.3436,625.1878,499.9412,388.5561,287.4790,458.6895,576.5631,547.1668,469.8872,706.3948,379.8806,491.2580,706.4830
22.1000,1101.1344,874.4815,1020.2648,746.9737,320.9043,895.7924,420.2167,989.3672,666.1490,480.4464,386.4529,295.0483,469.8130,585.5458,547.1013,458.1866,695.9667,370.8696,498.1630,694.5243
22.1333,1076.1259,865.3097,984.9703,960.4734,312.6648,910.2448,442.5681,950.1052,627.3249,483.1956,396.4184,293.8626,477.8010,573.4159,555.3315,463.5320,703.1784,392.0447,495.0755,714.5753
22.1667,1069.5709,848.1625,971.1816,1005.5822,317.9634,914.0035,426.4145,946.0950,656.7897,487.5261,400.9179,289.6394,471.4300,584.0093,541.6478,477.4339,706.1007,372.5931,509.4417,694.0221
22.2000,1067.7539,842.3998,935.7400,1052.1542,313.5347,876.5374,439.4872,925.8164,637.3420,493.6406,392.9427,289.6213,463.7339,585.7038,544.5562,470.4977,707.0786,372.6728,505.3459,677.0856
22.2333,1063.3147,832.8786,968.6468,1045.9291,292.4125,907.6112,424.8171,923.8771,655.9118,473.1957,385.9335,286.1383,465.7373,585.5428,542.1039,486.1553,713.0230,359.3284,499.1475,710.7115
22.2667,1009.0147,838.2868,944.8444,1066.2726,297.4141,857.9556,424.6919,907.7423,657.4204,496.6462,367.4755,288.8883,476.9609,571.5741,530.4294,489.7938,702.9796,374.7850,510.5989,711.7483
22.3000,1010.0458,806.0640,952.4984,1038.4601,299.7170,840.8586,424.3783,888.1282,659.5820,495.0922,393.0200,289.4538,476.2428,580.5599,544.8867,475.3603,743.9764,354.1825,499.6256,687.0783
22.3333,987.9547,814.9435,931.2876,1036.2918,290.4183,844.8205,419.0883,891.9608,659.0317,483.3093,380.9593,296.2366,598.1299,574.5467,556.8177,464.4057,710.6870,354.8735,490.7320,741.6566
22.3667,990.8851,783.7134,926.2659,1004.8371,294.9380,819.1646,438.1963,873.2147,667.1378,483.7919,387.9530,295.7835,651.3822,585.0383,545.8635,489.2839,717.9013,354.5448,486.5212,708.4812
22.4000,976.8779,796.1917,923.5072,989.7861,286.8997,817.2409,425.4727,860.3670,664.9291,486.2787,386.3904,293.3985,670.9428,593.0291,547.8623,481.8351,714.3756,371.0895,495.1261,691.8815
22.4333,946.7797,794.6812,901.3542,982.4226,278.6006,835.9582,420.8501,842.6862,659.5622,483.4613,376.0198,292.9642,658.0753,581.4239,533.7483,472.0987,714.5034,369.1259,499.8234,730.6414
22.4667,942.4832,802.1114,907.2278,975.2775,285.0337,824.8880,433.1675,850.1917,641.9918,489.6462,379.8287,284.8246,663.1315,572.0686,552.6551,474.7509,711.9219,367.1267,485.9130,708.2927
22.5000,932.2521,779.5871,887.5937,947.9465,270.7323,807.8231,423.6008,847.5553,654.2898,484.6271,390.7557,298.3600,664.6669,586.5089,555.1517,469.4391,723.2576,365.8177,497.4169,713.2500
22.5333,915.4664,782.8213,887.3907,951.7796,277.3898,794.9624,418.3386,837.1213,654.4435,478.0978,371.5955,295.3755,645.9311,591.7381,551.1847,463.8496,705.5810,369.2371,485.5446,712.7737
22.5667,897.7989,771.6335,907.7957,900.8277,274.2075,794.8907,428.5603,793.8442,645.0458,482.7768,391.2678,293.8299,658.9240,568.3497,545.2897,488.5177,723.8618,352.2078,508.5174,712.9888
22.6000,880.3466,766.0452,873.1233,894.1511,263.7804,830.2076,439.6767,787.4593,673.5778,468.1855,368.0941,290.7434,637.5647,582.0900,544.2679,500.2188,704.3317,368.7359,499.2866,734.2964
22.6333,904.8844,778.6946,871.4803,900.1281,270.8440,810.2688,418.5049,804.4538,640.8693,480.9707,383.1055,294.5138,616.5525,581.1934,538.4071,470.7497,705.6527,377.5477,500.4963,694.0725
22.6667,902.9748,748.0952,852.6823,909.4011,267.0505,769.1368,429.3208,777.3537,668.6899,478.5554,391.5170,292.2456,616.7787,585.1746,550.4536,467.6684,714.0048,366.2632,494.7100,719.6960
22.7000,887.9205,757.3195,847.9117,892.8931,261.9050,788.8000,429.6510,800.0883,662.8407,470.4054,393.9663,297.6973,607.5541,591.2844,564.9794,455.3628,701.0574,361.2065,486.8839,723.7197
22.7333,875.7444,734.2327,838.6579,892.4518,261.2280,777.6167,433.5681,772.0092,650.9443,483.9792,377.2833,285.5025,591.0192,590.3380,556.8141,470.7489,717.8269,367.7055,504.8028,689.2288
22.7667,855.5154,737.8910,834.2282,857.3060,260.8937,768.8395,413.8292,987.8117,678.8412,501.6684,386.4547,283.3458,574.6453,589.3513,541.4463,490.5261,720.0163,356.6509,504.0099,699.8444
22.8000,831.5183,746.5544,843.1513,848.8299,259.5273,782.3149,423.0301,1051.5558,660.3826,492.4286,407.6465,293.2990,581.8290,599.2454,548.1633,495.9411,692.0161,358.1466,493.7690,698.4037
22.8333,839.9945,750.0406,814.5655,871.2112,258.9515,764.6717,429.2943,1075.4727,639.1378,484.9266,391.7076,284.6065,571.0055,599.9259,535.8310,490.4680,734.6101,375.7877,503.5241,711.4405
22.8667,857.2437,730.8049,791.8440,834.6051,253.4486,764.6869,436.0798,1075.4895,636.0886,490.2639,396.9155,293.6439,557.9910,594.1137,544.8367,476.3044,911.3618,362.1746,493.3639,709.6775
22.9000,822.1924,744.1006,810.3104,835.5343,257.6819,783.9762,420.1588,1042.5798,665.3296,507.6112,383.6603,296.3397,567.8073,577.7978,571.6312,483.9363,1034.1369,368.9760,485.7819,736.7953
22.9333,846.1670,725.0566,820.5900,830.5582,250.7848,760.0079,417.8951,1037.4617,657.9383,500.2253,380.6670,298.9797,575.6564,595.4287,539.0891,482.5360,1031.5908,378.3052,475.3209,704.7133
22.9667,823.8280,716.3320,818.1476,855.0884,253.7279,777.7020,418.1134,1022.1085,687.4358,491.9334,399.5452,293.5815,550.1979,596.0839,540.6224,488.4584,1033.9751,373.8000,491.5633,675.3373
23.0000,847.5408,695.0509,796.1046,829.7078,253.6822,739.2822,418.7518,993.6977,663.3605,480.1515,378.6636,302.8176,560.9538,580.5221,546.1630,472.8896,1024.1068,364.6163,510.5758,713.2700
23.0333,800.9268,732.0504,827.6082,815.6361,239.6794,763.6635,423.2942,986.1291,640.7111,483.2229,379.0975,299.5612,557.8790,584.7730,545.0157,467.1021,1014.1388,376.3748,491.9208,702.9269
23.0667,813.8091,691.0805,818.7670,844.6509,247.8345,764.8173,418.7414,986.1615,659.3965,479.9568,395.1738,290.3848,543.1837,598.5245,538.6984,482.5180,1019.6335,360.6247,480.5303,690.1213
23.1000,822.6836,726.6342,789.6581,810.7078,248.3829,757.6364,432.1366,969.6258,652.8702,488.8984,389.4708,293.4415,518.3873,582.5252,540.3195,482.2703,991.5115,347.9344,498.1359,698.8742
23.1333,834.0285,698.3101,830.9922,808.1755,249.2890,739.0137,427.8281,959.7008,650.7236,496.0100,388.3144,295.8223,529.3383,604.5492,543.6255,468.1716,966.5269,373.5033,496.3481,685.3085
23.1667,787.8818,698.3573,798.1133,802.9154,242.6462,768.7957,430.5372,921.1339,828.2863,484.2503,388.6895,291.6989,534.9977,580.2920,537.2940,466.5785,945.8088,364.9123,477.2439,703.7946
23.2000,812.9883,715.7938,799.6267,808.0854,240.3209,732.0939,431.4242,900.3211,907.6963,493.5642,379.9566,284.7035,531.7069,584.2291,540.2860,476.2702,930.5514,352.8168,505.8995,702.9846
23.2333,788.7499,720.0468,795.1248,976.2247,236.8768,752.6084,419.4513,921.2408,927.8907,471.9317,376.3923,302.7644,518.4014,589.1812,537.7294,482.2927,910.6688,360.7233,487.2459,711.9838
23.2667,809.6695,721.5407,794.8379,1058.7502,242.6199,739.5950,416.1421,882.1587,932.9777,493.7581,390.3036,300.5204,515.7071,586.9366,566.7601,490.3570,889.7309,376.3761,483.8743,700.2541
23.3000,825.6720,691.0635,776.6416,1098.3716,234.2356,717.4464,415.2552,912.7345,931.0838,487.5843,391.9341,299.2322,503.2428,600.1602,544.3775,478.7790,882.0015,364.6563,492.3052,726.8372
23.3333,811.9855,703.8393,811.5035,1110.2277,235.1772,719.9430,434.2696,858.6835,929.4877,492.3627,391.7380,293.6670,514.2923,611.2598,544.6594,488.5894,883.9852,372.1548,473.6379,711.8719
23.3667,782.0602,720.6989,795.7618,1114.3835,240.0538,736.3239,427.5013,864.3022,913.1733,477.5760,405.4873,292.7134,485.5689,580.7286,558.4106,475.1854,878.7051,384.6711,492.1618,710.5575
23.4000,797.5132,698.0823,760.4015,1082.3008,236.2740,728.4848,436.0561,850.6988,908.3662,469.1176,403.8425,287.0009,492.4528,601.9363,547.9615,482.5496,867.8029,373.9715,498.6699,698.3794
23.4333,782.8519,703.0200,787.0441,1098.4588,238.9422,735.9428,434.1050,842.6594,903.4603,474.4390,392.3623,294.0308,488.4421,588.9343,556.9467,476.0382,856.5490,354.2131,484.5573,710.2397
23.4667,1011.7527,721.7624,778.2186,1003.4778,235.1978,707.9974,436.1957,811.5284,879.3769,479.8276,378.6877,303.7679,503.7016,593.5099,543.3481,471.4384,877.9702,357.0615,493.2268,733.3446
23.5000,1105.3650,709.8175,777.9853,1038.0672,230.4086,737.9684,425.1671,809.6083,857.3735,487.1630,381.0549,294.0938,498.2514,569.2318,557.4566,487.6356,823.0073,370.0891,487.4637,711.9729
23.5333,1111.8124,679.2368,782.6071,1015.0359,232.9260,727.0025,434.3118,792.3394,846.9315,487.7841,378.6504,299.3446,477.5263,574.6254,559.5127,478.6469,842.3932,359.6570,506.2863,710.2578
23.5667,1116.9496,671.4559,775.5839,1019.5913,232.4222,737.4332,438.0428,828.4292,843.4732,495.8892,395.5946,293.7565,488.4419,577.9117,555.7569,463.4976,843.1123,372.7571,500.2999,698.2292
23.6000,1113.2038,707.7709,780.8144,1002.5480,235.9917,714.3767,450.8881,801.6032,807.5042,489.3130,390.0679,293.9536,484.2787,569.8016,541.0363,487.9381,832.5196,379.4661,485.7349,711.2928
23.6333,1107.8967,681.3545,797.7370,970.8743,232.5585,738.2915,434.5840,801.8261,815.1468,461.2416,373.0907,286.9442,486.8319,612.0933,551.8741,471.1204,807.9196,380.4999,500.6476,699.3920
23.6667,1090.6771,680.7537,735.6842,936.6225,239.3115,705.2885,417.7467,777.6641,806.9001,488.0103,399.5681,289.2387,476.4636,570.4144,544.6898,484.2895,816.0115,352.4753,509.1298,732.5870
23.7000,1084.2407,685.7464,761.0849,937.1370,234.8565,700.4848,418.5657,761.5135,778.4724,479.0844,386.9344,283.3555,480.7334,561.1086,554.9820,475.5237,798.6206,362.4545,489.1195,716.2139
23.7333,1070.3399,699.9555,747.3770,931.8783,231.1868,722.2533,424.2321,787.5740,785.4092,486.0568,404.8685,296.5355,494.5391,597.2244,542.4797,482.1746,824.7178,363.8671,502.6015,720.5475
23.7667,1046.3933,699.1086,742.2148,938.7451,239.7575,726.8867,421.5804,770.7961,792.7049,466.3755,391.0967,292.0244,470.4867,581.0816,548.6437,469.3027,782.5714,361.8369,491.7733,708.5223
23.8000,1051.5561,710.9384,766.3570,917.6325,234.1453,706.7819,414.2249,774.1375,768.6823,481.3089,384.6015,295.8500,481.9104,581.2362,541.8790,472.0652,815.9776,359.0017,513.9267,684.8662
23.8333,1008.5349,663.1831,758.3620,906.2383,226.9625,720.5440,420.1505,774.5766,761.7315,481.6820,397.2538,298.9409,466.6938,562.8182,544.9403,481.0445,802.3934,374.1708,482.4166,697.7818
23.8667,940.7733,693.9081,766.5470,923.1835,234.7351,706.9014,441.7577,736.3088,766.0406,477.9334,388.0475,290.4421,488.4881,584.5618,540.0773,473.7334,771.5709,366.5104,484.2167,729.0439
23.9000,966.5225,701.5811,791.4381,866.7276,224.6794,712.8354,413.6435,754.9547,776.9080,467.1136,388.2247,287.0907,465.9519,584.4450,542.5051,476.5565,803.8551,380.3332,485.3927,710.3351
23.9333,991.6135,670.5953,755.0096,866.6934,237.1649,727.8318,428.9558,747.9467,758.0569,511.4066,377.5159,286.1421,474.8289,576.2523,540.5291,480.0156,784.1297,366.3859,487.4758,697.8023
23.9667,990.7565,705.4338,737.2152,863.3865,230.7392,706.2629,426.5850,763.2499,754.9982,483.0702,390.8291,296.7287,474.7632,592.4831,541.3705,467.2985,775.8187,354.9737,504.5114,697.0143
24.0000,927.0550,705.8888,760.4198,845.4789,229.3787,726.5108,430.0610,751.5208,746.8204,496.9695,385.1917,299.6153,474.1638,569.0077,544.6556,469.5094,778.7834,342.5219,495.6128,933.1847
24.0333,958.9491,674.1122,783.8177,865.0862,227.2568,722.6079,428.1058,719.0407,747.8108,487.2071,379.2305,295.5518,469.8631,593.9894,534.6283,464.4124,771.8684,376.4416,482.2614,993.5310
24.0667,906.5187,675.6221,751.4063,841.0706,227.1151,728.7177,424.8812,748.6381,731.1464,480.6395,386.9636,291.5507,462.0179,600.1060,552.1541,477.1432,770.6272,383.0556,515.8907,1032.1988
24.1000,923.4030,700.2817,780.9163,835.6608,223.0556,718.2578,421.9224,718.4527,717.8979,490.1436,390.7297,294.5085,473.0723,599.5855,546.7204,466.8453,766.5953,368.1637,483.8217,1023.7112
24.1333,891.0162,656.9684,751.9715,842.2808,226.8158,730.3660,425.4352,746.2628,725.3906,465.9727,381.5428,284.3667,473.8129,585.4624,541.1832,480.4590,765.2131,377.0795,485.3101,1019.1092
24.1667,889.1456,683.2213,771.3914,833.2688,232.0204,704.1841,431.1970,702.5354,714.2544,468.6588,382.4995,290.3398,470.1511,595.5187,543.5340,477.3146,759.5778,375.8472,492.7318,1004.4572
24.2000,894.9293,661.5348,738.3249,809.0219,229.5953,710.0668,414.0076,744.2167,729.7564,485.0449,381.6634,301.4335,467.9209,593.1344,539.1544,477.4097,746.0867,383.8062,489.3905,1007.1990
24.2333,890.4071,689.3133,784.5504,797.7983,235.3062,711.3107,422.9052,727.7659,724.2870,475.0565,376.9557,287.6624,473.3175,580.4493,533.4875,482.6952,748.6818,354.2525,484.0763,985.3399
24.2667,861.5284,673.4578,739.6591,824.7975,220.8282,694.5060,429.6701,716.3717,714.1225,481.6824,382.6771,297.5878,456.5222,591.1296,540.9687,466.4196,737.6891,369.1050,497.1559,976.7175
24.3000,873.9896,683.0508,725.1243,812.2361,232.9810,704.2522,426.4609,709.8660,695.7934,493.2878,378.3493,296.0938,471.5891,584.3355,546.1807,481.3765,757.9427,354.1556,488.4841,968.1774
24.3333,842.2052,673.8183,748.4192,824.0217,222.2757,707.8625,423.7106,719.4228,713.1854,471.9470,385.4615,292.6266,473.4138,577.8280,547.0103,466.4041,731.0712,361.0519,483.1358,939.5413
24.3667,829.3661,677.2479,747.6379,794.0390,235.8054,693.0109,424.8676,699.9812,690.8129,469.3764,505.3781,289.7860,465.4266,589.6081,543.1378,484.3174,741.4317,359.2713,499.3641,931.7138
24.4000,845.3981,686.4274,758.6810,809.8864,219.7417,698.6881,431.8792,690.0253,701.4459,498.6619,537.5330,296.3910,469.8502,592.3406,546.0307,480.9412,722.1073,364.5976,505.2757,930.7982
24.4333,837.3410,700.8388,737.4717,805.2297,218.3109,720.5933,422.0199,699.4720,722.0127,493.3867,552.7713,294.1602,461.5113,596.4135,583.9873,476.9998,745.1523,358.1482,503.9376,937.3113
24.4667,841.5801,671.6917,746.4115,838.8423,229.6042,707.0975,423.5103,725.3506,693.4725,490.8480,566.9489,288.0685,452.6386,576.4500,552.9579,485.9029,733.9082,374.9817,486.0893,923.7667
24.5000,808.2191,698.1169,754.2998,796.0298,234.1011,678.5581,427.2069,703.3222,708.6705,476.9122,553.6637,303.6500,471.3931,590.0440,549.7241,476.6720,764.2609,361.1426,516.9287,897.6138
24.5333,833.1467,678.2093,769.7009,789.6386,229.6563,717.2604,434.0659,657.8302,681.8471,496.0476,542.9754,290.2152,474.5098,569.9400,544.1408,483.8526,741.7501,367.8296,493.9894,862.3587
24.5667,829.5692,696.5230,756.5062,785.8663,227.7944,695.4166,436.8033,690.5919,683.3617,483.4133,546.2477,288.5168,471.7752,613.5259,548.3470,475.3692,720.0986,383.0861,506.6835,887.6065
24.6000,828.3167,688.8445,739.7955,778.3993,228.6480,715.9864,430.2034,685.8983,694.4283,470.0100,533.1071,293.5204,474.7349,570.1648,538.1184,468.6304,719.1830,364.2775,474.3929,875.8736
24.6333,797.1006,657.3831,750.6305,783.1977,231.9450,695.5158,433.5502,702.1933,677.9100,474.1923,525.2157,289.0565,456.4533,583.5749,542.2036,465.6660,747.0567,373.1480,462.4017,845.4508
24.6667,1026.7731,678.6370,758.2991,810.6234,230.9019,710.9210,420.3362,703.7953,686.0311,489.7080,518.5015,298.2740,465.0527,570.1927,554.0117,478.6628,694.3975,355.2260,500.9181,836.7162
24.7000,1117.9882,687.5084,767.3102,795.1622,225.3839,708.2584,436.8253,680.8544,665.6495,495.0830,526.6204,291.2074,453.1538,572.7052,552.3106,476.6359,730.4943,380.3317,487.8691,865.8973
24.7333,1130.9669,679.4460,753.7897,772.5842,232.3293,705.3732,432.3185,719.7462,662.5963,480.2869,507.0219,289.2429,448.4560,577.5934,544.5925,459.6550,722.5795,363.1674,498.6249,842.9235
24.7667,1146.5917,689.9934,759.1678,787.6032,231.5277,716.8391,441.6389,671.3052,664.5567,609.8331,511.6042,300.2890,461.0939,592.0536,555.4215,474.5851,715.1641,378.8430,483.1454,813.3763
24.8000,1120.2901,707.3804,749.9306,783.3507,231.3124,704.5317,437.8256,680.3802,672.7945,653.4035,470.5720,293.2324,445.9285,747.6024,534.7135,463.5808,720.5764,360.7654,492.6774,814.8516
24.8333,1110.4882,709.2130,760.9887,771.5916,232.0246,710.1355,451.1185,688.4976,687.7840,701.8346,485.2943,292.9118,439.1176,797.2025,544.0749,479.6634,747.5223,365.6143,497.6740,810.4315
24.8667,1110.6993,645.6776,741.3244,754.9982,226.9823,721.1512,426.8463,677.4680,666.9992,696.2163,490.3594,297.7201,448.2308,834.3218,553.6564,451.6597,707.2529,372.3966,470.9481,843.8862
24.9000,1077.4111,684.1679,765.9847,764.7847,224.3838,714.3501,420.9753,680.9992,679.0115,671.3359,468.0009,290.4999,477.0137,837.0938,541.5997,478.9458,741.5193,359.9226,498.5701,802.2193
24.9333,1089.3318,681.5216,745.6375,759.0157,232.9812,700.6730,421.7952,695.7479,649.9668,680.3126,475.0362,300.3572,459.2975,857.8838,543.6164,469.7797,728.1262,379.6201,515.3607,794.6796
24.9667,1035.2876,672.3326,732.8953,767.0191,223.6108,682.7811,417.8711,684.6644,689.0686,678.6001,477.8746,291.2014,454.1177,792.2637,549.9011,451.3936,700.1757,371.4016,497.5752,784.2367
25.0000,1031.7121,689.3624,755.2395,774.4040,230.2726,694.2794,445.0516,682.6842,659.3705,674.1210,467.7892,292.5293,461.5040,797.2474,530.4437,458.9208,725.4766,352.4176,488.8440,785.9661
25.0333,977.2311,674.9294,754.9833,741.5413,230.4913,701.1459,422.3271,680.1941,655.5573,665.1158,466.2834,293.4262,452.4264,812.5545,567.8556,480.6251,730.1963,365.0666,484.3475,800.5886
25.0667,997.5431,680.4735,763.4614,781.2042,223.8649,719.6843,423.4249,701.9688,676.1896,646.3352,453.8790,294.2542,469.1898,794.1358,543.7128,485.2473,715.6263,367.5157,495.8168,793.8391
25.1000,996.8981,688.9779,781.9605,726.0196,229.4492,723.6369,436.9982,706.0976,666.3043,644.1521,441.4713,298.0978,461.9271,770.9583,546.7010,468.3370,695.1259,367.6347,496.9347,771.6036
25.1333,971.6790,665.6985,771.8116,742.0857,220.0361,703.2477,427.9594,731.7726,662.0447,626.7013,456.2737,281.1562,439.1647,775.2700,521.1721,472.6991,701.0602,365.0997,488.9343,763.6044
25.1667,953.7845,695.0481,763.3382,735.5248,232.4994,716.1757,418.6845,679.3644,661.2770,621.6896,445.4987,298.0741,466.2170,783.5938,543.2703,484.9812,711.9926,356.3559,487.6726,800.5311
25.2000,950.8212,690.4309,760.6009,738.8011,228.6110,707.3833,421.4856,676.6418,654.2347,602.0585,426.5243,295.6818,457.3843,762.8063,540.5902,481.3574,696.4109,376.0073,499.3164,758.2482
25.2333,912.7594,691.3931,766.3514,765.8070,227.2158,679.5663,428.1172,679.6414,646.7248,603.1662,433.1766,300.0569,462.9928,749.5147,531.2123,473.6715,711.9025,357.6202,498.6556,764.6314
25.2667,911.1772,693.2414,774.4370,752.6066,228.1593,725.4013,421.4106,667.8205,665.7964,604.0108,429.0088,301.7099,461.3647,735.7819,686.1784,464.3698,717.5998,372.1462,482.7282,792.8766
25.3000,920.7272,684.1895,759.1997,741.5180,223.4559,717.9173,405.8366,672.7933,648.2532,601.0163,423.0465,287.7602,449.2276,716.4596,776.8855,480.6444,728.9734,363.3124,511.9631,768.1856
25.3333,907.2562,686.3779,751.6058,754.8801,224.7892,702.8705,424.4755,681.4069,665.0553,583.2160,427.1605,291.8231,447.1813,697.0220,775.3394,465.7853,717.3544,359.0119,490.0927,743.7677
25.3667,937.3990,664.5907,754.2507,737.7822,232.0349,693.9986,440.9250,695.0971,666.8720,580.0117,432.7852,297.8848,448.2705,706.2127,792.1408,475.5283,719.8659,356.3679,499.3384,769.2484
25.4000,900.2091,705.2420,748.5362,764.4287,237.5946,706.2705,425.1015,695.2270,666.5360,586.4672,417.5293,298.9805,456.6090,720.1787,779.9557,471.3297,686.1145,365.6511,510.2214,776.3438
25.4333,908.5041,663.6615,755.7655,752.3134,226.1397,709.3184,445.9838,689.7945,651.4727,577.5030,404.7936,292.4076,469.0299,698.9015,769.0016,466.6927,733.9987,370.7140,496.9374,729.8368
25.4667,862.7401,694.0296,761.4079,739.2160,228.5160,707.4734,405.1385,700.4155,663.5527,554.8363,411.0290,302.1152,450.6651,686.5065,746.5828,476.9614,712.8234,369.5316,508.0489,755.8530
25.5000,860.6018,677.2209,747.0698,762.5244,224.4759,720.0413,420.6533,680.4895,658.5051,571.3345,416.4777,298.9663,466.6227,682.2729,743.1649,479.1718,719.1603,368.0966,499.7220,758.0212
25.5333,886.6900,687.5802,779.4278,739.0940,235.6921,696.2347,425.4775,684.3649,656.4553,553.4385,432.5420,294.1623,460.2453,664.7878,727.7409,481.3419,721.3457,353.6683,500.1892,745.5593
25.5667,842.1540,673.3088,741.6159,781.9619,229.9267,698.6918,409.8223,696.4991,634.8797,530.6809,421.4186,289.5312,455.0872,668.3911,738.0725,479.0311,709.5552,366.3279,483.0350,759.8647
25.6000,850.4589,667.7164,762.6957,742.2218,231.5593,714.9481,438.2750,679.5485,661.9095,544.8184,419.5955,284.4845,444.0309,660.0212,725.9695,463.5715,712.8680,369.4729,490.5225,768.4994
25.6333,841.5827,680.1999,754.2539,737.9851,222.9560,676.4370,422.4379,665.4796,678.7673,543.3498,407.9680,293.3416,472.5140,651.4749,701.0334,466.7020,725.8166,348.3198,490.1706,754.5949
25.6667,848.8945,677.5816,722.4771,776.5940,226.8964,697.4264,427.7380,703.8010,630.2140,536.2709,414.3737,290.2429,457.3047,674.4871,704.0992,472.0369,709.3735,372.9299,492.7851,765.2670
25.7000,837.3736,693.7590,758.8455,753.9021,228.0810,695.6682,440.0775,678.0251,649.3163,533.5848,422.6254,385.3010,437.6612,671.4411,684.4224,473.9305,744.1582,378.2954,517.5056,747.6082
25.7333,861.2266,686.1262,757.1594,740.5437,238.3604,721.4315,430.5647,667.6679,630.4796,553.5264,413.8910,397.1767,455.3119,652.1253,691.0428,457.5735,714.5265,372.1266,481.4473,723.1250
25.7667,814.8920,681.5973,747.7428,734.2870,223.1859,701.0031,441.8664,664.7412,676.7206,570.3144,415.1057,428.5970,458.9793,633.2282,662.1127,481.1232,682.7510,370.3730,514.4362,733.1672
25.8000,837.2967,677.6575,753.8163,728.0889,235.2315,726.5959,432.3542,678.0607,637.7437,525.9424,400.3347,424.4698,464.4439,661.1465,664.8422,476.9026,703.9899,360.8344,493.3754,718.0355
25.8333,835.8572,858.7045,762.1180,727.6500,234.9532,694.7834,434.3760,675.5536,672.2082,520.1265,408.0093,414.1684,449.3781,620.3031,690.5841,480.0551,714.8612,379.5135,503.7118,737.4729
25.8667,812.2681,926.0497,772.5668,747.6532,229.9793,708.3225,428.4844,676.6864,651.8387,537.6393,405.3617,416.5536,441.8928,641.9197,658.6547,478.8673,721.9692,358.3070,510.5047,726.0415
25.9000,837.0987,1000.7583,787.5920,747.5081,221.5330,720.9125,433.6326,694.8589,630.2122,547.8452,417.9992,410.0871,456.7281,617.4219,662.7818,481.2523,721.9399,372.5401,500.1553,751.1282
25.9333,820.1405,977.9853,752.4942,719.7736,225.1019,671.3749,428.4734,671.3945,640.5456,525.5473,389.1865,412.9245,454.2940,628.2959,658.2356,469.4128,707.2067,375.8323,495.5137,718.1128
25.9667,825.7425,977.6697,749.9514,743.2821,225.6861,690.1790,426.6325,679.3148,651.3211,516.9733,399.1371,396.7215,457.8617,630.3141,634.9295,468.6107,694.6292,351.8841,505.0054,734.0139
26.0000,828.6700,958.3559,731.1368,763.5897,228.5442,699.5324,424.6841,848.1838,654.6872,504.2590,406.5503,396.1394,452.4542,625.5444,637.7150,479.9783,699.7092,367.7707,491.5082,747.3284
26.0333,794.0633,988.6725,748.6289,757.0842,238.9161,690.0943,418.8140,953.4755,644.6277,514.8606,386.7605,400.2749,451.0772,609.9309,614.0408,480.9164,719.7082,354.8495,502.5007,720.7804
26.0667,820.3013,950.5222,725.3112,738.7318,225.4847,729.1511,429.8454,960.3642,653.9231,523.5919,396.8984,388.1664,457.9144,581.4137,631.8525,494.1875,708.2654,379.9654,497.2444,714.2052
26.1000,783.2945,922.4573,765.7378,713.8041,225.1025,715.5050,440.8519,971.0964,652.7436,501.9618,392.0086,368.6926,454.9270,625.3288,637.3224,476.3699,713.6333,365.8570,494.3207,718.8825
26.1333,786.0143,934.5439,782.0844,719.5277,230.3096,702.1437,422.6071,980.5872,668.3904,513.9591,396.7224,380.1431,464.5323,589.0452,611.2669,477.1587,702.8175,372.8710,482.0426,751.2921
26.1667,791.3899,917.3594,732.6099,742.6000,234.5575,673.2991,428.2185,963.0501,682.2707,501.2655,402.0345,378.5471,453.0433,619.9377,618.9862,458.0206,719.3605,363.3691,471.0485,722.0065
26.2000,815.3445,911.1990,738.8009,727.1419,225.4303,725.8002,424.7020,951.5663,643.7499,508.5114,402.3158,361.6556,444.5350,644.9919,618.7347,467.5081,705.7446,370.2991,493.1754,719.9682
26.2333,785.5980,883.5369,751.5742,749.9467,225.5461,716.7820,424.9491,940.3996,647.2909,501.3139,381.5104,356.7022,449.9334,603.3986,607.3001,476.5893,701.1476,371.1625,511.1486,725.2124
26.2667,783.2129,870.4215,736.9581,740.0586,232.7819,697.0740,425.1891,914.9542,646.4345,515.2558,378.6143,358.6245,454.3656,609.0881,606.4335,468.9365,695.8552,372.7912,499.3367,729.5875
26.3000,780.1635,857.0583,790.2830,741.2885,226.9812,696.6295,422.8010,909.9097,667.7679,509.4366,402.9897,358.8800,463.8084,603.3804,600.7591,474.7283,705.3613,373.1413,493.9000,719.4367
26.3333,810.1605,855.6158,766.6637,729.3186,221.9370,708.3418,444.0613,909.9061,645.6287,503.0844,386.0376,353.5826,458.5568,605.4215,591.0916,475.6567,693.1658,355.2657,499.9171,732.4802
26.3667,774.6646,838.7034,728.8642,732.2950,229.9873,697.4802,430.0234,868.0597,640.5096,497.5676,381.0880,359.1661,454.0076,612.4768,587.5012,476.8904,716.4011,365.4531,504.1128,734.5792
26.4000,798.6964,816.3791,791.2579,733.0149,230.8269,700.1190,444.4358,872.8813,635.4538,515.3377,380.5265,354.8660,451.1165,610.0590,579.7609,469.0760,706.3385,368.2382,497.8728,727.0800
26.4333,773.8494,823.1094,767.4304,742.2026,236.7868,726.9324,423.0951,878.2849,635.6619,494.3519,404.8913,341.1475,464.5424,599.8868,579.9957,461.3528,701.5467,364.7310,493.7512,753.4194
26.4667,772.5629,816.1934,761.1538,752.2227,230.3985,719.6910,419.8616,833.5903,642.0014,496.3548,377.4454,340.6305,450.4226,597.8622,591.9408,485.8178,731.3024,371.8296,491.4417,727.9424
26.5000,793.8779,828.8854,768.4707,740.6997,243.2074,689.2308,440.0659,851.6840,642.3594,482.6236,394.8290,330.9539,454.9651,603.3951,580.1104,487.9037,708.5432,372.0097,492.0827,713.4933
26.5333,787.9309,800.6156,725.4238,742.1293,226.4889,697.3710,438.7567,830.3823,640.3189,484.0617,391.4273,338.1036,453.9237,595.8884,587.3597,483.4462,708.4821,366.3357,505.5101,719.0491
26.5667,785.1817,802.7938,717.0466,732.2146,223.8664,714.7955,433.0009,799.2678,645.8641,504.6011,397.8144,333.0838,445.8794,606.8301,572.9411,465.6175,726.1056,368.3201,498.2930,723.6971
26.6000,771.0553,789.9801,776.6876,740.5591,236.1485,715.0552,445.7156,819.5060,633.8458,485.6421,400.3219,328.7385,463.9666,603.7951,561.4596,468.6332,706.5754,375.8757,502.3432,718.1444
26.6333,766.4016,778.8669,738.5457,716.4614,234.8630,719.7202,433.7709,817.7422,620.5716,502.1562,388.4434,329.9555,454.4387,595.0544,563.6299,473.7510,713.2201,368.6189,489.9593,735.0979
26.6667,755.2182,787.8043,742.2953,729.8893,240.4704,731.2997,425.1318,808.5994,658.7837,504.4830,383.7949,339.4456,462.4373,587.2350,572.9059,477.6683,686.4426,369.4636,491.8504,705.0895
26.7000,743.3323,794.4566,762.8060,968.7205,230.9816,701.9906,424.4731,818.7074,651.3203,489.7195,376.8449,337.4349,452.7001,580.1250,571.4910,465.0248,707.3291,371.1341,486.3687,739.0565
26.7333,751.0600,765.8854,741.9617,1034.3653,229.1174,689.3017,435.0942,815.3640,633.0684,615.8402,389.0549,319.8965,463.5854,601.3098,560.5501,465.8673,682.4520,371.0705,496.8482,727.7607
26.7667,778.5947,759.9477,766.6356,1056.4118,231.9651,688.8163,432.4796,787.5333,633.9789,678.0425,387.9582,326.4147,452.5597,610.7256,566.7515,464.4929,725.5191,368.2093,499.5360,713.9685
26.8000,771.0598,784.7337,777.4245,1055.2614,226.8715,721.8300,437.7396,770.2435,646.5016,712.1680,388.8902,320.1318,450.6652,609.8639,565.3909,473.4072,719.4177,367.0506,497.6433,731.3092
26.8333,768.7638,749.1521,794.0169,1044.0270,230.6369,704.3072,429.6775,770.8070,645.1985,691.5926,377.5263,318.8898,456.4027,586.5978,557.6322,459.1777,719.1186,355.7685,492.7098,724.9260
26.8667,769.9869,747.2493,757.7819,1053.2694,235.2357,703.2307,427.4968,791.4119,664.6921,692.1560,395.0420,314.3699,474.9740,577.1030,553.9710,482.1591,710.3315,350.2321,493.5606,724.6695
26.9000,783.5336,745.0264,770.5326,1016.5714,235.0835,694.0575,435.2301,756.0988,637.4113,719.7043,382.7362,316.9003,457.3242,585.9009,567.7749,484.0785,699.8858,361.6902,514.8548,701.8321
26.9333,770.2784,719.1704,783.7263,1013.3497,227.1567,753.2060,426.9303,750.9304,649.1559,672.9946,392.5215,328.3242,441.9278,581.9922,550.9439,489.8583,694.4237,366.3502,487.9425,696.4918
26.9667,761.0047,723.8208,745.9731,993.8126,227.8454,720.1076,420.1829,742.9175,650.4299,681.9415,385.1503,320.2934,460.0109,583.4155,557.8889,470.4876,706.0013,368.2742,495.6706,727.3153
27.0000,771.1550,717.5327,748.5309,985.4209,226.2543,698.7935,441.9068,765.6568,658.0592,672.6891,391.1095,310.0611,471.4610,569.1421,556.6669,463.2156,694.3679,358.7429,490.0851,724.5656
27.0333,746.5241,751.9334,725.8122,978.4987,230.5610,716.4116,417.9412,759.6138,668.9432,649.7936,381.4136,316.1864,449.1800,553.1988,553.0959,467.2134,702.3877,372.6260,485.4234,733.0547
27.0667,778.1877,734.8171,750.6314,978.0539,227.3676,709.2842,425.9400,738.0089,650.9342,631.4153,385.6640,301.5485,445.4637,579.5218,557.1460,472.0165,715.2449,365.5700,513.3582,715.2705
27.1000,788.8467,723.9239,752.4851,940.5504,220.9943,693.3254,435.9450,726.0382,635.5968,651.1485,396.8639,316.1398,463.7369,597.0534,546.0535,477.6900,696.9310,366.7690,488.7486,733.4379
27.1333,770.6777,723.8989,739.2408,927.7711,227.5148,716.2619,426.0514,696.8055,645.5021,624.7168,380.9853,312.2771,452.6732,580.1537,566.5439,469.9787,717.3359,366.0904,495.2681,709.3943
27.1667,744.0554,727.0711,763.5959,915.9574,233.6695,695.8143,425.9668,734.9447,624.8781,622.8093,383.5183,315.6744,466.0944,576.4258,546.9753,489.0737,701.4600,368.6782,494.7160,734.2647
27.2000,755.2087,704.2920,739.8373,889.4265,233.5054,711.1249,423.1537,715.8306,661.0166,616.7126,380.0961,308.4679,450.4157,593.9974,568.8420,465.1323,731.0151,369.4062,500.3103,719.8677
27.2333,776.7801,719.4621,756.9525,904.8258,231.0292,718.7487,442.6840,724.9435,622.8734,602.8328,397.6848,320.1605,435.2438,569.2587,554.9472,473.0837,711.4204,375.7997,504.1021,704.2559
27.2667,730.6498,731.5394,740.2596,903.7265,225.2778,671.9652,427.4167,717.6164,672.0032,596.8107,383.2059,301.8729,452.8848,571.2949,560.7081,471.8871,706.4715,342.6496,494.9962,719.1222
27.3000,762.4899,716.8893,733.9107,904.2218,227.5323,694.7426,423.1485,742.1214,649.5353,593.7148,390.9341,302.8087,465.4061,586.4587,554.8776,481.0665,726.9648,358.9260,496.3778,719.4245
27.3333,771.7626,706.7032,759.3127,902.1627,224.2052,701.0960,425.0690,736.5277,662.1046,591.0404,399.0731,299.0483,457.3568,595.7554,538.6524,466.6616,680.5207,377.9273,482.4210,702.0157
27.3667,754.9569,706.5201,786.0618,882.9959,233.9907,714.4993,428.7949,704.1885,673.0746,570.2979,373.7053,302.4270,450.1048,565.1216,547.4022,462.9090,694.2400,361.2684,487.9164,729.1532
27.4000,759.9316,702.8220,737.7727,891.7144,236.5200,685.7281,418.8999,708.8031,652.2069,570.4501,385.4882,313.4678,468.7790,565.4749,550.8352,598.1322,702.2222,364.5729,490.2039,728.8242
27.4333,733.5311,727.2576,764.1388,878.7193,226.4380,688.6418,432.2469,711.7151,638.4422,563.3237,375.7774,307.5323,445.6452,569.0648,572.0469,648.5777,709.5281,363.5890,511.0413,725.7228
27.4667,745.5762,724.5850,742.0153,852.3451,232.9021,713.2557,441.1356,690.3760,682.2512,567.6622,381.8245,307.1709,450.6980,576.5823,540.5993,676.2946,713.5225,366.2686,495.7277,713.1658
27.5000,779.8001,702.5038,742.5247,852.9172,227.1093,688.2694,423.4839,745.6625,649.2914,569.2902,390.9114,305.0127,460.0374,586.2322,543.5322,669.7649,697.8649,357.4323,494.0416,731.7117
27.5333,742.7126,709.7317,787.8746,849.6202,225.5016,700.1143,422.7367,689.3595,634.5466,553.8573,387.1773,301.5162,459.8333,586.7282,552.8700,681.9728,700.0898,363.8615,502.1008,739.1657
27.5667,763.2210,713.8438,751.4017,859.0114,232.7557,686.3773,424.7505,705.2540,638.3182,549.2693,377.3094,293.0057,460.9025,581.8511,537.7866,669.5245,721.9854,366.7940,496.4425,736.4184
27.6000,780.6467,702.0828,764.2726,826.9753,229.3551,726.1413,426.9445,694.4606,665.5746,545.1000,396.4896,306.8340,475.2739,563.3982,537.7699,671.6267,712.1088,378.0877,470.0520,716.5580
27.6333,762.0060,703.8689,740.6394,822.1738,229.8936,698.8532,417.0832,695.5590,652.0151,528.5834,375.6945,312.8296,460.5826,586.3781,528.5864,652.1451,683.9933,367.5676,493.9359,738.3482
27.6667,766.4840,708.3858,749.5269,814.5111,227.0393,699.6564,433.3225,667.2628,634.0167,544.4659,386.9994,302.4835,459.2332,564.7711,546.5672,637.5069,714.5793,358.2729,483.2074,728.4388
27.7000,746.9059,714.5241,778.8294,820.3805,231.4019,694.5867,421.6251,714.9536,644.0458,533.7142,390.6052,295.3341,462.8885,579.9409,552.4815,634.8614,691.6889,365.0210,496.9932,705.8675
27.7333,753.7700,695.9130,763.0435,794.7047,223.4138,716.2353,425.1133,711.5276,654.7417,541.3201,388.6896,312.6257,459.3530,570.6483,515.3064,640.8027,684.6056,358.5763,503.2543,722.5846
27.7667,744.1376,692.8723,734.6035,819.1971,226.4177,680.5217,450.1791,688.8714,639.4890,523.4221,373.7391,295.0658,447.5780,564.7871,545.6766,617.4158,714.7429,362.4405,494.0463,729.4777
27.8000,777.6151,689.6617,766.8455,792.3430,227.6234,699.0711,439.2066,696.8919,629.0793,518.6625,383.3390,308.1894,450.2383,597.3880,545.6436,612.1429,709.3854,360.1695,499.8946,731.5085
27.8333,757.4276,685.7487,781.1962,797.8628,222.9297,697.1585,445.9584,671.3499,654.8478,528.6994,384.8870,291.3531,457.1796,575.6975,530.2761,607.8867,688.3487,379.9734,497.6686,736.3869
27.8667,774.5918,701.0341,752.8574,786.8809,228.7756,706.2350,436.2602,665.7134,648.9405,518.7122,383.7471,300.3750,453.0458,580.8167,523.3491,586.4197,736.2426,367.9620,488.5671,713.2435
27.9000,765.6804,706.7585,764.3973,807.5533,223.8532,706.9695,416.0636,698.0019,625.5325,530.4013,392.2203,304.4005,449.9209,585.0717,545.9571,587.2236,684.1483,369.1803,517.3721,717.2859
27.9333,788.7046,733.0909,755.3787,785.2116,226.8606,702.7432,430.5906,689.2831,634.2111,511.3187,391.1986,310.0302,461.0440,558.9257,536.4219,577.3580,703.6890,371.4763,490.6482,742.2445
27.9667,758.9402,696.2880,738.9140,804.9969,230.2359,708.0772,424.9019,657.4744,665.0018,522.8106,396.8598,291.2160,458.0570,590.5899,505.5139,568.4862,713.0884,369.1702,515.0053,733.7221
28.0000,765.8719,692.1569,742.3309,772.3680,226.8423,690.6956,444.4824,694.4274,660.6900,521.2282,390.7682,293.6552,453.6427,585.0158,538.5614,555.5062,707.2678,378.9444,493.8386,744.4926
28.0333,748.5725,689.2791,754.5456,809.8560,226.0421,703.2303,428.4112,679.2235,623.5421,507.3282,380.8750,302.7035,463.6435,551.7336,548.0575,583.3931,703.0468,369.0008,502.0582,724.0315
28.0667,767.7297,700.5619,748.5931,768.8993,226.6453,706.7055,423.8088,707.2359,641.2902,516.7456,385.6013,300.0602,459.3721,576.2662,533.1011,552.7465,725.0522,364.0730,506.3653,707.2052
28.1000,767.2961,711.8484,769.1986,789.8406,228.0902,681.9770,443.8029,658.1618,625.7752,505.7205,390.5080,296.4623,448.9577,567.5522,537.2820,542.8770,725.2438,367.0663,494.0992,725.6415
28.1333,778.1228,688.7976,755.1191,781.1441,225.9488,703.7395,414.1617,677.3405,651.5328,517.2333,381.6457,296.0542,451.0509,578.5939,516.2448,557.2239,685.1202,369.5149,512.8213,703.3573
28.1667,788.0986,660.9514,774.2624,764.9525,226.9256,705.7714,429.3523,673.9768,628.8383,500.5964,394.4391,295.7537,448.7704,586.4695,530.1717,549.6543,717.9718,359.9006,503.9644,729.6429
28.2000,746.6903,708.0144,789.2508,752.7601,232.2894,725.9794,431.5540,679.7355,645.2822,497.7936,380.2959,286.4119,450.5636,566.3679,530.0382,543.5130,721.9135,375.4352,482.9040,714.1163
28.2333,751.3262,674.6758,746.8402,788.8129,223.6082,693.0799,442.2778,663.6341,612.3968,485.3225,382.2065,302.3138,439.1982,573.6028,533.3718,524.5431,691.9379,362.9382,481.2647,716.4256
28.2667,798.6079,687.6989,753.5972,767.4467,235.0474,677.6227,438.1269,693.7566,650.7464,506.0086,384.6990,290.8722,468.1099,579.5270,549.8205,517.2750,712.0504,368.5697,480.9803,724.2410
28.3000,768.9024,697.8572,736.4084,768.4120,228.5860,687.4685,426.6207,717.7808,626.8799,507.1321,398.5440,293.4443,443.7518,586.2536,546.3141,526.0143,692.2037,361.4566,512.9966,700.6888
28.3333,777.0139,699.4182,770.9097,779.8062,222.6668,708.5616,417.1436,672.3968,625.0154,514.0046,389.8766,306.9571,454.8665,564.5020,566.2661,533.8708,699.9306,371.9201,508.0965,729.8256
28.3667,746.1869,681.7458,760.1893,790.0116,227.0535,696.8203,441.2725,712.5120,672.5660,487.9403,379.6835,287.2542,459.9124,580.3319,541.4106,507.5352,706.1642,370.5935,487.2801,729.7262
28.4000,759.3873,693.8493,743.1964,750.3670,226.2979,700.3103,440.5979,675.0034,655.1355,497.9946,378.2101,295.9691,472.1053,578.6990,528.0003,508.1678,712.6960,361.4868,506.9875,698.1712
28.4333,763.6182,701.8915,777.2181,794.4003,233.0357,701.6582,445.3164,681.2420,648.3197,503.6361,386.8110,308.8587,447.8465,567.9933,527.7760,504.5460,703.8519,371.1095,494.5621,735.0727
28.4667,770.0888,699.2244,782.9760,761.4087,220.9045,718.0336,434.7881,676.0492,622.2485,494.7500,386.0105,302.7876,450.3152,577.3914,530.1457,512.5963,718.1027,358.3383,496.1180,726.4670
28.5000,729.9534,688.8375,756.3237,767.2076,229.0035,687.8407,447.4057,654.9517,645.2402,484.9482,379.9799,288.5257,430.0241,581.2486,532.9967,493.1910,730.1876,362.9081,513.2495,708.1131
28.5333,755.9250,714.8769,739.5395,764.9986,224.7014,703.4854,432.3573,693.6353,641.5137,481.5143,385.9725,291.8864,447.3558,565.9119,535.8808,513.3148,704.2184,349.9026,490.4947,730.3743
28.5667,746.9672,708.5304,791.4814,735.6713,232.5048,692.9842,433.7380,669.0095,646.0477,496.9849,381.2329,291.7233,447.3589,580.2352,534.5053,507.5464,716.3394,374.6582,505.6782,718.3793
28.6000,748.0072,677.6422,766.9092,775.3929,234.0714,674.7810,431.3388,670.0109,837.3300,478.8624,378.7181,283.5562,446.5430,570.1879,544.7651,502.1123,679.5992,368.6847,484.8095,741.4493
28.6333,728.7771,677.7834,746.2660,759.6153,222.4163,676.2192,421.6608,666.7430,900.1708,484.7678,392.8594,299.4009,454.0134,581.0584,519.6360,529.5306,728.5084,371.8822,497.5508,733.9163
28.6667,763.9092,690.0752,758.6794,745.9054,239.5354,712.7414,438.1437,691.2846,916.0277,481.2149,390.8526,307.5594,459.6725,553.5063,564.4559,507.6550,719.4305,366.1491,506.3918,701.3048
28.7000,796.0826,706.7836,734.5284,742.1531,233.9677,699.4740,437.3130,694.0550,946.9652,492.0303,480.3585,289.5261,465.2641,579.1539,527.9471,481.9485,684.6029,372.2481,499.9485,717.9408
28.7333,761.7367,679.9237,777.2518,753.7895,229.2264,686.4321,437.9681,671.4653,925.2665,478.6340,534.7739,291.4987,443.9738,561.9370,533.7026,491.1168,714.4422,360.0960,491.4007,726.5408
28.7667,769.5301,688.0607,744.5104,743.1922,225.1395,689.0514,420.8703,686.6502,927.8910,474.9276,566.4365,289.4986,456.2368,584.5033,521.6808,503.4394,716.3197,371.7412,504.8288,726.4776
28.8000,778.1753,687.7109,785.1866,747.4078,229.4613,712.0423,439.9769,666.9787,902.1996,490.8946,555.4457,293.1704,440.8603,585.5097,547.6826,492.2436,713.1800,365.5098,483.0768,705.1051
28.8333,766.4634,701.9844,730.3223,737.3180,234.0904,709.3348,428.7204,681.5510,887.7393,484.6584,536.2764,295.4077,458.4781,585.2328,540.9735,491.8715,716.4935,365.9417,505.0906,710.4149
28.8667,771.3216,646.9622,741.7388,768.5103,229.6764,707.2102,429.4356,659.2047,865.8401,479.6098,546.1360,307.6107,455.2539,552.0397,537.3749,503.8931,682.4788,370.7140,489.3628,715.0391
28.9000,759.0968,673.8305,749.8740,772.2723,225.6796,674.5246,433.2590,668.4297,873.5117,499.2598,546.8686,310.5645,451.5488,585.1831,554.7554,500.7200,713.9738,366.5867,507.9707,744.4402
28.9333,751.6728,682.2887,763.7531,713.4796,240.0122,697.8599,425.4963,707.3452,854.0103,487.9609,530.6088,289.9728,455.7949,587.5560,541.6525,495.3221,679.4483,367.7167,493.6304,728.4677
28.9667,756.9712,691.3535,768.9842,745.3098,234.8603,694.8061,427.5413,662.8194,830.2381,486.3781,517.1197,288.2041,452.7442,589.7410,539.0653,489.0052,718.5289,371.0213,513.3542,728.9828
29.0000,769.7914,700.4850,770.5570,732.0407,230.3317,722.3505,425.2979,646.8419,822.9034,474.9452,512.0210,298.2001,445.5024,582.9585,545.2397,491.1692,728.9958,363.0051,490.9003,734.4266
29.0333,781.2472,691.8620,749.9712,750.8375,237.7794,698.0582,432.8521,672.9794,802.7666,467.7197,513.4389,287.7327,457.0878,560.7747,534.7551,492.4261,691.9712,364.3468,491.2533,744.9459
29.0667,753.7855,703.9512,779.7315,759.5788,234.1447,708.5811,431.4820,687.6284,786.6591,477.6161,499.6868,289.8854,449.5913,556.7451,525.7939,484.4903,701.2782,369.4151,492.1777,752.1529
29.1000,793.0611,657.8735,745.8138,749.3926,232.4655,706.5878,424.4793,676.0610,804.5395,497.4420,501.1137,289.3421,456.2507,572.5561,527.0100,487.2726,674.3317,364.1144,513.2079,728.8557
29.1333,1289.9119,670.6151,745.3849,777.7321,229.5307,689.3848,434.0600,688.5286,782.4739,474.0876,481.1957,296.3046,444.1046,577.4353,530.8219,489.9092,714.2858,364.1690,515.4801,748.3323
29.1667,1521.7423,701.8592,727.6045,759.3866,375.1162,670.6926,416.7422,667.4888,776.9441,490.4664,466.6910,292.1374,450.7071,582.0752,544.9187,499.8109,714.2006,368.0478,493.1089,712.8144
29.2000,1606.9348,680.8581,1287.6553,735.4718,429.4098,693.7762,671.4368,651.8193,779.7505,480.8636,477.4412,296.8136,455.5338,557.5785,540.5890,484.4434,706.1096,376.2165,502.1742,744.5066
29.2333,1604.1548,1224.2836,1526.8660,749.2950,453.6120,711.2467,795.4908,709.1613,774.1007,467.0822,485.2288,301.9845,461.1341,569.9645,537.2744,481.8477,706.2918,354.5219,514.3020,734.7864
29.2667,1594.3821,1458.2788,1620.4644,737.2829,457.3174,705.3095,829.2901,1043.8188,767.1546,471.7937,461.9606,302.3191,458.0246,575.4838,537.2718,484.4297,688.4316,361.2642,494.2801,744.4350
29.3000,1545.4485,1538.2243,1649.6580,744.2513,452.2202,1141.5949,849.3463,1222.4542,758.1798,483.1631,452.8867,289.9120,447.4542,575.1404,529.6964,475.3679,719.8178,360.2018,519.8586,739.9961
29.3333,1521.8933,1536.5729,1604.0033,748.1208,449.0937,1330.4741,854.2212,1277.7059,743.3297,480.5889,460.1289,292.9628,456.9307,588.6410,541.2659,462.5731,715.6485,368.2883,504.1123,739.4054
29.3667,1493.5559,1542.4219,1591.8686,768.9090,436.3587,1391.6392,838.7865,1292.1894,757.8033,473.9845,461.8572,292.3502,438.7903,574.8761,542.6617,466.4958,713.9811,363.6050,506.8244,741.2575
29.4000,1453.7571,1474.7551,1538.8900,765.1832,424.0176,1400.0930,811.8766,1264.8455,741.2099,485.3475,460.5327,286.9615,445.7906,585.6405,527.2451,485.9246,711.0896,362.3406,498.4004,732.5839
29.4333,1430.9842,1480.8869,1501.9766,747.3752,413.5884,1382.9821,788.1932,1262.2951,723.1092,479.3407,453.3622,304.9869,461.9834,544.2952,704.8151,482.5695,708.7779,367.9974,497.5812,716.1094
29.4667,1393.3350,1433.4851,1455.4056,749.3788,406.4227,1346.4846,765.0708,1223.7997,728.6781,482.2717,465.8955,300.5563,446.4161,595.0340,754.4728,482.8206,731.2154,371.5620,507.3482,712.3379
29.5000,1337.4072,1407.9508,1450.7254,730.8511,392.5049,1343.5968,740.9444,1203.2153,727.8233,477.8929,452.3453,294.6113,464.5445,574.8468,770.6112,473.3080,707.7959,357.5234,497.0998,739.7782
29.5333,1339.2509,1364.1861,1404.6181,738.3567,387.2360,1313.3795,739.4761,1158.0778,725.1042,494.6107,443.1723,306.6370,453.3028,579.2971,760.6718,472.1354,710.1580,374.1920,490.5996,715.0320
29.5667,1297.2284,1303.4164,1350.9170,725.7703,375.1348,1252.5993,711.1606,1150.8871,714.0001,481.3659,444.0843,303.4159,443.1040,575.7547,768.4148,482.2294,698.2912,355.7149,501.9188,731.1839
29.6000,1280.8953,1298.3317,1343.2878,740.2910,369.2888,1226.0532,713.3437,1102.5901,721.4500,487.1084,423.8705,291.5885,439.3004,586.3057,750.6303,474.5238,712.5540,362.9431,502.7012,752.1986
29.6333,1243.8838,1255.0043,1292.7757,716.7337,368.7998,1245.2531,685.7939,1082.9220,721.8553,479.4000,424.6009,295.4762,465.2184,579.4775,742.7354,482.6193,698.9275,355.1742,501.8347,727.5415
29.6667,1193.9724,1226.9621,1281.7689,749.2840,364.2979,1216.4901,680.2473,1072.7968,721.8429,482.2448,433.2027,297.9675,459.9082,575.1165,743.1074,464.2726,698.4525,364.0473,507.4182,734.5843
29.7000,1186.3091,1184.6884,1247.2810,736.8362,345.5435,1172.7178,663.8211,1029.1597,691.1950,483.7905,438.3271,284.6291,448.2469,546.7482,754.7269,488.2086,723.9915,369.0597,489.9555,704.9389
29.7333,1140.9739,1148.0504,1223.3614,757.8003,338.4442,1146.9566,644.8259,1010.1435,700.1253,474.0644,417.4175,297.9692,457.8736,583.6666,709.9093,453.2583,714.2215,365.3224,515.6457,728.3282
29.7667,1147.0698,1119.8187,1197.6662,735.0089,333.1041,1095.0420,645.1760,1009.0359,718.4496,484.3444,420.7227,279.7548,445.2222,566.5203,700.6325,473.0312,706.7073,369.8488,518.8602,740.4447
29.8000,1137.9677,1105.4241,1155.4375,754.9387,330.6962,1080.2971,632.9189,1001.5738,688.6755,481.0522,420.4100,308.6489,449.9561,573.8841,715.3698,478.3879,696.4965,353.0838,492.6654,734.6840
29.8333,1106.6201,1077.0900,1158.1589,754.3990,324.4221,1064.7441,607.7913,972.7452,696.9083,479.0458,417.0560,285.4127,461.9439,585.7412,683.0262,471.1597,696.4781,372.8005,501.4457,733.9336
29.8667,1072.6260,1076.0260,1112.4402,749.0475,317.0550,1059.7969,610.4674,961.3393,669.0947,479.3821,409.9205,296.6007,433.8714,563.6646,670.7092,492.8529,712.6792,372.4338,508.8264,727.1681
29.9000,1060.1699,1048.7800,1098.5148,758.0903,321.7151,1012.1844,594.1974,958.7321,676.4074,471.4911,407.9660,299.2193,447.4255,550.7673,684.2842,478.1092,695.6036,366.6020,505.4667,737.5816
29.9333,1059.1574,1017.4446,1078.5293,740.6174,311.0321,1020.6601,580.9421,904.3582,683.3632,466.3986,410.8358,291.5020,467.2086,571.0954,682.9246,479.9027,696.1827,373.8723,492.9289,743.1099
29.9667,1011.5722,1007.6595,1083.4366,741.8122,302.0176,988.9330,589.0450,926.5728,688.6437,478.5574,393.6869,291.2409,448.7006,589.9319,663.2792,463.1699,687.0646,357.8678,514.7196,721.5237
30.0000,1008.8287,1011.5658,1061.6342,738.2716,302.0365,975.5055,573.7844,904.1875,672.1891,487.3506,411.1832,299.3063,462.0970,591.4215,655.2454,480.9448,711.9144,370.8219,511.8336,711.2053
30.0333,989.1125,978.8465,1069.3347,735.6044,301.0272,962.6246,555.0694,899.9368,675.0100,499.6176,410.4110,303.3590,453.3328,569.4500,627.7379,474.0963,690.7776,353.6256,491.9885,716.0913
30.0667,1016.5586,940.8057,1058.7208,750.1235,301.2898,955.3170,560.2401,849.8305,679.9576,484.6845,391.4072,292.7139,449.2628,580.1076,625.4211,476.7702,715.9171,356.0480,505.2343,735.6206
30.1000,987.0641,944.4123,1004.9582,737.4367,295.7265,934.9347,539.6225,848.8626,653.0897,484.3436,411.6588,293.1253,455.0542,554.0807,629.3877,480.5023,707.1758,367.1465,483.3935,749.7649
30.1333,970.7683,948.5967,985.6308,730.3109,294.5094,902.3438,542.1962,821.8119,680.7358,482.9473,400.8189,297.3357,451.5017,581.9238,634.4857,447.4337,702.5800,363.7916,482.1780,741.9268
30.1667,955.9884,894.0337,938.5979,746.9123,290.9356,922.1157,542.4734,835.8556,670.6494,500.1388,406.1850,302.1131,450.6901,593.5827,640.4106,480.7044,689.0091,381.9471,490.7953,730.1859
30.2000,926.1936,916.5867,964.6521,738.8742,285.5805,893.8542,514.2669,810.6574,674.5376,483.6505,408.6154,300.0039,457.0489,556.1833,633.9025,475.1683,722.6160,362.3212,500.4036,747.3400
30.2333,931.3450,884.6449,989.5771,745.4869,279.0422,882.4897,532.2056,859.6835,681.7497,477.4226,402.7311,282.6735,453.5656,593.3528,626.3722,473.6736,723.8632,371.3913,497.4433,728.8780
30.2667,909.4282,853.2331,971.0802,721.5949,283.9440,899.4659,534.1012,824.0029,657.6531,478.8582,401.0491,300.1532,442.9327,553.8616,616.7912,450.1222,701.2310,376.2446,499.9566,723.4164
30.3000,906.9403,848.8670,946.5862,756.3164,279.4402,869.6319,530.0000,816.4814,651.0724,475.2168,390.4341,298.3348,449.3608,574.1784,614.3833,470.5702,684.3178,370.7711,499.0585,745.9542
30.3333,910.8494,873.0406,916.7849,754.9672,274.3955,837.3562,521.5578,815.8357,669.9671,473.0664,390.7311,294.3794,454.9638,569.2641,613.5785,477.4924,731.5453,369.0902,499.2450,725.9096
30.3667,893.7479,866.0813,945.9970,745.3792,268.9659,837.0161,508.8708,789.8882,659.1473,474.9655,393.9115,300.3626,460.9981,591.1406,595.3413,462.8313,686.6264,375.3241,504.3070,719.5754
30.4000,891.6806,872.9499,898.3266,738.3341,267.1388,857.1153,499.6562,792.3005,662.7607,492.5543,385.9515,297.2107,453.9965,560.0568,584.7754,466.0941,698.7464,360.7252,492.2694,725.4077
30.4333,885.4468,843.9045,888.0440,771.1957,261.6435,826.5235,478.4574,783.1688,642.3405,496.5747,405.7524,296.8284,465.0155,565.6684,583.5179,466.1933,689.3951,372.2759,511.9286,726.0679
30.4667,872.2010,792.0556,878.0176,725.3048,262.5751,817.7779,491.4894,765.8721,665.2264,484.3578,403.7553,296.0003,447.0277,586.1356,581.6834,465.0908,703.2790,356.6012,513.6320,735.5721
30.5000,888.0650,811.2827,889.2948,740.6852,262.6083,818.0105,504.7838,761.6843,657.4541,484.6404,404.4101,294.5451,431.2653,561.2149,578.4748,469.1303,694.7105,367.2389,521.0980,715.9747
30.5333,845.9085,832.4501,882.8448,724.1652,263.6710,817.3152,507.6711,765.2792,662.4253,467.2063,400.5695,303.1976,454.4965,572.0460,561.2782,478.9596,717.7411,356.4162,509.4370,723.4990
30.5667,867.6249,796.7856,853.8115,752.6241,263.2913,792.5631,489.4627,748.0822,837.8623,476.5192,396.9797,293.4642,452.9738,584.2042,571.7794,467.8463,696.6896,376.9833,511.4276,707.2215
30.6000,874.0648,813.6385,886.1100,762.7168,261.3182,806.3213,484.4192,777.1065,923.6180,478.8536,390.4046,302.1152,439.9618,557.2452,578.8081,464.1738,697.4139,358.9722,506.8713,716.9290
30.6333,877.6963,775.2741,862.2270,721.9227,256.3216,791.8332,475.7861,755.7013,946.4256,490.7978,387.9622,298.6097,439.9548,568.0895,571.6941,455.0580,715.3446,365.5781,512.0265,733.6071
30.6667,834.1538,801.2058,857.8739,714.5639,254.1764,768.2204,476.4389,733.1427,940.6075,479.2507,390.3272,290.9640,435.7089,578.2929,566.5994,460.6273,711.2917,361.7808,519.7766,711.4268
30.7000,849.2532,769.1053,864.4478,741.1647,252.1829,768.6955,485.4057,746.7156,940.6613,465.1690,395.2218,295.6749,438.6890,583.4743,568.8101,485.4726,723.0171,367.5701,511.4491,735.4963
30.7333,809.3818,771.4995,879.6467,740.2217,256.9294,778.7738,475.7362,750.6602,917.2503,470.7868,384.9743,302.9011,446.2273,594.6722,568.6170,465.1739,715.5826,345.5219,506.4642,738.2202
30.7667,842.4214,746.2689,856.1114,743.7936,249.3294,774.3137,466.1739,728.5391,906.0041,473.7703,396.6112,301.7364,448.2275,594.8536,564.1816,467.0185,713.0874,349.4295,502.7720,705.1824
30.8000,855.4985,753.1060,846.2676,736.1292,244.7236,769.7807,471.1053,714.7673,896.7766,474.8036,393.4824,291.4716,446.1706,573.5797,575.9650,448.0500,740.6260,367.2740,495.1139,719.2998
30.8333,821.5653,725.9457,833.4288,762.8706,253.7971,767.9302,473.9302,729.9048,902.1480,480.7114,397.0262,293.9466,442.7938,564.2033,555.1565,474.7303,706.6267,374.6673,489.3605,747.9375
30.8667,828.3315,781.9582,821.5445,737.1909,239.4206,772.8987,466.4458,712.0311,865.1834,487.6520,386.9286,295.7911,452.5201,551.0711,554.4698,470.0140,743.3659,361.3560,508.2329,736.3957
30.9000,825.4689,770.4917,843.8475,751.6080,243.8250,756.4675,477.4357,733.1270,853.7271,480.4026,397.1205,293.6732,452.7659,556.4718,567.1101,462.0509,697.4931,361.0424,496.9895,750.7397
30.9333,826.1506,728.8531,815.5214,754.1412,252.9220,761.2576,470.3404,721.7463,864.5266,503.5119,391.9914,290.0564,447.1393,565.7199,569.1220,464.3406,683.7857,453.4771,506.5706,720.4478
30.9667,817.2773,763.3415,808.6277,757.7238,247.0463,770.2157,476.5364,722.7024,859.9240,492.6837,387.5054,292.5531,445.9211,573.2538,557.7343,474.7465,695.8122,498.3801,523.7748,733.8334
31.0000,818.4650,731.4219,808.4797,723.8180,239.8782,729.8270,453.8805,706.3320,821.7845,482.3591,382.0395,293.3607,437.4985,559.1841,552.6832,463.9295,707.3923,525.3618,488.2864,739.3263
31.0333,827.7099,759.4347,831.4126,748.4564,242.6193,755.6871,461.3525,708.9966,808.7896,498.2473,372.8029,288.6706,447.8625,581.0776,564.6886,475.9895,697.2240,545.2781,514.4875,745.9112
31.0667,828.0069,711.3657,817.4928,727.4662,256.2825,755.0905,473.6801,702.5246,796.3840,495.2343,380.7761,298.4605,456.2619,576.1087,554.9232,473.7421,703.0833,535.7477,500.8238,741.2094
31.1000,816.0934,729.1498,835.5162,749.4517,251.0748,751.9632,458.6063,679.4162,787.8087,481.9806,393.8580,297.9584,447.1668,574.4702,552.7428,466.8892,702.9273,514.5933,486.2203,749.1666
31.1333,815.0838,726.7085,811.1222,740.2784,250.2117,738.2163,473.4329,714.4268,804.3316,487.5736,384.1371,292.2518,441.9933,577.0965,541.0955,475.6009,698.7464,494.5270,513.3682,741.2734
31.1667,815.2505,727.6062,786.8600,720.0740,245.2435,737.2335,442.5894,723.8403,778.9311,468.1109,379.3015,285.8780,440.8382,550.6117,552.0822,455.5901,703.5042,504.9755,514.9113,741.1132
31.2000,788.0743,717.2400,773.4870,726.3902,237.5733,738.1602,442.6709,707.9852,767.1884,486.8013,386.7164,298.6115,452.4714,585.8086,539.7303,477.9320,693.4259,502.1992,503.6722,733.4635
31.2333,820.2268,722.0558,777.9015,760.6933,236.9493,753.4895,445.7596,687.4937,757.1266,476.3375,396.9703,290.4796,447.8662,577.7492,565.1131,465.6479,714.2624,484.1981,508.7410,714.9935
31.2667,779.3773,724.2549,802.0243,760.6041,239.1735,738.0900,456.3987,715.0895,758.0304,472.8310,393.4361,298.2332,452.9221,577.4901,554.2697,457.7308,694.4174,488.0850,516.1981,704.2831
31.3000,801.1577,723.2176,805.3095,746.8452,232.1714,731.9863,459.8159,682.6581,733.0312,480.5013,384.3714,297.9577,450.2280,571.4647,563.1598,469.3844,705.6332,476.1299,498.7508,734.4788
31.3333,795.0056,711.2841,808.5206,750.8356,238.5968,743.5814,447.4903,711.3427,746.0049,490.7561,393.2212,299.1196,444.2433,562.4285,557.5050,459.6232,736.9423,469.8259,512.3334,733.1039
31.3667,787.0191,716.5090,781.5285,750.3590,232.1671,716.4968,432.8540,679.7575,764.6462,501.3999,384.0099,292.1474,436.6717,571.3259,555.7980,466.6164,687.6197,459.9685,497.6636,745.9147
31.4000,785.7805,723.6745,805.2371,736.6472,235.0944,729.8640,448.1520,695.2400,709.4380,488.3401,378.5379,301.5785,453.0400,584.7847,541.2376,475.8107,725.6671,454.5839,506.8733,740.1628
31.4333,778.0495,703.3153,797.7660,744.4955,237.1681,688.1485,446.4946,672.7820,727.6105,486.9239,382.3051,295.6226,455.2466,580.9974,555.4444,465.9601,700.7801,466.6151,498.8582,738.3540
31.4667,778.1687,704.3956,801.8027,767.6431,239.9671,739.1622,444.5716,704.7744,731.1524,482.8595,371.3949,292.7889,455.7067,571.1949,550.4796,466.4394,679.6790,451.7248,494.7306,736.5501
31.5000,784.5441,719.9976,780.4403,746.9476,239.6741,716.4637,459.4318,703.9739,721.5121,493.9432,378.4894,294.7954,452.8075,567.8478,555.0758,466.9450,688.6470,449.6349,507.9864,756.8428
31.5333,783.5745,699.2335,782.6808,735.4989,232.3505,698.9784,449.2978,692.3813,706.5012,484.0203,384.0723,291.2580,445.4722,560.3192,554.5191,460.2421,687.2681,443.9751,507.0959,716.8467
31.5667,783.8467,722.9773,786.8080,771.7408,239.1407,735.5613,445.8673,677.8070,705.4728,471.2046,381.7125,296.6070,448.4902,583.9498,526.9002,467.7918,714.3102,429.2646,495.7541,736.3910
31.6000,776.9954,699.1615,764.0897,756.7986,240.5459,687.3372,457.1313,683.5279,685.1525,476.8859,386.1041,290.4482,440.2733,571.8844,560.2592,466.4353,718.7533,439.0501,517.8092,717.6541
31.6333,794.8671,702.6512,783.2189,746.8371,239.5011,701.4557,439.3553,680.1707,697.8529,472.3561,367.8771,285.8626,444.4577,581.2222,551.2948,459.9518,715.7890,437.4326,512.4083,742.1723
31.6667,782.6925,693.5963,795.7642,754.5617,236.5930,701.6805,434.5094,696.6957,694.6512,470.5246,379.3078,293.5968,459.6909,582.9133,546.6253,459.6231,702.6772,425.2167,511.2943,705.6176
31.7000,757.6786,715.9522,785.7143,728.9880,236.9148,726.8533,440.8444,688.1798,696.0163,482.9807,395.3128,295.0286,469.4152,548.7376,531.6348,465.4328,704.0763,427.6954,506.9476,745.4555
31.7333,762.2192,722.2600,764.4910,743.1091,234.0075,721.1680,458.9457,674.9543,671.9131,496.3140,384.6576,297.9985,442.8320,570.0227,536.1148,483.7849,717.3239,423.8408,508.1986,733.7299
31.7667,788.4855,716.4346,784.0823,757.3611,229.1525,703.3080,451.1240,681.5358,701.1279,491.2722,384.0376,294.0488,454.0037,563.0971,540.2330,472.8719,696.1905,417.7230,502.1537,741.7086
31.8000,795.0599,724.8993,800.3631,745.5381,234.0401,729.2889,447.1162,681.5121,684.7766,453.5664,373.2495,294.1435,452.8510,557.1780,529.4440,465.4621,707.4788,403.5609,495.5711,737.6628
31.8333,803.2200,678.7518,794.5604,771.0585,240.2084,723.3506,450.6646,681.2459,683.6726,464.2619,392.9473,289.4609,443.5282,581.9917,551.2051,462.6110,722.0840,412.3381,497.2768,747.0053
31.8667,763.8879,704.0730,773.5067,754.9914,226.6703,730.8868,453.4573,699.0241,667.6581,497.4125,381.0127,298.6098,434.3383,588.9153,544.9559,461.9691,719.1973,417.9970,501.2124,738.8754
31.9000,763.3269,679.3086,777.9293,741.7355,233.5798,680.3747,449.8833,677.8668,677.7760,468.0304,387.6676,299.0514,442.4988,567.4777,523.4111,450.1311,713.7484,395.0690,507.6233,734.1811
31.9333,784.7037,675.2872,994.6827,739.8075,232.5089,703.8119,432.9506,700.5221,665.6203,481.4001,369.6784,292.7845,440.2539,582.4776,528.2027,456.6323,721.1405,393.6975,496.2365,736.6908
31.9667,794.3898,693.5321,1053.9823,758.1454,237.0546,689.3419,444.0475,676.3516,693.2734,499.6480,394.5657,291.6457,449.6130,561.2238,515.0351,475.3358,705.8362,393.7738,507.0409,754.2678
32.0000,754.1715,690.5134,1130.1570,757.9968,230.2360,717.8793,463.9873,687.8515,688.3511,497.9016,385.7751,298.2099,453.7163,581.1133,543.6669,449.6182,704.9757,408.3851,514.4407,765.9085
32.0333,774.3161,684.1605,1125.4525,737.5585,230.2843,703.1143,442.6639,698.0368,659.9853,483.4206,376.3762,290.6229,434.2321,579.4199,529.3490,458.4995,701.4307,398.3689,513.2599,748.5381
32.0667,768.6255,716.4368,1093.4140,752.0466,239.7371,717.1793,434.4923,684.3281,660.8831,488.8007,386.9089,301.6747,462.7732,572.4305,553.7216,462.8410,707.8862,378.2172,503.9699,770.1535
32.1000,745.5604,691.3379,1105.7320,736.4374,238.6069,712.1548,432.5386,672.2432,677.6826,474.2319,377.7376,306.0701,455.5520,568.1439,551.1661,449.8437,696.7549,391.2309,488.7314,712.0416
32.1333,795.3077,703.2128,1081.1159,740.7954,234.1599,716.9523,438.4557,685.6916,665.3855,478.2953,375.4029,296.6502,433.8972,577.1147,526.4969,470.1295,697.8333,405.4863,509.2880,730.7762
32.1667,786.2937,695.1230,1057.9729,775.9072,230.4328,711.0436,447.2123,693.2800,666.8843,457.7625,382.4891,300.9282,447.1992,587.5139,547.2477,468.1533,710.1184,488.3800,506.6362,718.3708
32.2000,785.7293,689.6854,1055.2153,734.9431,239.9189,682.0549,440.0925,652.4842,650.6013,491.9580,379.5174,309.5502,460.9055,566.1555,530.5142,469.9767,725.3491,540.1963,505.2836,743.8295
32.2333,762.2418,689.3549,1036.2867,744.6446,226.9647,717.7512,423.2858,657.9636,679.4104,482.3580,392.8404,293.3396,454.9439,583.7902,539.1070,468.0654,693.7483,543.2878,497.4917,745.6836
32.2667,780.0898,673.8588,1015.4277,720.9316,234.3460,701.4163,435.3373,686.9160,665.5515,497.0212,377.8499,299.7710,441.1304,559.5406,539.5980,483.4706,696.1292,549.5167,518.2897,738.7800
32.3000,760.6751,679.7398,1026.3431,745.9348,233.3624,719.2432,435.8500,676.9141,649.6385,485.3615,389.1022,296.0858,451.6897,563.0502,509.3050,469.0280,702.7405,551.6605,504.1491,740.5190
32.3333,778.7349,693.0652,998.0054,730.1218,219.7036,720.5876,423.4326,670.6486,682.6810,503.2307,379.3143,293.3681,440.7151,568.6333,538.7287,475.4612,693.5415,541.7822,524.7780,694.3213
32.3667,758.6104,699.6974,1003.4169,767.0758,223.5192,678.2339,431.3361,678.1251,641.3246,475.9568,377.5095,285.7141,450.5300,590.7573,537.1854,464.9885,710.7567,542.8784,505.3806,721.8893
32.4000,794.7948,674.4542,953.5491,763.6269,236.4071,690.4897,442.3639,642.0731,655.4732,470.7004,385.6573,303.3488,454.7864,558.0754,530.0921,463.0674,704.0534,517.4380,512.2701,723.8480
32.4333,781.1944,684.8018,987.7501,740.4603,229.9858,692.4288,450.0464,641.8541,631.1542,487.9439,392.2405,287.4914,446.4353,580.9163,544.4651,467.1167,712.0674,514.7666,498.2668,742.5641
32.4667,773.9600,685.5146,927.9930,729.1021,226.0448,677.1350,439.4099,692.9386,652.5957,467.7657,386.3128,289.7187,447.8657,566.1616,518.2752,460.9425,713.5715,512.4569,520.1378,704.3314
32.5000,742.5564,677.9167,931.6189,754.0869,231.5282,722.8378,453.7381,657.2440,647.7844,478.7017,383.6438,290.4921,450.4383,565.9060,533.2279,464.0284,690.4056,483.3533,512.0725,738.9071
32.5333,761.1776,657.7215,913.1520,765.7441,234.5971,731.4897,425.4339,659.9935,643.7845,476.6324,382.9788,305.7449,452.4547,561.4050,555.1188,478.1144,722.0645,491.5731,513.4484,719.5300
32.5667,775.1482,688.0010,917.9652,746.6952,234.8230,678.5220,442.5651,673.8403,648.1523,477.6218,392.0928,294.8161,456.0899,584.0679,526.7657,457.0826,723.0784,495.6498,522.0448,732.0800
32.6000,766.4501,687.5828,908.9854,757.6935,238.5836,697.5184,428.9739,681.2764,632.3063,472.7621,386.5300,294.9392,457.6812,568.9850,539.2520,463.4786,701.5699,504.0905,513.6879,732.7802
32.6333,785.2783,671.9716,880.0350,733.0379,234.7145,699.7114,443.3398,683.2887,649.9860,474.5098,390.8893,306.1760,445.7978,565.7985,559.6782,453.4472,710.4052,460.6937,509.8816,718.0874
32.6667,775.3975,658.0481,882.8036,727.8161,236.3851,708.9142,446.5199,667.6799,655.6308,457.1637,380.2520,295.4020,451.6921,575.0690,544.3110,465.5736,708.0156,476.3180,499.0698,745.9960
32.7000,775.0800,691.1561,888.1357,739.9676,228.7341,702.1737,442.9894,664.9748,637.6026,482.1880,397.7338,290.3299,430.9177,558.9325,544.6111,465.0750,700.9484,458.3961,504.3573,721.9045
32.7333,746.4843,676.5823,879.0234,741.4545,234.2035,691.8757,449.2146,697.9627,649.2392,493.3814,378.5810,305.8801,440.4792,569.9001,538.4490,454.3318,684.6319,456.2352,501.8610,749.8527
32.7667,759.1510,700.8041,890.2413,773.6588,232.2836,712.8397,444.6939,689.5664,647.1959,488.7735,383.5984,293.7513,464.8609,567.1722,547.0188,453.5033,707.4913,456.1086,498.1024,706.3461
32.8000,758.9922,664.4092,871.6345,746.9559,235.4745,660.6983,441.2939,656.0648,652.7684,492.1904,375.0051,301.9359,453.3315,581.2237,520.0433,464.9195,712.4026,450.6704,520.1180,704.4919
32.8333,745.9050,704.8578,859.7607,747.0928,228.7049,707.7357,434.4599,684.0451,646.3891,479.4615,385.2825,290.5325,450.4800,580.9685,527.9837,474.6612,730.2304,452.1956,512.0645,745.3467
32.8667,775.5183,690.1158,863.9635,745.7626,230.2303,718.4148,435.6251,685.5658,637.5889,489.7245,384.7432,296.6467,463.8568,566.2902,535.8156,465.1490,728.7502,442.0688,495.6137,722.8672
32.9000,766.5654,692.1164,883.1143,761.9713,233.4948,742.4076,437.6194,661.2241,633.0486,495.9710,355.9443,296.3745,440.4962,572.5860,527.0868,463.3125,691.8890,445.2124,522.6692,758.6316
32.9333,749.3605,676.1910,1055.8416,773.5424,225.7855,724.1280,447.2481,667.6666,633.1745,489.6514,379.9661,298.8917,430.0509,582.9848,555.4936,447.5501,702.0876,427.5733,511.7949,743.4947
32.9667,798.8231,680.9102,1143.6843,766.4311,238.7174,734.2023,449.5940,669.3498,656.1853,490.2087,385.6552,304.2370,429.4310,552.4081,535.5070,458.1174,708.2950,425.8563,509.3988,746.9823
33.0000,765.9391,671.4759,1146.4673,739.7257,240.2111,679.3524,431.1814,678.2147,662.1974,475.6323,383.5656,290.4684,449.6878,561.1642,551.1420,484.4845,705.4835,427.5128,508.6529,754.0361
33.0333,763.9165,679.4140,1190.7011,757.3662,224.5030,713.9993,440.9670,680.5575,681.8032,471.4231,388.0080,290.6713,444.6998,574.3339,542.0749,471.0193,695.7982,416.1803,497.3756,743.0023
33.0667,800.9572,682.0924,1177.9566,740.5749,231.9940,687.0477,434.6176,684.0357,630.1797,499.2518,379.2143,296.4976,441.6434,591.8761,541.3839,446.3540,689.7585,414.8889,492.0595,752.6800
33.1000,773.7760,714.4932,1152.6409,728.6020,233.8988,699.4156,434.7098,690.5046,626.0373,455.2020,385.2578,288.9670,460.3471,579.3786,529.6553,469.9487,688.8155,413.5656,498.0583,719.0584
33.1333,778.1080,678.1352,1139.9021,752.5861,231.6412,707.2634,431.6272,679.0697,657.5373,485.4200,370.3726,297.2649,437.5620,579.6343,525.8986,453.1909,704.6583,396.6986,509.8058,728.6323
33.1667,777.1297,706.6027,1112.6648,765.9023,227.0927,701.9484,435.5409,655.5458,653.9381,501.1175,385.6261,288.5438,436.7611,562.7664,519.0147,478.3795,698.3362,398.0734,511.8225,746.9727
33.2000,757.6392,680.1474,1111.6685,743.3201,238.1301,706.9732,432.8453,669.3067,619.7645,472.6685,382.4120,295.9287,443.9780,586.0819,541.2636,466.1957,731.9605,411.5535,515.7205,713.8245
33.2333,776.6033,673.3805,1094.3621,720.3631,232.8026,685.2869,433.3763,655.9679,639.1500,475.1452,377.2369,289.2460,441.5315,578.7272,535.9164,448.8223,699.5832,411.7628,501.9269,736.1518
33.2667,749.7970,666.0483,1037.3777,757.3376,227.8389,658.2752,434.6705,680.3043,656.4004,487.8868,378.9689,292.2291,426.9982,553.3268,527.8273,456.6423,699.4829,411.8093,494.7599,708.4841
33.3000,760.8507,671.2967,1053.7776,760.1128,232.6226,696.1199,427.8351,684.0550,647.6091,491.7977,385.0241,290.4898,436.5136,584.6311,525.8386,465.4575,725.8414,400.4918,511.8737,719.1301
33.3333,812.7701,681.8319,1013.8109,777.8483,226.0574,699.8395,439.4463,689.3105,648.5405,486.3096,382.5174,281.2201,432.8138,544.3883,517.6583,471.8956,734.7786,412.0377,504.1287,716.6696
33.3667,797.0737,700.9400,1046.8540,787.7315,237.0196,689.5669,428.2933,671.9156,638.8961,458.9859,390.5753,300.5415,457.3214,564.6779,524.6657,469.4732,705.7110,411.7539,504.1182,741.4982
33.4000,765.9620,691.0544,996.3847,759.3833,233.3287,677.9008,438.9447,685.4886,633.2584,471.4572,390.2782,298.2360,442.9916,582.7107,546.9648,451.2171,705.9429,398.2684,510.3674,738.4750
33.4333,779.6791,683.4100,997.7051,774.8333,230.8105,706.2377,433.4531,683.8762,649.3667,475.8042,404.6529,289.4608,440.0213,571.1488,524.8647,472.0021,712.0553,390.4287,514.3384,758.5680
33.4667,759.9500,682.2336,986.3524,751.9393,239.8685,714.0876,444.1591,679.6694,654.8672,485.7880,385.7904,292.5471,437.2507,571.4586,544.2711,458.7582,735.9958,396.6989,485.8028,735.4754
33.5000,767.5689,661.8392,1012.6376,754.1463,236.1411,704.4463,439.8142,665.7376,638.7750,487.3403,388.8922,287.6937,433.7554,575.7481,531.6873,467.3032,707.0950,385.9010,516.1995,740.0098
33.5333,755.5140,661.3477,997.7978,756.4545,225.0735,684.5144,438.0905,662.9561,644.6746,485.5023,391.4493,296.2248,463.4502,565.7678,538.6848,457.6845,695.9433,400.0439,511.0167,737.2544
33.5667,784.9422,696.6311,935.9547,750.5354,227.9753,711.2716,428.7231,650.3738,629.3534,478.6112,385.8538,296.4540,438.1992,575.4246,515.1108,457.2106,716.9835,391.4523,502.2499,732.5682
33.6000,747.5281,698.4619,944.0709,733.6628,232.5364,724.4375,426.3654,670.2972,630.9610,492.1191,380.6123,307.3754,445.4348,568.1207,528.7468,476.5773,712.2867,486.9939,511.5451,707.3460
33.6333,975.2022,677.7657,906.2982,759.8238,232.3862,673.3384,463.2592,657.6566,596.9071,487.1465,396.4773,298.3949,440.5479,573.5787,542.0913,450.3053,713.7300,522.0599,508.3106,741.2428
33.6667,1097.0017,670.5610,919.9171,752.4507,232.3911,692.1907,443.0153,665.9762,657.0246,473.1803,375.3164,288.1545,446.9255,552.9522,538.1315,467.2481,709.2625,537.9539,513.5372,711.7889
33.7000,1132.0621,671.6832,917.7900,757.6324,226.0612,695.4616,422.2396,680.1993,643.1051,487.1060,377.4857,302.0428,454.2604,574.3892,520.9793,465.0052,681.9785,546.9306,521.0656,730.4688
33.7333,1113.2540,688.2405,892.8541,752.4604,215.6775,681.4756,437.8609,665.3660,632.1199,483.8016,371.8727,288.1829,452.5293,592.0563,539.6606,458.7356,711.8388,542.9059,510.9662,716.3286
33.7667,1141.1636,674.0104,915.1228,785.3449,227.3306,696.2483,438.0349,656.9122,654.1612,487.4327,387.9918,302.9443,445.1316,568.8603,517.3101,464.9848,704.2993,535.4052,493.6773,749.1250
33.8000,1104.1151,691.2844,893.4673,950.8976,239.3771,693.1019,452.5428,660.3576,633.7037,472.2425,384.1250,295.7027,458.4544,582.0403,531.6074,470.0673,713.8731,519.4987,500.3901,746.1499
33.8333,1105.7502,675.7989,883.2896,1030.6869,225.6507,681.5372,448.3257,657.0222,618.9040,479.8951,381.8401,302.1917,450.2705,591.8881,531.0125,455.4433,706.3908,525.3563,506.2659,727.6360
33.8667,1081.6768,673.9502,892.7802,1096.5321,230.7889,729.1635,455.2325,683.1119,662.9971,491.5489,382.7393,295.0295,454.1594,571.8142,524.0431,470.7102,710.2877,506.4583,503.4223,716.0910
33.9000,1068.4292,694.4276,874.6925,1046.2210,232.8492,697.3073,443.1872,691.6396,645.7622,456.4526,379.7301,293.0449,457.3610,576.9272,545.9349,456.1062,687.2983,502.9613,521.4009,755.0381
33.9333,1037.4976,678.1908,882.4546,1086.0521,222.7156,708.8949,424.1859,669.8953,634.3721,481.7712,383.0885,290.7874,451.8688,571.2023,523.9555,450.4438,705.3478,500.5412,524.7754,748.9788
33.9667,1025.1010,683.6784,868.5290,1062.0577,228.7302,716.9910,445.4641,654.1273,649.4727,470.4689,389.3375,290.7802,464.0097,566.6115,518.5735,449.0026,700.8602,484.5940,503.2363,742.7297
34.0000,1019.1791,711.6134,870.7532,1064.0081,221.8246,712.8386,443.2221,677.9463,621.4644,482.3913,378.4679,303.4677,445.0015,562.4641,523.0087,465.0203,710.6974,489.6706,488.8406,755.4889
34.0333,1017.5647,668.2151,854.3065,1021.0838,241.1041,699.5571,452.8869,669.9782,621.5199,474.2500,395.8601,293.8989,444.0722,555.2329,519.6845,468.2859,682.5345,471.6704,495.4818,712.3447
34.0667,985.7167,658.7903,859.7668,1035.0242,235.6823,692.9535,434.5680,665.9953,633.4922,477.6652,380.5299,288.4443,442.3506,589.9965,530.8036,453.4277,715.4638,475.0598,503.3990,722.9327
34.1000,985.2650,696.6437,850.0482,1004.7422,234.3550,706.3980,432.4650,668.9737,647.2231,468.4449,380.0945,296.8036,457.1261,594.0201,543.3680,476.7241,687.3996,486.2680,507.1494,717.0509
34.1333,965.0448,681.1643,845.4312,990.9902,235.8305,711.4733,449.7479,660.9230,627.2671,489.6088,386.6936,302.0704,436.0799,592.3874,526.4067,445.8408,696.2955,470.5489,517.9329,725.4302
34.1667,947.5364,690.2629,838.4251,986.7660,227.7276,712.0534,434.8193,690.2731,633.2722,478.1588,385.6620,298.0739,442.5900,565.0668,536.7373,446.6852,712.6451,455.8515,488.9544,734.4890
34.2000,976.7426,667.7978,848.0439,974.0870,233.9366,711.0678,456.3296,679.8737,630.5179,505.2801,374.3938,294.4875,446.4361,557.2875,525.4905,472.8715,704.3380,448.3667,504.3126,721.4178
34.2333,927.5887,694.3836,824.7441,945.9330,232.2757,703.5210,428.1986,672.0847,638.8233,469.1673,387.3809,296.1020,460.8901,571.1282,554.6837,478.6293,726.4961,448.8520,513.3238,710.8092
34.2667,928.4645,674.8358,815.2229,937.9477,222.6163,700.8170,445.1186,661.0895,631.4345,479.0114,375.8747,302.0602,436.5289,558.6302,530.8237,458.0050,711.0411,444.6650,504.0080,728.9142
34.3000,913.0699,697.3643,833.2560,919.9043,237.9651,698.7338,435.6458,673.6418,639.3358,497.5019,383.3056,282.7737,448.7240,572.9020,536.3603,441.7074,719.7032,432.8252,507.0100,724.5660
34.3333,915.8567,667.5431,829.3573,910.6417,235.1471,712.2526,441.7588,664.7955,645.4383,480.9346,386.3325,300.4956,453.9117,576.2261,547.9429,448.6846,715.9507,415.7653,492.0547,715.4593
34.3667,916.0479,683.8170,815.2338,916.2356,227.9120,667.1316,446.8639,660.4892,637.7347,486.8392,368.7788,293.0587,464.6877,573.3683,523.6616,469.4555,738.7162,422.8809,500.0318,716.8254
34.4000,889.5746,686.4569,862.3773,904.0525,230.8257,680.9193,448.5367,674.2202,607.3978,463.7967,389.7155,299.0381,442.4078,587.4665,514.0538,474.8317,713.1599,427.4948,503.8483,718.4530
34.4333,901.8113,712.2168,805.0161,896.2805,293.1518,693.1103,434.6196,668.3690,634.2978,495.7162,388.6793,300.3083,443.7979,574.0468,518.2165,446.9834,719.6044,410.7979,504.6014,757.4353
34.4667,908.7844,703.1470,815.7874,905.0423,327.1585,703.3395,450.2774,648.3107,642.6585,480.8069,374.9562,289.8963,458.6596,550.4705,541.1901,457.8005,715.3577,418.2803,510.0461,718.3784
34.5000,878.2578,699.3090,800.3738,891.2009,327.1144,694.4696,444.7602,641.1260,619.7954,485.9160,383.1190,294.7143,453.5491,571.1118,530.4468,468.4630,688.6994,421.0008,495.7530,725.7828
34.5333,1094.5417,687.4110,804.5631,886.6198,340.3240,698.6828,444.7359,663.3115,671.5979,484.1577,380.8790,304.0314,453.3455,591.9195,526.1538,467.0843,713.5781,423.1687,507.3920,741.0776
34.5667,1158.2591,670.8878,806.7225,855.7503,329.7622,704.2686,437.3090,660.8176,643.3113,462.7087,373.3534,302.9111,445.4122,570.6653,518.5293,473.7557,688.1223,411.0343,511.0567,738.1915
34.6000,1186.6425,671.3592,793.9905,857.5940,319.3965,679.0485,442.4540,657.4834,613.6390,476.7220,390.1096,298.4499,440.3191,567.4881,514.8414,449.2397,697.2359,413.7089,507.7111,708.2526
34.6333,1193.3675,669.1828,806.0611,869.4424,318.4650,710.0439,449.2117,658.6004,626.5999,477.2927,375.1097,304.0285,428.1393,579.5665,533.1296,457.7099,701.7142,405.0646,520.2439,749.8359
34.6667,1207.6803,705.1094,803.0003,840.5637,316.2111,698.0265,437.2293,651.0024,654.3670,478.4544,394.0618,304.6141,442.8387,573.5129,509.3419,453.0518,701.6304,401.0020,508.3704,738.6848
34.7000,1145.9161,674.6994,801.2705,814.6398,323.7502,680.3080,446.2509,672.8606,630.9274,487.1678,390.6853,289.0200,455.5482,551.2719,523.0341,456.7665,708.0775,410.9222,521.2442,719.8407
34.7333,1171.3601,691.8165,804.4125,858.3654,308.4356,709.3232,438.7627,679.3276,630.6069,485.8077,386.7968,299.5992,452.9965,565.4989,527.2737,460.1744,695.0319,385.9214,518.0090,728.9297
34.7667,1144.0010,676.1180,794.4572,840.8704,303.8568,715.1291,449.1263,658.6550,641.7491,479.7227,378.3777,300.5699,573.7761,589.6254,527.9118,457.9927,716.2533,394.3335,488.2832,732.2079
34.8000,1121.2879,674.0940,800.5179,808.8068,308.5356,705.3176,440.5999,667.2738,640.6947,472.5159,380.5090,300.8179,625.5140,581.6920,489.2806,460.1942,716.2705,390.8617,506.2737,746.3848
34.8333,1103.4622,702.3950,797.5491,803.2605,297.9567,707.7934,444.0308,689.5944,624.8766,471.9151,382.6943,299.8065,649.7378,570.4146,531.1796,451.1527,702.7655,392.2806,516.2390,754.1755
34.8667,1086.6143,684.8141,750.5645,825.3913,293.7836,683.0333,452.9683,676.8136,646.0760,473.1079,378.3517,289.9575,646.0763,567.5397,543.2925,458.6434,703.1042,400.0987,509.4442,729.4020
34.9000,1061.4996,681.6903,796.1886,769.7606,298.1114,687.0971,426.5873,659.5866,618.5776,477.8619,373.5303,299.3718,647.6606,566.9773,539.6477,452.9566,714.8379,384.8119,515.2511,716.7878
34.9333,1052.3944,671.3405,761.4978,832.5333,291.7718,704.9486,442.6116,648.4029,636.1332,478.8441,389.0420,295.6687,639.1870,594.4232,534.4855,454.7150,723.2693,388.1632,504.8961,723.9648
34.9667,1030.4669,697.4515,797.6690,805.3967,288.2304,688.4548,443.7390,671.3222,640.3329,482.7385,389.6726,288.5224,603.9305,569.4202,536.6991,472.9720,709.0844,381.8361,499.4693,723.3009
35.0000,1040.9310,694.8736,805.6084,821.5252,286.2636,697.8550,445.4489,688.2116,631.2898,468.4908,377.6583,288.2327,621.4786,557.9915,529.4571,465.1092,690.3849,398.9716,506.5739,731.6342
35.0333,1016.1585,688.2367,779.5960,828.6905,280.8070,690.4625,443.2197,681.7099,625.0313,478.0045,396.5802,290.0093,608.4087,562.0658,542.2743,464.5294,712.8193,384.6256,511.2619,733.6520
35.0667,980.8254,650.5643,779.8476,776.5452,274.6950,702.9177,434.2498,707.8361,640.8253,488.3415,398.2023,300.4695,596.3044,563.0796,519.1820,456.2525,695.8125,392.0206,511.7193,761.2653
35.1000,976.4162,690.2530,766.7310,767.0335,278.9281,690.6042,450.1175,667.8299,642.1744,476.6619,385.5835,290.3649,578.1415,550.9695,521.0858,432.8834,714.2538,388.0625,516.3538,766.9097
35.1333,983.5332,686.9950,794.4932,825.0436,279.1980,715.9717,436.8623,684.4076,623.7694,491.2147,371.9980,300.2822,568.3420,583.4918,515.9592,462.8201,724.3938,398.4252,494.2983,745.2435
35.1667,938.1752,682.9699,755.1941,767.9275,267.1282,706.3094,438.3834,669.3575,630.3630,482.3602,381.4613,294.2976,583.2239,588.8031,536.4412,453.1263,688.8971,394.8249,511.4857,723.6885
35.2000,934.0576,678.4798,769.5139,783.1792,279.4047,677.3807,452.6766,681.0791,625.2150,497.2100,398.6266,299.7967,584.5725,568.5767,514.2997,442.1025,722.5774,382.1557,498.7152,722.1409
35.2333,943.6508,655.4075,770.7361,789.1899,265.0552,673.9679,445.3240,651.5394,653.0184,476.2631,379.3898,296.9814,569.0436,563.3624,535.1852,441.9751,708.5557,386.0086,516.2691,713.5688
35.2667,942.7315,681.0430,774.2934,788.3714,259.3100,691.4145,441.0784,680.0942,652.6207,488.7186,374.8192,290.2100,556.0248,568.5451,540.5695,449.3010,704.8186,366.2412,496.1227,725.0321
35.3000,928.7820,664.6655,783.1388,770.7662,261.0596,683.6439,445.2947,689.9914,627.0421,493.6690,387.7759,296.8734,548.1653,705.4275,547.2034,453.8650,726.7145,379.8607,489.8419,728.5920
35.3333,908.0790,669.9972,802.1386,815.4269,264.2971,687.8857,425.3665,699.6542,626.4608,495.3066,383.2017,297.1983,534.9679,803.7354,545.5524,456.3443,733.4568,378.9268,506.0431,732.3911
35.3667,898.0919,666.1578,801.1129,773.9854,262.8667,712.9690,456.6199,683.4807,637.2679,474.7632,384.6440,306.9608,545.6406,831.8670,517.8849,464.4475,699.0341,374.9462,495.4945,722.1961
35.4000,889.4856,678.3613,788.5591,754.2992,269.2947,684.5158,448.0946,687.4914,616.7687,474.5911,392.0509,304.5284,539.9707,799.5595,538.7198,465.0166,711.2898,372.8930,504.4263,746.2297
35.4333,907.5777,691.9115,776.4910,804.5559,256.6093,710.9718,450.6878,658.1465,650.0090,470.2497,389.3392,284.0290,520.6421,812.5055,538.1535,473.7671,712.4683,373.1060,510.7050,741.1771
35.4667,907.4943,674.2936,808.1859,764.0449,253.3895,712.1746,435.8597,665.4262,639.5588,478.1122,379.7061,299.0531,522.0510,827.0212,524.6892,458.2913,712.5733,377.3888,518.8475,737.3383
35.5000,893.6012,688.6245,807.2458,799.1192,256.5486,713.0262,436.6652,657.3360,628.0464,485.3539,389.9501,301.1343,514.1509,792.4091,541.7419,467.4339,683.5958,362.7128,508.3630,762.2679
35.5333,888.3809,686.3686,775.6666,779.3299,251.2075,704.4059,441.4373,680.1471,645.5773,476.8422,384.5912,287.6990,514.6362,796.3686,530.8753,461.8256,702.2503,377.3862,513.3753,744.8767
35.5667,876.6931,664.2285,790.5570,773.9291,252.9481,711.3007,448.1537,676.9827,635.4294,484.5900,379.4338,300.9614,517.2228,782.9193,534.0712,458.7793,714.4425,389.6080,502.8311,731.2935
35.6000,866.0923,675.9428,793.3999,783.8732,258.5235,698.7551,446.7710,677.7660,648.8001,471.3320,389.0345,295.6376,527.8350,782.5059,539.2404,460.5513,715.9162,372.5486,515.3570,737.3017
35.6333,848.8342,682.5100,787.6881,741.6962,246.0124,693.4737,452.0471,674.3961,627.5793,475.4288,391.6996,296.0825,502.5075,758.8504,532.3029,460.4828,703.8527,376.3890,529.1477,731.2333
35.6667,819.7268,665.2144,789.8617,748.2407,249.2548,693.6610,440.9566,690.2855,597.0065,473.8941,373.7903,282.4972,503.6816,914.5916,527.0347,462.7267,725.4415,374.1742,509.0482,721.9992
35.7000,845.9960,658.4715,783.0267,748.0494,243.2509,699.5953,446.3623,639.6948,638.5218,497.5369,383.6282,303.7810,478.5387,964.0371,518.5847,461.7381,699.8829,382.5408,516.7295,746.7847
35.7333,841.7431,684.1255,782.2907,772.4595,247.9559,698.1759,422.5465,665.7624,624.3206,473.9183,396.4218,298.1439,490.3269,980.4064,521.5690,442.5460,734.7821,364.9720,502.8756,737.8175
35.7667,840.2762,690.2067,798.9692,737.8732,244.8264,705.7456,424.2406,662.1320,632.9806,483.5440,387.9171,300.5208,513.6375,982.4666,528.7217,450.6834,727.0555,369.3951,524.5196,730.9314
35.8000,853.9609,694.7408,760.4944,780.9494,252.9825,696.0300,434.7863,657.7631,628.9130,470.2414,392.9039,298.3878,488.4226,955.9452,545.3487,458.6487,714.4795,370.8100,525.8513,737.4451
35.8333,804.8906,687.3994,803.4188,764.5184,249.2901,707.2755,443.9421,656.4764,646.1189,486.5672,398.1678,299.6468,486.6043,935.5003,544.0287,463.8843,688.4047,369.2312,522.7747,740.6377
35.8667,848.4482,693.7997,768.1289,739.0581,247.1047,692.2090,448.9920,654.3323,625.6565,480.4619,398.5829,302.2036,494.0150,910.9366,533.0068,453.0653,695.8953,368.7408,495.6746,727.6336
35.9000,853.7124,686.4409,798.8164,734.0938,249.1817,671.6556,450.3121,670.8026,635.1330,469.1418,386.5255,372.1868,482.1621,925.8010,525.9136,445.5554,692.2372,362.0654,516.2640,724.2300
35.9333,832.2257,673.3518,774.6492,754.3171,246.2421,685.5894,441.1334,683.7468,640.5141,486.4551,393.4221,408.3009,485.3662,887.7217,537.2777,468.8045,695.7625,365.7289,509.8190,745.7653
35.9667,821.8437,673.3103,791.5579,768.5924,250.7356,685.3493,449.5158,655.1481,627.5833,466.6627,388.8108,419.7885,484.0336,885.9035,532.9261,447.6510,719.2610,381.8273,527.0476,707.7192
36.0000,834.6368,672.2115,755.6360,731.9300,251.3867,701.4030,455.8886,668.4960,638.6076,470.5568,383.7345,427.5186,489.4514,840.5723,534.1607,471.5972,704.7193,385.7456,508.2817,730.2460
36.0333,836.1173,669.0631,802.0700,754.8580,238.3262,682.1603,442.1313,692.4278,634.5540,482.3630,395.5033,426.3987,471.7849,819.9341,529.0829,468.4452,713.6137,354.7884,499.4367,718.7078
36.0667,845.9108,670.6375,803.6402,784.1287,241.4254,708.4120,439.2149,687.3590,637.3050,482.4816,372.7488,424.3225,465.3973,827.0442,529.4438,459.3900,725.4704,360.6425,507.5381,742.4503
36.1000,810.2543,665.5724,773.0089,742.4030,245.2978,692.6651,449.2923,661.9703,588.6355,487.7636,386.6030,423.0091,481.1568,813.1891,526.4885,442.9589,713.2637,364.2716,523.0372,719.4024
36.1333,826.3546,673.7657,778.5923,777.5718,230.6562,703.9468,440.3276,669.9200,630.4077,485.5958,396.0895,408.1508,458.7848,802.3581,530.2026,455.1377,713.7652,373.5273,530.2249,723.8995
36.1667,814.1674,670.2524,775.3922,752.8831,238.4839,702.7504,448.4758,664.3391,656.8658,481.5332,371.9266,400.0860,467.5875,792.0356,535.4011,469.5670,691.5840,359.7503,489.2100,735.7305
36.2000,839.5612,720.4156,755.4220,775.0830,237.4524,697.2979,453.1746,683.1364,613.3213,491.4104,388.9868,397.7935,474.6253,786.6113,516.7260,447.9991,724.0590,362.4451,505.6355,752.7734
36.2333,1030.8333,698.3893,794.9990,759.1555,236.8953,692.4706,456.8717,677.9154,641.0530,486.8725,390.7271,391.5818,483.7266,751.3435,537.3816,444.5592,704.1384,373.6369,511.1112,766.1116
36.2667,1095.8233,663.8287,780.8413,760.5330,240.6127,695.3005,461.1893,698.0217,630.0074,490.9131,382.3174,382.0945,454.8438,743.4734,523.5963,451.3949,703.5503,367.9638,519.9928,724.0703
36.3000,1134.4266,681.3340,780.0171,767.2291,241.5052,697.9216,562.3384,672.9499,637.4649,489.9365,398.0306,381.1468,460.4999,734.3622,529.9769,440.3250,688.8341,374.9975,504.8503,734.8694
36.3333,1154.4541,694.2715,765.8321,771.9887,244.5968,719.5215,622.0348,675.0193,647.7895,500.2653,387.0828,383.2892,465.4092,747.5842,545.4446,449.1208,732.6762,377.5829,511.0200,728.0098
36.3667,1159.0318,659.8427,739.5961,758.8896,240.3185,696.5679,655.6213,656.5023,625.5113,479.0308,391.4271,381.8853,462.3442,718.6671,537.9306,455.8936,714.4428,354.3471,514.3448,711.7343
36.4000,1143.1869,680.0795,792.8261,758.1637,242.9150,697.5547,633.7729,635.6552,628.9811,474.0828,389.4531,366.4429,462.4001,722.1608,543.9061,454.2936,717.1727,368.8485,508.9113,730.5773
36.4333,1119.8996,677.7574,764.8756,756.8298,239.5446,702.9271,641.8482,636.2381,647.8137,476.5078,392.3600,365.3636,452.5084,708.2919,523.2119,439.2815,686.4877,372.6833,529.5667,736.8188
36.4667,1112.5062,692.4719,793.5304,735.0040,243.2542,683.4932,636.9554,665.8601,623.8781,490.6417,373.0340,359.9949,476.8044,704.3567,528.3159,451.8261,715.1059,363.3360,495.5339,730.7380
36.5000,1105.3478,669.6283,762.9376,765.7990,235.4648,690.8188,628.3791,670.0388,639.9923,485.1222,361.4807,362.4211,456.1700,675.4174,532.3769,477.8329,727.2044,361.1826,514.2869,746.7947
36.5333,1066.4435,668.7223,765.1837,784.8688,241.1031,709.4555,610.8426,684.5720,613.7863,472.9020,390.3425,345.5566,457.8808,697.5568,518.2538,451.3736,697.6598,356.7787,522.2229,719.1160
36.5667,1036.1545,676.1262,771.7991,757.5241,237.8192,695.3223,602.5735,678.2740,647.7390,478.0518,395.8873,356.6784,454.6061,689.8407,533.9730,458.1154,704.7085,385.4699,488.7772,724.7939
36.6000,1039.5161,710.6755,777.0308,785.9423,235.8575,718.5532,605.7182,667.0010,634.8331,480.2761,379.7059,350.9480,455.7837,694.5415,532.5939,452.1787,720.0489,360.0423,504.8229,735.4520
36.6333,1036.2589,687.5326,788.7889,745.3591,238.3796,682.6423,595.6011,674.0209,609.2519,502.6792,389.9139,345.1781,456.4167,689.4860,532.5686,456.1354,715.2503,371.5919,514.6452,746.1380
36.6667,1014.1952,682.4680,784.8413,771.2984,240.5748,699.5174,581.8781,653.2343,633.2028,481.7213,376.5376,340.0694,453.2365,669.6399,534.4287,446.3945,746.2923,371.6962,519.7961,758.4482
36.7000,992.7675,678.9371,810.3899,751.6968,237.9596,688.2919,562.8124,666.8382,624.2703,481.6531,396.4540,337.8077,453.8663,663.4178,525.4788,463.9630,682.9496,374.2971,528.5422,725.1329
36.7333,942.1769,690.2519,794.5030,741.7114,238.1613,685.1190,557.9564,694.2747,623.7762,483.5458,374.0316,334.7239,456.3194,664.1287,524.9508,450.8222,688.5454,367.1917,509.1666,723.2419
36.7667,975.1026,697.3161,731.9515,770.0496,235.8774,695.4489,565.8113,658.3364,628.3951,462.0708,381.0803,320.5665,449.0403,657.2314,530.5402,437.3464,714.1007,366.0612,511.4958,740.4338
36.8000,942.3562,666.5080,807.3490,755.1508,232.8363,719.4607,569.3043,678.8821,618.7472,489.1189,394.9983,339.3928,453.5364,658.0798,514.7727,456.7075,715.4274,373.9002,512.0985,724.9252
36.8333,924.5872,656.9826,772.9945,754.3110,236.6841,685.6912,547.8386,654.3382,615.5718,481.3041,393.3511,325.5483,450.3973,662.8977,538.1250,451.5723,699.1934,385.1853,510.9922,748.4465
36.8667,937.9188,665.4398,766.0971,783.8964,239.0444,713.1148,532.2867,660.1728,627.4231,485.5384,384.2421,340.1444,446.3250,644.8596,526.2470,454.6323,721.4403,368.6372,529.8952,721.0650
36.9000,942.6046,671.6249,760.0863,753.5856,238.0985,717.6944,542.5540,655.9784,630.2933,482.5167,387.8089,335.6694,438.2716,639.9481,531.1386,450.9971,718.9387,372.3599,518.3081,743.9228
36.9333,904.1443,685.5261,788.2168,743.9314,234.7183,689.4800,535.4675,675.0851,640.3622,475.0153,395.3841,333.5764,440.7749,628.8585,688.1896,458.5487,687.2684,370.8397,501.7570,760.0395
36.9667,904.4772,661.6719,799.8532,757.3252,233.5873,700.1844,521.8030,854.0024,635.2515,486.5493,374.4757,329.9793,446.1848,628.0215,735.1635,434.8885,690.5162,358.4236,517.1235,731.6874
37.0000,930.2114,673.4181,785.7004,767.5851,233.0300,693.9114,533.7880,925.9739,654.1118,481.8568,388.9788,319.3405,456.0757,612.3121,756.2777,436.3505,691.5543,371.8537,516.9285,728.1219
37.0333,896.9454,677.6875,778.4108,758.7667,233.2294,714.9717,503.9607,959.6942,625.8926,499.4852,381.8402,312.1512,463.0818,610.3613,776.8985,457.4833,713.0337,363.0074,504.3249,730.2171
37.0667,906.9841,704.9375,791.6539,725.0650,243.8422,724.9750,516.8202,952.8563,625.2055,482.9266,371.8832,312.3359,455.6749,640.5799,769.6251,468.7751,704.0941,375.2862,514.1840,745.7155
37.1000,896.9167,687.4434,772.0809,764.2869,238.7926,699.0727,504.0325,946.8516,663.6994,479.5314,384.1189,322.1671,444.0929,634.6118,744.8244,469.4959,724.8991,383.2464,515.2866,742.3489
37.1333,913.9474,698.0725,796.4173,778.4011,232.8181,1006.1282,523.6311,952.2005,626.9535,487.8449,389.5378,317.4911,445.7873,618.2451,746.3922,457.4480,720.4533,366.7443,529.8817,753.1358
37.1667,891.0329,675.9539,749.6353,724.3536,234.9943,1183.8870,510.5625,963.2970,652.1484,474.2018,395.2890,317.3084,458.0468,633.4628,726.6827,451.8406,701.4418,375.1689,526.1848,726.0530
37.2000,875.6828,683.6162,1331.3556,738.6310,236.9078,1185.6926,488.1870,921.9110,644.3104,487.5723,397.6774,313.9323,448.6520,601.1965,716.9879,446.6410,717.9424,367.2420,506.2483,702.4957
37.2333,856.8110,677.1167,1590.0898,744.3631,385.3708,1202.4823,492.3582,904.5612,645.3952,475.3636,385.1850,304.9318,460.0778,601.8421,702.9731,455.7430,717.7780,363.9787,519.4145,732.7464
37.2667,1443.0288,653.4782,1670.6914,1106.9925,443.9030,1182.6939,498.0265,917.8557,625.6726,477.6637,384.9182,310.9973,459.9002,592.0680,700.5029,466.5150,694.5505,363.9210,523.6676,729.6341
37.3000,1725.5034,687.1793,1708.7623,1274.3995,466.1161,1184.8656,491.4025,903.1765,628.4743,475.8328,380.8945,307.3059,449.9696,607.3049,696.2261,457.4394,705.8114,367.4965,532.8034,752.9852
37.3333,1827.8057,674.7060,1698.1989,1561.5166,475.1132,1155.7798,490.5688,869.3934,620.5095,495.5793,398.8823,309.0573,471.2859,617.2618,670.7097,457.6871,707.7622,367.1998,539.3682,721.1448
37.3667,1819.3785,680.5220,1667.7851,1636.1001,470.7081,1154.1337,495.7526,860.3749,625.9409,465.2403,371.8253,299.0766,453.9781,594.5386,656.1362,463.6707,724.4203,375.6373,548.8910,744.7254
37.4000,1814.4861,673.8324,1603.9096,1664.0655,454.9832,1104.3709,490.9233,846.7717,659.1547,493.6877,380.8278,309.5656,458.4342,596.0223,662.1188,466.0696,707.0657,374.4282,524.0342,747.3984
37.4333,1784.9144,687.0272,1581.3789,1666.5320,448.9134,1093.7230,471.3931,864.6879,638.2526,481.6604,375.9269,311.4142,451.7159,585.2553,667.3638,464.5368,666.9774,364.5861,514.6773,743.7349
37.4667,1722.1365,669.0316,1518.0867,1636.3305,436.2139,1083.1888,478.8110,834.8909,639.9416,490.1291,391.9558,310.8227,439.9631,588.9935,653.7113,460.4074,726.4451,370.4493,512.1875,719.7979
37.5000,1670.2652,686.0545,1463.1546,1583.8650,427.1923,1045.0111,486.9887,839.4560,611.0372,478.0170,376.6554,305.9867,441.5460,578.4008,653.5668,461.8799,711.9053,374.5762,517.1045,745.7371
37.5333,1601.1875,669.0674,1425.8423,1561.2834,414.9510,1013.5293,478.7442,812.3655,647.4709,483.5363,379.6484,305.5455,447.4702,597.5279,646.9090,453.8574,725.5938,368.9239,498.4259,744.6097
37.5667,1568.4496,671.1913,1408.3564,1527.3746,399.3742,1005.7350,478.0720,799.4062,631.0821,482.9154,382.2383,310.5770,457.5225,590.2967,622.8952,449.0449,731.2597,370.6858,522.7824,735.0998
37.6000,1518.7454,699.4343,1404.5550,1458.5418,399.5836,967.8407,465.8953,792.5970,635.4421,473.5052,389.5622,288.7156,447.6554,609.4263,627.2187,449.1833,721.5673,372.8166,512.4661,718.5244
37.6333,1479.1969,673.4406,1327.5684,1434.3059,392.3520,995.3286,477.1002,806.8066,613.9312,493.2961,391.4709,310.7833,430.8726,592.4735,629.5707,474.7372,704.8587,368.0781,482.3517,735.0871
37.6667,1462.2707,676.3905,1327.3135,1586.4592,377.0268,968.4021,488.5828,800.3928,613.0040,487.9967,383.9442,312.9165,431.6008,590.0660,599.2728,448.8250,715.2870,368.4490,501.5255,721.4821
37.7000,1401.5683,670.4738,1292.8596,1657.8146,368.8721,971.5600,468.7550,780.1401,643.5057,486.2055,387.1280,312.5454,439.2972,576.3440,634.2202,463.8288,712.0387,352.7219,518.7906,755.1710
37.7333,1401.3913,661.7205,1241.5443,1669.1824,361.8950,936.5916,466.9480,773.2687,614.2611,468.9480,388.8415,303.6263,466.2490,576.4338,619.1832,464.5405,692.7953,360.2676,509.6116,699.6466
37.7667,1361.8757,688.1172,1220.8759,1621.0660,363.0934,931.7621,465.5363,742.1482,632.5346,485.9664,362.7662,307.1758,447.3627,589.9100,606.9692,442.8752,708.6723,362.5243,540.9433,757.9756
37.8000,1319.2296,695.9639,1210.8025,1611.6204,344.5720,892.2015,473.6719,769.6293,652.5463,469.9661,377.5368,298.8693,448.7275,593.6314,603.9308,476.1176,719.9313,367.6523,535.5759,723.9879
37.8333,1313.1602,680.1630,1177.9273,1575.7544,337.9594,869.6394,460.6588,768.8129,625.3095,448.1407,384.1659,295.3707,448.8178,580.8609,576.9737,449.5541,720.0397,359.7762,661.3165,721.8591
37.8667,1284.8131,675.0558,1166.1438,1528.2852,341.4685,877.5378,464.6714,758.3068,619.8908,485.5040,374.1259,301.9840,451.2006,560.5358,589.1495,478.1249,725.2126,360.1438,732.7677,739.8661
37.9000,1245.2779,683.8760,1143.8668,1461.3969,338.8932,888.8077,470.6043,748.4826,609.6993,474.9347,365.0597,300.1315,437.0336,571.9981,580.6936,462.9498,710.9178,369.3559,750.9876,745.6209
37.9333,1208.5420,689.6407,1109.7617,1458.2359,330.7485,880.2100,469.1063,752.4483,641.9097,459.5989,382.2209,308.3901,451.9314,599.1283,563.6606,444.7103,725.3805,368.3134,755.9513,706.1886
37.9667,1203.6457,655.6682,1087.1234,1383.4967,324.2613,864.4448,469.0556,760.4589,649.1288,456.3686,377.0622,304.3571,459.6346,605.2469,587.6357,459.5545,715.7124,379.4631,723.5151,734.6396
38.0000,1387.1048,676.8767,1098.0062,1341.2948,317.4811,896.6567,461.6346,727.1912,624.5223,492.2729,382.7085,305.1578,428.7820,593.0337,568.0512,463.8945,714.0339,366.7628,739.9011,741.3812
38.0333,1452.6080,684.6745,1064.8451,1368.0107,315.2801,839.8660,462.0744,725.0635,640.6892,486.2479,375.8618,289.8463,455.7777,581.9402,573.9833,463.4126,708.2941,367.1148,718.8111,734.2772
38.0667,1491.7714,695.6744,1055.0972,1337.8874,309.7205,836.3970,459.0990,742.0850,621.6887,483.0665,391.6174,301.0422,440.9726,565.3419,574.5359,469.8075,715.5483,361.9942,716.4818,731.9188
38.1000,1461.6013,656.8445,1064.5241,1278.5627,298.8583,822.0485,460.6543,718.5810,635.8672,491.6082,389.9393,299.1637,466.0875,574.4667,574.8271,465.1579,699.1865,365.6796,702.7980,732.8915
38.1333,1463.1489,671.8629,1032.3134,1249.9168,304.2618,809.0162,454.4618,720.9228,646.5798,469.4988,374.7858,290.8156,455.9035,586.4408,556.6035,457.8915,713.9075,381.5798,700.1560,727.8003
38.1667,1384.5992,679.7264,1026.8197,1213.0556,294.3583,817.9858,443.9170,725.7024,636.0403,497.3746,381.7658,299.7116,438.9781,583.3265,562.1019,442.7307,714.5972,364.6201,696.2773,736.5590
38.2000,1382.4723,689.7040,997.6639,1185.2615,291.9179,787.9984,447.4773,721.2942,629.7123,489.4007,397.2451,306.7419,442.7820,576.8591,553.5419,448.6275,690.6591,372.3729,663.1537,715.9015
38.2333,1331.8398,664.5862,987.9790,1169.5044,284.9694,772.8264,457.1217,699.1834,631.9363,480.9722,400.6726,301.7870,430.6976,582.0964,570.2247,447.8295,713.0110,375.8378,673.9091,713.1119
38.2667,1321.3735,670.7914,975.3225,1157.0328,293.0678,799.4811,457.6342,705.6696,628.2324,495.1904,400.7758,298.3021,441.3191,580.4373,557.4211,437.8652,729.5968,355.3673,662.8177,740.4724
38.3000,1269.0243,670.9055,961.8190,1107.2357,283.2745,793.6618,454.4394,746.6584,643.8596,476.4067,374.6856,293.3178,448.3520,573.5418,556.4258,445.8884,715.0742,360.8863,634.1892,736.4478
38.3333,1247.2268,694.1822,975.0276,1138.9452,280.4852,775.1113,447.4229,695.9989,622.1830,465.8724,366.0501,307.1384,423.6680,590.5618,550.2291,448.7855,694.6593,352.7661,652.6120,741.4843
38.3667,1282.8988,680.8731,965.7191,1068.2603,273.8892,782.2269,447.3378,719.0711,636.3440,488.6669,390.7916,284.5382,440.8158,574.5589,559.3368,450.9173,724.0612,389.8471,641.1151,730.3954
38.4000,1226.7590,680.6010,948.7357,1070.6601,277.0109,776.5778,441.3085,701.5650,632.0752,480.0942,394.1438,298.9095,424.8941,588.8040,563.4692,465.9980,704.1590,362.3250,600.9389,710.5323
38.4333,1198.4934,684.4493,955.7147,1047.6866,277.7329,754.2671,455.8105,738.2637,626.2089,485.9609,390.4891,304.6660,449.7423,556.8744,566.0663,467.3806,710.2105,364.9511,622.4043,739.0619
38.4667,1162.6960,670.4276,922.3296,1060.6101,272.1786,757.8907,454.7560,711.8989,633.3136,496.0957,380.3343,297.5048,553.0150,577.0960,556.7052,457.4961,743.7350,358.0706,629.2182,756.1596
38.5000,1141.8683,658.8143,924.7363,1036.5727,266.0521,769.7736,444.4618,696.4808,642.8822,481.5585,399.6934,297.4752,620.6041,575.7614,549.9426,467.0786,689.9466,370.9471,614.2229,742.0935
38.5333,1138.4534,694.3268,903.9713,993.8039,264.9593,773.6405,452.0829,693.9288,636.1467,502.4303,385.5641,292.4431,641.5727,581.0526,538.5820,456.1985,702.2002,366.3730,601.0444,725.7017
38.5667,1315.9200,692.3762,892.5029,979.4431,256.5426,754.1601,434.8626,720.9655,614.7113,503.3005,382.3057,301.3066,635.9417,576.9044,549.4458,455.4709,692.3518,371.2640,592.0641,736.1315
38.6000,1411.5460,681.8507,898.4163,967.3057,258.6850,714.2630,476.4973,716.4425,614.1942,477.1221,386.1082,291.6099,631.2822,582.4374,555.1325,447.1976,728.2897,375.0567,593.5443,764.8698
38.6333,1447.5716,670.4320,898.8890,979.8269,261.6617,746.6067,443.6101,694.7580,625.6561,492.9656,382.3401,289.7709,627.7710,551.6567,540.6340,467.6950,697.1015,375.9734,581.1546,752.2124
38.6667,1437.3103,678.3971,882.7350,978.1813,253.5436,744.7324,458.4786,692.5069,609.9110,485.5038,390.0034,289.1724,625.2845,571.1536,550.1456,440.3065,709.7781,356.8646,595.2932,737.3776
38.7000,1361.5826,695.4014,901.5370,922.9309,266.5976,747.2832,452.8248,665.4248,618.4229,481.8675,391.8936,307.1678,606.7114,564.7805,553.1772,461.4120,707.1113,374.6904,577.1715,741.0125
38.7333,1345.4959,676.3472,880.4682,917.3012,251.2813,722.5080,460.2040,698.6422,630.2573,491.6394,384.3502,291.8543,593.6470,579.5037,556.0172,460.5542,714.2048,373.0952,580.0183,741.6262
38.7667,1351.1765,705.2959,846.5467,928.9684,261.0197,722.3517,438.5061,680.3181,631.8921,490.8442,392.2867,298.7224,601.3807,562.6087,529.4009,462.9247,698.7600,371.4934,570.8531,729.2971
38.8000,1312.6492,697.0282,862.4673,924.2901,254.6966,760.9447,452.4243,679.1330,624.1259,472.3452,384.6416,304.9043,603.4322,554.0957,551.9355,465.3803,712.0557,372.3924,563.7720,733.5630
38.8333,1283.3981,669.1513,892.0657,885.4270,251.6394,749.6341,461.6383,699.1458,623.6100,477.0244,380.5995,288.8388,586.8766,575.4495,540.8761,438.1605,710.3997,368.2087,567.4508,727.2048
38.8667,1233.3247,687.2600,819.1681,909.8887,253.7160,723.7115,445.0076,691.0202,642.3161,482.9795,380.0138,293.2390,561.7371,561.9970,517.8377,452.6008,714.1615,370.6516,576.4707,737.7804
38.9000,1206.8679,695.2718,881.6219,903.9012,253.5655,738.5997,429.7608,673.4827,617.1397,479.5377,378.5507,290.0474,578.8191,574.2140,528.6055,445.5427,735.0179,369.2056,575.1974,745.8116
38.9333,1201.4870,708.5445,866.8199,892.3121,249.2154,754.0442,441.2251,718.5361,634.6818,486.0270,385.5838,289.5308,563.0882,542.9592,542.4847,458.0250,716.3386,372.8966,582.2129,749.4232
38.9667,1159.6638,669.4978,874.0008,910.7956,255.7149,703.1913,458.7219,679.6171,652.8285,485.0369,398.6667,298.7651,558.4181,584.5386,537.9082,445.9758,713.7802,355.5160,590.9931,749.5611
39.0000,1168.1935,684.5138,847.6819,1049.5696,251.5360,767.1599,442.2567,678.4917,634.4559,491.8458,385.7362,290.8618,547.3341,573.1121,533.8163,452.0110,731.4587,365.0698,542.5840,737.8394
39.0333,1131.2368,673.8835,851.5617,1174.3808,249.8695,721.1796,441.7820,663.0900,636.1719,476.6056,390.8920,296.8190,547.1382,582.6189,532.1312,449.4664,687.5587,382.1255,561.9896,721.7498
39.0667,1100.4032,676.3027,859.1622,1224.2401,241.3984,724.3166,439.4268,685.4570,621.8994,482.9085,381.9553,295.6975,528.0323,569.0668,548.0642,452.2329,693.2612,368.6896,552.6613,714.2679
39.1000,1137.3603,685.2926,861.2321,1190.2460,258.5448,728.5569,451.5694,691.1152,627.2969,501.8585,395.9573,295.9047,528.5266,568.1393,518.9469,446.3179,717.9595,362.1539,555.4951,742.6226
39.1333,1078.8294,671.0204,815.5157,1157.5388,239.7471,713.5150,458.2316,693.5748,638.8611,489.2572,376.8631,303.5184,533.5754,580.5954,530.0999,456.5113,724.0743,372.9470,558.7745,755.9850
39.1667,1068.7115,680.1674,851.1981,1149.4937,252.1949,736.0813,426.7168,670.2986,631.3272,477.9102,385.0297,288.0416,516.1622,580.0734,530.1992,432.9694,699.3966,369.8937,554.0370,736.8602
39.2000,1021.7202,689.8349,823.0038,1125.6993,250.7887,726.1948,451.9900,710.5947,820.9435,490.1586,386.6974,289.1616,528.5453,572.4935,532.5571,462.1139,716.6484,364.7202,531.4957,708.8804
39.2333,1035.2576,663.9028,800.0905,1111.7326,251.1111,730.9747,438.6025,685.3894,885.4739,464.9133,388.8526,292.6983,526.3320,585.3640,531.9025,447.1658,711.1486,371.3570,537.7126,743.9840
39.2667,1023.2290,651.0770,819.5267,1103.8313,246.7760,708.2749,435.3755,668.9776,907.2106,480.7784,378.8799,295.0820,516.2201,547.5290,508.7397,451.8212,693.6430,374.8304,537.3085,747.4433
39.3000,1038.0782,654.0064,804.4164,1081.0492,248.2950,720.8625,455.1528,679.4690,911.3436,480.3740,376.9071,296.5678,508.7855,569.9336,523.9109,459.7559,741.6065,368.6648,550.8672,731.8508
39.3333,1024.2120,672.4425,816.5208,1071.2915,250.6074,696.1926,464.3436,686.7824,911.1397,481.9757,382.0179,301.7825,522.6144,557.0292,528.4396,461.2986,711.8785,358.2919,540.2583,728.3469
39.3667,987.8788,700.6435,834.9352,1065.8814,245.1175,714.0173,449.6161,671.5609,887.2134,465.8299,375.8680,302.3852,516.8661,595.0942,525.0549,456.4975,729.1944,375.8416,541.0845,721.1965
39.4000,1185.9749,669.9901,813.5361,1017.6838,248.2157,726.1181,460.7714,679.2760,871.4566,473.4929,389.5811,300.0913,493.2497,571.7524,536.9170,451.4419,716.3596,364.8231,540.9110,737.0641
39.4333,1285.3949,677.6480,823.1518,1031.2354,242.1649,717.6098,450.2241,674.5553,877.6623,489.2662,484.2362,293.0158,493.6537,558.4505,551.4356,454.1724,719.8528,356.7444,521.5233,718.7706
39.4667,1306.1360,704.3130,799.2832,1008.0370,239.7381,715.2289,443.0013,667.2547,864.5578,499.7732,519.3111,290.5037,486.1260,577.2250,533.8800,448.1713,739.2279,377.4072,527.1394,714.5276
39.5000,1296.8970,663.0953,802.6712,983.8653,243.2284,697.9886,455.4475,662.3732,851.4157,476.5815,559.3669,288.6620,474.2840,573.2761,520.0241,464.1146,712.9460,382.0048,533.1967,725.8424
39.5333,1300.2193,704.6293,841.9887,973.0123,240.6429,706.9659,431.1256,657.5258,832.3487,480.1961,559.9303,294.1509,474.0686,576.3364,522.4893,451.4971,711.9341,359.8476,569.1263,741.5411
39.5667,1246.3742,661.4495,808.7334,992.9110,230.6827,711.2406,455.7246,668.8749,848.3889,485.7906,552.1122,284.8400,469.9676,577.4842,537.0686,445.6352,706.0281,364.5391,547.6815,718.8286
39.6000,1226.5150,666.0700,805.1857,963.4058,242.8562,720.2702,439.3056,689.4693,828.8859,466.1796,541.8577,297.5656,485.5301,577.7267,509.0785,473.8575,725.0695,357.6377,551.0740,733.8601
39.6333,1203.6233,662.1442,782.2519,964.9703,239.8959,715.3333,444.5225,659.6411,798.8618,488.6155,543.8918,291.7287,479.6366,573.9367,533.5766,447.2153,732.1042,369.5449,523.3397,727.1997
39.6667,1180.7291,661.2221,819.1023,940.8432,244.4749,739.0607,447.8342,680.3862,781.4160,510.6729,520.6774,288.8979,481.1117,581.4955,523.0295,459.4137,712.0174,360.2805,520.4800,722.8799
39.7000,1185.9400,690.7869,825.9804,929.8432,233.1536,728.8207,448.2121,698.1294,777.1884,490.4747,522.6403,286.3738,476.1126,562.3441,528.3688,465.1252,693.7486,364.0648,539.4707,737.6287
39.7333,1144.4632,682.3282,798.7592,917.5491,247.7591,705.3888,458.5843,684.4157,775.6843,483.2201,511.9136,287.4165,474.2436,578.2715,531.9046,458.1357,723.5350,372.7342,535.7132,735.0786
39.7667,1149.2935,670.9788,779.4940,906.6989,238.1093,733.8178,439.3527,665.7522,769.9038,491.6085,507.6132,297.6507,470.5304,557.7123,538.9269,451.1881,744.6988,381.0617,521.4712,739.1833
39.8000,1130.8509,680.2362,808.0526,891.8306,239.9707,707.7587,457.9850,665.4826,746.3579,484.2526,507.6120,288.6691,480.5651,570.2051,535.7562,446.1962,701.4126,371.9834,535.2279,737.7401
39.8333,1096.0069,668.6374,798.7286,881.3573,235.8524,718.1704,466.8938,673.2083,739.1647,503.6982,496.1091,286.0840,463.1379,578.7588,548.6709,436.4723,694.1831,386.8624,531.5262,711.1931
39.8667,1075.8294,675.0522,820.6250,889.1709,240.5839,707.8279,450.6103,683.0252,737.3777,481.4623,493.8248,299.9589,476.5221,588.0186,518.8991,449.1505,697.0006,366.6584,536.7542,713.2755
39.9000,1072.3004,662.8106,809.1055,861.4964,242.1275,705.5003,456.6493,665.5312,731.4410,488.6200,487.6850,287.8239,464.9057,562.3471,522.0881,465.7764,700.2392,375.5052,532.7025,735.0402
39.9333,1056.4445,703.4692,835.6546,860.2155,240.8220,713.8077,447.6777,683.6531,736.8299,491.8198,470.0118,285.5208,470.8048,573.4663,534.9328,450.9113,722.7315,373.3933,536.5011,733.6403
39.9667,1018.2421,681.6094,804.9428,864.9649,239.8179,698.0577,450.2205,693.5675,718.7800,490.5240,472.4068,294.6615,459.7948,572.9983,536.5562,445.9442,736.5816,385.7168,526.5296,734.6465
40.0000,1027.6467,693.4194,803.4653,847.5224,241.5722,710.6104,456.5309,664.0963,723.7652,487.0650,483.5189,292.2163,454.0222,553.1698,527.3522,448.8394,694.7226,367.7080,530.6149,743.7383
40.0333,1011.6789,654.8536,799.5495,849.6700,234.3024,680.0993,445.8482,704.4142,717.8482,482.8651,474.6631,293.8023,464.2648,551.3976,520.7588,450.6153,709.6492,363.7501,528.1131,716.5619
40.0667,1000.7670,676.6474,782.9937,850.5305,243.6441,682.5222,460.0797,652.6724,716.8668,471.7383,464.0400,289.8785,465.6968,570.8893,542.0212,459.1333,714.3060,365.5749,527.3507,715.8487
40.1000,994.6129,678.0176,805.5042,839.0475,230.9459,699.4556,450.8114,667.3800,726.0349,498.9310,472.9494,301.4537,444.0559,595.7524,545.7212,444.8225,735.6948,372.1764,515.2492,718.1959
40.1333,993.1905,659.3740,781.3653,852.7816,233.0417,702.1468,446.1197,688.3465,721.8823,478.2925,445.6203,286.5591,455.1986,557.9605,544.2263,452.9115,729.7694,379.9672,508.7438,734.6653
40.1667,983.1650,683.5659,797.6986,839.6963,235.5457,707.1139,436.6173,681.7955,702.6426,482.7932,450.8209,292.6666,473.6773,599.2644,539.6102,465.4672,694.7936,370.5708,523.8370,705.1304
40.2000,961.1635,680.1307,781.6640,825.2131,240.8728,683.9881,445.5302,675.6696,679.6940,495.2032,451.2832,304.2285,462.3436,578.3050,543.6920,455.9693,703.3716,370.9888,516.8629,729.9943
40.2333,958.6840,667.7534,786.1754,783.6470,234.0690,708.9289,460.7287,644.2867,702.6812,508.2225,448.6622,301.9220,448.8474,568.5371,542.6663,448.6888,684.6968,371.2592,514.9516,740.2984
40.2667,910.0155,674.6586,776.6295,835.1134,229.6255,702.2030,446.3560,665.8061,689.4626,493.3033,434.3415,297.4076,459.4437,563.0052,520.4595,437.7767,708.7038,365.3254,526.6774,725.9086
40.3000,941.9932,681.7894,1019.8616,799.6193,236.3734,701.7692,437.1715,673.2193,691.3471,497.2931,448.0435,300.2755,458.0287,582.1158,518.0356,439.4305,696.2450,375.7415,523.7613,748.0477
40.3333,919.7573,676.0977,1125.9376,795.6008,235.0002,701.8159,454.5104,676.2057,670.7311,479.9838,433.7612,289.7213,446.0585,611.1198,536.0712,444.4601,727.7040,365.9306,527.9727,710.0083
40.3667,899.2085,682.0610,1132.8031,804.4362,239.4145,698.7870,444.5326,658.7580,682.3068,478.8746,426.4497,296.4177,458.8242,560.3148,502.5167,454.3900,691.7033,345.2904,523.8455,728.9367
40.4000,927.0088,643.4139,1153.8528,777.7142,231.8425,695.1807,450.2669,674.6756,682.2156,485.1460,435.2494,296.8148,443.8518,586.1545,547.5172,464.0374,736.7693,372.0357,524.8648,750.7170
40.4333,921.0890,685.8305,1147.8517,811.2121,236.8623,676.2649,448.9135,669.9320,665.0487,497.1383,417.3595,300.6786,452.0110,577.1740,543.0507,462.2071,710.4292,364.0584,529.4746,743.5667
40.4667,911.9885,667.6074,1120.3220,815.7424,238.4001,723.5830,452.8155,658.8518,680.6595,468.5994,426.9131,290.8387,450.4238,552.8427,538.6062,453.0544,718.6235,360.6712,524.4683,721.7973
40.5000,888.3297,683.0820,1126.4481,780.8826,226.1209,705.2298,465.3172,665.1493,683.5021,497.3925,420.2291,292.8943,441.8253,559.6451,514.6245,458.6358,727.9938,374.0518,515.4416,765.7106
40.5333,875.2997,669.3180,1081.4870,813.5920,235.0656,699.2443,434.8409,671.2276,669.6480,476.4807,420.8685,290.1793,449.8372,589.9620,543.1681,579.2823,735.0968,370.1465,514.1578,747.3508
40.5667,906.8323,682.0558,1064.0148,790.8404,239.7507,709.3796,451.2174,639.3890,669.4382,484.8095,417.0073,301.0207,446.8106,571.8624,510.2124,624.4488,703.6759,378.0520,521.3427,738.3335
40.6000,849.0166,648.7095,1077.5610,780.7248,237.0350,712.9941,434.3540,639.5286,678.6456,496.7681,429.2510,286.1771,442.5415,561.0269,515.9168,644.1439,693.0788,363.1009,516.5798,732.2093
40.6333,855.5334,675.9759,1045.9992,803.2719,239.1009,695.4473,436.8447,677.9066,666.9275,493.0448,423.0783,295.5387,454.0596,587.3299,527.8042,648.4432,710.9649,374.0111,526.4905,710.2287
40.6667,834.8474,678.0467,1045.1939,774.2102,231.9793,704.6481,439.5557,648.8321,681.9977,500.5203,418.4361,293.9954,442.5975,571.6405,526.3546,660.3073,683.3788,368.3794,519.0482,704.0839
40.7000,871.7926,690.2043,1058.2978,771.4804,235.7330,657.0231,444.3121,675.3792,660.1411,488.6309,421.9263,285.5382,451.8289,584.4183,510.4262,645.6799,682.5797,374.3177,517.1375,721.4967
40.7333,880.8769,709.8077,1002.1809,778.7272,234.1649,716.4343,446.1108,659.7950,673.6261,492.7631,417.2285,291.8662,449.4187,571.3397,541.8989,623.0726,697.6487,374.2508,534.2037,718.8142
40.7667,820.1945,641.6097,990.6093,767.7754,242.2941,704.0464,449.4464,683.0050,662.7960,488.2165,415.3017,284.6424,455.4884,567.3378,538.0141,622.1130,702.7933,372.5437,510.0818,731.5820
40.8000,838.5249,676.0096,979.8465,756.2188,231.4684,699.5884,448.0394,660.8145,679.8537,482.5433,415.3955,295.6917,446.8131,557.0862,533.4081,623.2203,724.4841,364.7954,514.5047,714.4697
40.8333,856.0313,702.3137,977.0100,755.7929,230.2683,694.1926,454.7549,661.8948,655.3440,494.5416,426.3464,291.7080,442.7792,574.3518,529.9677,621.5099,702.9262,364.7839,526.7471,701.9293
40.8667,853.7154,675.4788,975.1315,760.1470,234.9926,699.1851,449.5782,641.5379,671.0282,493.5077,413.4100,284.2257,457.0582,573.6756,533.9440,600.0531,738.4125,371.6685,515.6681,725.4663
40.9000,849.1665,690.7037,945.2957,787.5159,236.1507,714.6396,444.2546,669.0190,657.1909,480.7471,402.7300,372.8301,436.6929,564.8016,525.0837,578.5043,703.0824,376.6967,513.1875,928.9450
40.9333,844.4564,676.5784,953.5359,765.6012,235.5027,712.2763,446.6544,685.6172,645.2203,476.9423,394.7272,418.1467,444.6385,554.4820,533.0603,586.0707,716.6130,368.6576,491.2765,1005.2458
40.9667,810.1065,649.0124,943.2481,802.6028,237.4405,689.7838,449.6745,675.8377,659.8993,480.8547,402.6309,424.8705,454.8565,573.7668,538.4686,579.7761,692.6189,352.2569,524.2690,1042.7087
41.0000,834.2755,665.5484,935.9830,773.5883,242.0068,719.5444,480.5980,682.1850,645.2119,478.2106,397.0394,436.6107,456.5421,554.5184,553.7606,567.2659,716.0768,378.6892,514.9180,1047.8179
41.0333,819.1405,681.2328,961.4465,772.6042,235.5737,700.0332,462.4288,862.3552,649.1508,488.0881,417.1874,424.0343,439.7902,580.7464,533.4950,570.7230,718.1968,368.5629,518.3101,1028.8033
41.0667,818.0857,700.5874,901.9132,779.0513,236.4249,686.6403,434.7928,936.5172,680.4546,494.2017,403.6632,431.2286,432.0809,587.6744,509.0779,561.8176,722.9472,368.1702,510.7436,1029.8089
41.1000,817.3606,682.6083,918.7331,775.7012,236.3215,704.3144,451.9324,975.0517,646.7435,468.6090,397.9880,401.7170,449.3572,568.6937,514.8868,539.5879,678.6088,367.8325,510.6788,1016.7483
41.1333,830.5533,666.3093,927.9067,778.3847,237.8898,689.1204,464.2530,967.5641,606.2268,485.7433,391.7499,409.4517,443.4902,585.1218,514.1443,533.2339,742.1509,368.0589,533.0741,1000.1518
41.1667,807.5408,655.6662,901.8234,772.7592,232.2645,692.5033,453.4520,988.2306,653.3548,498.6650,388.9013,396.5634,446.1570,575.2121,531.6075,551.0642,907.5911,364.0802,519.9741,999.8085
41.2000,815.1772,660.7359,874.8775,782.4822,235.5206,675.8108,449.5864,973.0562,633.5947,610.2399,389.8532,407.7210,452.4648,551.5487,525.2158,541.6679,1020.6046,368.0608,526.5049,988.9088
41.2333,801.1949,675.6477,900.9989,751.0098,233.4300,693.1319,446.0074,952.2789,632.9392,685.8836,392.1542,380.8415,444.8107,577.3182,518.3947,528.4398,1023.8007,367.1792,529.1477,973.0237
41.2667,816.8898,657.6487,905.6319,772.9564,297.7270,695.5748,455.9015,945.4235,644.9279,688.7945,403.1686,385.4597,448.0913,582.9297,530.1927,529.6162,1041.2578,370.4677,537.9934,945.3772
41.3000,794.6324,664.3126,877.4402,743.4786,333.1565,697.1413,460.3390,928.7269,644.3356,693.5564,399.4011,374.6541,440.5099,583.1593,545.2703,513.4343,1029.8385,381.8424,511.4859,943.4633
41.3333,811.3315,680.5923,874.5815,772.0087,339.6073,712.9325,459.7994,919.7541,640.9395,696.5906,389.8576,379.8797,431.8641,587.8035,520.2022,524.4272,1001.0727,371.9025,527.4003,910.8102
41.3667,804.6155,673.4113,885.8950,772.6693,343.1663,717.2064,451.4731,881.4552,631.6936,705.2744,403.6850,379.8879,439.9046,570.1516,532.1780,507.1772,987.7539,360.2346,518.3073,926.5150
41.4000,806.3469,688.0785,868.9406,778.9997,339.2076,706.9401,437.3472,859.0577,654.7307,689.9085,398.9557,364.2691,427.7715,577.4095,521.4355,512.0298,982.2058,384.9565,528.0367,896.0137
41.4333,1032.2523,662.3836,894.4212,758.3119,338.7142,684.8632,463.2299,871.3996,631.8981,675.6782,397.2612,352.5084,444.7063,562.7110,534.0485,497.4574,971.8711,358.5932,518.5831,898.9197
41.4667,1159.3823,684.7389,840.1989,782.8163,329.0201,706.7350,455.4718,851.1101,631.9814,660.5886,405.5715,356.8571,423.2232,566.7239,525.3719,487.9455,966.8889,352.8781,522.5228,903.8532
41.5000,1167.6120,680.3845,854.2875,749.3827,327.0127,699.1495,449.0024,851.0801,660.9429,656.9853,401.0391,348.4589,454.1398,578.7197,526.3970,516.0569,918.3298,374.0894,499.0061,885.8251
41.5333,1155.8244,651.6318,872.4094,776.9813,324.1687,693.4591,448.0813,843.8429,618.9037,649.1624,389.3934,354.5685,425.4079,575.9021,520.4009,494.0027,958.3849,376.7210,531.1419,863.7605
41.5667,1138.6671,657.3622,848.6758,768.5008,310.5618,700.6632,457.3063,821.3155,670.6404,632.6091,382.8937,332.7476,432.1264,566.4284,514.8848,492.1482,919.7922,375.3338,525.2108,877.0199
41.6000,1141.2825,658.2130,842.0386,756.2554,302.2034,721.5845,443.8035,830.5272,667.6320,608.6888,382.6448,348.6077,451.3274,559.3979,530.9699,502.8159,913.0520,360.7278,509.5144,853.1546
41.6333,1092.4479,690.1538,818.5348,763.9326,316.7179,701.8645,441.1598,813.3903,667.2157,616.8943,400.0983,341.3653,442.9830,569.2330,534.3251,496.0269,884.8603,373.6992,528.4076,847.6043
41.6667,1116.0998,687.2705,836.9034,785.5091,302.3217,714.3146,435.7742,782.6873,625.5323,621.1849,391.7341,338.3396,447.0865,581.3174,522.9278,491.9901,898.2985,377.5648,504.0906,847.0332
41.7000,1079.4967,659.7911,853.0021,764.4781,302.0597,678.0367,451.9463,796.3834,621.3440,614.6372,394.7218,330.8325,447.9470,565.2546,525.9890,483.2661,852.1588,375.5208,511.8572,861.5436
41.7333,1040.6008,673.5256,817.4509,776.3681,293.1156,705.3121,446.0920,776.0921,649.6290,595.9851,402.7126,327.7136,444.0991,571.2869,522.6915,493.2420,857.6193,379.2398,497.9155,829.0617
41.7667,1028.7626,680.7228,824.2170,781.4159,297.7533,719.6623,440.8725,777.8937,634.7477,588.2322,389.3353,335.7423,433.5841,559.7357,503.3565,490.8894,883.3909,390.5986,533.4020,829.0215
41.8000,1047.5965,683.4380,839.0240,741.4195,292.9379,689.1688,446.3553,755.0448,628.4737,572.8776,400.6372,328.7189,453.3916,585.8049,509.3073,480.6905,867.0263,376.3317,521.0085,815.6311
41.8333,1025.6412,682.3165,803.6221,771.1640,286.0130,691.8015,463.4688,765.6311,638.4373,589.5488,394.5938,319.2288,458.4228,590.6478,520.8891,469.8968,865.9921,383.6178,509.4651,796.0565
41.8667,1031.8638,677.3090,830.2800,749.4589,283.9270,717.8061,449.7838,779.0146,648.6461,576.7884,395.1274,320.1074,432.8902,570.8132,521.7319,473.7986,854.7337,358.7562,508.6703,783.5497
41.9000,964.0687,688.3355,833.3042,766.3550,277.2708,693.0687,450.1774,754.2390,626.7501,574.3847,384.6321,324.1543,435.2661,573.7513,513.1080,489.1346,806.7699,353.0313,536.7134,794.4605
41.9333,971.4388,676.4116,806.1867,762.4949,272.5047,709.8913,456.7131,739.4882,634.5731,572.5741,373.1238,320.8646,442.1195,580.2590,529.0034,476.0132,863.5400,369.0508,523.7774,818.9628
41.9667,982.4047,680.8836,818.5991,754.6499,274.7096,699.9403,447.0980,746.5188,632.9852,567.5079,398.2213,325.5248,456.7077,575.4654,513.6564,470.3451,813.0640,370.3331,522.0738,793.0680
42.0000,950.5780,682.4482,817.3324,748.4067,271.0894,688.1194,455.0977,757.1542,637.8644,555.6232,393.5051,328.7964,432.8424,578.3862,531.2000,478.6104,815.4387,372.7139,506.8628,762.5347
42.0333,948.0307,693.5678,847.0094,746.2898,275.4344,695.2192,458.5781,740.8015,640.7977,560.1379,394.8206,324.8896,451.1180,576.0957,506.4743,469.8978,818.1200,384.7349,532.6068,794.0772
42.0667,983.8354,671.5807,813.6445,758.8332,263.9516,704.8924,442.7591,749.2220,608.9357,551.4276,374.7872,322.1325,426.4892,580.9861,533.4765,471.5364,824.8988,372.9601,524.6573,776.9096
42.1000,954.8687,669.0498,797.5749,765.3285,268.2096,706.4191,457.4668,752.2764,626.7613,554.2773,380.9355,313.3624,440.8448,576.7624,534.0792,472.2263,815.5796,385.5563,529.5600,791.6457
42.1333,914.8782,678.8851,836.7052,768.0212,266.1271,743.5722,450.6416,719.4905,632.1614,546.0083,398.5488,315.4680,460.1294,568.3843,536.4096,473.9371,802.5782,361.5533,514.0974,771.5781
42.1667,931.6311,669.5979,863.5266,751.3089,269.0758,697.0897,450.2927,720.6888,613.8185,533.4500,380.3357,311.5554,438.5916,563.3220,537.4702,458.9580,777.5113,367.3435,532.8472,793.5750
42.2000,911.9251,679.5130,785.0075,775.9892,261.6743,692.4616,425.6498,714.0546,639.0625,539.1186,392.8190,313.4761,426.9690,554.1430,529.5915,455.1704,794.7732,372.1715,510.9863,769.4442
42.2333,911.7175,671.2193,813.7098,776.9812,262.4687,732.8473,454.7713,718.3187,646.5210,535.1626,387.0593,309.0383,447.8800,576.0964,540.3839,464.8789,774.5845,368.0545,532.7199,765.9935
42.2667,903.9654,677.2867,830.4448,768.9468,261.7328,696.7211,452.1232,726.4348,615.4849,536.9523,398.0541,307.9355,434.0184,560.4151,532.4995,461.7128,779.9172,371.6535,513.0692,795.1361
42.3000,901.7960,675.3646,819.0735,775.8333,255.2875,701.7305,442.0291,740.0525,624.9348,547.8638,394.8087,315.3309,440.8899,580.9025,529.6455,473.3724,783.9009,377.8539,511.5567,774.6009
42.3333,876.6558,699.7207,806.2071,742.0543,258.3803,698.6272,450.6137,725.2787,624.6524,517.0437,391.5304,302.1082,435.1458,562.6128,537.2287,463.5125,797.4459,368.8764,534.6467,768.0905
42.3667,862.2121,661.5263,823.2216,754.5705,251.5499,676.7046,460.9241,692.6107,633.0548,536.2939,389.7369,312.4137,448.7154,571.2419,530.0733,461.8303,794.9564,370.0493,530.2640,770.3177
42.4000,884.9077,666.4634,797.1023,783.5253,264.3847,682.5605,445.7102,709.4357,627.5369,520.2696,386.2255,316.1483,420.7341,583.1154,529.0574,472.4828,787.2239,386.6541,540.4478,758.1868
42.4333,873.8954,676.2296,806.0357,760.1547,253.2754,690.7333,446.2051,711.3730,640.6912,520.0301,400.5213,299.0275,447.6748,555.5266,542.2911,458.5747,738.3586,386.0533,510.9740,753.5594
42.4667,884.1420,673.7906,811.0885,731.4803,252.4367,721.0955,561.8402,722.4014,618.7968,514.7779,393.6163,301.8451,432.4573,589.6184,546.0622,455.3737,789.5316,377.7665,515.5952,732.2079
42.5000,864.5408,686.0002,809.1754,762.4090,248.6353,697.3674,614.7185,734.7491,612.3128,523.3241,381.3846,293.7070,438.1710,558.7358,517.6659,467.3759,762.8941,394.1646,512.4471,767.5397
42.5333,870.9187,668.5119,817.0317,766.3692,241.3137,713.7964,653.8666,896.4118,621.7741,509.4755,379.8920,313.4313,444.3221,568.7440,519.9350,461.4467,733.7254,370.9268,527.0378,729.3595
42.5667,844.4097,674.9002,802.6420,757.0847,243.5195,700.3699,649.5463,968.3959,626.0978,498.5931,396.9561,299.9992,444.6610,592.9348,533.0767,549.8254,764.9870,371.2662,526.3223,724.1596
42.6000,855.0543,658.6674,793.8522,751.0346,262.3123,695.7583,648.8951,985.8075,628.5611,517.2021,385.3398,308.7237,432.5094,585.9689,527.2966,635.2439,761.3144,373.3801,514.1685,754.3385
42.6333,845.7121,684.2944,809.6981,780.3797,249.3209,716.1160,641.6108,1008.3512,627.9818,508.4540,373.5015,290.5068,444.3470,588.7562,531.8982,643.6051,772.3226,373.6623,527.1894,753.5975
42.6667,860.5037,687.4195,800.9053,750.2866,244.3959,700.8436,622.0729,992.7428,632.2643,512.0499,395.1900,306.6019,446.8420,570.1167,538.6861,676.5699,759.5029,386.5487,524.8900,746.8234
42.7000,857.7236,679.0094,820.7024,755.7951,253.4246,708.2816,615.2520,975.5420,658.0606,510.4020,400.9615,305.7414,439.4397,568.3144,519.0129,648.6876,751.5936,379.6998,543.6946,733.6016
42.7333,875.5821,642.0962,785.6356,758.4963,240.4501,720.7593,632.2337,970.4796,646.3637,497.9104,387.7077,293.5950,455.6189,571.5859,521.3314,647.5040,732.0427,390.1799,522.1612,749.3072
42.7667,830.6272,678.5393,792.8894,737.6980,247.2574,718.6683,602.9446,936.8614,623.8272,514.4205,401.3603,300.2232,445.0599,573.6143,529.2829,636.5359,749.7624,375.8768,516.1402,738.6476
42.8000,835.3613,663.8246,823.8525,725.7988,245.5654,704.7210,610.6705,908.2569,639.6249,502.2871,393.6252,294.6318,427.5037,565.2699,539.7438,624.4723,749.1727,382.8297,525.9799,758.0401
42.8333,844.0472,650.3436,824.1651,770.4956,246.2667,657.5653,601.2259,949.0012,640.3010,498.7342,397.3863,295.1320,445.9289,572.8398,543.3430,634.3912,742.1325,370.7572,524.0839,740.4948
42.8667,827.7490,665.0576,793.0100,768.1894,254.5968,720.3502,583.1940,924.1123,617.3854,485.9017,386.0230,302.1300,450.2575,586.2613,526.6430,606.6859,749.1433,369.1201,538.8359,738.1936
42.9000,821.4036,691.7512,814.8059,762.9236,239.2375,714.1618,569.7012,909.2391,621.4140,519.0411,384.4298,300.6108,460.0821,593.0042,510.5125,611.1097,755.5407,368.7945,521.6753,754.2887
42.9333,834.7398,684.4112,807.4972,735.9804,249.1342,706.1192,571.4878,893.2210,647.0474,499.2320,392.9882,303.4995,444.0635,561.3745,519.7490,597.3627,745.4541,364.2078,530.7103,738.1812
42.9667,814.2257,641.3834,803.9474,746.7167,241.5574,741.5425,556.8027,880.7383,621.4231,512.8137,389.3833,296.3302,434.2175,566.0014,544.1200,588.2416,756.5526,364.1471,528.3653,732.3928
43.0000,830.8478,672.5543,802.6895,732.2336,245.8832,715.9480,558.5508,872.2379,633.1144,525.2042,387.5090,290.6575,435.9829,592.9504,535.0387,600.7230,716.9813,366.6056,527.6003,731.8421
43.0333,801.6354,671.9831,793.8086,747.4061,244.9521,691.7664,539.7972,827.3847,629.6241,495.4878,391.7580,301.8246,447.1723,595.7877,535.4994,575.0059,731.1470,381.5145,551.6425,743.9715
43.0667,816.5540,658.0038,796.2485,761.7141,236.0447,705.7278,537.6665,829.8756,622.1215,496.5464,394.3667,293.8847,431.9562,578.3594,537.9086,563.6534,710.3895,365.2039,531.3444,735.2235
43.1000,836.2897,668.4889,812.3871,772.1887,243.5570,700.4600,557.6289,849.4445,645.0472,496.5334,395.9086,297.1242,446.3662,581.1293,514.6525,553.4584,741.4135,362.1094,533.4288,754.2761
43.1333,824.8335,684.3439,814.8211,746.6003,247.0628,699.4316,544.6258,833.8553,635.1653,518.0547,400.8332,285.4796,445.2375,564.5913,506.7830,565.6309,744.4927,383.3695,537.8665,733.3645
43.1667,817.4676,683.2410,784.5372,760.3279,242.7027,717.2284,527.8264,809.8546,604.0239,511.3217,394.1301,303.4516,437.6650,579.8169,545.7134,537.3929,768.4758,381.7213,520.4044,736.8055
43.2000,819.0005,652.7665,784.7461,774.8326,233.8948,711.1469,543.2839,802.4642,616.3683,502.9877,389.9726,303.4235,441.0702,589.4767,532.8573,541.5593,721.9325,376.9625,536.5900,740.1591
43.2333,829.3226,655.5299,810.8100,769.2303,240.7451,736.3482,524.0574,819.3089,636.7097,495.8934,387.4476,291.7976,445.0176,575.9249,536.0675,547.4567,743.0485,381.3908,525.9167,738.6413
43.2667,792.1588,661.3929,789.8198,768.0571,237.5640,680.7401,525.9606,777.4207,624.0394,496.7906,398.4655,287.0111,436.3407,602.2450,529.4265,532.3960,735.5981,370.1548,531.9751,758.3822
43.3000,800.3377,655.7461,811.6598,758.3070,244.1438,693.6908,522.8844,789.0760,626.3537,488.8939,382.5028,292.2456,439.9200,580.0477,531.3736,527.1123,725.2261,360.7766,533.6391,718.0709
43.3333,818.1820,678.2239,800.8527,740.7870,241.0860,693.8906,501.5903,785.5672,610.2370,505.3336,388.4768,297.5410,440.0645,579.0466,552.1598,532.1435,718.4948,364.2237,536.6208,727.0680
43.3667,798.4019,691.8855,787.8847,775.7926,233.9360,691.5141,517.5863,789.1388,635.5614,499.5664,405.7156,307.2872,443.1820,580.5130,496.6991,526.8568,755.6221,375.8620,534.9410,713.9224
43.4000,801.9251,671.2312,787.9520,737.4285,238.5035,715.9822,522.1500,774.0130,602.3423,623.1303,389.5437,300.3398,444.3745,589.2472,535.0730,518.3849,743.4018,377.1822,524.0685,737.0263
43.4333,804.3162,693.5568,791.5060,749.6114,234.7637,677.0465,505.0013,760.8345,622.3241,682.1000,390.7767,296.0657,439.1700,583.6329,528.3620,509.9019,732.6565,377.8703,512.2149,751.7961
43.4667,796.2062,676.0676,818.6936,743.7658,243.2144,699.5086,509.9110,744.3229,640.6161,705.8050,387.8632,300.6714,435.0400,568.0988,521.8695,517.0423,698.7151,371.8741,524.7861,723.5660
43.5000,821.7554,700.5473,786.5565,758.6871,234.2359,721.0455,490.9452,764.6342,615.8407,718.3524,389.9699,287.2215,430.6541,574.0127,523.6266,503.6797,726.1757,372.6836,531.3852,728.0038
43.5333,804.6800,656.3508,802.1332,752.7897,234.1878,715.9270,519.6469,761.0812,641.7400,719.8518,395.2087,286.1811,444.2670,568.7331,556.1456,495.8433,711.2245,376.7213,522.9327,717.7922
43.5667,798.3828,690.1419,797.9421,735.7899,238.7601,700.4601,478.0389,739.0492,623.3351,701.9470,389.3513,292.6012,439.1735,558.9141,538.9126,480.9669,712.7777,370.4094,539.2138,726.8125
43.6000,812.3720,645.0793,769.1497,788.3179,237.3789,720.0696,481.3997,726.0306,623.0004,697.7020,391.0262,290.1007,438.6471,587.1134,538.2459,494.0253,719.6737,377.2381,536.3373,710.0506
43.6333,802.8727,682.5555,788.6912,762.0972,234.9739,686.3693,488.0301,724.5467,623.6277,684.7315,400.5237,304.9970,430.1763,585.6430,538.7517,477.8552,718.9519,369.4316,536.7897,719.2802
43.6667,808.1197,655.3228,788.3807,773.3119,235.3706,697.2433,488.5750,741.3877,638.6643,692.3377,387.7557,304.0646,435.5598,586.5843,516.5299,489.0728,709.2157,384.9845,530.0121,705.7386
43.7000,781.5954,653.5971,786.2693,792.0938,236.5813,713.3907,475.9431,709.9353,647.6945,651.0961,396.6267,292.4938,445.4681,590.6445,516.4510,479.5801,735.0924,382.8317,514.0183,715.4785
43.7333,809.9763,678.4623,798.8077,742.1328,238.6262,721.7990,473.0746,736.5607,637.6419,641.9676,379.1048,292.7565,439.7057,743.4977,532.1166,482.4044,733.7059,366.4879,514.8063,711.7529
43.7667,806.1528,669.6742,802.8777,791.7155,239.4833,729.9885,466.4552,698.0647,626.2961,648.1087,391.6619,283.1154,458.6405,816.1694,529.3137,479.2167,719.3860,365.2384,533.0759,717.8010
43.8000,800.6124,657.1870,785.5833,752.3505,235.0571,702.0212,477.1356,728.1165,633.5062,634.2402,391.8690,299.9030,444.6844,859.4038,512.8112,494.0252,917.9475,370.0369,531.0121,741.9041
43.8333,807.6300,700.3611,810.9150,760.3145,234.5698,696.0832,475.1364,690.2979,643.7155,624.9163,382.7615,294.7869,428.4424,827.3379,515.7654,480.6139,1023.3379,378.4039,518.8651,705.8373
43.8667,801.4595,676.1176,808.8483,764.7091,233.3013,687.0511,478.1630,726.4734,635.8044,630.5341,389.0623,283.6476,437.4610,824.7031,537.4837,482.6589,1039.7386,393.0575,536.6356,720.3687
43.9000,787.5619,666.3090,770.7599,748.6981,239.8032,700.3260,459.1829,727.6547,639.3892,608.9737,389.6603,296.8428,437.2275,821.7338,533.1006,467.6309,1031.5960,384.1793,528.0606,698.4489
43.9333,797.0106,668.3424,799.6180,770.0860,237.0309,706.6010,483.4832,717.5852,641.5468,588.3673,391.9145,284.0729,446.8164,811.0689,549.3232,470.3726,1020.1770,381.6605,543.4445,712.2163
43.9667,780.7231,646.7601,789.0827,771.2569,240.7613,696.9543,467.9958,691.7141,601.9030,601.0849,372.9933,283.8366,448.9213,785.3870,528.1576,474.6298,1025.9953,369.7506,519.3767,734.5183
44.0000,815.7991,702.2730,805.5341,767.2786,235.9214,705.4421,483.5828,702.5241,634.4601,595.4890,395.7891,293.4984,445.3515,800.3311,533.0630,460.4168,982.2321,377.0554,511.7967,735.2599
44.0333,804.6649,659.9214,806.1096,773.4787,236.0375,692.1259,475.8597,712.7169,632.6422,597.2321,395.3996,290.3676,439.6260,750.1529,530.7965,467.7467,983.9418,377.8040,526.4506,725.7615
44.0667,814.6799,652.9089,818.6014,761.0074,236.6660,699.8723,463.3097,672.5205,643.3781,598.5850,390.5263,292.7502,441.2413,749.8026,529.7745,480.6762,981.0115,379.5277,531.9873,713.2400
44.1000,792.2984,673.2408,781.7375,770.6554,246.8212,731.6180,462.0956,704.1891,654.3413,588.3222,397.4855,280.5854,439.3190,756.5603,534.1451,475.0027,974.9523,380.0687,534.9612,738.9889
44.1333,788.1965,678.7127,826.5188,766.7179,236.6906,714.1576,481.7751,702.4558,630.8144,586.5530,395.5516,289.0491,426.1016,739.0028,521.8879,459.3516,952.3278,386.6973,535.4540,715.4722
44.1667,782.0282,654.6313,812.2766,770.5628,233.6897,724.0760,458.2053,721.5462,627.1021,575.4176,379.1998,297.3658,429.9602,723.9109,534.0363,462.1393,957.8582,379.1474,523.7974,755.5646
44.2000,806.9677,651.5393,808.5481,739.2094,237.3060,678.1683,470.0817,708.5715,619.4173,564.3821,387.4182,297.8492,441.0513,720.5553,525.2535,443.7801,936.2323,380.1871,532.6176,698.8469
44.2333,799.9672,679.2280,788.1606,786.6012,242.1658,719.9277,459.5737,677.0962,626.0560,562.2016,393.7440,290.9496,443.6954,730.8718,521.2020,481.7116,925.2585,367.7718,531.9334,692.0087
44.2667,813.1957,677.6440,797.9925,777.3022,240.9369,718.9998,467.0481,714.5453,620.7353,542.2442,387.9970,299.3861,441.1015,700.1871,517.4337,480.3422,898.7078,376.7675,537.0086,720.8618
44.3000,764.1830,675.0730,824.4495,750.8745,236.0601,700.3110,465.8581,681.3123,614.6138,549.7502,395.8503,280.7555,431.2256,679.6826,525.6156,473.8730,900.9466,381.1534,535.3749,710.5671
44.3333,813.2370,681.0229,789.4177,773.1114,231.4661,707.2498,456.5448,678.1226,614.4710,556.4242,390.2868,298.3517,444.0778,708.4748,525.3718,458.4326,918.1916,390.1580,535.1551,715.0879
44.3667,798.8839,662.7958,826.1391,752.3217,232.9697,706.8226,441.9508,695.9711,619.9337,554.0380,386.0018,297.5017,449.4440,697.0594,519.6132,454.7589,858.4663,374.7532,522.0511,696.5975
44.4000,807.4427,653.3498,804.2002,757.8132,222.3359,694.0541,458.9444,698.7855,632.2391,517.1484,400.4407,282.7685,450.5903,679.7134,533.1802,472.8984,888.6937,374.4889,523.1772,719.7368
44.4333,794.0340,661.8220,795.4350,758.0324,223.8909,703.2696,469.3766,683.5306,621.5537,539.3392,382.7398,291.6615,453.2274,685.7484,522.6081,446.9684,876.5364,373.8315,532.5452,709.8247
44.4667,792.4185,685.6389,781.3265,790.0195,234.1841,739.2535,442.8134,695.5528,605.1817,540.1636,384.1971,297.0704,426.4062,669.6593,532.5083,484.5476,864.0238,376.5839,522.6903,723.1242
44.5000,791.8889,661.9468,784.9309,769.7666,237.3477,726.0460,459.9847,681.2039,641.9591,530.8290,392.4276,300.7861,459.4905,656.3458,531.9109,468.8991,852.9901,372.8159,514.5580,718.9006
44.5333,785.7526,661.9837,802.5842,775.7697,235.5804,724.4982,461.6246,695.7392,633.0950,528.7808,384.3251,300.5594,465.0071,653.3801,517.1274,468.8294,823.0552,374.7860,520.2859,696.0245
44.5667,767.9805,668.1844,809.4969,771.7346,235.7128,696.6746,462.6838,689.8768,650.3525,521.9325,384.7572,292.6625,436.3773,634.9883,513.7152,457.1330,852.6313,366.7542,517.4172,730.3675
44.6000,791.2287,671.1356,809.2642,766.2558,239.4393,703.1702,456.7570,685.5202,635.8418,532.4614,388.5584,284.3392,434.2083,648.8433,523.7402,449.8337,797.5438,362.3798,542.1262,714.4693
44.6333,812.7179,640.6990,811.6002,769.3969,237.2032,693.8279,463.7080,694.3209,644.9101,537.8450,394.7653,297.5888,450.0464,637.6287,515.8891,467.0703,810.3753,372.0882,507.9846,713.3557
44.6667,810.4676,661.8828,802.1954,789.1607,238.8538,687.8794,453.5985,672.1463,625.1502,517.5200,396.2322,286.5415,452.6482,635.4223,527.1056,456.5149,794.9055,365.0333,523.5494,726.0379
44.7000,804.4655,671.8634,792.5346,763.8208,238.0075,905.5258,471.7920,702.0439,627.6294,500.6945,385.7360,291.5183,446.1884,633.7023,516.5832,463.0532,814.8941,374.6853,523.1039,727.8689
44.7333,830.1982,657.7975,785.0701,770.9623,235.8923,992.9972,456.4731,680.6667,622.3389,521.6721,385.0469,299.4817,425.3601,632.8534,524.9435,458.0988,818.1551,358.2885,502.6902,712.1474
44.7667,786.8339,665.6229,788.7648,765.1560,244.9235,988.5620,454.1013,673.2023,628.6740,514.0253,398.2369,282.5101,434.0336,621.3006,528.1582,461.6737,795.4012,375.2814,523.6265,718.3354
44.8000,773.5749,695.4533,796.5645,751.8478,242.2338,1018.4636,467.0990,676.3145,642.5941,512.7577,379.0771,289.8448,426.4566,604.7344,514.1829,452.1586,813.3080,370.5444,521.1532,715.1469
44.8333,787.3247,673.6882,815.4354,785.3107,239.4653,1007.2043,448.9953,700.2779,626.0057,535.8378,402.7473,294.8187,439.8021,630.5993,532.7574,453.8323,778.2812,373.7860,519.6729,718.0410
44.8667,778.4448,666.3052,794.2720,753.9670,232.3559,1017.8664,447.0848,687.9170,632.0812,512.7668,401.0211,298.4389,444.3590,623.2966,543.9286,458.1580,787.6398,385.5907,510.6980,725.0730
44.9000,797.1960,687.5895,814.1988,758.7997,236.0765,967.5490,463.4501,674.3048,615.9500,503.1067,387.3999,292.3971,435.2841,606.5002,517.0829,451.7538,768.8376,359.2278,528.8740,709.5571
44.9333,795.5275,650.7166,806.9984,742.5910,243.1201,973.3431,462.5607,662.2489,605.4955,507.3779,390.6534,296.1982,430.9071,612.0402,529.5925,439.9220,819.8929,370.6145,522.8318,736.6479
44.9667,805.9722,688.9027,827.3034,734.2074,242.5177,956.6641,450.3296,689.6893,631.2955,498.7318,393.8559,287.6900,445.5642,630.7293,549.2401,459.8165,795.6432,379.2351,535.3085,729.9648
45.0000,776.3086,681.0113,781.0891,737.3803,238.9206,966.4291,452.6571,702.9294,650.4934,501.2158,393.0621,295.7233,437.3395,619.5912,515.1454,441.1187,785.9881,368.2546,522.7939,721.7470
45.0333,795.0784,671.1387,818.9674,755.1019,240.5524,930.4259,472.3269,671.2213,615.2931,520.8707,389.8797,301.5394,439.6517,628.6708,530.1477,452.8402,750.7026,382.3404,514.6758,711.4146
45.0667,763.7042,675.8960,801.0996,775.2434,231.9685,921.1495,473.6249,681.2841,628.2021,510.2957,386.1768,296.8966,441.5437,609.8527,522.8451,451.2574,776.9594,387.2327,518.2272,718.6010
45.1000,789.9304,688.1093,794.3190,766.3701,239.9963,915.3501,451.0626,684.3915,630.5381,520.3749,397.7637,294.8861,434.8657,640.7948,526.4782,457.3508,781.1322,384.7486,519.3378,716.1415
45.1333,794.3651,667.6899,794.7857,749.8251,239.9351,1201.0501,473.3532,702.1005,611.0349,508.8874,376.1361,295.5530,451.2682,607.7117,525.7052,456.1396,770.3084,389.8553,516.9962,738.1552
45.1667,799.0144,960.3171,830.5679,786.5584,238.0810,1337.5308,462.4006,672.6534,626.6427,482.0698,397.6441,290.5045,439.2754,610.0610,515.5637,439.6509,760.9813,368.6003,520.0063,704.3996
45.2000,807.3468,1083.0507,803.4576,757.6745,237.4497,1348.7529,691.1115,1160.7767,638.6925,495.6837,396.4930,306.1070,450.3272,600.7818,515.8758,459.9730,766.6659,382.3543,508.2829,724.5846
45.2333,1379.4305,1158.5342,789.0151,759.6430,233.9347,1368.7208,797.3798,1376.7159,628.4609,502.2669,390.8605,283.1181,436.9136,613.5344,517.8582,450.6158,756.8713,362.5151,516.8200,718.0215
45.2667,1837.1169,1156.5103,802.5437,1130.0356,225.0211,1333.5915,823.7968,1458.5117,649.0365,504.2661,383.6678,293.0388,443.9617,575.0027,528.9661,468.5068,743.1690,384.6339,529.1312,694.1599
45.3000,2019.4051,1152.5708,1328.4896,1304.2561,234.6995,1305.7597,841.3879,1456.3859,608.9439,503.6563,405.0800,296.1785,442.2699,600.2879,524.8158,446.4881,778.1588,376.0201,526.3894,710.5272
45.3333,2068.4609,1121.3885,1570.6820,1380.6407,233.3516,1303.6347,832.0945,1418.9410,634.3836,496.2318,394.1910,295.0520,443.6105,606.0002,527.2145,432.1819,743.6404,377.6116,511.4514,711.5594
45.3667,2047.5690,1097.8554,1659.4373,1383.4202,246.0779,1259.3731,810.1292,1422.3083,636.0822,495.3850,381.9569,287.3808,443.1490,604.4467,513.3256,455.5843,759.0793,382.6226,534.7068,718.4855
45.4000,2012.2150,1101.7422,1680.2535,1365.9082,243.6420,1240.7570,800.0187,1392.7728,643.2151,510.4458,390.0267,282.7154,427.3414,612.9310,512.4659,426.6466,751.3706,374.9418,522.2912,720.1851
45.4333,1973.0861,1048.5082,1656.0579,1353.9527,244.1245,1208.1883,779.0540,1372.6277,625.6949,462.2857,396.2254,294.8958,430.2601,596.3287,520.1427,460.9797,767.6421,369.7203,516.1298,717.2516
45.4667,1903.6274,1029.5879,1619.9383,1344.1043,238.3593,1169.2193,766.7473,1314.8190,629.9836,491.5605,388.1418,289.8711,440.5820,601.1067,543.7007,455.2940,779.1457,371.3389,513.2507,709.2874
45.5000,1845.1856,1020.8760,1563.9340,1290.1221,236.4911,1170.4449,724.4286,1296.9049,639.0634,501.2664,388.8708,289.2409,436.1746,606.1323,523.9079,460.3602,781.6802,378.4518,522.4962,723.4162
45.5333,1780.0401,1001.7427,1557.8771,1257.6271,236.6369,1123.7732,731.1126,1225.0771,650.9229,488.5819,402.5700,296.8933,424.6207,604.4037,531.5534,455.3196,760.4956,383.6425,524.0864,731.2230
45.5667,1741.0968,975.0289,1479.4912,1222.7615,232.4903,1106.6616,704.1014,1218.5364,616.0448,482.7524,394.5554,292.9850,433.5729,575.6521,531.8480,450.6144,737.8021,377.0484,529.4991,716.4830
45.6000,1696.7057,971.0465,1456.7742,1180.0229,235.1531,1081.0830,704.8926,1191.9889,622.9441,483.3466,385.4287,284.7895,458.7962,589.4025,539.0389,434.0379,734.0110,375.9719,517.4456,710.0452
45.6333,1657.6811,934.3366,1425.1057,1193.6461,240.0342,1064.7192,679.3251,1191.9653,629.6198,494.0784,389.9737,285.4384,425.8532,590.1151,516.7175,452.5451,734.0446,376.4415,532.1924,704.9741
45.6667,1599.9068,951.4155,1371.7093,1164.0474,237.3489,1060.4308,666.6526,1140.0579,651.5722,474.4083,401.2784,287.2275,439.2215,599.8099,536.5045,442.3600,746.8356,381.4376,507.4445,700.1624
45.7000,1557.5383,921.4422,1358.6545,1131.8851,239.9586,1031.4739,678.1430,1104.1141,643.4104,486.5255,392.2466,292.4512,434.7898,604.2039,515.4828,448.5449,700.8390,360.7332,528.0823,712.6001
45.7333,1500.0221,906.9482,1317.6194,1128.8889,241.7516,1053.8357,652.7373,1085.3348,631.6696,502.0266,402.4292,298.7721,439.7026,591.1795,530.1041,445.4918,712.1692,378.0402,525.0059,709.1205
45.7667,1478.6893,890.3179,1314.4130,1094.2270,241.4974,983.5880,628.9995,1064.9178,631.5826,501.9077,390.2347,289.6715,438.4745,589.3487,532.3111,460.1757,727.6208,376.4656,542.6965,708.1362
45.8000,1456.0456,896.9515,1261.3454,1073.4215,241.8177,968.2658,649.9171,1050.0587,637.4199,509.7582,397.7893,299.7830,440.6777,610.2600,521.9710,455.5982,734.1289,370.7060,510.6148,710.6923
45.8333,1392.1005,866.7490,1247.8670,1066.3666,230.9112,971.1646,622.9280,1016.6920,611.1816,503.1915,372.3791,296.3927,443.3960,582.4437,521.6306,447.2814,740.2978,372.2209,530.0839,703.6365
45.8667,1388.6043,852.2222,1207.9615,1057.4127,245.6103,933.7262,643.1264,1026.5433,635.2152,484.4712,397.9734,286.8887,448.1401,594.3058,520.1351,435.4452,736.0707,355.7348,522.1900,706.4670
45.9000,1333.6824,832.0302,1170.3232,1029.9044,242.8419,917.3214,604.1490,1001.3734,612.3995,485.7768,384.3205,294.3095,435.2445,594.8866,527.9456,431.2418,755.3935,378.3575,531.1087,755.0288
45.9333,1289.6743,830.6784,1199.4629,1004.0742,235.1082,930.7098,582.6629,1001.8216,633.9194,511.3619,391.5873,289.4809,444.9902,578.5911,524.7664,446.8310,732.4238,384.5833,515.7803,725.7834
45.9667,1287.2229,831.0521,1151.5639,1023.2073,245.0507,911.3472,575.6191,929.8482,624.9027,490.9307,398.6583,291.1384,437.9992,624.3616,520.4363,438.5704,717.4937,374.4132,509.5919,721.9144
46.0000,1240.2225,835.0497,1151.9553,1015.8495,242.2721,908.6812,582.2961,918.7845,623.3524,512.5877,397.4477,291.9981,433.1665,578.8294,525.6372,448.8104,742.0167,370.6380,537.8868,701.1501
46.0333,1237.9370,801.2354,1105.2052,960.1583,231.9087,893.4817,559.7086,918.2066,610.0882,475.5929,404.9285,296.8435,432.3382,595.3878,523.9736,455.7829,726.2587,374.6067,519.0039,719.8227
46.0667,1185.7035,800.8691,1095.7712,965.8211,226.4401,862.4252,557.4547,929.9863,631.8199,506.5169,383.3271,299.2077,440.6208,597.3214,514.3763,445.2514,741.6543,368.1124,524.3383,726.9811
46.1000,1181.9151,794.9922,1103.3749,953.9095,241.1722,861.1662,565.9884,895.8424,633.3432,490.6204,392.1403,289.9904,431.7334,587.7997,529.8760,456.0951,719.0885,367.4681,520.1117,708.5430
46.1333,1174.3253,792.2880,1057.1853,945.0593,235.3931,866.5170,549.3978,893.6014,626.1697,478.9735,402.2348,290.3161,446.1361,571.0216,514.9123,451.7916,735.8553,377.5047,510.9402,718.3986
46.1667,1128.1370,769.1642,1087.6812,960.3248,234.7571,886.3557,552.0644,859.8209,632.4109,505.7514,387.6128,286.9603,433.4765,590.6752,539.5884,453.0272,719.4531,374.5727,527.6452,721.9154
46.2000,1114.7080,788.2326,1059.8144,940.6735,236.7933,859.9501,532.6617,849.7188,608.2189,484.6158,379.2322,289.1042,427.2425,604.7563,532.0473,451.6402,725.5364,368.3613,526.8033,729.5247
46.2333,1119.1306,750.6963,1022.7824,901.6403,234.5171,826.4156,548.0272,877.6638,647.2465,641.4491,394.8486,288.5911,427.2774,572.6762,540.8853,457.5535,716.8687,377.5883,529.4410,703.3453
46.2667,1064.2069,733.2539,1050.0600,916.2587,228.7746,842.6740,524.8073,844.1767,625.2770,686.9293,398.8327,279.7392,437.7254,579.4462,537.2945,425.3192,709.9597,385.6379,521.2453,719.5926
46.3000,1061.4614,761.6845,1003.3723,907.5586,231.8832,811.6637,549.7456,848.2635,620.0895,713.7382,392.7805,291.8341,431.9284,579.3834,525.1194,457.8078,723.9126,396.2410,512.6199,739.5340
46.3333,1066.2467,758.8415,976.9734,890.7386,301.0943,819.2102,524.3019,811.3789,599.7744,699.1724,381.4215,287.1653,447.8398,564.4281,536.7389,468.9414,721.6206,389.4415,524.9788,707.6898
46.3667,1042.4454,756.8025,1000.5659,893.6888,322.6131,831.0977,535.7178,817.6111,635.2366,700.0626,374.6851,301.4256,432.0572,591.5990,542.9154,446.2892,692.1073,372.3347,547.0882,703.2367
46.4000,1045.4388,742.8499,988.9794,860.2077,340.4645,812.3230,514.8738,826.6173,635.0593,703.4442,388.0721,294.7119,444.7299,584.4995,527.3173,445.9803,753.0717,364.8939,534.6946,700.6561
46.4333,1023.0829,716.0030,997.3472,850.5049,343.3909,798.9930,517.0158,817.9722,629.0422,679.6369,400.7371,290.7065,438.5591,586.9043,530.6473,443.9624,729.1521,372.8761,521.7462,727.6851
46.4667,1025.4875,752.5051,963.5372,875.8506,341.5244,811.7342,519.5132,792.3723,613.3434,671.2257,391.1240,295.4823,454.3121,575.6223,509.1219,437.4319,738.1944,375.8341,545.9661,729.3107
46.5000,986.7783,720.0711,946.8677,846.6849,335.9088,796.7901,506.2039,820.0989,639.5367,666.0469,402.4635,286.0974,419.3249,580.8063,525.2838,432.5509,698.6288,373.5703,517.9496,682.3666
46.5333,991.4014,726.4787,916.1430,807.2160,336.8037,770.3839,510.0103,791.0898,630.3865,656.9550,406.9848,301.0152,424.9850,575.6327,543.7003,460.6456,726.7528,369.4082,515.9370,703.2718
46.5667,972.6348,720.7088,937.5144,834.7476,336.1105,774.2756,499.9067,768.6612,619.4545,651.4865,407.6228,299.8637,451.3177,592.1421,543.6976,451.7011,740.6862,370.1328,526.0153,715.1139
46.6000,958.0169,720.1868,932.2072,839.4612,319.6958,790.1823,481.2030,788.0961,644.8635,651.5239,391.3555,279.0097,444.8954,592.2064,529.1145,439.0314,734.7680,373.6637,537.2992,708.5690
46.6333,962.7866,721.0763,933.6253,841.0487,324.8690,765.2277,500.9333,761.3414,601.3880,628.6752,387.0260,292.1613,445.6330,593.2362,525.2352,449.5879,721.5028,371.1524,517.5220,706.2242
46.6667,924.7361,714.9179,916.6801,845.3881,313.9157,784.9829,484.4259,761.5765,610.9801,638.4635,381.8367,292.7645,439.1569,572.5663,510.1784,441.5193,712.0840,376.7711,522.4656,705.0888
46.7000,907.3575,695.2681,909.4578,830.1534,309.0542,790.3633,500.1459,933.7910,618.8115,624.1279,386.6117,302.7490,441.5024,578.3713,537.7860,453.0346,733.3597,362.1241,525.7458,707.5774
46.7333,954.8329,717.3945,916.6667,844.0881,316.2651,760.0153,500.1029,1039.2102,643.7553,615.7209,407.1007,286.7657,442.5823,570.6364,499.6788,448.0154,708.9894,384.0030,519.6498,680.8280
46.7667,917.0956,697.5724,896.5341,823.0070,298.6745,776.0918,481.1301,1034.9630,639.2589,608.6158,399.4323,292.7640,452.2610,573.0666,527.7868,451.6831,744.4638,374.3937,520.9412,721.4369
46.8000,906.6850,711.3432,885.0164,820.5962,299.6930,759.8892,474.0003,1055.4685,639.4331,596.3275,396.5106,278.3557,449.9742,577.3874,520.2496,439.9998,741.1430,379.4569,538.5945,700.9707
46.8333,917.3972,695.5508,851.4336,799.8327,293.7117,760.6904,475.9704,1045.9711,651.6740,601.9928,398.2827,288.8033,426.2518,591.9780,502.0780,447.1813,712.3337,383.7196,519.8712,687.7732
46.8667,895.3505,710.5833,862.2256,808.2946,302.3643,727.8224,472.7058,1007.2369,620.3580,579.7944,395.0133,284.4924,430.5012,581.9997,533.0727,436.5901,705.0956,375.6608,521.2597,720.0220
46.9000,880.2289,695.3965,884.6877,801.2912,298.8731,736.4834,496.0253,997.9287,609.6772,597.0937,381.7934,294.0291,439.6734,592.0624,512.5032,449.1378,738.1434,363.8220,537.3678,733.7496
46.9333,889.5168,695.2562,855.9127,796.8610,292.1077,751.9360,495.2485,987.1285,628.4620,572.3002,394.9665,293.8306,431.7807,580.2990,533.1392,445.6597,712.1371,384.0105,521.1414,704.1469
46.9667,895.4049,675.9456,877.9515,803.2309,354.8274,771.9638,485.0634,957.0884,639.1834,573.1133,403.4009,295.8793,420.5351,585.1557,531.1483,441.7230,708.4651,377.3417,521.5533,699.4796
47.0000,861.6776,679.6832,846.1284,819.0947,370.6022,732.2643,489.6003,963.2338,604.8827,555.2204,416.8235,298.1065,438.2180,579.4079,540.4596,456.6334,733.8550,373.9744,504.6317,716.9457
47.0333,866.0964,682.9258,877.0033,776.9292,387.0414,758.0557,469.8725,944.8894,602.6223,705.8682,382.0231,291.8116,426.7100,591.6735,527.8565,453.8803,721.5629,362.5719,520.4135,717.3287
47.0667,874.6806,678.5276,866.9147,778.2423,382.9640,752.3973,475.6789,942.5435,624.4619,767.5711,394.3651,287.6017,436.9330,588.6259,548.1808,461.3134,721.7557,368.2181,519.1504,697.8428
47.1000,897.1898,697.7769,845.2213,799.2543,385.4533,733.0018,471.9272,897.9307,640.3811,763.6607,404.7076,287.6692,442.1733,590.9278,537.1016,448.5376,702.8070,379.5824,533.9887,695.0776
47.1333,828.6221,686.2862,870.6225,778.7893,369.6420,735.4467,482.5603,909.6329,610.0427,794.6251,406.0579,297.3506,428.1043,575.0007,535.3094,453.2857,708.7167,377.4350,535.4054,687.1468
47.1667,841.3310,678.4866,876.5739,800.2824,373.2676,745.4041,471.4440,888.5686,630.9093,773.2746,382.6983,298.4390,440.0446,574.5005,521.6189,437.1265,746.9883,388.6461,520.1931,722.3807
47.2000,892.1032,690.8230,863.8716,788.5572,364.6569,746.0350,458.4224,873.2744,635.2479,767.4146,381.9473,284.5003,456.8488,591.1523,540.4004,447.5971,717.2026,384.9796,515.1369,712.3096
47.2333,856.5349,711.0299,849.3012,815.5986,351.5205,755.9589,483.6306,871.5929,614.0392,740.8498,390.1103,293.2154,438.6946,580.2583,525.3256,448.0794,723.6739,380.8627,507.1271,722.9332
47.2667,867.3302,696.4483,810.4553,780.6947,351.5492,696.2727,459.7549,852.2694,630.3958,741.8889,419.3998,291.1030,462.7883,584.8451,513.3241,447.6561,719.2663,373.4943,517.9652,700.1105
47.3000,867.4162,672.2810,828.3584,769.8312,342.2507,712.5876,451.5483,827.0935,601.4769,713.2247,390.0527,291.6984,438.4239,588.4968,529.9052,462.4887,706.7042,378.9855,528.3946,681.0617
47.3333,842.0722,686.7131,835.8053,806.1070,347.0249,702.4126,474.0099,859.6931,652.3413,725.6280,401.6696,293.5930,422.3571,578.6661,523.7111,436.1455,741.8369,373.2062,504.8436,718.1182
47.3667,828.7773,667.6918,845.9370,783.9995,330.9218,758.8295,470.6920,821.2099,642.2327,690.2163,388.4575,286.3503,433.6176,576.7473,521.4417,465.2894,743.5121,379.6645,519.0049,725.4528
47.4000,830.8268,684.1560,834.3740,776.4535,326.7878,722.8713,451.2422,834.6380,620.3392,681.8936,400.3430,292.8225,434.5913,567.1076,535.9312,437.6328,723.9670,370.5964,526.3108,744.6974
47.4333,860.1128,682.0928,823.5262,785.1435,323.3650,720.4318,474.8098,831.2160,619.3289,679.9320,388.5157,296.1878,432.7021,560.8319,528.8171,451.4363,693.5936,371.6791,539.4612,736.5510
47.4667,839.3283,676.5485,859.8638,776.5495,314.0181,738.2535,454.2366,791.9666,644.7576,671.8307,404.9407,290.5361,437.9679,585.9978,522.7649,454.6529,753.0938,379.3684,526.1320,712.6861
47.5000,841.1887,670.8076,827.0274,779.4352,319.6470,708.7098,461.3670,783.8704,633.2885,664.7475,401.3687,288.8018,445.7440,559.5326,533.3652,447.3654,714.8978,382.5790,528.4089,692.7955
47.5333,822.5340,666.4930,820.9131,791.2482,307.6871,705.2196,467.9136,772.9661,637.7665,639.7470,387.1663,291.1725,443.9035,581.2058,512.6279,447.6773,743.4982,370.2933,517.7876,707.1667
47.5667,791.6953,652.9844,820.2812,791.0446,308.4004,721.7970,461.5362,794.3990,620.9387,641.0677,387.2490,283.4085,461.6662,579.6195,563.7192,453.6406,711.8507,361.6480,517.4563,720.8312
47.6000,814.8117,675.8941,809.3007,784.1757,302.5144,728.5033,450.3014,753.3773,643.9698,642.9003,387.3042,287.8023,425.7259,579.9116,547.1795,450.8096,739.0967,367.4026,528.9749,719.2566
47.6333,831.0068,648.2261,847.1129,745.4856,298.4581,721.1631,463.5503,765.2972,608.7146,631.0720,391.5302,290.5533,439.0583,573.4377,528.8711,450.0063,701.1572,383.9148,523.6496,732.5653
47.6667,826.2377,670.2023,821.8336,753.1298,301.8916,715.8000,458.0204,761.3687,644.5633,628.0683,392.9103,287.0314,435.6255,572.4547,525.7681,450.0297,727.5512,376.7965,540.0098,709.5766
47.7000,795.7165,671.1691,797.6530,774.7836,291.7635,712.4479,464.0423,776.1024,630.5720,610.4571,386.4758,281.9362,441.9368,596.2603,552.6236,441.9302,711.7740,373.9459,517.9385,742.1801
47.7333,820.2151,688.0165,798.1547,767.4295,289.8997,727.1822,458.8960,796.7977,638.1699,593.6168,399.1176,289.8655,437.4669,585.4357,528.9940,441.9471,724.6673,366.0344,532.0074,706.0015
47.7667,833.7799,657.4658,814.5597,767.1731,282.2409,905.4400,454.1634,770.7650,631.1382,607.9586,396.0680,283.9937,422.9446,581.2520,547.0978,447.1352,705.6477,388.6538,534.9914,707.0118
47.8000,803.1262,676.9785,818.3267,761.9425,282.9441,982.1630,456.5455,757.1216,631.7597,591.9120,389.2089,284.3891,434.0798,566.3159,537.1269,453.1137,708.9394,378.3846,539.5584,702.7035
47.8333,823.1334,675.0892,793.5575,756.3150,283.2395,1034.0930,451.6693,750.6768,613.9104,593.9550,397.5408,288.7138,422.1044,571.2093,517.5073,442.4355,723.6417,370.6688,520.3236,709.8266
47.8667,797.6181,651.7549,798.5350,775.3441,276.5383,1048.2934,454.7610,744.4780,623.6385,591.2855,391.3144,295.4458,451.3489,585.2276,546.8698,443.9401,707.0152,365.3905,529.2397,679.8798
47.9000,809.0116,651.0536,820.9864,780.8585,276.3604,1040.4139,462.1520,721.3857,636.7444,574.9017,396.9967,295.3112,440.7207,581.4460,541.2053,457.9953,723.2090,387.0701,524.8532,721.6908
47.9333,829.0862,662.1194,790.5523,751.4881,268.9104,1010.4775,465.9774,758.5882,610.7379,584.7352,399.9168,292.8455,431.5128,584.7508,500.8839,439.0829,734.1150,376.8454,532.1993,714.9094
47.9667,829.1142,675.9805,811.0247,779.6029,269.9758,989.8485,443.3177,723.7844,639.0415,580.1439,393.4905,284.8155,436.2732,587.6463,523.4338,456.9720,695.1331,365.5003,530.2800,710.1903
48.0000,811.2655,628.9471,813.7149,777.8525,268.0248,973.8003,450.1239,722.5977,608.0323,559.3745,395.1354,286.3837,439.6979,569.7187,547.6734,442.1368,729.7948,380.8962,529.8793,696.4364
48.0333,838.6931,627.8956,828.0912,798.8818,262.9075,970.1963,450.0254,737.8364,637.1947,571.9839,398.6956,298.9994,433.8494,601.2579,544.1221,454.4650,707.6758,386.9732,534.0809,721.3701
48.0667,836.0476,666.8398,818.5761,753.6254,266.3660,970.2088,458.9243,735.9110,626.4498,570.2998,387.3668,304.9760,423.6224,578.1798,526.4488,439.8149,705.8845,379.4608,541.4514,701.4213
48.1000,824.1516,670.6321,825.1898,766.1011,266.7878,924.7792,446.1535,717.2719,642.8283,552.3052,393.0982,295.8313,442.0053,745.6608,534.2775,426.3255,717.1749,364.7696,537.8155,732.0834
48.1333,801.0649,664.0862,1022.5450,753.0331,277.5921,968.5126,454.5299,743.4595,612.8092,556.0225,381.2731,289.1878,435.9517,807.1031,534.0118,463.9482,722.6465,372.9373,526.4351,722.0065
48.1667,811.6710,683.1540,1115.0502,772.0106,266.5491,923.5761,459.1970,740.5905,627.6157,538.7165,391.4692,290.8074,430.2182,842.8773,528.2967,435.7204,712.3118,374.0208,537.6066,710.8501
48.2000,794.7565,650.4014,1164.0200,741.0631,256.9822,916.0764,454.7980,710.1236,623.4603,558.4122,373.5138,281.3250,446.1101,862.6518,519.6351,444.7799,727.4558,373.6225,524.1386,705.3629
48.2333,802.4873,656.3043,1161.2881,748.7168,254.6010,894.0870,447.0493,719.9878,606.6673,539.2881,386.4776,278.1824,438.2570,844.6026,523.3315,446.1203,752.3735,382.6160,532.6411,717.9196
48.2667,787.5072,644.0747,1167.1024,771.6114,257.1876,887.6595,460.2843,696.9137,593.2620,540.5168,396.7548,288.7851,441.2965,831.6941,514.3383,449.1914,736.4548,379.1101,536.0404,700.2754
48.3000,799.1717,662.3671,1145.9828,747.9587,264.8268,870.4942,455.8837,692.4800,632.2278,524.9716,391.7827,287.4438,447.5985,804.8575,539.5497,451.7400,735.5962,368.0871,518.0847,706.2271
48.3333,779.9357,662.2491,1093.7616,761.4373,252.6582,840.5869,451.9067,681.7700,616.4343,536.0329,389.2228,289.3283,436.5954,804.0285,526.0865,457.3520,726.8354,386.8595,514.6047,713.4705
48.3667,803.9992,869.7862,1097.3560,787.8206,257.5770,875.6909,451.2847,698.4469,612.8598,521.3803,384.2373,291.4237,437.3763,792.2981,526.5610,447.1493,707.3673,386.5264,540.7505,717.0281
48.4000,809.0860,925.2093,1106.5138,753.2049,250.6382,867.7085,437.3875,671.1388,631.6792,521.0356,398.4849,297.6361,435.2454,768.7360,521.3452,442.7717,741.3029,383.6735,526.5995,711.3484
48.4333,791.0743,973.4511,1053.4887,761.9447,258.0434,820.8323,449.5462,694.9589,656.3663,545.9624,397.9753,294.6463,442.7524,778.2676,508.8199,444.7419,725.0269,377.8456,528.6221,721.4029
48.4667,759.8176,936.4014,1066.8610,762.7974,241.1923,836.7394,437.0949,697.2922,651.6454,525.9595,392.9432,291.7832,429.7825,754.5309,518.9862,437.5176,742.3507,383.6593,507.8260,712.9747
48.5000,808.2194,947.1033,1049.0397,740.9676,250.8800,848.4554,454.4311,700.3740,639.1957,536.7780,385.1814,292.9116,436.0601,745.7275,534.6378,454.1888,736.3789,387.7500,533.1853,690.6929
48.5333,798.4849,956.7481,1041.6269,743.8823,254.3378,822.7899,454.7170,688.3913,603.5984,510.2604,400.6498,294.2942,444.4965,732.0547,524.1622,452.2632,732.1552,378.4966,514.0356,719.8113
48.5667,756.6453,932.8260,1026.7219,761.3657,253.9656,806.3779,452.6886,710.8569,618.5393,529.0699,383.8449,281.7859,448.1588,730.6763,546.9724,455.6337,750.6960,370.1868,515.4868,719.8996
48.6000,789.0169,893.5179,1034.1059,782.4403,320.1270,809.9221,455.2929,713.6492,614.5672,507.7953,396.3445,284.9891,440.1372,737.7329,533.1931,435.9675,703.4672,386.6966,536.5796,708.5186
48.6333,791.3975,901.6773,996.1306,780.9890,348.0474,820.5708,448.3782,690.5042,605.0272,519.2765,379.0046,291.6168,436.9013,733.9178,555.0461,446.0266,734.4814,367.7859,528.3053,727.4912
48.6667,832.4831,894.3868,970.2922,769.1365,353.1769,790.9667,449.8434,672.9397,609.6598,542.0825,388.6283,306.4167,439.5630,706.3414,542.5925,442.1966,735.0607,377.9090,514.5885,705.3121
48.7000,790.4469,843.4265,1001.0113,758.2592,354.0071,775.7372,450.2847,708.0983,640.0785,511.9238,387.4329,287.6180,433.7796,714.6971,538.6110,416.3574,743.6472,389.9092,534.4449,706.7871
48.7333,792.2604,873.3402,974.4241,757.1986,355.3424,808.3584,458.0214,713.4566,650.5857,525.0871,399.6592,291.8634,443.2937,701.6220,547.3502,449.3646,731.6126,381.3760,525.4966,674.4998
48.7667,790.4811,850.8106,1197.5575,749.0476,348.8642,779.0719,453.0739,709.6083,638.9706,528.7827,391.2703,294.8173,439.2097,686.1478,514.9463,443.6331,708.7181,389.3463,515.5614,721.9529
48.8000,783.5266,857.2230,1293.2739,761.5767,342.2370,812.4888,461.4593,694.5907,622.0354,499.5011,399.4547,289.9973,425.4607,693.1553,531.7374,471.2463,711.3474,378.4222,537.6335,725.6918
48.8333,807.1935,831.9339,1297.8961,761.9646,331.5142,778.1452,440.9686,698.7745,636.2493,521.1889,385.4524,288.6692,433.7831,668.2528,518.8297,446.0518,740.5952,381.6138,518.3939,700.6110
48.8667,786.6171,836.1588,1287.3350,760.6803,333.5768,762.7236,449.7871,693.0326,621.0307,518.3029,394.5054,296.4861,421.1324,667.5427,521.5076,430.8022,698.4411,379.3030,520.6317,721.3044
48.9000,784.8336,802.9695,1290.6974,759.4950,330.0560,748.2248,453.2594,677.7808,632.2218,505.9020,400.1995,294.8694,431.0476,676.9706,521.9934,463.0180,729.6468,373.7289,517.4403,702.0137
48.9333,779.2310,778.5145,1271.2251,756.5729,317.3982,765.6302,447.9433,700.0370,620.5158,520.2045,400.2469,281.5488,443.6830,643.2746,515.8611,444.5733,709.6831,365.7553,525.7357,686.5854
48.9667,794.1140,806.8019,1210.7121,745.2714,317.6291,774.2167,429.0586,698.5458,617.4272,508.7106,393.6311,284.8343,437.3591,672.8942,527.4526,446.3418,721.5732,376.4429,528.5300,709.9567
49.0000,803.7119,800.2274,1222.1779,766.6136,319.4689,774.3345,465.1262,716.8329,622.7216,510.2517,401.9428,286.0273,433.6126,635.1879,523.5043,444.2504,720.3060,371.9010,514.4642,714.8219
49.0333,774.1800,766.1596,1191.9241,784.6111,299.2871,748.3291,436.7874,675.2928,621.9698,520.2062,390.6031,284.1107,427.0376,648.7829,535.0772,460.3914,712.1097,369.9126,538.3519,710.2389
49.0667,794.1856,800.7983,1173.7954,770.7498,296.6893,769.7682,438.0788,664.0471,627.9799,500.4451,383.8427,290.9582,450.2858,643.3099,524.3637,448.3959,720.1027,381.2822,511.6915,716.7324
49.1000,803.6488,748.2514,1148.4193,773.9697,294.1553,751.7237,460.6645,696.3448,628.6556,505.8619,411.0828,285.2882,444.7962,632.4415,515.5641,445.9982,729.0886,378.4165,524.3881,689.1005
49.1333,794.4794,775.0132,1148.2689,743.4408,296.8318,730.8988,441.1081,653.2306,604.9130,491.7258,401.1371,289.3583,430.7927,659.7959,523.2110,445.5984,724.7085,385.1781,530.4075,698.6390
49.1667,797.1997,774.9187,1108.8448,765.7653,293.3737,744.0373,444.3034,674.3759,638.8385,495.5972,384.0818,292.0015,434.8629,646.6020,526.6657,451.9981,741.5693,386.2509,524.8963,688.7199
49.2000,787.1835,764.3720,1106.9077,764.9702,288.2225,750.0349,565.4623,696.4782,633.4366,500.7288,412.4134,296.4840,431.5973,645.4209,543.7367,443.0486,713.4150,383.0600,523.7939,692.2658
49.2333,802.7064,750.2925,1094.7211,748.1119,287.1010,750.2019,639.0355,702.2465,624.6410,509.2502,400.0362,283.5443,443.7172,631.2960,541.1093,448.1928,732.5784,371.9126,505.1002,685.5853
49.2667,815.3419,755.7994,1086.8063,751.8437,291.8355,716.1765,672.7082,688.9129,604.3672,508.6109,399.2255,284.0537,429.0048,655.7817,519.4181,454.8002,722.3860,373.6189,520.0992,688.0749
49.3000,784.3959,733.2344,1065.4481,761.0410,283.1176,756.8018,649.6120,684.8937,630.2202,503.9419,401.2448,292.5581,441.0393,635.6007,521.4713,446.2596,742.9424,378.0598,530.2015,728.4552
49.3333,780.2893,763.6641,1053.9815,764.6137,288.3484,742.8681,657.7680,692.2182,635.4938,498.7618,409.2481,295.8576,433.5963,611.4635,529.1946,441.3476,754.0701,378.5339,521.7152,702.3905
49.3667,821.8241,747.4920,1013.0473,729.5843,269.6598,774.5155,640.5011,710.6642,624.5187,505.9271,399.5162,279.9196,442.5103,621.8231,509.6942,455.4324,715.8977,371.7143,529.5538,697.3395
49.4000,806.0111,724.9480,1013.1250,760.0604,275.5206,731.5444,621.0097,687.3268,637.3745,490.0360,388.7431,289.0140,444.3538,629.9838,537.9972,433.0378,703.7940,408.6101,518.4066,726.7760
49.4333,794.8293,715.3069,990.8526,752.7457,273.4014,736.5473,634.6343,659.4856,644.0730,488.5272,399.7882,278.7614,431.9342,629.1136,526.6583,464.4537,707.3574,374.4521,520.5789,701.0494
49.4667,803.4300,716.8786,975.3942,783.7300,274.4417,753.9066,621.0590,709.5806,625.2023,486.9688,409.2864,284.8495,445.1659,613.2580,528.9891,456.4667,717.2381,375.6837,527.8850,712.1835
49.5000,785.2234,689.5868,950.0169,747.8680,263.4842,729.6494,608.3059,667.1406,621.8597,496.8789,406.4447,301.3108,440.2038,610.0880,528.7657,454.1523,721.3311,386.3903,512.1770,707.6626
49.5333,802.7827,722.4209,960.7886,783.7984,271.7181,751.2931,600.7962,684.5884,626.2260,494.6277,398.4631,290.3184,429.1935,635.7423,529.6899,438.9246,744.1365,369.0788,502.1904,710.5985
49.5667,797.1638,681.4192,962.2181,748.8322,270.2332,752.3470,599.3909,708.0700,642.0379,501.6387,408.8444,293.0088,449.1714,631.2801,528.2224,446.6428,713.4807,380.5012,531.4478,721.2072
49.6000,787.7728,673.6551,955.9880,753.7518,260.4905,721.2006,573.3184,675.8348,621.1805,506.2861,385.3709,288.0478,449.0115,611.3748,530.0806,447.9268,717.4795,371.1672,512.7003,696.6854
49.6333,797.1827,703.3796,949.1689,752.6986,275.7510,719.6488,575.0822,662.9209,643.1929,486.1367,402.9842,292.4431,441.3983,609.3461,535.1767,458.3907,731.0162,360.8591,521.4906,684.2851
49.6667,804.3246,690.2578,963.6235,772.7377,268.3805,726.8528,573.2656,680.9949,606.9905,494.2187,400.3883,288.4992,440.9479,615.4427,540.2979,448.8415,722.8220,371.8548,533.3081,713.4691
49.7000,784.7050,685.0086,939.6060,770.7662,268.1813,730.2948,577.0372,681.2773,608.2313,504.2487,394.0596,292.1114,437.3908,621.9643,521.5428,430.4577,724.9626,377.6265,523.1425,703.6412
49.7333,808.2369,689.3389,928.1815,770.9109,266.2251,743.4487,560.3565,665.7213,621.1458,505.3722,401.2541,283.4974,425.4958,608.2854,514.5435,458.1991,713.8619,392.0411,539.5247,719.8391
49.7667,799.9016,699.5442,927.5189,772.9016,259.9394,719.0920,560.9161,676.3338,642.2551,506.3478,396.6141,293.6836,411.0707,617.5855,516.4869,438.1731,711.7159,383.0238,519.1466,676.8720
49.8000,773.8006,705.4751,912.7865,740.6516,267.4200,723.9380,549.0546,683.8444,641.4545,482.0668,402.5044,291.1869,445.8572,601.1188,514.3475,447.5825,739.4553,375.3143,510.5993,731.2662
49.8333,789.9475,695.0339,874.3608,751.5366,257.1697,726.2653,532.8363,689.5504,627.1507,505.5150,392.7679,292.1952,435.0640,586.5098,531.5342,451.3068,709.9467,380.9621,547.2022,715.9116
49.8667,789.5967,675.4592,904.1964,782.2386,258.0993,735.7194,536.9351,677.3156,613.8502,501.1644,411.9211,282.8914,433.0328,592.9513,527.8490,463.9648,736.1799,387.7377,512.7951,682.0616
49.9000,804.9139,685.8732,926.9044,745.5864,259.7979,725.0353,527.9171,694.7918,629.8963,483.1896,388.4995,294.4683,440.6981,602.2499,533.5642,464.3488,735.3314,383.0141,509.8382,924.8654
49.9333,803.3860,674.6144,917.9414,758.3131,244.4528,722.1748,526.2287,670.9718,641.3217,500.9173,393.5756,296.5694,451.4379,610.3290,551.8086,448.8419,692.1189,396.0785,517.1290,982.4381
49.9667,816.0340,660.1501,885.6466,745.0047,255.9813,718.7700,526.1809,681.5038,620.1645,495.1198,408.8327,289.0209,438.4924,615.8957,520.9263,446.9533,755.2166,387.4808,529.3747,1000.1110
50.0000,786.8033,686.6235,872.5490,770.7287,247.7133,734.0328,519.6973,682.0104,632.1216,496.6685,401.0384,276.2500,446.5235,617.1257,513.6009,443.6989,721.9857,366.7086,528.6479,1036.6744
50.0333,803.2955,687.2302,883.7962,785.3414,251.8742,740.4416,513.6863,673.7387,632.8837,500.5041,411.6010,284.7444,432.0922,592.6238,537.6777,455.8526,703.7741,369.2730,528.0820,1019.8074
50.0667,821.4029,677.6923,912.9897,719.7549,255.0542,733.1173,509.0319,675.8188,623.8250,509.5552,394.4225,292.5142,446.9270,597.9841,538.6791,449.5960,725.3017,392.4110,514.1376,997.8962
50.1000,794.5741,648.2708,843.2238,731.7630,249.2729,727.3557,504.1585,697.3889,621.4077,486.5746,398.2919,286.5688,424.5502,590.4767,520.2572,454.7252,729.0485,370.6338,517.3424,981.9851
50.1333,793.9899,673.5108,853.4632,753.6361,244.2631,724.4178,513.6685,686.7209,623.1885,492.7392,389.4646,298.2681,428.0863,598.9522,532.0182,438.4858,745.2975,368.6233,533.5319,973.3381
50.1667,791.8515,688.2446,844.9126,773.7825,239.3979,736.5951,498.9791,681.1992,624.5246,483.0977,393.4718,294.3753,436.0648,596.2196,526.1286,443.5956,716.6371,389.2758,529.1817,941.7966
50.2000,781.5078,670.7749,855.8196,753.8411,247.7119,697.2511,495.7155,690.3773,639.0148,501.8518,379.2024,289.3822,444.3250,587.2049,531.5878,446.0163,717.7844,363.5804,516.2903,958.2554
50.2333,814.6152,659.5701,844.4540,774.1140,244.1336,721.1925,512.6409,679.8012,626.4222,500.1942,392.1205,281.9902,441.7304,598.5685,525.1039,472.6249,719.1216,392.8171,537.9546,940.8156
50.2667,777.7741,659.4959,862.6869,769.2226,248.4068,729.8627,482.3049,707.4184,595.1248,485.6937,389.3954,286.9329,440.3950,598.1331,525.7637,448.6614,738.9371,384.3364,528.6701,935.8932
50.3000,821.3042,694.0645,839.9830,746.1298,244.0822,725.1737,494.8771,665.9329,609.8198,495.7231,384.3192,291.0616,443.0832,611.6333,538.5911,477.5280,736.7975,371.3649,520.2886,908.8779
50.3333,773.1343,666.9009,866.6923,772.2002,247.6998,726.6682,488.2136,688.6649,625.6987,486.7259,401.4595,272.2730,432.7479,610.1356,529.1683,459.9191,745.0863,368.5632,530.9674,903.7316
50.3667,796.7318,676.2239,813.1121,741.7406,245.8807,739.5760,487.2382,682.3832,626.9449,503.2541,410.9654,280.7293,426.4080,580.3724,536.6825,454.7953,724.1482,397.2147,518.4190,890.9704
50.4000,776.3473,682.0787,839.8452,769.9619,247.2810,719.1227,486.0081,684.2655,620.4510,496.4432,382.0063,297.7766,433.0730,588.7606,531.8608,457.7671,737.6238,373.5399,537.3980,858.9033
50.4333,785.9250,652.5917,851.3968,797.0615,249.2437,710.4277,486.1883,683.9795,622.8918,635.1941,390.2375,285.8559,446.3675,598.2874,530.1726,455.2651,751.9132,372.0796,521.0222,860.2283
50.4667,833.2633,670.2937,812.4057,755.6862,235.8953,717.6204,484.0737,659.3091,634.7848,692.2350,390.3905,284.0927,432.0875,580.8822,532.5839,444.9521,702.2376,370.1785,512.7195,875.9087
50.5000,792.6214,649.0149,869.9293,769.2088,248.0197,737.4996,471.6998,673.5278,625.1597,711.8904,405.9759,284.6613,430.5130,580.3087,528.5133,443.9182,710.9875,385.9238,526.0238,838.1294
50.5333,791.1480,667.8736,831.8746,762.5079,243.6496,723.2258,489.9189,675.2133,608.7649,710.9590,410.2368,300.4388,437.9312,598.3873,535.7590,450.4116,734.7311,377.2616,518.7307,855.5646
50.5667,795.5902,677.2009,1056.3800,759.3114,245.5928,699.4964,480.5371,645.7332,614.3969,714.9964,400.5702,289.6568,440.7759,584.6770,534.8878,449.8347,704.6954,374.1281,506.9187,849.5141
50.6000,792.6317,661.5096,1150.3852,760.6582,245.2144,715.6464,463.4578,680.2137,621.6138,710.1786,406.4703,292.2580,431.9608,587.8588,534.1662,434.5739,720.0404,372.9962,534.5212,826.4292
50.6333,778.7395,672.0951,1182.8534,782.5190,244.7686,716.2713,476.8108,680.9648,624.7264,696.0228,385.3434,287.4021,443.7346,581.5502,518.7318,448.9001,752.9003,370.5449,513.8778,830.7996
50.6667,790.8907,651.5079,1196.6212,753.6828,244.0864,715.2164,476.5019,706.6224,631.1703,693.7866,409.1401,288.2444,440.7518,594.1509,525.5827,459.9446,740.5412,384.4109,518.4338,815.7550
50.7000,797.8952,687.6862,1154.4362,779.7496,236.2797,726.9893,464.8757,666.7358,630.4302,671.0836,393.7857,292.7752,436.9560,583.2458,531.3934,452.1816,723.5873,391.0336,521.9629,817.6298
50.7333,802.3131,656.5854,1181.8218,779.1694,247.7295,701.3185,459.3297,676.8648,593.8085,675.1996,408.7163,279.8468,439.1853,594.0481,521.7791,460.6923,739.8161,393.7437,531.3659,779.1077
50.7667,796.4728,687.7593,1158.9959,774.7132,236.7874,708.7943,471.8186,668.4942,614.2733,650.1437,406.5238,291.3286,437.5526,585.5655,540.4475,456.6004,742.7574,374.5464,510.7831,803.0039
50.8000,805.4728,674.7921,1126.3258,757.8723,244.7241,706.9200,458.9364,662.4549,608.2768,649.2559,399.1760,285.6053,432.1343,573.9720,513.2973,450.9801,738.2974,388.8222,511.5596,771.3049
50.8333,778.3985,653.9143,1128.6640,746.8819,243.7185,717.7224,464.9200,702.7721,635.1974,642.9348,415.5205,287.9857,423.7714,583.5383,528.2491,449.4562,744.1710,380.5578,526.4704,793.8691
50.8667,787.1525,629.9664,1105.6700,787.1995,246.0777,712.8821,460.2972,687.5232,611.2874,632.1450,400.1331,292.0997,435.0711,566.8091,533.1784,454.3009,744.3195,388.5241,519.4176,765.5493
50.9000,794.2816,640.2964,1050.6092,976.0287,239.5501,716.5839,476.5001,702.9204,627.0840,624.1312,397.8527,296.6494,453.9942,595.4943,527.5959,441.3169,752.8420,386.1650,528.5071,803.9699
50.9333,822.4472,644.6276,1100.9183,1062.4509,239.8436,723.9149,481.0108,702.1351,604.8329,612.5386,401.4911,287.3472,437.5296,604.9304,537.4026,467.3204,731.6972,378.5773,518.3914,784.7584
50.9667,801.7232,647.4640,1049.8536,1071.8517,236.3444,702.4463,467.3891,682.3631,632.0043,625.3585,395.8343,279.3790,430.4431,597.7591,538.0818,457.8671,729.7944,395.1165,522.0909,760.5516
51.0000,803.4812,662.3043,1023.4963,1118.8925,236.4037,679.2441,465.3605,682.3074,631.1801,611.1158,386.9863,292.6098,429.7757,592.5267,521.1983,460.4274,728.0993,391.4338,503.9965,752.3424
51.0333,817.2405,640.9094,1035.5634,1104.4842,234.4131,703.4730,475.5642,696.1815,631.6101,626.8657,403.9268,289.8024,428.5096,558.9642,543.0233,453.5703,739.0346,378.2327,515.5469,772.6216
51.0667,783.9511,662.1283,1032.5368,1062.8027,252.1428,689.6416,467.6024,677.5918,633.1182,598.2753,400.7692,282.0101,448.5145,579.5994,539.6938,444.1161,742.8859,374.0079,518.9365,764.4182
51.1000,802.2155,640.7360,1041.1315,1045.4288,245.8682,699.0829,466.7579,679.1912,653.2166,593.1371,402.6435,289.8771,429.0205,586.9019,527.9083,445.0936,725.2283,395.0377,516.2182,744.0523
51.1333,791.1854,654.1244,1006.5204,1052.3340,242.6141,701.2333,460.9230,697.7369,633.4644,586.5799,396.0515,288.8095,440.8350,602.5837,530.3217,453.6002,710.8912,392.3290,521.3393,738.9247
51.1667,796.8776,663.9180,978.1267,1017.3291,243.8419,701.8022,464.8222,679.6771,626.6029,599.2791,406.5020,285.2982,446.2932,579.0054,524.0177,455.9285,762.4212,385.6909,530.0692,746.9868
51.2000,812.6103,660.3912,975.0650,1005.8576,241.0456,734.4948,473.0768,665.2023,648.3390,581.6102,406.9650,289.6375,444.1965,592.0997,535.2858,451.2845,727.2686,374.9661,519.9105,736.1215
51.2333,802.5043,672.5804,948.0568,1004.8573,241.4166,714.8916,446.0721,673.1673,604.8398,563.9285,400.9230,285.3144,444.4106,615.1179,532.0907,439.0552,734.9924,381.6264,536.2527,733.0467
51.2667,798.4198,650.9981,950.0098,981.3662,235.6661,736.4043,447.4165,664.3213,647.7499,557.6257,390.0427,281.6655,432.3701,584.5243,536.7424,447.3205,689.8437,383.5661,525.3226,746.3434
51.3000,771.5154,667.3953,948.5513,1000.6949,249.7360,700.7774,445.7154,702.2439,635.0120,543.3312,384.9341,284.7512,428.9048,586.3856,518.8978,444.2819,734.9644,367.3553,523.9001,739.5364
51.3333,769.5229,665.3045,952.4924,971.7698,243.8904,692.0385,445.2714,693.3704,665.4276,546.8621,400.2608,288.3131,446.1962,600.9092,531.2948,464.2634,762.6973,380.3096,520.9986,739.7093
51.3667,804.3919,653.9931,930.7883,971.0365,244.1163,729.3272,455.5580,669.0073,631.0290,529.2675,404.5477,290.3907,432.9805,595.5042,531.2734,448.4714,739.7335,366.2480,521.8436,740.4749
51.4000,798.5361,670.9155,910.9367,967.3205,233.6467,714.0756,456.6810,692.9748,632.9261,546.6333,395.2125,291.0294,439.1202,599.6652,509.1099,440.9959,732.9278,378.7172,513.2000,742.9860
51.4333,804.5529,647.1934,933.6849,946.7664,237.5728,711.5749,453.6146,682.8518,638.9109,571.9665,405.2492,291.3603,442.2851,588.8237,525.4955,453.6459,713.2706,396.3688,508.2250,764.0789
51.4667,793.0680,642.1109,908.8309,930.6036,239.6077,709.9833,458.9383,686.3593,611.9477,544.7000,400.9656,290.3133,441.8025,609.0765,523.3762,444.7690,699.6498,363.1793,520.2744,703.9073
51.5000,775.6634,680.6964,922.1091,895.5209,251.9218,735.8703,452.5548,664.1238,636.2772,529.5236,394.2233,287.6367,429.4940,589.9628,527.1663,451.4267,719.9989,377.8869,507.2211,746.2980
51.5333,786.0887,668.6798,903.5028,913.7221,235.2891,711.4020,460.6130,690.2142,630.5461,551.1480,398.9848,281.6954,446.1140,583.5447,515.9908,459.8803,709.6589,363.7576,516.7972,739.4917
51.5667,765.3836,665.7213,887.2883,927.5743,236.1991,725.3969,455.5975,679.9168,611.2547,539.7902,393.2947,287.3182,434.4822,582.7145,534.8848,443.9885,721.0591,379.1640,542.0591,735.0642
51.6000,810.6411,647.2142,876.3291,879.3525,233.1475,708.2297,467.0634,698.0128,638.2865,532.0522,408.4505,298.0625,428.9241,582.9776,519.8942,435.4854,734.3379,376.6550,500.3779,711.2411
51.6333,796.8440,651.7328,890.7934,884.4745,231.2997,706.2238,458.4950,676.8837,628.9352,536.9914,386.9143,296.0602,436.2125,585.5386,525.3759,448.6012,730.1425,377.9947,517.3820,721.2452
51.6667,763.8738,650.0227,896.7081,869.1316,241.8638,725.9794,464.1292,662.9714,623.0075,536.7127,390.0546,290.6776,434.7469,596.2990,539.0680,433.1434,739.2721,389.1881,546.2540,736.0856
51.7000,793.6023,648.8148,865.1705,845.8178,244.7087,690.3772,449.0899,679.3986,639.6849,551.5155,408.2225,278.1411,433.2508,597.8174,528.9440,471.5294,733.3300,389.5159,503.2575,717.7847
51.7333,792.9236,658.9216,849.3880,851.5089,244.0607,702.4044,444.5349,681.5023,617.9554,533.6819,392.5306,293.4295,438.6669,617.5330,522.6473,457.6298,709.0937,386.3102,527.3224,714.4483
51.7667,800.9704,640.7839,877.4059,862.2276,246.0042,711.4845,443.7864,678.8057,612.8290,538.3662,387.1133,286.9473,437.8952,567.1387,514.8434,459.5549,730.3965,369.1174,528.8028,714.7341
51.8000,782.3303,648.1051,874.9602,858.9152,230.8218,678.7465,459.8304,674.4565,634.4591,535.1299,390.4376,293.8968,449.4167,598.4076,531.8968,445.5580,726.9883,385.9746,539.1374,700.4376
51.8333,813.0903,670.8601,853.2074,810.2425,241.0060,715.9597,441.6016,697.8847,609.3083,535.9315,400.7974,297.4779,434.2224,579.4484,516.0992,442.8575,741.6408,375.3505,524.7128,703.9013
51.8667,794.3976,653.4910,847.3538,835.2890,229.3689,719.3760,452.8081,694.4467,640.6015,535.1734,405.3784,282.0604,423.7961,588.8808,523.9896,450.5031,753.8029,371.6942,528.0885,734.5498
51.9000,784.8274,636.8723,855.2320,832.2968,239.4078,714.0200,444.0429,675.1506,625.8749,524.6257,395.6588,280.4042,426.8346,602.6629,508.5542,429.4709,726.6907,370.7639,507.6606,712.7737
51.9333,786.0075,671.2158,841.3313,823.2654,238.8619,740.6265,449.5937,674.0062,625.1468,527.2059,407.3836,298.7426,439.6591,591.2531,548.8283,457.3782,747.4867,385.8309,527.3948,689.2525
51.9667,784.2835,667.8755,845.4715,831.8990,240.0941,718.0413,447.6779,695.8004,629.2727,537.9258,409.3367,285.3619,434.2765,584.4033,523.9161,465.4121,734.3751,398.2239,514.6539,683.0088
52.0000,795.7309,659.1932,844.0074,807.0084,237.4350,708.2254,450.1829,685.3212,625.5905,519.4743,407.1671,295.3742,418.3073,595.6041,531.6633,464.8544,735.5737,383.5142,509.1523,735.7795
52.0333,799.5491,649.6086,844.6310,832.7608,240.2692,722.9085,449.6500,681.2214,634.8344,527.0230,396.0997,293.9979,441.6507,584.5102,539.7195,459.6998,719.9910,376.4731,503.8342,734.1149
52.0667,784.5611,647.1016,850.5500,818.5054,302.9932,685.8962,454.4235,711.5223,623.7303,519.9270,408.5858,289.5152,442.2067,570.9525,524.0068,435.7703,750.6606,382.9237,530.2257,731.2923
52.1000,798.0792,646.0125,815.6737,822.7963,343.5654,733.5162,454.3322,699.6587,623.9003,527.4343,397.5214,288.8339,437.7514,594.6055,541.9173,451.8063,737.7039,386.9221,524.9279,690.6201
52.1333,795.0910,668.7760,832.9282,805.0756,336.4746,724.6619,454.2040,671.6867,615.3215,518.6761,386.6919,277.2135,421.8580,601.1158,530.6020,464.4037,725.2438,375.8031,534.8164,707.2856
52.1667,803.8492,677.4141,859.7539,817.2071,343.5693,714.7685,451.9869,666.1152,619.8855,519.3455,411.4930,297.0163,432.8750,789.7398,531.6537,459.6472,732.9726,387.8215,532.8343,724.9410
52.2000,803.3998,653.1646,825.3396,807.7819,340.7567,715.1747,455.8405,675.7914,611.4285,518.7837,382.9034,294.7852,440.4875,831.7898,527.1250,448.7528,740.5299,380.4277,521.6742,702.0929
52.2333,804.8146,663.0602,831.6412,803.6082,332.6023,726.4939,457.2863,681.4219,609.4299,517.4568,400.3405,294.7965,428.9196,857.2403,530.2799,445.4622,748.4682,379.4631,525.6542,735.1220
52.2667,793.1024,638.3239,831.7764,793.6857,338.4717,724.7719,460.9330,662.7416,619.1174,512.1699,400.7224,285.8845,421.7203,862.6962,536.8487,467.7662,743.9258,395.6647,527.5807,676.1184
52.3000,822.4244,641.6945,828.8379,815.4987,331.2855,713.4846,446.2636,687.5792,640.9505,500.9492,409.7527,282.7059,444.2743,869.1472,529.9679,448.3314,733.7623,378.2535,519.1680,669.6537
52.3333,801.3834,666.4008,804.3021,780.2426,319.8816,690.3822,433.8040,699.8608,638.5747,511.8616,398.4775,283.3385,453.1834,833.8796,533.4626,447.3788,714.8410,376.2231,503.0698,691.5687
52.3667,805.7427,648.4324,836.8627,776.4358,322.3985,712.1069,441.2074,660.7666,625.6438,490.7917,387.8057,279.2310,439.2469,822.9679,531.4708,437.8857,732.0483,380.5921,519.8835,693.8926
52.4000,794.3957,667.3422,791.5399,798.0283,308.8688,708.3870,463.2381,695.1297,626.5655,495.2715,406.7912,286.3868,438.0622,836.1363,537.0170,456.4167,756.4197,378.7825,512.8554,698.3475
52.4333,777.6362,678.3230,825.4169,809.3200,312.0186,734.0658,444.6330,671.7621,630.8336,499.4365,398.6668,293.8435,432.6517,802.5105,525.2938,436.7741,736.0233,375.0486,513.7733,734.2493
52.4667,812.6320,657.3012,807.1711,798.1809,309.7211,709.8692,457.9285,683.5505,623.6193,519.8572,383.4501,279.4723,434.7827,798.7849,545.3565,456.0504,718.7011,390.4263,533.1226,710.4132
52.5000,791.9820,647.4496,848.9891,797.9900,304.2994,722.6530,447.1245,684.2236,619.3180,485.3432,387.5485,294.0894,431.5956,782.4435,505.6106,456.9740,747.3815,385.6137,504.5095,716.2509
52.5333,793.8256,637.0339,822.6481,806.0271,306.9215,722.6157,457.8390,705.1632,626.4766,525.7304,403.2935,288.5216,433.7645,767.8501,525.1550,449.0701,719.7085,386.6977,511.6909,698.6714
52.5667,774.6820,658.3816,815.3941,787.9885,302.0870,725.1606,437.2104,690.6877,612.7774,502.5175,388.3954,288.0391,456.0806,761.6516,520.9108,442.9741,740.1507,376.6271,499.3473,720.0779
52.6000,778.8758,655.4834,833.7735,794.1520,291.2053,712.1851,441.6279,688.9164,596.2000,519.5133,396.3679,287.1090,441.9380,744.8881,539.9872,444.7271,718.7569,367.9778,511.5589,712.3481
52.6333,782.4049,657.6204,817.0137,807.7495,281.7797,702.1088,450.7838,683.0961,631.9868,507.1944,398.3576,283.7729,442.7205,737.8246,540.7497,448.6671,730.8019,379.3219,528.9108,698.0017
52.6667,795.9360,627.3729,788.3906,791.8893,290.8806,697.0512,457.2993,674.2470,639.0430,492.9671,408.5032,291.6590,447.6678,729.9430,530.8496,450.7778,738.3279,373.5695,502.8120,689.5683
52.7000,789.8418,657.3179,788.9007,779.9973,290.5935,728.6992,459.8811,689.8441,610.8758,518.4300,400.5420,376.0115,441.3791,739.5171,528.1712,451.1008,680.9844,377.5695,510.9851,710.4631
52.7333,824.2124,656.0988,805.9427,777.9366,286.0563,716.2610,445.2794,712.7262,627.8629,512.6256,401.4438,401.3950,433.7531,723.1631,533.7051,456.1915,735.2067,381.0620,519.1887,696.8637
52.7667,795.2751,673.9112,810.7322,817.4663,342.4170,710.2581,444.5123,656.7721,631.5050,512.9219,414.8820,414.9711,445.6434,709.1889,528.5674,455.6233,735.8054,372.3847,663.8117,692.3304
52.8000,790.2348,656.5748,824.8877,753.0698,377.6261,726.6774,452.9958,692.7157,622.1505,504.8492,402.6843,414.8272,439.2718,718.7889,536.2411,444.6294,736.8847,381.1154,720.3757,716.1350
52.8333,791.5040,656.4287,763.5937,737.9501,382.7316,692.1047,455.1014,694.7231,650.2865,517.5080,415.7504,405.1437,431.1443,702.8821,513.3670,469.9015,753.3784,387.2446,757.8944,715.1329
52.8667,792.7023,651.0863,813.6959,801.7463,384.1641,696.5704,461.9119,680.5488,636.0515,510.1324,406.9190,389.2378,435.8726,671.2782,523.6144,458.1384,724.5169,393.2101,750.2192,694.5757
52.9000,806.4966,650.5136,814.6396,801.4487,375.0457,714.3228,442.9640,679.0461,629.9588,513.3217,392.4366,407.2320,419.1367,684.9059,528.2535,458.9970,729.3886,378.7640,747.7586,701.1629
52.9333,783.7660,651.6646,806.0187,783.8393,373.6264,727.9038,452.6426,665.6421,641.5868,507.8497,406.1469,395.8180,435.2769,684.3684,527.7371,457.1314,729.5969,381.7549,735.3381,688.7239
52.9667,815.5911,642.2051,821.0440,786.4027,358.7034,708.4461,459.2428,669.5046,641.8568,493.9474,404.9074,395.0288,439.8904,703.9532,520.6177,439.6445,731.2377,375.9024,723.5091,698.3795
53.0000,791.5808,661.9673,811.0913,781.5371,363.6755,712.8161,454.7022,682.2383,605.7266,506.6213,407.8628,387.1863,455.3128,678.4911,532.3687,449.6594,767.6862,376.1941,716.5990,686.2340
53.0333,806.0297,654.4716,819.5441,784.4217,357.1957,725.9085,449.0107,669.4183,632.3079,511.3256,402.4310,376.1232,442.8195,671.9513,544.3983,440.7379,714.0244,373.5636,734.4492,713.1079
53.0667,783.4418,639.5064,823.9311,785.9685,346.6951,709.7287,449.2714,667.4989,609.6942,509.0783,405.5510,378.4610,439.0237,668.9321,544.4256,464.1609,763.1793,380.5260,689.1633,697.9003
53.1000,786.5568,634.9625,796.9139,755.3016,334.8221,704.8777,459.1265,696.0384,637.5909,515.7083,391.7974,365.6355,443.2406,670.3428,513.2265,435.5708,725.7478,383.0037,671.4160,679.5890
53.1333,1271.4699,666.9162,822.1728,784.1920,335.2260,723.3529,431.9291,1114.5133,614.0159,506.7472,403.0107,367.0039,454.6110,659.8940,530.0199,469.3602,734.4320,376.6973,680.2613,696.5854
53.1667,1508.4053,643.9853,827.4725,1124.3650,446.4936,1244.9664,576.2863,1308.4169,622.5367,506.7278,394.1024,357.9347,430.9339,649.1584,542.4741,460.5650,765.3507,370.8192,685.9142,696.1017
53.2000,1589.4857,654.1397,816.8899,1268.9541,484.5363,1459.8466,618.3427,1354.1984,638.6339,519.9401,396.2715,359.3813,437.2926,643.9147,528.0547,447.0469,724.3459,389.7570,666.4016,704.3207
53.2333,1583.9641,644.7455,801.9657,1346.6441,502.2340,1537.9007,653.9586,1362.8213,620.4334,508.3392,404.6526,355.2666,430.1026,660.1562,526.3561,461.5324,709.4848,382.6564,645.2479,711.6702
53.2667,1589.8534,1170.6041,786.2608,1347.1901,498.7734,1550.7922,972.2507,1352.7743,607.0500,511.1398,408.0288,350.2806,437.1073,654.2767,530.9074,460.8923,744.6597,382.1132,647.6833,710.7153
53.3000,1535.7403,1396.9056,786.6604,1354.8137,495.1000,1550.9869,1113.2495,1339.7505,617.7122,513.1457,406.4871,339.0571,444.2288,626.3223,535.1107,462.9546,735.9829,370.0804,645.3365,706.3256
53.3333,1514.5237,1466.0028,802.2705,1317.1887,489.3623,1547.2871,1148.5774,1300.1510,608.8180,490.0341,393.1183,349.3451,441.5901,634.7549,542.2946,446.3496,732.7622,380.9786,646.5281,698.8639
53.3667,1488.6953,1482.3928,816.3251,1288.9782,465.5595,1482.7995,1149.8752,1281.0281,621.8953,501.6338,390.9740,332.3815,442.6108,629.3588,550.7379,445.4326,778.9550,375.1768,626.5439,699.7952
53.4000,1438.6114,1469.8064,783.7301,1290.0160,456.1956,1428.8144,1135.2156,1252.8638,620.6156,483.0154,399.3266,340.0104,437.1801,640.8487,527.6453,456.0856,775.9821,379.1657,633.0689,680.3818
53.4333,1393.9154,1417.4157,817.3596,1256.8940,445.4415,1419.6087,1073.8030,1218.5651,633.2835,502.3550,406.5887,343.5092,432.2266,615.8718,543.4918,452.1393,719.7949,371.5569,616.1371,693.9011
53.4667,1380.8429,1394.8080,811.5475,1197.5350,438.3539,1400.5788,1066.4817,1186.5006,615.1141,507.1824,407.1524,329.4125,446.3482,650.4650,543.9157,443.9393,740.9257,403.3793,617.9183,707.3094
53.5000,1344.0083,1379.4534,811.8273,1180.1384,428.7627,1320.0109,1037.8400,1165.6989,637.1350,481.5284,401.9634,317.4625,433.1923,632.9907,520.5697,449.9858,701.3236,380.7641,607.0275,695.6121
53.5333,1313.1359,1326.4470,809.0480,1171.2045,422.9717,1313.5553,1009.8089,1107.4784,636.3039,497.3823,398.4586,329.0496,433.2710,625.9025,549.2424,440.2671,744.9020,379.3116,581.8243,695.5439
53.5667,1296.4312,1288.2638,803.1451,1127.8270,407.6223,1263.4485,977.5714,1105.4302,639.7218,510.4015,395.0723,324.5162,421.6983,623.3036,516.2471,452.2458,739.3431,371.6683,611.8836,691.5393
53.6000,1265.2234,1261.5994,761.9163,1127.1222,404.8019,1215.3158,941.4458,1076.5663,601.5285,510.7464,408.0965,331.1640,441.1273,625.6722,521.1743,470.4979,772.1209,383.0534,591.1558,694.5840
53.6333,1252.4295,1233.4407,807.7413,1142.6119,387.7472,1210.7976,929.9097,1053.1580,646.4558,501.8239,407.2037,312.2181,449.2785,624.4342,535.7830,456.9997,696.6732,372.3778,573.4534,704.1798
53.6667,1201.9358,1224.4282,788.8485,1064.3410,384.7506,1166.3701,914.0535,1036.7423,613.8407,489.0023,404.9078,325.8080,424.6240,629.3621,539.9666,448.5578,739.4419,390.5527,591.3638,703.8468
53.7000,1188.2862,1166.9349,781.8585,1090.1386,376.7195,1183.0874,871.4181,1021.9760,608.1373,515.9271,397.2890,315.9021,428.8967,626.1536,537.9052,465.2377,734.6403,392.0211,594.1777,679.5207
53.7333,1178.6058,1158.2145,775.2147,1036.8165,364.8069,1167.8671,848.2054,991.2156,617.3617,501.8429,395.9571,322.7106,417.0398,613.8549,543.9180,451.2214,748.1164,395.1976,575.8262,727.7976
53.7667,1136.0949,1100.4754,776.0735,1076.9063,360.6680,1121.6514,831.9065,991.0777,640.8697,496.7195,415.8138,309.9870,440.2225,612.5179,522.9489,459.3234,750.4409,378.8362,557.1988,700.7824
53.8000,1142.6475,1115.8286,796.3733,1044.5826,344.1123,1082.9066,807.4567,987.3951,642.9754,504.3270,405.8331,311.4529,434.1702,609.4839,543.7265,468.5800,733.8063,385.3458,570.2755,703.8226
53.8333,1098.2057,1092.5939,811.5452,996.7112,350.6278,1077.4840,795.6594,938.6052,625.4264,514.9954,392.0851,305.0772,439.3911,614.8273,535.8311,452.0606,742.9572,376.3270,556.7278,693.0845
53.8667,1110.2734,1063.5815,830.0639,997.3179,338.9795,1046.5812,790.5506,920.6002,636.1866,506.1580,405.8734,306.0569,455.4277,625.3533,538.7144,444.3572,740.8545,385.1091,584.2712,717.3414
53.9000,1122.3315,1027.2639,811.1935,968.4159,331.7863,1040.8430,735.1553,913.3305,620.8118,502.9391,390.9712,306.6228,423.2794,614.9092,528.4163,453.9152,727.4810,370.1260,572.4593,681.8054
53.9333,1053.8787,1002.1951,796.2002,972.1896,331.9564,1016.2110,732.4277,903.9129,611.0450,509.5423,396.8672,327.4184,431.4132,608.6431,544.0376,450.5323,749.2182,394.6713,565.7737,689.1741
53.9667,1021.7617,978.4690,782.7632,926.7410,325.2974,1019.9635,706.7238,897.6673,641.6159,517.0796,404.9699,297.3224,451.8726,614.7495,525.6430,462.6663,725.2130,383.4983,576.0670,707.5346
54.0000,1028.2262,957.3764,782.3544,940.8366,324.5041,975.4189,704.0972,881.5976,635.2861,507.2982,410.5149,319.0614,438.0566,600.2771,531.6867,446.9663,742.8442,387.8793,542.8924,720.1229
54.0333,1019.9029,955.4871,805.2666,956.7426,317.2260,978.7271,691.6879,872.4494,625.2021,502.2049,395.4613,299.1858,432.8089,611.3514,537.5522,456.2601,726.0129,392.2548,562.7469,695.9754
54.0667,1016.3164,937.2534,833.0365,925.7357,309.1758,946.8159,689.6662,872.7218,620.9471,483.4164,407.8900,301.8425,441.0762,599.6627,535.8137,456.3253,748.7714,382.4159,551.1600,690.0007
54.1000,1007.1883,898.4001,821.9748,924.6272,308.5188,944.4780,674.3624,867.7656,639.4788,519.0954,393.1787,290.7252,417.1907,609.4469,517.1239,441.6012,752.6218,386.6337,548.6435,678.2159
54.1333,972.9660,898.9415,791.2879,906.1732,303.0163,924.9251,653.9957,851.7167,640.9595,513.1421,395.8228,300.5931,438.1961,619.6587,549.2576,441.1977,757.2930,384.1628,537.2086,692.7767
54.1667,978.7880,902.7603,824.2978,865.8536,291.5698,923.8313,639.3117,830.7669,648.2540,506.9113,407.5004,303.0036,445.4496,603.5170,543.2178,452.1069,733.3409,379.6994,556.7395,691.6956
54.2000,961.0033,872.8292,809.3919,897.1134,299.7578,910.1906,625.2272,805.3788,658.0706,489.7606,402.5688,307.5621,438.6030,621.5465,562.0998,442.3826,744.3823,368.5880,559.3207,708.8625
54.2333,962.6258,845.8632,801.8135,879.3903,295.1872,908.1595,607.1694,830.0270,601.7689,507.1156,414.9855,386.8174,440.5246,609.6472,545.7190,467.5239,751.7571,371.6207,540.8431,698.3870
54.2667,950.7437,855.4092,817.7645,863.3089,286.6913,899.1898,626.7786,811.0783,625.8152,521.1814,394.5340,416.7122,443.6533,589.1180,553.3491,453.1151,729.7185,393.7369,549.4815,699.2547
54.3000,956.6837,804.8851,804.9607,879.8349,292.3638,905.8978,598.1629,817.3523,632.6440,503.0556,399.7248,419.9780,429.3969,610.3494,527.6818,467.1288,716.0922,382.6075,543.2495,696.3813
54.3333,928.2598,826.0028,795.8367,873.2896,284.2637,869.5216,603.7042,809.1399,652.6215,491.4841,400.6236,429.3793,414.1868,604.1220,556.5735,453.6612,734.1629,370.8159,552.8883,701.6837
54.3667,908.0340,823.8995,801.3103,862.7428,278.7944,892.4373,594.3633,774.3146,619.2788,485.0368,388.6126,419.5603,422.6705,585.6089,542.9081,450.8603,751.4199,377.5517,540.3918,705.5906
54.4000,915.6980,793.9699,823.3943,844.6779,282.2428,867.7343,585.2226,794.0235,606.1012,511.9354,394.2509,414.6634,440.1018,590.1048,524.9204,438.0452,723.1381,388.2853,554.8632,695.5176
54.4333,897.1501,815.4383,795.6464,858.1412,265.4887,839.1187,559.5527,791.4404,618.8858,500.2626,395.1805,416.9681,442.4820,592.4728,538.8513,468.0965,733.4621,380.7940,526.9914,696.8596
54.4667,893.9545,810.2515,802.5545,854.6389,278.7836,850.7891,568.5490,765.3779,607.4974,505.6238,398.1925,404.4382,447.2573,610.8521,550.5733,458.2121,739.8271,372.1264,521.7003,687.5752
54.5000,889.1844,789.9786,1023.6779,831.5836,271.4488,847.6330,549.4913,786.7837,623.6746,529.1757,416.7031,398.0203,438.5878,607.4394,523.1476,466.5177,724.3333,367.8486,524.4599,693.5248
54.5333,895.0935,779.0155,1108.6985,834.5033,270.2986,824.6524,548.4983,779.4875,654.6983,488.9416,405.6329,388.6912,438.0314,592.1108,529.1065,462.7914,740.9024,387.4108,546.5240,699.4764
54.5667,883.5596,788.7993,1119.5067,846.0044,271.7356,798.1221,545.7947,769.4025,624.5607,514.5755,399.3518,391.1974,435.8161,597.2131,568.6096,453.7934,731.5302,389.1881,525.1449,710.4043
54.6000,888.2593,773.5430,1128.6883,819.8222,267.5629,821.5942,549.1173,757.0471,631.0634,506.1568,396.1187,379.7359,439.7998,605.9041,553.9810,438.8197,742.1684,384.9829,536.9786,684.5889
54.6333,850.2153,770.6060,1130.6149,822.3093,273.4783,806.8369,520.6762,736.7468,622.8282,506.5344,415.5851,363.8010,431.2550,612.0831,527.9256,446.1072,732.3009,388.7466,519.7477,706.2201
54.6667,848.3760,751.6203,1130.3639,822.9308,269.6742,789.4739,526.2330,744.2825,627.7842,508.0242,396.1828,373.9559,425.5153,595.0833,535.9241,442.9233,740.0933,389.4218,532.1102,696.3165
54.7000,849.7105,727.4383,1079.5755,804.0848,265.2077,802.9484,527.2584,755.1939,638.4200,511.6204,400.0483,362.2742,436.4329,603.4357,516.5282,471.2844,726.7539,381.0729,523.3582,717.4099
54.7333,849.7236,756.6065,1089.1582,806.6493,254.9669,804.8318,534.9419,757.1832,616.7689,500.4764,422.2461,365.5728,445.6710,610.8279,551.3908,455.1763,736.2217,373.9527,519.4850,678.2425
54.7667,870.6826,716.5569,1081.2893,805.8055,262.3844,760.6676,544.9608,746.3581,637.0630,492.0906,405.7726,359.3690,436.7652,597.0728,531.2776,584.1916,761.6305,386.2085,516.9075,704.0746
54.8000,846.9600,745.6355,1104.6659,822.9285,254.5381,769.2581,520.2518,764.1828,632.8778,501.4512,394.3231,352.5033,421.0295,599.6008,531.8673,625.3689,759.9708,383.2980,529.0462,690.3721
54.8333,874.9356,726.9207,1005.5010,815.7848,262.1726,778.9489,508.3524,739.2216,647.7502,509.5631,409.1883,356.1770,437.5222,597.6868,537.5355,646.7505,743.5873,378.7899,541.2647,700.8746
54.8667,865.8878,727.2187,1038.7872,779.8218,255.9991,805.0456,515.7099,709.9211,624.1129,630.8250,416.7740,343.2858,430.8949,582.4558,516.9742,656.8389,738.4338,376.2747,503.7889,687.9399
54.9000,829.4677,740.0230,1043.3229,768.6905,258.9933,799.3118,499.7447,749.1602,633.7488,713.2773,398.8810,340.0837,434.8879,600.4249,536.7643,654.5976,716.4186,377.6580,525.8759,683.4987
54.9333,851.9707,706.0594,1009.1670,798.9465,264.1247,782.1169,498.2906,734.5461,622.9717,720.1643,399.8488,338.4104,417.3879,594.9207,533.1913,640.2572,749.7768,391.7094,537.5106,709.9356
54.9667,848.1331,696.0087,980.7508,788.0761,260.3583,772.7533,503.8852,720.9272,611.5331,727.6652,391.7767,333.3634,434.3489,600.6854,535.1910,647.6194,750.8288,381.6005,519.8882,678.4573
55.0000,802.8502,691.7799,992.6216,787.1815,243.2908,772.2270,496.3768,714.4515,621.0344,744.6278,407.6367,343.1673,551.6070,589.1881,522.3885,633.7339,776.4322,388.4262,520.3400,694.0109
55.0333,833.2335,693.2248,968.3550,783.7416,255.4613,785.6048,482.0859,698.7592,613.7301,706.3137,416.3798,332.4796,607.1180,618.8850,534.7879,643.9922,730.7683,369.4045,533.2905,706.7654
55.0667,864.2642,701.7562,968.9209,777.4365,251.4063,758.5553,496.1552,720.0671,632.9968,698.6025,390.6800,323.4067,619.7367,597.2592,527.8147,611.7047,740.3367,385.2279,512.6523,689.7472
55.1000,838.2564,686.8030,986.6508,796.5686,259.5666,775.5248,489.2996,721.0997,623.7159,715.0512,396.4158,332.0997,644.1443,591.1683,530.2492,594.0151,725.9862,378.0778,524.1844,709.2583
55.1333,819.4617,704.5348,950.3973,812.4341,259.3084,753.5993,479.6344,733.7449,629.6020,692.6915,403.0175,317.7367,642.4231,591.8070,525.8106,600.5420,719.5173,390.0363,535.4389,707.4075
55.1667,851.5732,694.1634,926.2118,787.0546,247.7460,766.4372,479.0469,712.4633,631.5694,679.2756,401.2323,336.4961,616.1229,605.1207,528.4981,592.2557,731.3435,395.8347,530.4686,685.3623
55.2000,799.9554,702.7920,919.3937,787.3785,246.6449,772.2619,487.8330,702.1934,643.5668,665.8856,405.6485,320.1330,598.1494,612.9299,534.7585,579.8500,734.2472,377.8968,517.6238,698.0456
55.2333,845.5035,676.4086,910.6743,763.9667,248.9615,779.2739,483.0535,718.1970,619.1342,649.4905,408.6758,321.7414,604.7822,601.8859,556.1611,574.7578,740.6568,397.3529,514.3936,710.2509
55.2667,834.0755,668.4408,926.1843,765.5033,247.9837,764.8226,467.9570,702.8150,638.6048,651.2052,400.7326,313.2278,593.7845,591.8512,527.0036,583.5725,743.3814,380.6447,511.2518,691.0930
55.3000,849.2343,688.5470,904.4321,780.4576,253.7986,754.8384,468.0234,720.4726,658.4191,638.3890,402.7523,328.8239,597.1102,591.8456,525.6740,566.0367,723.2555,387.6063,515.8997,698.8369
55.3333,811.6384,678.7020,918.1475,789.0234,253.7331,758.5586,485.7241,726.0661,643.8416,646.3039,397.5667,309.7203,583.2625,594.8666,533.1443,571.9801,751.8893,374.7669,513.5339,715.2722
55.3667,810.0459,672.8451,906.0264,759.1063,235.7756,745.4258,478.9177,707.8050,615.9721,643.0798,396.2653,309.0947,587.9934,587.1097,550.6802,558.0374,746.4847,386.0674,522.5323,681.1689
55.4000,799.7463,668.1101,868.5769,774.4471,250.4950,745.4487,471.9371,697.7385,625.7756,630.8635,410.5287,315.6253,557.3885,581.1837,538.7159,540.0260,767.8726,391.7169,524.0711,691.5793
55.4333,807.6371,666.0809,873.1710,748.0177,239.9184,740.1036,470.9379,705.6766,622.0005,609.6515,406.0199,305.8186,554.6881,614.5621,539.1274,545.1149,724.4686,390.8521,523.5610,671.5717
55.4667,805.5823,685.3761,887.6594,779.7955,241.1220,739.5428,466.8197,691.9642,617.5800,609.0916,393.9728,309.2122,547.4833,583.3556,519.4594,538.4210,745.2620,376.6417,519.8913,678.8221
55.5000,791.1204,670.5957,884.7145,771.6382,244.6804,737.8779,470.2380,692.9959,622.1490,602.3649,399.0385,299.5034,548.5462,603.4531,543.3584,543.0873,719.4065,388.7171,523.3505,694.9531
55.5333,825.8315,667.7798,867.8180,754.0374,246.7443,751.2566,477.0638,704.8787,633.4569,598.7199,411.4233,312.0519,524.7145,602.8487,533.2271,524.3524,765.8582,389.8590,516.9317,675.6769
55.5667,806.5369,685.6410,852.3257,782.0060,251.4812,764.9097,465.8125,695.9953,618.7094,566.6341,409.2889,303.7996,541.2741,596.4231,534.5915,523.0466,753.3582,382.6136,512.5150,698.4747
55.6000,787.2747,679.9434,902.3296,793.4811,239.8662,753.0021,465.9521,711.0776,636.9336,585.1070,403.7993,303.2273,517.1311,587.5691,522.9018,522.3993,722.6867,377.8089,533.9957,704.9985
55.6333,822.2581,655.4334,867.2331,777.6481,242.6201,740.4993,465.4394,700.9163,609.1212,582.8587,396.8170,304.2396,530.2312,593.4862,552.7876,524.3824,733.5934,363.0868,502.9290,684.3555
55.6667,799.6623,681.4655,875.6460,740.6262,246.6739,754.1574,469.9410,715.6079,624.1348,581.0616,406.7420,296.4812,523.0419,607.1754,658.8079,515.6027,751.8273,380.5220,501.3510,696.8074
55.7000,821.9525,674.6014,870.3909,758.1185,248.4067,755.6897,458.1279,694.1243,625.4373,584.5134,401.3912,304.6189,524.6390,603.1269,745.4355,511.3446,743.2924,392.4787,507.8051,690.1501
55.7333,811.6123,652.4779,864.6191,767.4904,246.7138,737.3987,476.5759,692.7565,611.8516,559.7660,401.3963,298.3289,496.6947,603.7542,762.3721,518.2065,740.4848,368.1616,497.5045,691.6709
55.7667,802.0032,658.3943,843.1059,745.1692,247.1062,735.7294,472.7501,706.4231,632.1401,554.9593,408.5904,300.7069,504.1722,610.2085,767.6507,516.0247,720.0301,390.5166,507.5843,710.3496
55.8000,776.0807,662.9354,854.9207,757.6586,246.7635,760.5090,472.7717,894.8581,627.2599,560.2203,388.2916,296.0182,517.3482,598.9943,772.4367,504.0292,759.3649,388.1874,503.6218,683.2945
55.8333,781.9216,665.3038,850.1830,767.0476,240.4113,745.7023,457.2705,968.9181,638.7322,564.5701,394.5009,295.0185,496.0846,573.7564,925.3343,516.5089,745.1945,386.3795,514.8114,708.9576
55.8667,823.6043,652.3773,810.9745,758.5045,246.3783,720.2077,451.0138,968.7238,631.1858,567.0910,390.3338,301.9945,510.0525,614.7040,954.2415,507.3105,743.3817,381.4922,514.9748,713.7819
55.9000,793.3119,667.8883,825.7397,767.1822,243.0911,718.5984,451.6439,1003.7152,622.1853,547.1251,399.8312,300.4770,489.8782,590.1476,970.8677,477.9488,723.4921,390.6710,515.7270,683.9035
55.9333,794.2316,654.3006,825.1033,763.1415,241.3075,699.3729,463.1989,1001.2559,624.0675,541.6850,403.8872,297.2307,484.7755,588.4995,983.1133,492.6233,722.0580,382.8323,496.3449,697.3871
55.9667,829.0390,669.1753,821.6298,750.0116,242.2275,729.8778,455.4531,1001.6775,626.0760,556.2206,412.4170,296.1635,481.8045,578.2989,948.4212,509.6691,742.3720,370.5430,511.1251,684.4139
56.0000,815.6228,653.2526,810.0066,758.4449,235.4972,724.4706,457.0534,956.5064,638.3923,557.2640,408.0847,296.4290,493.1195,584.3088,934.1707,485.7591,736.7092,391.8158,513.7496,708.8938
56.0333,769.2465,670.1058,845.9896,767.0749,246.5794,728.2547,454.8261,979.5736,625.1100,540.5901,418.7180,293.0541,475.0112,598.4489,926.1413,487.6475,747.5886,385.8593,521.8876,677.5825
56.0667,808.3786,669.1900,804.0530,763.7836,248.3374,728.7149,451.5394,950.1552,635.2415,543.7977,391.6242,297.8710,483.5376,586.4694,895.7636,490.7681,748.4639,358.9567,511.1833,674.7709
56.1000,793.3286,648.8329,812.6179,759.5048,238.5527,735.5520,447.0936,936.9024,630.8183,539.2773,405.8850,299.3505,493.0263,588.0268,898.2341,501.6992,734.7781,389.0159,511.1702,685.3819
56.1333,771.5776,656.4753,815.9153,745.0589,229.5346,722.2197,453.1445,892.1415,629.4175,545.7962,398.0883,288.8795,458.5575,596.0144,870.2934,470.4978,722.5275,384.1072,498.0024,695.1819
56.1667,777.2254,656.9153,850.3158,771.6514,232.5523,736.1047,467.0570,895.5893,642.8979,542.8654,398.8509,291.9496,485.4937,590.6504,847.7656,491.6654,740.8194,392.9902,528.0147,688.0269
56.2000,773.0662,667.4570,809.5319,771.0266,248.3673,725.0272,455.6185,880.2383,603.6803,544.3292,399.7190,290.5189,480.1759,586.8581,828.7005,482.6963,748.7475,375.7469,526.7532,698.1095
56.2333,803.3189,638.6965,840.8508,749.5782,242.8039,707.5903,423.6280,876.5470,629.0431,512.3373,409.5330,285.6770,450.5300,606.0455,805.1409,489.1516,738.6910,382.1100,507.0875,704.4835
56.2667,801.2321,665.5907,813.2654,765.3311,234.0348,696.5065,440.7823,871.8264,637.8008,516.2281,391.1255,299.2129,478.9698,613.0184,801.9816,476.2795,769.2670,382.8992,522.1610,697.6024
56.3000,796.2402,644.1014,806.3093,758.7412,242.8383,709.3672,455.4459,840.6356,628.5530,539.3486,407.4773,293.9149,467.0043,614.0201,777.3221,479.3224,752.7188,372.6673,503.5863,681.1284
56.3333,801.8245,664.3933,800.6001,767.0532,237.3044,735.9295,435.9535,849.4845,634.3578,532.3632,413.0894,276.9874,451.4779,600.6019,773.1530,467.7761,733.0056,372.3088,521.0618,687.3769
56.3667,769.2545,659.2342,818.3831,786.3888,232.9918,743.0129,457.6911,845.8806,621.0632,507.9655,401.6922,285.1515,460.2806,759.0773,762.0844,467.2558,728.3023,369.8064,506.3926,693.2767
56.4000,803.3251,644.6097,808.1816,763.9735,234.8451,713.6575,436.3576,821.5368,635.0572,526.0364,407.3074,294.2114,459.1883,826.7174,748.4435,483.8352,730.7639,384.9842,518.3319,671.3796
56.4333,804.0742,629.8907,821.9147,749.5114,237.8955,739.1162,452.7525,822.3046,630.3204,542.5876,389.7950,290.9092,453.8206,860.2729,724.6239,475.5742,726.7045,493.6975,506.8117,698.5616
56.4667,788.1305,651.5698,815.7243,768.4634,238.2562,738.6416,443.1481,835.0463,613.7797,518.5187,408.5789,293.2137,458.6612,875.9365,718.5326,470.5733,720.8827,530.6224,514.0863,706.5836
56.5000,778.9932,646.1099,778.8104,755.8833,238.9207,695.6382,453.1718,835.0019,634.5766,528.0913,383.5482,291.4932,468.6821,869.8915,732.1050,458.6616,731.4480,542.7567,519.0846,719.4947
56.5333,776.1733,671.3566,828.1374,752.5808,236.8710,723.8337,428.5454,782.4157,638.3419,521.5118,403.8543,280.2687,452.0131,860.8873,702.1476,477.9921,747.9841,559.6038,521.0027,691.1929
56.5667,802.8433,641.0224,783.4567,765.8623,240.4351,738.9269,446.0606,794.5629,618.1028,531.4996,391.2815,285.5219,460.0645,842.1835,681.3228,474.8747,750.9906,552.6289,497.6444,712.3316
56.6000,784.4966,651.4523,790.2345,753.4337,241.7624,716.2415,438.2314,786.9755,622.9990,538.7499,401.7341,283.7076,456.9253,815.5173,689.5903,471.4859,755.2834,554.0877,508.7634,710.9130
56.6333,810.4276,642.6224,825.7879,758.7544,243.6949,715.4773,446.6870,768.8936,627.5038,518.9178,399.2115,286.7888,453.4793,832.3424,673.0519,459.3490,719.4032,632.0921,506.4772,705.8666
56.6667,799.8495,644.5391,778.1662,753.1570,233.3924,739.7989,431.3499,772.5536,639.3375,518.7653,404.6269,290.6744,460.2727,802.8238,674.0976,471.5478,745.4122,696.0330,505.6729,698.4829
56.7000,789.1135,652.7244,834.5181,747.9979,231.1415,716.2068,431.3641,789.1049,616.3102,524.1999,409.0429,289.9552,449.7589,810.4459,672.4437,467.3686,726.1653,694.1606,527.1309,700.7884
56.7333,784.2696,626.8686,809.4457,766.9809,238.3663,724.6564,444.2261,757.3982,629.1064,530.1994,416.0497,288.2751,454.0513,765.0056,660.4357,473.2753,744.4481,686.6344,507.9243,691.8107
56.7667,800.8939,629.3026,774.2794,739.8555,252.6502,734.3395,461.8722,799.4113,626.6404,521.2085,403.8493,290.6409,443.7895,793.5154,666.1874,466.3937,746.1916,670.8776,499.0289,691.7215
56.8000,777.5011,648.9333,797.8250,743.8695,242.3182,746.6443,451.6081,770.4456,629.0994,517.5663,396.1121,288.1608,441.4021,761.4527,633.8973,451.4783,774.5171,664.6061,513.9135,702.9833
56.8333,784.3417,635.9767,809.1650,750.1986,240.6722,737.4754,434.8707,750.9552,634.8580,505.5734,399.7829,288.5658,456.0695,750.0307,641.1041,476.1869,756.8439,662.1748,516.7489,683.9227
56.8667,792.5860,658.8675,783.1853,762.4790,236.8394,749.6027,456.0017,769.5327,633.9986,511.6038,417.9679,287.1903,438.7690,749.8047,626.0989,486.9949,746.6160,633.0611,506.6592,690.1571
56.9000,803.8664,645.0070,790.3124,777.2047,246.2861,744.2830,441.6585,731.4872,630.2855,508.7854,414.7675,284.5869,440.4922,716.1444,641.4301,465.5261,774.5563,631.3588,520.4305,691.1468
56.9333,804.5356,645.5188,806.5261,770.9423,229.2027,702.5152,439.5192,753.4028,630.0710,523.5599,411.9646,269.9048,441.5054,733.3182,622.1803,478.6770,731.2975,611.1159,492.9230,646.2202
56.9667,792.3709,646.8252,818.9500,747.7580,237.5857,738.6392,436.3901,736.0717,638.7981,514.3707,408.3128,285.0985,455.6193,715.8616,610.1521,467.0463,752.7909,592.5873,515.4350,672.7131
57.0000,786.5847,663.2771,775.3988,757.2866,240.3238,710.8517,438.3722,735.5663,628.6462,514.6203,408.7230,280.6500,463.2557,737.9118,614.5358,477.5440,771.1601,598.6049,512.1900,696.8645
57.0333,777.7000,644.3638,802.7094,753.3718,240.0183,740.7748,423.2398,743.2155,625.4335,518.6766,397.7721,296.6277,457.2311,690.7414,600.6017,451.2441,767.0589,583.2701,518.2245,692.1091
57.0667,775.5315,649.1748,836.5742,766.8342,234.0359,744.1052,439.6949,737.5567,612.1847,654.2550,405.8361,282.4021,451.1306,710.3505,600.3223,464.9564,749.1014,570.3927,514.9910,684.0498
57.1000,780.7157,644.5193,780.2117,776.3489,242.6707,725.3289,451.2150,749.9329,615.3427,732.9591,406.4671,286.7936,452.5939,711.4438,601.0177,471.3966,743.4163,554.2627,520.4854,675.8057
57.1333,787.1551,638.8593,801.5085,751.4689,239.3394,727.3367,442.6454,745.9873,608.9562,734.0148,408.5577,292.5419,454.7106,698.2204,610.9846,463.9646,755.3714,549.4717,509.6904,658.9777
57.1667,773.4710,632.4175,801.1715,761.2946,247.9260,758.0787,437.5635,727.1777,655.9461,733.0674,409.8526,281.2520,441.3018,718.4037,601.9803,467.5602,723.1737,552.5364,504.3643,717.8581
57.2000,782.0746,627.6639,815.3287,763.2524,246.2874,723.2800,444.5098,715.8771,637.3801,728.3158,399.2169,291.3878,451.5565,686.5423,576.8520,454.1210,741.1442,524.0763,505.0349,679.4298
57.2333,790.8426,665.3558,813.1602,739.0694,233.3631,730.8483,443.6429,751.5453,650.3233,716.3834,402.3530,289.5349,435.1140,679.4001,604.8021,467.5199,741.7651,530.8190,509.5445,694.4454
57.2667,811.2489,629.2617,814.9228,735.3388,235.4559,727.3344,436.8223,692.8615,628.8357,729.8325,397.0189,288.7899,442.4195,693.5690,574.0877,451.8253,729.3434,518.2986,515.0307,695.6361
57.3000,812.0610,673.8972,818.7923,749.8366,236.0188,713.0419,443.3885,728.3322,626.4498,705.1908,407.8602,281.6870,432.4079,657.3448,586.4475,476.2165,749.8316,504.5168,506.3760,703.8492
57.3333,761.7685,672.4949,803.8723,774.4728,237.3923,724.6084,449.3254,708.5877,611.3689,686.2666,407.6027,293.2497,437.3371,672.9641,581.4939,459.5080,755.7081,489.6569,507.3799,685.5633
57.3667,793.0533,642.6891,809.5332,754.6670,245.5180,706.1060,433.6283,719.7537,604.6224,685.7324,413.0538,281.4338,434.6638,651.9836,573.1951,448.9157,742.1070,505.7408,506.3406,696.7650
57.4000,794.3592,657.4402,821.2583,731.3854,236.0592,755.1403,435.1108,706.1244,636.8070,684.9839,410.6905,280.0426,437.8972,673.0525,565.0617,460.0574,723.2277,494.8496,517.0293,682.4675
57.4333,807.9681,650.1288,800.8456,751.8748,239.6159,707.1974,437.5462,725.6900,638.2881,660.6828,408.0631,288.3287,440.7581,670.6460,559.4737,474.9440,722.3948,469.4718,520.5495,676.1589
57.4667,798.9811,647.9219,806.1058,756.1927,246.5806,712.8700,447.6391,695.5176,635.1890,655.3010,421.2993,285.5928,436.8895,654.8921,568.2101,453.3818,751.4910,474.0406,518.0569,685.7580
57.5000,828.5045,651.9195,784.3980,759.7888,242.4466,713.5610,444.3963,687.7374,620.6547,662.3117,408.4580,287.9496,434.8448,669.8490,589.2523,473.5951,752.0958,475.8112,503.5955,703.6849
57.5333,796.7466,641.1976,788.4591,742.3168,233.3350,744.5263,450.5314,695.5760,604.0968,649.6634,413.7890,294.1931,441.0930,655.3328,556.1381,464.6312,742.7741,465.2409,507.7658,701.9522
57.5667,791.4651,637.0698,810.6806,745.2215,244.7700,716.8274,446.1728,713.0955,620.8836,651.3511,399.2328,288.5233,430.5207,648.6545,574.3819,461.1644,742.2373,483.5713,508.7802,683.5304
57.6000,792.4543,642.9148,779.0124,738.9563,235.7677,770.8013,442.4445,705.6887,614.7510,627.1567,411.0438,280.5532,445.6797,634.0566,566.5866,459.6127,778.1018,476.2570,521.6317,714.5088
57.6333,807.0652,637.7908,802.4207,774.4500,240.1242,719.3389,435.8044,707.1835,632.8245,609.1763,403.7088,290.4524,438.6295,623.6900,554.1778,461.5306,764.8638,461.4504,495.2870,704.5932
57.6667,789.0264,648.0869,808.1246,759.4387,235.8213,733.7007,427.9849,703.8758,634.0434,600.8970,403.9651,282.5151,446.4844,639.8058,569.4429,449.7651,742.8158,447.6370,519.4701,713.5554
57.7000,788.2985,643.1438,783.9662,775.7587,238.1101,728.3351,443.5775,713.3129,664.5919,622.8657,392.4796,278.4146,445.3865,641.0157,564.6843,450.1650,721.0722,441.3305,521.7904,678.5405
57.7333,790.3432,643.5671,792.6874,737.9090,236.0911,711.4784,448.9038,702.4083,647.3153,613.1318,406.4735,280.4898,429.1784,641.9225,576.1976,451.7904,734.6816,448.6804,518.3089,688.4120
57.7667,764.8911,632.1353,783.7034,766.8756,248.7565,757.5491,450.1720,714.4672,636.1104,585.9490,410.4220,286.7092,437.1206,633.8604,570.8224,454.8650,737.5898,423.8491,515.5312,672.0385
57.8000,812.4612,647.5435,804.4727,742.1607,239.7161,719.0671,452.3025,691.3336,628.1969,585.5777,401.4313,276.0688,444.4419,627.4568,556.2698,468.9119,745.3502,436.2835,505.1286,684.2550
57.8333,772.9138,650.3377,765.6002,752.1084,244.2687,738.2765,564.9180,694.6292,600.2600,616.4762,412.1928,285.7498,446.6380,648.8805,577.5135,455.5184,742.5556,436.0713,517.8775,683.0048
57.8667,812.1060,638.7875,758.4741,767.0420,245.6323,707.0109,623.0084,701.8174,629.3630,578.6409,401.9595,280.3770,440.6875,608.7630,559.9489,462.5959,718.0778,431.3555,531.8226,685.0507
57.9000,759.9901,628.3780,761.8585,753.2752,235.3566,725.6623,643.6326,686.5947,655.0952,598.2880,394.5304,278.0191,437.6423,639.1198,557.9703,454.8572,729.2539,445.7711,515.2074,687.7881
57.9333,798.9499,639.3283,812.8032,719.5867,238.9775,719.3030,627.1139,693.7532,624.6923,566.8498,396.8093,280.7107,442.0743,621.7097,543.3290,460.6819,742.0466,428.9539,501.4751,689.8725
57.9667,778.9166,640.9903,796.7270,752.2713,230.1429,726.5534,629.8725,703.1698,616.1059,567.3133,401.9784,293.1623,441.5691,652.1335,568.8389,453.0084,729.6263,413.4155,508.9588,671.9751
58.0000,803.0562,636.8872,764.6651,738.2674,240.5765,770.7830,627.3698,713.0033,626.6154,553.5774,407.8970,285.5498,439.1579,638.7470,534.2663,452.3444,727.4176,431.1223,508.0844,673.4336
58.0333,791.0973,672.6422,800.6398,744.8413,236.9834,732.5585,627.6214,693.5992,631.4542,577.7826,412.7441,280.9702,419.9295,636.4406,572.2864,455.7828,758.8264,414.8278,504.0594,687.6395
58.0667,787.5197,666.1071,764.9766,751.6638,242.1955,740.8842,607.3613,716.7451,630.7192,565.0664,402.6650,278.4629,439.2256,646.3663,549.5397,472.3032,743.8326,417.1766,514.5468,699.9301
58.1000,771.6540,647.3982,792.8542,759.7510,237.6665,717.8388,601.6971,694.7363,636.1344,546.8797,407.1912,280.1591,433.1299,604.3898,545.3675,452.7409,744.8439,428.4279,499.9088,709.5058
58.1333,788.3611,656.4297,792.3717,747.5105,236.0185,709.6955,598.6210,689.5285,642.6471,580.7019,403.0972,278.4193,447.5856,620.7831,547.4914,470.5222,714.2769,412.8146,496.1328,699.9853
58.1667,780.7199,636.1546,807.0255,748.7132,235.2185,704.3197,592.9678,697.3598,615.2013,559.0837,412.7011,285.1303,436.3892,630.4404,551.2879,444.3193,729.9788,414.5118,520.5788,664.3234
58.2000,783.4408,637.1702,767.4596,749.8943,242.7174,728.8415,575.9676,709.6967,635.8223,555.5391,402.2431,285.8552,443.5075,592.6539,539.4043,464.9493,735.9678,407.2452,507.2720,680.3938
58.2333,806.4498,636.1971,786.9655,751.2575,235.6017,724.4641,577.2687,688.3732,607.7188,533.6854,403.3816,293.2491,436.5006,623.6030,537.5728,476.8073,755.1966,415.4944,521.9051,674.5829
58.2667,787.4637,644.0338,778.7991,755.4804,236.2966,747.6864,574.5193,689.1870,630.5807,546.1388,408.3499,279.2956,440.7100,608.1300,529.3784,465.5634,774.8742,406.5297,507.2755,697.0296
58.3000,811.8379,654.3379,763.1498,742.6944,235.8128,722.2517,563.2382,706.3544,620.6292,546.1228,397.5244,299.8885,426.0907,627.7839,527.7996,456.9697,749.3326,394.2989,511.9979,693.7154
58.3333,782.6447,636.3527,797.0076,755.8638,236.4518,709.8222,557.1579,710.9908,649.1527,543.9491,394.6154,280.9543,453.1618,601.9808,546.2475,456.2741,739.4482,421.1770,508.5537,700.9621
58.3667,771.9494,644.3916,738.0858,734.5686,233.6468,728.0026,534.5766,700.5817,626.6352,539.6279,397.1270,280.1608,438.9070,608.5663,531.5603,457.0565,757.3002,398.7282,513.9839,704.2988
58.4000,805.9058,641.0672,769.9372,752.4147,234.2809,724.5431,544.1469,692.9049,625.6551,541.7364,410.0685,291.5861,449.1620,588.8220,563.1375,463.6192,716.0476,405.2798,494.7098,698.6621
58.4333,825.6663,667.4208,788.9058,734.8240,237.1376,714.1251,536.8739,690.8710,652.3435,531.7565,401.5853,282.3610,438.0704,637.0947,549.9353,451.6381,758.2563,404.6845,498.4726,708.0453
58.4667,790.0719,666.2781,787.6134,729.8420,238.7008,736.6335,521.5014,707.9941,629.4796,554.9413,399.0387,284.3998,437.2681,629.4775,546.1668,441.5316,730.8194,404.6390,512.1531,697.2774
58.5000,784.9707,656.3199,778.8017,760.2664,236.2096,712.5092,530.6690,708.1086,622.7129,541.0116,402.3547,291.3669,448.4477,606.5460,543.9127,462.5095,769.7061,401.4990,521.3554,685.4725
58.5333,777.1049,645.4137,797.6870,748.8708,241.2503,738.9998,516.7123,707.0484,633.5633,537.7483,417.4019,282.2872,442.9445,624.2620,539.7507,475.8762,723.7913,407.5831,507.3253,677.3744
58.5667,777.3188,645.5950,760.9435,769.4867,245.1432,740.9544,516.5146,686.1781,626.2729,544.7078,398.9762,274.8602,450.2614,618.0316,554.3301,476.9253,764.5068,384.0775,509.5731,702.3991
58.6000,765.7272,625.6414,774.7201,755.1912,240.7662,737.9841,508.2466,707.3693,616.0382,544.0763,407.5053,294.9088,426.2080,618.0378,545.2342,437.8314,720.2197,406.7421,504.6404,683.7921
58.6333,773.8524,653.2789,797.7060,750.0833,233.4927,710.9640,518.7354,679.1448,610.8346,523.1204,404.8167,285.0293,433.3248,596.4401,679.1149,464.8075,732.6433,390.1267,523.4029,728.6937
58.6667,787.6260,640.2980,761.4122,764.1653,240.6247,737.5637,503.0577,684.8469,633.1982,521.2300,388.4348,286.0407,442.1397,618.5669,753.9847,463.4712,785.0838,393.5592,508.1997,690.7360
58.7000,780.6914,618.7961,809.4458,776.6493,243.9113,746.9772,500.7222,684.5170,623.5449,512.1872,398.6963,283.1815,434.3202,600.7373,772.4013,472.3011,730.5228,398.9534,502.1273,681.9541
58.7333,809.4982,659.0008,799.1471,770.7617,234.4038,719.3788,502.2793,676.6311,634.8869,506.5140,409.5666,275.9296,451.0678,595.3246,772.6845,447.4338,744.4351,408.3305,499.0745,667.6683
58.7667,768.3827,639.4191,791.8284,736.7414,232.4423,739.5778,488.8372,674.8862,615.2319,499.4908,387.3397,286.2661,445.4683,586.9491,779.0408,449.8165,739.3069,391.3263,507.0105,691.7210
58.8000,810.3498,656.3300,779.4822,750.5558,243.8486,742.8150,502.9238,698.0072,636.5125,526.3494,408.3665,287.2909,431.0570,608.0879,761.3091,462.6198,728.1663,404.0625,491.6769,673.5756
58.8333,786.3213,631.2443,785.7952,772.4603,243.6251,725.3805,488.1299,694.2772,623.7618,507.0699,404.1351,284.6764,456.2455,616.0564,756.1594,466.8500,772.8702,398.8149,514.3236,693.7218
58.8667,788.7633,623.5775,785.4588,765.7181,229.3889,726.0485,489.7859,700.2778,630.0036,532.8559,400.4929,281.4098,420.5473,592.9965,740.8396,465.1625,755.8112,397.6200,506.4762,711.6148
58.9000,751.2391,647.8152,774.6958,736.1018,245.9533,744.2590,465.2206,890.5147,639.4081,515.1781,424.0050,274.6137,440.2935,598.1565,726.5737,462.2674,761.4886,392.7574,515.8268,696.2141
58.9333,765.5934,638.5112,805.0804,776.8094,252.2275,720.6570,477.0134,977.3438,631.3486,525.7187,407.8403,284.2274,431.6862,608.3197,722.3849,458.8803,741.3343,391.8180,486.1868,713.2355
58.9667,755.0043,640.7043,775.3542,747.8254,244.1968,747.1234,484.2226,997.1822,630.0378,524.2692,394.2346,287.3177,433.9195,594.2504,711.6657,469.5938,746.4101,387.1307,495.7347,705.8809
59.0000,752.7743,630.8424,749.3859,710.8777,237.4881,732.6645,465.5267,1014.0278,636.7681,506.9781,404.1431,270.7603,430.9379,595.1167,737.3983,458.6058,755.2290,389.3687,500.6412,669.6679
59.0333,803.9511,638.4988,788.1827,747.1488,245.7847,720.6869,483.3949,996.0672,632.9008,530.8227,420.2290,279.7581,433.7312,601.0652,697.5823,446.8410,734.5360,383.1802,505.9388,671.1768
59.0667,776.8305,668.1578,793.9361,756.8008,246.2828,711.2078,476.6833,985.2825,625.4152,513.5173,412.6273,281.5527,450.2757,619.6085,683.9357,475.0049,725.4856,398.9417,523.6761,690.9226
59.1000,796.9375,653.9812,794.5829,732.2494,233.0471,723.9199,480.6808,969.1046,647.5941,512.7892,400.5051,283.8949,455.7766,614.4791,690.0248,457.5940,746.0998,389.2813,506.8731,698.2794
59.1333,806.2459,657.2674,756.6009,770.4111,237.0363,743.1275,466.3442,968.8948,636.2006,509.3447,409.2719,287.5398,450.9633,596.5697,674.4098,457.3454,720.6484,390.4823,505.4404,707.9842
59.1667,769.9889,642.5862,805.3251,745.3712,245.0936,742.8278,484.8560,965.8174,623.8503,504.4365,392.0262,281.6432,448.6567,602.2942,658.0459,474.8475,738.5618,396.0470,507.8761,700.8066
59.2000,803.9039,596.8820,804.6252,735.5363,229.8815,687.6104,469.0217,924.9817,628.9116,509.6384,407.0336,277.6655,433.7139,618.6227,656.5096,459.9190,739.9815,392.5474,491.3781,689.2326
59.2333,777.6979,659.4777,816.3623,749.4586,244.8204,771.6885,490.1823,905.9922,641.0143,507.0792,400.7252,282.0524,442.2609,587.8354,660.2991,471.2567,765.1928,386.7693,519.9383,702.8226
59.2667,817.4057,638.7785,783.6452,752.1358,233.3346,728.5064,483.5397,909.1695,604.2291,513.6694,413.4874,289.8671,429.5385,621.6408,656.6849,450.9284,733.2168,393.3428,518.6933,724.0145
59.3000,796.9288,633.0973,789.0944,765.3115,240.5471,723.2978,449.4396,886.1504,649.1194,510.6289,508.4765,290.4520,444.6755,617.5836,644.6476,459.2488,742.2227,384.3526,511.4079,710.4614
59.3333,795.7745,671.2145,782.0069,731.4354,232.5298,745.6372,469.5385,869.0575,626.4785,521.7020,556.7407,280.1737,438.6336,614.2329,618.0105,473.2143,722.9009,384.4348,496.8219,707.2876
59.3667,787.5338,651.9113,788.0436,749.0014,243.7086,720.7049,453.9614,848.9866,617.6337,516.0627,588.9750,277.3364,440.2282,590.2466,638.4380,458.2905,735.1936,384.6358,505.9208,682.5944
59.4000,784.7306,635.4825,760.7465,790.5147,232.4060,737.9007,454.7815,878.4222,625.5404,519.4721,583.2599,280.1989,443.7969,599.5349,630.2215,458.1983,730.3348,384.2638,486.0765,675.5761
59.4333,776.5419,627.5013,775.3576,756.6945,235.8447,729.4009,470.9008,852.1242,625.2681,510.3571,593.0519,279.1892,455.8679,598.6789,623.6150,471.1853,728.7009,378.5082,511.7593,716.0774
59.4667,771.6280,641.0884,763.2730,741.8762,236.5156,716.6702,459.5629,824.8996,628.2395,499.5139,579.9766,282.0455,434.7084,594.0136,617.2365,460.2324,741.1290,393.5992,498.7422,694.3550
59.5000,790.7233,628.6205,785.7696,775.6536,241.4838,724.4396,452.9034,823.0621,634.4204,518.3024,579.2248,282.6286,452.7209,596.1084,609.8869,468.4114,729.5231,381.6604,493.1772,685.5485
59.5333,803.0008,630.6634,808.8607,736.6373,234.9842,738.6430,447.7464,839.5797,627.4048,498.4625,540.1576,282.6172,447.1780,613.4679,598.3996,610.1771,736.4551,383.0771,528.0272,683.3050
59.5667,767.0462,646.0946,794.9876,775.6899,242.5122,728.8326,453.6067,825.7358,626.0802,515.7538,563.9625,275.8961,460.3825,595.9789,593.3743,648.5575,735.7942,380.2619,507.2412,674.8625
59.6000,793.0510,635.4277,795.3872,739.9838,237.1132,726.7841,465.5486,847.1669,656.4084,502.5478,538.6895,292.6785,445.1971,617.2092,592.0382,659.8256,768.3148,383.9759,503.9107,708.3825
59.6333,823.8522,636.8285,805.0095,759.8255,241.5138,716.9900,457.7322,802.5650,620.4140,500.7220,543.7703,285.6112,454.6835,603.3254,588.8205,655.3165,743.6414,392.8018,501.8252,688.4172
59.6667,779.4602,646.9741,794.1853,777.0469,234.7661,759.6906,451.4913,814.5596,634.9530,522.0721,529.3032,288.2420,441.0691,583.5971,592.2774,679.4679,762.4612,384.9507,508.9982,702.0559
59.7000,779.6774,657.7970,777.0680,752.9429,232.2387,748.6183,456.5349,787.5661,632.9186,502.8621,521.7697,289.2912,446.0787,598.4320,601.7154,666.6981,731.5011,370.0009,504.2618,691.8999
59.7333,786.5636,650.2668,774.7253,727.9314,245.9147,730.5935,452.9047,790.7437,654.7674,487.9042,509.7470,290.3699,441.1132,607.0842,583.0536,652.1164,751.7983,389.7097,501.3581,666.5617
59.7667,771.4261,640.9463,792.1324,742.5023,231.8381,731.8987,442.5530,785.4262,657.8481,505.1647,502.5454,282.5232,447.1401,595.9141,579.0648,641.3612,739.3008,389.2609,489.9723,728.4795
59.8000,770.0165,648.2525,757.6739,738.9823,233.7068,723.1325,436.3525,790.3407,619.2715,512.3429,498.2607,277.2908,437.9957,606.8249,592.5580,626.5870,765.5995,381.3941,506.6860,678.1562
59.8333,763.6598,630.2682,769.4546,773.8835,245.8384,723.0894,457.5271,773.0804,617.2306,508.1307,614.2583,281.6890,465.2125,630.3449,583.7921,644.0044,751.1233,404.6674,512.9278,704.3889
59.8667,755.2936,663.4871,795.2941,744.5247,240.4210,689.9288,449.5905,756.5205,617.7451,508.4857,666.0790,283.9455,448.5071,599.1456,561.4813,613.3547,760.6350,381.2284,498.2212,686.2297
59.9000,800.2313,633.0519,776.7633,731.4388,235.6217,725.7288,436.6677,746.0352,645.4065,515.0068,665.7607,289.5963,441.7628,605.8840,591.8684,607.8179,740.1812,376.3679,490.1132,692.3043
59.9333,803.7378,647.8636,771.7192,742.3352,240.5406,724.6902,441.9009,760.8674,640.8429,515.9294,674.7832,282.2175,444.6546,606.6417,574.6227,580.9730,729.3608,376.3768,494.0801,670.5029
59.9667,787.6840,645.5399,808.1408,738.8264,234.7911,739.9294,443.5714,754.9751,623.2830,626.7752,647.2265,287.6130,439.3268,585.2918,571.4717,586.7933,755.5852,391.2653,497.8000,677.8595
