time_s,cell_01,cell_02,cell_03,cell_04,cell_05,cell_06,cell_07,cell_08,cell_09,cell_10,cell_11,cell_12,cell_13,cell_14,cell_15,cell_16,cell_17,cell_18,cell_19,cell_20
0.0000,797.7696,712.8466,368.6274,742.3955,488.8643,637.7617,598.0180,657.3064,483.8378,442.7733,603.7410,246.1254,616.3177,248.6609,309.3481,295.6357,655.8300,507.4607,485.7655,674.8563
0.0333,798.8521,712.0988,383.6077,726.7868,468.0752,672.8848,620.1038,648.2225,507.8292,442.7087,631.7865,247.6561,632.6830,243.4471,305.7633,292.0552,678.3077,524.4861,480.6906,681.5710
0.0667,839.6939,733.9048,365.0441,752.4149,479.7808,648.3940,603.0633,691.4454,503.5899,445.5217,602.3857,234.8232,640.2608,257.5956,303.5923,294.2875,652.1264,516.4167,486.1883,686.4110
0.1000,835.3150,714.0950,364.1335,755.9046,506.0834,670.3890,637.6119,684.8863,490.7709,459.5186,608.5162,237.1068,627.9946,242.8421,298.7425,284.2245,653.1178,499.6596,481.3417,651.4371
0.1333,824.4987,697.2210,381.3958,741.7448,466.4768,658.7720,608.5901,677.5862,506.5777,420.3823,610.9897,244.6222,653.5135,236.1033,307.5512,304.6536,648.5549,512.7661,488.8487,666.6315
0.1667,797.1434,702.3578,378.3544,752.4619,497.7242,638.5570,614.9209,662.7877,497.5460,444.7610,611.0119,245.0377,654.6986,240.3883,311.3635,294.5067,641.5739,493.9880,495.6484,697.4100
0.2000,826.0290,897.9659,369.5444,777.6422,484.4965,651.6109,604.9687,654.2615,485.0742,447.2472,621.6015,243.1762,633.5541,260.0067,308.0673,303.2224,648.7117,511.6674,497.3500,674.9745
0.2333,795.8167,988.3463,368.5199,726.7131,482.5248,682.5858,593.2812,671.6355,501.3786,444.1090,621.0980,245.6316,631.5518,246.4656,301.9537,289.9298,647.4279,514.8676,491.8527,680.4905
0.2667,823.1060,999.2533,368.0027,769.1780,503.7123,661.5799,586.8228,652.8689,495.3155,453.5477,624.2336,243.2261,621.4145,245.5424,303.6981,300.6701,652.7075,535.7349,484.6325,691.2739
0.3000,804.3186,1041.4038,378.6130,731.5294,479.7585,657.1801,627.2510,638.0515,504.4306,430.4719,619.7700,241.9953,655.4102,256.6655,309.0290,303.5860,662.6159,515.8969,485.2938,682.2446
0.3333,803.8657,1001.5770,376.5683,775.4688,478.1001,676.0407,633.2460,663.7502,504.1487,446.6174,619.2718,240.2244,631.0372,255.0563,305.7553,293.4469,655.4587,512.4383,486.9654,675.4399
0.3667,804.5425,1210.8524,382.1757,744.1898,489.8482,662.4443,613.7829,645.5188,501.7389,444.0336,615.2506,248.8720,633.3258,253.5141,307.6986,305.0809,663.0150,530.7153,496.5715,662.5048
0.4000,779.6914,1287.1299,372.7018,755.9815,494.0811,666.7316,630.4595,685.9400,490.7337,437.3445,626.5899,238.4041,634.5451,248.1107,300.1250,300.7132,669.6338,502.4554,494.7164,674.6989
0.4333,784.6961,1301.4315,371.2554,779.7698,494.0377,646.3474,619.4034,652.0373,486.3535,434.2097,614.9828,249.9118,634.5360,254.4464,309.1851,293.2511,670.9032,515.6200,469.9301,684.4751
0.4667,810.2911,1285.5587,367.0670,738.4223,492.4111,675.5654,605.4948,652.3695,481.1079,446.0563,605.5618,249.2413,631.2025,252.3205,304.0532,304.9426,664.2764,507.2398,477.7867,686.7580
0.5000,795.4415,1263.8032,368.6060,767.9349,480.6387,653.0112,635.4659,665.4158,506.0767,428.3543,627.7543,241.0062,620.5547,244.4455,304.4166,305.6736,658.2009,514.6947,482.7867,691.5103
0.5333,825.6919,1262.0978,375.3289,748.1608,484.5734,641.4894,599.2198,686.3239,480.6659,432.9464,641.4796,246.1543,634.9130,243.1135,384.2611,291.0417,650.1996,508.1766,489.6503,665.5460
0.5667,831.2573,1223.4827,365.4366,767.0641,482.8035,656.4893,608.1286,672.7583,510.4223,450.0986,631.2085,246.1450,650.9720,250.5206,416.4051,307.1568,675.1065,507.9038,467.1252,701.8219
0.6000,787.4742,1167.3176,365.0939,758.8247,485.6380,658.6588,616.5686,688.6512,490.5953,440.4652,606.9206,245.1399,653.8924,246.7380,443.1945,287.5166,657.4197,503.6763,481.8887,678.4835
0.6333,788.2367,1169.9844,375.0072,747.5076,479.5597,663.0154,606.7098,661.4311,499.4452,437.1286,608.5269,232.5289,642.3344,247.2244,438.2573,294.7936,634.5782,494.1812,489.2539,687.2072
0.6667,809.5482,1121.2176,371.3948,720.4676,470.0781,645.2522,614.7332,653.4613,494.5629,447.0036,609.4974,243.8993,642.4381,243.8714,438.6593,291.8021,656.5226,647.1621,506.1717,660.4061
0.7000,843.2740,1125.6127,370.2463,757.3708,483.7072,670.6405,619.1610,666.5858,503.1097,454.0288,613.5234,246.0353,631.1101,252.9900,437.4886,298.3244,666.9985,690.3253,490.4057,681.3147
0.7333,799.4958,1103.4295,368.8383,755.0090,488.5324,640.6630,593.1242,656.7497,479.5452,434.0994,611.5595,234.2603,640.1637,239.3488,433.2793,276.6951,676.0979,734.7340,484.1789,678.9880
0.7667,819.9442,1108.8381,366.0736,759.1644,491.4928,655.6297,607.0059,654.6516,504.5808,431.1561,628.2810,241.8705,634.3036,247.8624,410.6066,288.0074,634.7583,742.0586,483.7820,674.6964
0.8000,785.4636,1054.0929,369.9429,752.1851,489.6577,634.2983,595.0253,682.6478,494.4822,438.6195,613.6281,248.8928,642.1373,254.6150,417.1144,284.1087,632.8370,725.3526,492.5275,682.1794
0.8333,797.2388,1030.4573,369.8381,742.5718,499.2795,659.2054,624.3020,669.7347,496.0673,439.5061,615.4129,248.7284,649.6062,246.0432,412.1169,300.0563,668.7480,738.4417,492.5266,704.5103
0.8667,819.3757,1011.6087,380.5228,740.2356,487.5867,642.5318,603.2686,663.1942,490.6215,453.3445,617.3914,239.6224,646.3304,246.9124,409.9405,291.8691,642.2983,712.4766,471.7264,688.5418
0.9000,807.6559,1007.9541,377.5729,730.9551,487.8796,673.0996,612.3023,634.6234,488.1057,456.4745,605.5757,316.1181,636.6214,258.5227,401.1618,297.7445,668.6612,697.7597,476.8288,680.4021
0.9333,819.4168,990.9598,366.9460,731.3868,481.0386,640.2332,607.0659,657.7245,518.6574,443.5207,633.0278,337.7961,624.7297,241.0086,388.1061,292.3083,655.7272,705.2091,496.9627,680.9178
0.9667,813.3186,975.4850,366.3973,759.5621,485.3894,659.0346,616.9286,669.3697,501.0972,450.0721,624.0832,357.2300,649.3100,256.2521,388.3223,290.8581,648.6292,697.4516,477.6399,695.0930
1.0000,811.0152,972.1778,374.4507,749.8944,481.5051,663.6199,630.5498,649.5376,489.7092,440.0594,614.2328,354.2222,628.5350,252.9318,386.3847,297.2431,645.5183,682.7504,489.7179,693.1411
1.0333,810.5852,948.7565,371.9059,723.7327,453.8420,664.4612,605.2037,637.0555,496.0172,462.9143,608.6506,346.2680,635.2805,245.7151,382.6132,285.3927,664.3238,671.5079,480.0044,681.0481
1.0667,832.9804,907.1633,381.9583,758.6871,482.7073,646.0660,636.2541,675.0640,511.2405,441.0858,607.3918,358.6629,637.7204,247.6790,381.4306,371.7987,665.9676,659.9180,487.2679,661.8290
1.1000,809.9218,909.9543,364.5465,738.6662,491.8071,642.7045,639.5305,656.2452,489.0782,440.7041,601.6818,351.6228,654.5211,244.1182,374.9879,410.1814,654.7553,660.6406,509.9241,652.6827
1.1333,824.6367,907.0748,375.0692,758.6442,474.6842,653.2161,605.7621,667.4897,508.0092,441.0769,619.1291,343.7446,628.5038,251.6656,368.1776,432.2102,645.9140,650.4720,481.1843,685.3503
1.1667,806.5245,901.4440,362.9873,756.5786,479.1550,673.9546,617.4964,673.2388,502.1339,428.8695,627.0892,338.0462,625.0924,246.5694,364.9494,432.7803,643.7367,639.8128,460.7937,672.5040
1.2000,812.1520,867.7152,377.1761,768.1122,480.3468,637.0474,605.7306,643.8668,511.5625,445.4885,620.9109,325.5788,631.2826,245.4308,359.2031,431.1409,647.8326,616.1368,469.9818,665.8668
1.2333,793.4391,891.3967,373.9683,764.3752,501.2030,665.2255,609.3823,681.8596,504.9137,446.8040,628.2951,332.1070,633.3188,239.2197,358.7860,418.6015,669.6041,629.6986,490.7395,660.5217
1.2667,776.9564,860.5544,378.2803,745.2467,481.4524,670.9375,599.0231,664.4967,486.8660,444.8944,615.4814,318.7865,649.8790,249.5417,346.7700,410.0183,679.6286,605.7735,487.9373,681.9964
1.3000,803.6046,870.8836,372.0058,742.6292,482.9086,647.9637,617.9625,674.2877,488.5587,449.7729,601.3562,315.7420,659.5471,242.8559,360.5655,406.9699,672.6227,601.6389,501.9552,686.4642
1.3333,811.8424,861.7766,376.7312,742.5668,479.2427,675.6669,641.7016,665.6339,485.2175,442.3088,620.8547,301.7427,636.3883,244.4510,347.3838,401.3312,640.2795,622.7495,498.8303,700.3194
1.3667,802.5450,832.3494,373.5213,775.0643,480.1595,639.4700,625.0192,668.2634,482.7019,445.7289,623.8339,302.4347,617.0024,250.2545,352.9903,388.8158,660.1706,591.0784,485.5901,670.7918
1.4000,818.7591,844.1774,372.2949,731.9165,483.7028,652.0704,603.8386,660.3553,502.3952,442.2556,596.2537,300.9317,642.4046,245.9046,342.7381,387.3224,655.6352,594.0982,479.8797,689.7159
1.4333,797.2072,844.7633,381.8845,953.0015,499.9231,656.1620,621.1025,673.0692,490.2297,449.4754,602.2795,309.7232,637.5290,241.8093,345.4540,392.9936,663.2941,584.3897,483.4870,675.9325
1.4667,787.6132,823.2789,380.9718,1057.8185,487.9372,642.2414,603.1333,638.7639,509.1242,416.4809,620.1440,302.0747,640.3294,250.1936,336.9492,381.2373,664.7088,580.8473,493.2583,674.5142
1.5000,786.2238,824.5361,382.0136,1063.1365,470.2171,667.6228,602.1515,653.9787,490.6144,444.9863,603.5783,289.4249,628.1124,250.1684,342.7602,375.5716,830.2318,585.1591,486.8226,678.5247
1.5333,820.1608,792.3127,376.6731,1073.3160,489.7739,662.6311,618.9634,666.2632,486.8089,449.7812,613.8157,295.3387,638.8134,238.3642,337.2333,372.4148,914.7947,570.2837,476.1167,685.1484
1.5667,796.3503,786.5606,370.3126,1058.5411,487.7189,659.9799,615.4922,665.6037,500.4672,452.9711,611.9042,291.2581,635.2178,247.1335,342.3208,362.5707,938.2681,567.5838,479.0184,690.3370
1.6000,809.5829,804.6822,365.9393,1075.3642,486.3677,647.7655,613.8411,673.3789,481.4567,445.0586,614.2548,280.6667,652.0544,241.6035,331.8529,362.0956,939.9699,575.0085,476.5976,685.0769
1.6333,786.7591,766.9097,369.9985,1033.1618,505.3005,645.2396,614.7749,660.4710,507.7997,450.3760,633.0693,297.6614,635.0910,247.0471,334.9387,354.6825,946.4827,566.6753,483.0241,668.7946
1.6667,795.3460,779.8610,364.0975,1017.8115,473.3280,648.4203,624.6852,667.1955,494.7702,451.1540,615.4613,283.5927,634.3923,251.8655,331.6262,353.2802,925.7294,562.0377,472.5704,680.7245
1.7000,808.7191,783.0795,366.7838,1039.9915,482.4699,670.3050,616.6499,663.9463,486.6752,452.3772,629.8816,281.3514,640.3758,247.5889,329.9285,349.4925,935.4569,540.3111,484.6813,697.1382
1.7333,826.1807,790.0141,372.4776,980.1678,484.3078,648.1080,614.3654,648.8352,482.6944,445.4405,610.6232,281.3328,612.6940,246.8054,324.1940,354.8192,901.7452,554.6457,485.8792,692.2371
1.7667,791.7375,796.3659,371.0628,987.5296,473.9575,631.4610,597.1111,653.5141,484.4648,435.0058,600.4257,277.0735,633.3823,241.1393,343.2897,345.5579,902.5990,559.7638,482.2986,682.7152
1.8000,785.4829,786.8769,372.1859,984.2874,476.9220,677.0165,618.0165,671.1772,491.0102,438.9418,620.1031,275.6642,640.5506,235.6765,317.0597,340.4981,882.5213,527.6978,480.7898,700.1864
1.8333,808.3632,750.5077,373.3974,962.3535,476.6040,664.3474,615.0609,650.7923,488.1104,451.7224,651.7240,274.7003,617.8704,249.7286,316.8647,334.0300,887.6094,555.1336,482.6711,658.6331
1.8667,810.9073,760.8604,382.0488,953.1728,490.4628,673.9533,593.2908,660.8970,473.1348,435.7960,611.0748,273.3081,621.6949,251.0341,308.0604,341.6942,851.2963,545.0731,487.3913,672.9891
1.9000,801.4126,768.7523,370.0154,957.0103,474.4415,675.0071,599.7734,664.9318,510.8152,463.7251,592.6233,279.2487,638.7359,247.8162,324.6665,330.7877,835.7037,554.1695,502.6747,664.8963
1.9333,827.7386,753.6624,359.6358,922.7179,491.2058,624.7678,630.5377,664.8115,491.8984,443.3551,614.0864,265.5720,643.0027,251.0485,315.8837,330.8968,800.7219,535.7350,479.4084,661.7544
1.9667,1004.2072,762.9195,373.7053,937.1518,478.7665,647.6721,625.7998,654.5352,501.7899,446.0252,619.9107,260.5115,626.2374,247.4159,311.1190,327.6096,839.6556,573.5569,497.9378,691.8460
2.0000,1114.8714,739.4174,375.2899,925.1307,480.7108,657.1889,600.8847,634.9998,488.2587,443.6386,631.5743,265.3779,649.2137,244.2392,318.8722,327.9586,820.1997,544.6361,480.8114,672.7407
2.0333,1163.3490,737.5353,376.0232,899.0350,462.4177,648.3076,603.9494,662.9466,515.4678,427.0871,601.7590,254.9775,619.9525,250.2498,323.4263,322.4961,820.1022,546.6844,488.6353,682.5057
2.0667,1155.6012,787.8245,389.3543,913.6754,485.8858,638.3248,625.0135,655.4304,499.7090,442.6848,622.3028,262.2304,641.2872,248.9309,322.4234,317.3184,812.9861,547.9785,484.5219,666.6192
2.1000,1167.7422,740.2271,360.9681,882.9643,479.3812,639.2304,610.2910,673.2177,484.3991,446.0281,621.1642,266.7578,653.3907,241.3727,311.7409,312.2297,802.3402,546.8086,461.7244,681.0163
2.1333,1149.2089,743.3541,365.2384,883.2638,472.8670,624.1244,614.9454,679.0564,501.6133,443.5720,638.5163,261.2603,633.7641,324.2205,316.3322,323.6430,781.0607,536.9223,475.6728,681.7737
2.1667,1129.5132,758.7725,373.0338,871.9197,497.4006,664.5335,593.4328,668.9607,497.5336,434.3145,620.5687,250.3870,613.3609,347.2280,324.1306,331.8740,790.1075,520.5767,501.2286,670.3254
2.2000,1155.7439,740.6708,375.2340,861.0590,474.5353,672.8454,616.0399,663.7239,489.9835,439.8785,624.4850,256.2516,640.7593,352.5744,323.8948,310.4959,753.3497,535.9294,480.7077,689.3771
2.2333,1085.1989,758.7212,376.1016,868.3769,478.4052,671.1375,624.4573,666.1469,486.4491,449.3645,633.0794,266.3136,618.5293,363.2705,309.8227,321.8761,754.7595,538.6371,483.8351,699.3755
2.2667,1081.2170,774.5894,382.2913,828.6215,469.2140,646.3546,609.2309,674.0909,482.6527,431.3242,620.1292,260.3720,633.4813,354.7163,317.9437,318.1823,740.8483,533.8793,484.4353,662.6892
2.3000,1078.2720,739.8388,365.8706,843.1693,473.1659,660.4187,619.6216,657.1876,499.6165,454.5506,623.0253,252.1186,814.5595,347.4276,305.0945,313.6607,751.1389,529.1514,480.4360,674.8193
2.3333,1044.1762,778.4847,377.7469,842.8784,482.1343,670.1940,603.4973,668.5150,476.5543,446.8013,600.0103,261.7394,888.4766,342.9646,307.1289,309.6475,766.1699,526.9876,488.5654,696.7181
2.3667,1044.8533,726.7901,371.8245,853.3717,456.1536,650.4230,598.6379,659.3260,497.5595,440.4232,603.9788,252.0980,901.3435,354.2595,320.1758,314.7169,742.5716,535.2100,483.4866,681.2672
2.4000,1043.5397,696.5862,382.3249,845.1108,463.7647,647.6608,628.1697,670.7736,478.1367,439.6189,625.6408,257.2948,912.3388,340.5803,311.6535,310.6177,748.4686,537.0022,485.0442,685.4651
2.4333,1021.2088,735.2347,366.7229,829.0275,484.8680,659.9930,610.6491,669.1115,475.6713,427.3453,611.6285,260.9443,907.0559,326.6929,329.9750,312.9866,722.3116,507.8662,485.6186,704.4816
2.4667,1018.1387,737.2941,370.3794,854.2083,480.0269,657.9825,628.7556,656.8635,488.9362,440.1968,635.7610,261.5295,900.8173,319.2851,312.2957,307.5216,756.6042,517.0804,487.8780,683.8691
2.5000,989.4006,709.3895,368.3147,805.7594,494.5780,635.1381,606.0689,655.7302,489.1232,453.8423,622.7936,256.3275,919.6034,317.7807,311.2193,314.9196,725.7692,520.6233,489.2571,686.1932
2.5333,980.9382,707.0316,366.3569,821.3084,474.3012,645.9119,635.7209,680.5764,488.0824,431.4110,614.5964,258.6389,882.2739,310.8295,306.6961,303.4470,713.8907,530.1281,491.1696,670.2308
2.5667,1006.1302,712.5602,380.6188,820.6136,492.0027,656.9919,610.1251,683.3758,494.2847,451.6154,594.8466,249.6874,854.3889,307.4709,306.8535,295.9916,724.8048,512.0125,488.3823,674.9691
2.6000,973.7577,700.0278,374.4367,797.0938,500.0868,668.6874,614.3291,692.3298,479.7090,424.4716,614.1420,251.4920,833.3878,301.8540,312.3104,305.0237,728.7340,530.7549,489.9614,653.7340
2.6333,972.9293,723.2589,379.6794,792.3316,488.3778,628.9655,623.9187,657.0260,487.8246,442.3177,603.3949,252.0053,852.6850,310.2954,307.9643,299.6303,712.2301,523.3341,494.6047,665.0225
2.6667,938.7925,712.2898,381.1848,812.6100,498.2255,645.9048,608.4138,648.4223,507.6890,442.3384,603.8537,257.5849,849.0243,310.5285,315.2360,304.3273,720.3889,527.3743,480.4210,671.7802
2.7000,937.9388,746.5295,369.6942,798.6876,486.4597,641.0280,601.1036,641.2921,503.5187,439.2637,597.9063,247.5224,846.5115,302.9870,317.9326,301.9035,690.2299,541.7646,506.8776,681.8050
2.7333,952.6639,736.7520,376.6320,818.7897,477.6964,642.0570,613.4573,666.7480,497.2253,447.9795,614.2698,252.3396,821.6083,296.3210,311.5358,305.4290,706.0416,514.7139,477.6014,676.9798
2.7667,928.5388,716.4607,378.8292,793.1009,477.9487,642.6023,633.3214,638.0779,504.2720,436.6415,614.9498,246.0888,837.4525,293.3110,299.5312,304.8511,693.3572,521.7649,488.2559,692.9784
2.8000,900.5870,716.2177,376.8382,792.8975,499.8582,661.4810,620.3273,653.3101,495.0824,444.4513,616.9105,244.2776,800.0920,289.2273,304.5966,301.5482,713.3769,508.9718,496.7857,693.8276
2.8333,899.8120,739.0167,381.5912,816.4961,498.5132,657.7519,627.0521,665.8629,476.3318,446.6367,604.1851,249.9305,782.0170,288.9035,315.1358,303.1903,691.3326,498.1559,493.1182,651.5264
2.8667,907.1895,729.4437,374.9591,776.4723,493.3834,667.4323,616.5278,671.6530,479.2812,442.6989,631.4763,240.8534,771.0342,278.8254,304.1363,304.2866,694.2569,526.3803,500.5975,699.4750
2.9000,927.7568,695.5328,357.1975,793.2808,493.7653,638.7938,594.0115,655.8848,492.7558,448.6849,617.6665,247.2249,766.9014,284.2242,310.8542,296.2208,672.5293,514.8476,488.5897,677.7281
2.9333,905.8968,719.3395,380.1460,805.5466,495.2003,652.8107,614.3774,640.3759,498.8770,443.1693,610.5236,251.6440,765.7469,282.0713,314.5083,307.1694,691.7838,531.8148,494.1744,661.3526
2.9667,880.1476,722.3998,353.9609,788.9789,490.4917,660.3291,610.3447,658.1789,484.8163,454.4761,616.9054,246.1156,752.4358,282.7996,314.6583,300.0508,697.4714,514.5968,475.1792,668.2627
3.0000,887.3152,718.6532,376.5735,779.3458,487.3900,646.2172,610.9320,672.3495,492.9079,443.9562,618.1970,248.8368,725.9515,274.3260,294.6726,286.4453,681.1900,523.4025,479.4319,660.6054
3.0333,884.1343,728.8054,380.3582,800.2012,501.1001,666.8975,620.1460,648.3340,492.6982,441.9293,611.7340,248.5339,728.7028,277.6469,314.4718,303.2285,669.1953,534.1387,469.0079,682.0181
3.0667,852.0904,708.0261,361.2936,758.2613,495.3677,638.4415,620.0315,662.4734,493.4118,442.8530,617.0653,261.4939,743.5702,275.5222,304.2889,301.4229,701.8539,535.7268,489.8255,678.6574
3.1000,874.2828,688.3223,360.5136,779.9654,492.7835,641.9689,609.7793,685.1900,494.4798,446.1511,622.8977,246.2321,758.7205,271.0414,298.0475,298.2209,687.1775,498.5258,490.0415,697.7625
3.1333,865.3930,729.0094,373.6371,768.0876,485.3890,640.2936,638.4160,633.2595,505.7954,447.7666,651.8660,245.2331,727.9155,277.5320,312.9413,294.9385,683.6398,517.8040,479.4301,661.9747
3.1667,864.9622,695.3448,376.4480,782.1363,486.5985,656.5860,623.8744,668.1778,504.8986,438.9990,633.2698,252.0843,733.9525,269.8742,308.0156,297.2189,677.3553,525.6064,479.4745,678.4863
3.2000,849.6340,703.5100,371.9745,773.0706,481.3651,659.0902,622.0023,640.1402,486.1217,467.6128,602.4261,252.4470,726.3419,275.2289,388.4425,300.3299,681.8094,521.1818,492.7052,685.8457
3.2333,866.6910,713.7033,360.8912,768.0152,484.6566,662.1315,616.9368,685.3231,483.0873,455.5605,616.0402,237.6197,718.8786,264.1871,410.4524,287.1830,675.6685,516.1471,494.2388,701.9919
3.2667,851.0152,689.3544,382.7615,788.2484,477.8504,642.5976,637.1528,648.6411,488.7723,451.8561,632.5886,248.2384,701.0710,264.0608,435.9890,296.7576,675.8996,490.7875,487.0066,684.4692
3.3000,842.3451,707.0932,374.9065,777.0531,515.4613,669.3219,616.1448,673.8107,481.6873,456.2082,636.1776,247.9215,716.7767,267.4331,456.0153,293.6681,663.8247,515.8409,505.8216,676.6426
3.3333,881.5722,690.6986,359.7715,780.6373,489.5514,653.7572,642.0585,652.6386,473.9024,449.0880,619.9091,248.9953,690.6013,265.4885,428.8821,298.9413,657.3847,517.7189,487.1525,675.7195
3.3667,843.3435,696.1931,376.9035,785.5246,468.9583,657.3981,635.5794,661.6749,505.2482,444.8433,599.4260,242.6854,654.5258,259.0573,426.2500,306.9690,684.8205,501.7174,487.2796,690.2940
3.4000,825.0142,691.2200,350.8885,747.7367,495.1608,658.4850,611.5104,643.3960,504.8803,453.0127,621.1003,247.5077,713.8238,267.3622,427.2249,292.6180,682.0917,503.8389,482.6200,688.2632
3.4333,864.0122,688.4288,374.3620,767.0464,476.5147,664.8362,605.3030,640.1694,496.7881,453.8154,614.2906,248.8250,698.5075,259.9599,422.4039,301.0793,664.2371,500.8210,487.8481,675.5283
3.4667,864.8373,717.7324,356.1240,767.5280,471.0000,660.3078,612.8273,660.0067,489.7337,458.7684,625.6965,253.6228,709.5348,267.7275,416.6238,302.5796,683.4303,525.5360,492.7827,677.0351
3.5000,824.7186,715.3780,374.1952,782.1774,470.5304,636.2447,623.7740,665.1376,510.8356,445.4893,601.7992,241.4372,684.4426,269.0910,412.3806,297.2031,669.8324,507.3893,488.9647,680.4792
3.5333,831.2102,707.2223,372.7394,741.8714,494.9947,660.7244,585.0433,661.7425,494.5737,452.0904,641.1993,249.1403,710.4043,257.6155,388.6372,304.6628,648.2693,515.8467,486.7775,662.8670
3.5667,833.3622,697.0289,379.3632,776.3582,458.5159,655.0453,627.2638,652.8330,476.3748,442.8087,621.0971,250.9756,675.3800,254.7193,392.2167,298.8060,678.4517,523.7510,501.4862,666.8696
3.6000,827.9712,687.6747,371.8820,786.8453,482.8001,679.7364,623.6913,674.0827,487.4986,452.9199,617.3485,247.5343,674.8018,257.1446,394.2494,296.2804,654.9967,502.5340,472.9825,671.8543
3.6333,810.5432,668.6300,366.7872,761.1036,460.3243,664.5066,634.7355,664.0363,498.5483,446.1506,625.5169,251.4443,675.8615,256.2983,388.0855,296.2802,657.1311,514.1256,499.5926,662.9257
3.6667,813.7872,696.7475,360.5053,777.9807,484.9788,671.1057,614.6780,651.1257,467.1264,454.2159,599.8823,235.9540,688.5183,264.0790,374.4155,289.1226,676.5708,491.2790,492.8525,663.7994
3.7000,863.6933,700.2156,362.5020,764.5526,510.1764,648.4222,616.0528,670.9120,500.7897,428.9545,631.0843,247.1808,675.1008,243.5514,382.0693,286.5022,671.5739,500.9760,502.9736,696.4540
3.7333,818.2789,709.5472,377.2130,775.9628,492.2048,645.1919,617.5452,656.6696,477.6945,425.6503,612.1730,237.5745,678.3750,253.6641,381.4417,290.1561,625.1865,516.3117,489.0568,677.3894
3.7667,818.1229,718.6294,371.0386,782.0386,488.7875,672.5333,630.4311,669.0188,495.8344,457.1287,609.3369,244.1792,664.4706,252.7805,372.2097,294.3321,669.5396,503.4963,476.5779,705.3524
3.8000,837.6669,704.2115,374.0867,772.9945,486.6923,641.5200,616.3439,656.9477,488.9513,448.8176,632.5849,243.5414,664.1836,260.1293,367.8380,290.4169,663.5124,510.8354,494.6562,696.0149
3.8333,816.3639,706.0602,371.8435,792.9632,485.7118,663.7454,606.7929,661.2849,489.0597,458.2435,608.0704,243.2793,668.3775,257.7604,363.5091,283.6788,656.9672,520.3492,502.0135,692.0622
3.8667,812.1305,695.7822,361.4103,754.2677,478.9787,638.1445,599.6869,660.5055,495.6807,455.8233,616.2987,255.3069,642.5210,251.5681,364.6466,299.5472,665.6021,506.1841,481.1846,670.4404
3.9000,804.9703,702.5976,370.8847,779.7074,471.2487,657.8415,621.3604,660.4335,495.9052,455.3272,626.2203,251.1753,666.2304,256.6661,365.0598,283.6985,680.0186,520.7566,484.9251,671.9159
3.9333,829.1354,712.4657,366.0535,800.6472,498.3092,651.6704,613.3032,665.7081,494.2520,451.7268,614.9131,243.6585,641.8928,249.1248,352.7724,291.8090,664.3897,500.1449,485.1155,689.6067
3.9667,822.8621,691.2779,354.9793,760.9408,477.7927,669.1639,606.3328,674.9506,487.3614,467.0890,605.3250,252.3976,638.5331,255.6902,348.9417,293.1253,661.4220,513.2983,482.0045,674.6144
4.0000,836.5431,703.9517,375.6028,760.8152,489.4566,675.2826,642.1017,656.3024,480.6812,442.7767,634.9753,245.4124,660.6338,253.1669,348.7296,295.0199,669.9913,529.9092,487.8192,659.8151
4.0333,810.8904,705.6740,365.3350,759.5468,477.0126,636.0546,628.7089,668.3636,494.6641,439.1949,787.9301,245.2585,641.8036,255.1631,344.1599,300.7927,654.8366,483.2614,497.0248,671.1901
4.0667,837.6535,691.0575,366.7959,749.7215,492.8905,641.3231,605.4798,635.3590,487.0738,447.9899,860.7861,242.8538,664.7597,259.8583,343.5879,295.2638,652.7069,509.3686,478.0832,657.2288
4.1000,818.4374,688.5974,373.9553,744.4612,493.1017,665.8945,604.7789,648.4348,481.4340,466.7394,893.3530,248.5239,668.8690,247.0874,339.6975,297.0663,639.6970,516.8663,490.3805,686.8127
4.1333,806.7413,724.4699,367.5051,794.8787,480.3121,661.5880,637.2754,702.0039,503.7032,442.8175,902.7072,246.4800,662.0883,239.7418,340.6314,288.7362,648.7350,498.5211,496.4289,673.8604
4.1667,821.7866,716.3028,368.1187,755.5698,466.7182,675.3811,641.6118,656.5899,492.1389,455.2181,877.2547,242.8901,631.2279,250.7182,340.3063,292.3650,641.9449,498.9429,473.5639,672.0113
4.2000,819.3172,699.6797,381.8006,780.0047,485.4437,676.9911,617.4461,648.2999,493.5118,443.6639,864.5914,243.8213,650.7300,235.1720,344.9219,290.3100,639.8674,501.4876,487.0862,685.9555
4.2333,817.5005,704.0562,371.4226,778.8076,486.0247,639.7695,631.0986,655.3074,489.4997,451.2076,892.5396,245.0047,646.6325,240.4108,331.3792,293.8650,643.6528,506.2228,474.4152,686.3830
4.2667,800.3883,716.0393,376.3564,778.7603,478.6147,649.1724,611.6946,658.9972,485.8915,445.3799,848.6146,248.6763,637.7070,254.4728,326.5757,287.9280,641.9320,504.4710,468.9756,671.9151
4.3000,810.2265,690.0854,348.6251,738.2619,479.5883,641.4540,628.1004,658.2182,480.1667,439.7957,848.0783,248.2671,629.2141,243.4138,331.7661,290.3080,652.6438,497.2300,489.4223,685.9796
4.3333,808.1136,704.1009,369.3340,753.1430,491.4923,645.5178,612.2804,664.6041,492.1259,439.0294,827.9736,246.2854,632.5842,247.0134,328.6343,289.4517,678.2352,509.1309,466.4401,689.3686
4.3667,822.3887,716.8288,372.6493,769.3131,470.7781,647.8513,617.6289,659.9896,499.6467,447.5085,821.5037,242.0381,655.8288,257.6043,325.0266,293.7104,836.3882,525.1715,497.9416,664.2644
4.4000,830.6824,692.6101,366.3685,761.3413,480.3018,661.4711,611.0921,654.6633,491.4517,443.4990,963.7607,249.0537,635.4148,246.5724,329.8850,283.4193,907.6669,502.4422,487.9590,684.5082
4.4333,822.9406,707.7801,379.0493,763.2107,500.8948,659.1678,614.3681,658.0075,492.4181,455.5371,1033.8464,240.6553,649.1047,244.4544,320.8807,293.3746,930.1463,499.2223,498.5623,674.3525
4.4667,821.1061,676.2851,360.9781,755.8982,493.5885,637.8512,618.0847,672.5879,485.7937,439.2140,1075.0235,241.0875,637.1217,247.2769,331.7547,279.1872,937.6388,504.1103,480.5043,692.0690
4.5000,826.3562,705.5257,372.9027,741.9957,487.2697,675.5579,612.7017,654.0858,490.5915,456.3694,1051.3362,240.1217,632.8155,249.1455,329.1430,293.4286,943.3590,519.9118,496.0924,690.4364
4.5333,827.9711,702.6541,366.8080,764.6000,465.4517,639.9058,622.2140,668.4628,490.0094,452.2360,1056.3386,239.8080,644.7280,247.3575,320.6124,282.4686,932.6401,503.5476,481.2024,685.5885
4.5667,801.6316,732.0406,358.1900,754.3472,498.7959,642.3819,630.3038,658.7569,484.4236,466.9319,1049.6689,250.6193,621.9971,247.5753,324.6073,307.1125,911.1484,502.6540,501.2327,666.4831
4.6000,788.8175,707.7532,368.4110,732.4743,488.4542,651.2830,632.5478,649.1300,512.8706,441.6878,1015.7176,235.3147,648.4826,244.0454,318.8070,290.3188,900.4345,499.6936,493.9420,661.3013
4.6333,809.6253,697.7327,365.8416,756.8977,475.4445,657.2708,611.6608,633.5970,496.0081,449.7849,1004.2669,250.8923,639.9963,240.3303,310.1111,302.2599,879.8748,507.4548,493.1049,683.2603
4.6667,830.8224,712.1837,374.3712,744.9738,481.2517,650.6171,635.7628,665.7808,487.7257,462.1226,981.9835,241.6757,645.8657,247.0312,320.1334,290.7245,883.3634,498.8448,477.5194,655.5293
4.7000,786.2989,707.6605,367.4692,781.2618,485.6491,655.6232,622.7412,656.7459,483.9204,450.8043,938.2435,241.4175,643.2795,251.6647,329.4545,290.6933,893.9025,499.9014,487.5945,704.2606
4.7333,790.6892,690.5205,376.4450,736.4553,483.0334,656.9888,621.1689,671.2417,487.3434,455.2105,915.0915,244.4560,646.7960,252.7597,313.3300,291.7499,867.1474,504.9604,494.5108,689.8614
4.7667,806.6644,704.6065,361.4053,748.2484,482.7316,665.6547,607.5105,663.8896,480.6797,457.0651,932.5814,231.0042,636.9356,244.5893,322.8676,281.9950,843.5842,511.1605,480.7283,684.6651
4.8000,796.5137,732.5596,366.0917,766.8844,492.7686,635.6932,624.4136,671.9957,483.8204,450.1948,904.6710,251.1380,624.6813,248.5824,328.7195,286.3982,851.4623,501.7383,487.1308,671.1493
4.8333,820.9462,710.7174,352.6631,747.9200,476.2311,660.8124,629.3354,672.0005,495.8207,453.3457,895.2807,249.4410,660.8277,253.1702,319.6793,289.1790,830.4357,492.2661,472.2652,672.5585
4.8667,806.0407,682.6645,373.7837,787.5714,473.9940,647.8728,612.7965,664.6156,480.9422,446.8335,869.2595,247.6452,649.7087,242.7563,307.9166,287.9046,835.3240,518.0208,479.1240,699.6803
4.9000,817.9689,700.9353,353.7607,761.0527,486.7459,650.4967,617.1528,676.4850,497.0121,447.3060,859.7161,239.4887,646.0757,248.1934,325.1320,302.7667,816.5834,517.9875,480.8780,671.6353
4.9333,805.7899,710.0483,378.3740,761.5593,487.1688,644.8442,614.2685,656.9194,476.8866,435.4053,846.2518,249.5622,646.9279,249.4747,309.1955,281.9802,813.9731,520.9932,486.4049,681.6153
4.9667,807.4136,703.0791,367.9974,768.4980,484.6445,627.7032,619.8718,683.2041,477.0177,446.6852,836.9143,247.7348,615.1882,258.0798,318.7375,284.9316,786.5718,510.7082,484.2122,696.5975
5.0000,782.0214,725.2780,362.0473,799.8182,505.7364,649.5890,616.2544,657.1566,501.5960,449.3717,807.9670,246.8496,617.8328,249.3014,313.4035,284.9624,772.4268,493.4209,475.0924,664.1018
5.0333,790.4382,698.3956,372.4187,768.9886,471.7767,664.2902,621.5517,661.3574,502.2350,442.0424,803.4773,248.7201,653.8105,245.5816,309.1933,290.5815,772.8775,526.7518,502.7126,705.0388
5.0667,769.2823,728.2974,369.6939,770.4177,501.7036,667.0749,612.5551,679.4807,501.6725,458.7158,804.0859,250.2635,611.7171,253.1761,321.9635,292.8935,766.4590,503.9526,495.6656,670.3101
5.1000,788.2828,695.5766,353.7913,765.0989,488.5380,659.1062,622.6870,676.4685,495.2545,442.7488,803.5879,250.8696,625.4212,243.7234,309.6140,293.1189,763.6510,520.6776,496.8514,679.9956
5.1333,1450.3029,1102.0069,373.5008,758.6626,492.4044,642.6148,1036.0297,665.0595,488.4911,466.8477,787.9016,252.4698,651.1822,241.6322,311.0030,366.9708,758.6439,502.4198,479.5973,691.6287
5.1667,1748.6009,1290.6407,382.7365,1289.7060,489.8863,647.1795,1231.3837,669.8718,489.6972,454.3415,772.1943,249.5735,634.0753,241.1071,313.2745,396.2299,747.0961,508.0548,493.6852,678.1242
5.2000,1828.9074,1313.3025,354.1927,1490.9183,737.1519,629.2393,1289.8960,687.3226,508.4645,443.4539,775.8163,246.4941,632.4001,242.7730,307.1181,420.6541,744.7361,496.5400,497.6012,706.8587
5.2333,1894.3543,1334.9008,369.2184,1556.5225,819.5885,1131.7012,1316.5031,1156.8620,492.6482,447.1379,758.5628,248.9449,636.7322,250.5690,309.2826,412.8413,763.8576,500.0527,480.3637,659.8744
5.2667,1864.3059,1343.3876,377.8695,1558.1392,851.4698,1340.8948,1315.9771,1407.3709,499.7286,427.9106,753.3760,242.2823,629.9580,247.7900,307.5862,420.4999,740.7667,513.1978,490.2835,683.9845
5.3000,1789.6973,1333.3480,365.1789,1562.1199,878.9832,1427.6331,1250.1530,1497.8483,484.7933,449.7784,724.6947,249.0815,618.9568,237.6958,304.1833,411.8710,737.2348,508.3346,486.9847,686.9722
5.3333,1730.6602,1274.3948,352.9868,1530.8052,860.7416,1427.5788,1228.0735,1489.4448,481.2861,456.0887,756.6398,245.0983,616.0676,251.9002,308.7534,409.3046,725.9827,499.3865,494.6548,677.1274
5.3667,1686.5983,1263.4042,368.1450,1471.6003,865.1094,1425.4867,1213.5618,1491.2650,479.0241,461.4651,718.9407,247.5183,633.5103,242.3915,318.6076,404.0968,727.8600,505.2086,483.3052,675.0887
5.4000,1669.6780,1209.9357,373.8505,1440.7821,832.8018,1402.0715,1184.1115,1447.4392,488.2996,440.9337,706.6663,240.1655,634.2005,248.8402,310.6209,398.8353,712.3080,500.1370,493.4147,674.5089
5.4333,1599.0792,1206.8475,360.8504,1397.8044,810.5237,1363.4758,1156.0649,1416.0177,508.3829,443.8908,712.2806,246.0263,644.3565,245.2814,308.8880,397.2904,690.9679,504.2032,462.3751,692.5206
5.4667,1570.2531,1195.3632,349.0882,1398.0476,788.7448,1323.7437,1133.4259,1363.8941,497.7485,445.0409,879.4707,243.6308,632.3940,243.6806,306.5862,381.3963,698.6980,508.1426,489.3655,670.6124
5.5000,1542.0652,1143.0387,352.8551,1349.8062,780.0081,1281.4848,1095.3707,1362.0606,496.2779,443.5342,943.6747,248.7334,608.6845,249.3259,311.6558,375.1551,721.9194,506.9185,492.0672,690.5396
5.5333,1499.6625,1116.7220,356.7584,1301.3380,780.0548,1225.9991,1053.6923,1314.6355,501.2068,449.4013,985.6240,247.3370,617.6047,242.0242,302.6828,375.2275,715.4084,503.7014,484.5059,667.3969
5.5667,1467.5671,1119.6061,374.0952,1279.0712,743.8431,1195.3610,1061.5085,1257.5320,484.5492,447.2768,982.0723,246.0692,633.2721,234.6276,310.7624,371.2755,723.2623,501.8848,488.5416,695.0700
5.6000,1399.6464,1089.4531,361.6322,1268.7369,729.3083,1157.2804,1024.4276,1213.5558,479.4387,462.4714,971.5991,251.1621,638.7321,247.7513,316.1896,372.0032,703.6742,506.0358,492.6489,689.0292
5.6333,1397.0823,1073.4952,364.8174,1220.2913,714.3369,1159.8888,1000.8287,1205.7134,480.3083,434.4769,952.7866,241.8605,655.4225,243.6518,318.4266,358.8980,690.1083,486.4845,494.4613,671.6851
5.6667,1365.7381,1056.9671,370.2218,1197.0524,714.5029,1125.7295,966.4748,1360.6012,484.9238,456.6403,930.2783,245.2476,627.0913,314.4340,305.8816,354.1381,681.0678,487.6789,494.4074,645.4106
5.7000,1339.7224,1020.3003,351.3827,1184.8299,686.0618,1119.9661,967.8695,1396.3412,475.8612,448.5973,929.0136,249.7155,637.0781,330.9720,309.8083,344.3768,696.7009,509.7211,484.9431,665.0492
5.7333,1309.2320,1019.0103,364.8059,1168.7546,671.6045,1094.4722,948.4367,1411.5798,481.7800,450.2872,887.7773,247.1172,635.3419,346.0005,315.3453,356.6940,690.8845,512.6598,478.8424,686.3021
5.7667,1248.6771,1014.5335,363.6268,1128.6965,680.9014,1060.4014,928.2596,1397.9517,482.6093,586.5433,896.4303,243.7571,648.3444,349.4503,308.3328,351.9809,667.8071,500.5656,483.0383,690.7244
5.8000,1204.5052,967.5949,367.0044,1094.4927,674.5453,1015.3258,896.9977,1372.0266,503.5795,628.0812,875.0080,236.7256,617.5641,355.2187,311.9913,337.3905,666.2938,515.6272,498.0838,680.5683
5.8333,1225.2236,971.3232,365.8333,1118.4786,650.8604,1020.8623,910.4192,1330.0920,500.0643,636.0605,843.9957,241.6601,617.7399,352.3903,319.4821,350.2941,680.6855,509.7800,485.6805,671.9224
5.8667,1222.0589,938.5895,362.1537,1084.1810,646.0540,966.5859,872.4107,1298.6198,471.9439,652.7104,849.4078,251.9447,625.8809,345.0666,310.6855,334.4865,690.3237,504.1806,466.4597,668.7451
5.9000,1162.6063,952.6543,362.4975,1075.4831,646.2917,964.3227,871.3462,1276.0994,487.5678,651.7884,857.9705,247.1778,680.0678,336.8522,311.7761,336.4893,673.3249,495.6109,491.0684,699.3999
5.9333,1141.9823,927.5171,366.5193,1049.6586,628.5850,965.0861,868.0646,1237.5601,492.8155,630.6446,809.6958,247.2628,631.4515,332.2967,306.5297,334.7420,680.7684,514.8969,481.4304,688.9662
5.9667,1137.9138,889.0480,360.9696,1032.4054,620.7374,950.9631,834.1385,1182.5877,482.2126,615.9025,818.1533,250.1326,652.6822,329.8795,305.4093,324.0154,667.8316,519.1456,490.0612,684.8130
6.0000,1134.1227,899.4501,377.8051,1027.2045,608.6934,936.4643,825.2246,1152.0276,490.5246,639.0756,807.0750,237.4875,638.1361,317.5727,302.4830,319.2848,659.9196,509.6225,619.3154,657.3114
6.0333,1111.2507,878.6751,375.7678,1011.9775,608.4571,916.8291,825.6949,1126.1067,490.3754,600.9810,792.7829,241.4794,634.7974,320.2327,306.4106,321.0530,683.7552,504.0957,686.5041,717.2430
6.0667,1064.2383,888.4286,370.6356,1001.4401,601.0410,872.4058,821.0271,1111.4783,491.2585,598.8425,779.1716,250.8328,646.2355,313.3177,317.6636,325.7247,669.7885,494.0714,708.7446,675.0359
6.1000,1060.6926,864.6436,364.6837,996.1042,587.6244,873.0448,812.0785,1092.4511,495.9093,610.9479,791.6974,241.6388,612.0835,309.7597,306.0409,322.4896,669.1161,504.0056,689.6378,679.7321
6.1333,1043.9737,856.6018,364.8119,959.9704,599.1752,868.9314,773.2201,1067.0432,483.5938,579.5999,778.8338,250.3977,633.0738,315.4287,301.7672,325.8173,643.2280,494.8078,696.5539,689.9835
6.1667,1048.2723,859.3425,373.1460,955.9024,602.0808,835.6309,789.0388,1049.4292,497.4919,588.6462,764.8351,246.4580,641.3071,295.8441,316.9245,312.8321,659.9230,518.0090,701.7678,671.2248
6.2000,1038.0521,835.3027,367.2646,939.5109,563.5914,850.0006,777.0733,1012.0468,478.3312,583.1810,767.6923,248.2817,629.5283,300.3255,307.5773,312.0565,673.2140,498.8580,672.5024,703.1249
6.2333,999.4604,795.1552,360.0718,931.8591,569.8930,829.0860,743.4632,1019.1038,494.1199,563.5976,737.6938,259.7921,622.3531,292.3210,310.1694,322.4187,642.4774,511.6381,667.9922,681.3807
6.2667,988.8657,819.6065,368.8821,889.8240,575.8560,842.4279,742.6190,993.5658,491.4205,570.6828,729.2530,252.2781,635.4622,294.2822,308.8284,319.0967,679.1485,501.6326,668.0665,685.9457
6.3000,995.2919,812.1454,369.3216,892.6857,562.7395,812.4551,747.9586,970.7440,473.0194,554.1618,740.6951,246.5441,619.0710,290.3516,309.1501,308.0069,693.4885,509.5924,641.6923,698.6158
6.3333,976.6852,836.2265,369.0796,923.6640,559.9243,822.0882,747.9749,944.3168,498.8889,535.0464,716.2660,248.6646,617.4270,291.5998,303.9768,301.4898,653.0242,497.6062,650.9179,687.9006
6.3667,957.9171,784.8162,358.8227,887.2946,564.6935,833.4006,759.2414,916.7009,465.6494,531.8516,720.3860,244.7250,645.1239,288.6949,306.9786,301.6156,681.2702,495.7779,633.4214,690.1605
6.4000,953.5672,828.3104,357.9671,884.5627,534.9072,790.2646,739.5928,950.8008,492.5433,536.2616,697.1610,253.4852,652.5602,290.3691,306.8957,311.9009,666.7290,510.9559,635.0448,670.7290
6.4333,961.5143,799.4495,361.3623,896.0151,547.4459,783.6876,736.6913,905.3752,497.0683,542.2986,727.1490,247.8708,652.0157,278.3575,316.8934,309.6840,659.4087,518.7437,630.4656,692.5469
6.4667,937.8040,798.2219,358.6102,861.5039,549.2617,791.2834,719.0382,889.1910,476.1275,531.4403,692.4829,242.8006,649.6738,284.1373,302.3311,314.4929,662.9856,503.9346,630.8533,687.9729
6.5000,933.5183,785.0590,356.2774,907.2121,545.1718,752.4336,720.5118,859.8770,466.8422,522.1252,710.1527,241.9402,646.5694,285.5019,298.9295,306.7983,653.7607,506.3640,600.4050,685.3597
6.5333,915.5043,780.3180,372.1370,895.5810,520.0849,789.6233,725.1530,879.8378,474.1025,515.1682,705.8225,246.7025,636.5631,272.3178,302.8341,306.6645,650.5767,483.8984,604.7978,701.5202
6.5667,930.2390,770.3226,363.3282,832.7584,534.5864,739.4767,702.3633,863.7392,508.0627,523.9226,684.5868,242.8214,612.5350,277.2475,296.7458,295.7771,656.5071,522.6082,612.3352,685.3340
6.6000,905.6741,803.6945,363.7985,877.9182,535.5973,744.2213,693.6320,867.9897,484.9424,519.3750,680.3963,236.3090,605.3690,276.9084,300.3486,303.5447,652.4710,495.0846,599.3182,669.2108
6.6333,911.7578,760.6287,365.1840,869.2936,540.1028,751.8219,697.2008,824.6356,492.6446,500.5324,673.7191,248.7608,645.4198,268.0789,313.5082,305.9093,663.6383,473.6106,601.0406,671.0423
6.6667,904.2013,773.7384,350.2504,865.3057,512.0485,730.1316,687.7032,793.0960,490.5534,521.6915,672.6383,245.7453,639.7764,264.2285,307.1390,304.6789,682.7815,493.5834,573.0577,678.8233
6.7000,889.5310,766.4790,370.0322,822.9638,518.7571,744.7332,672.9158,823.1901,487.3333,509.3342,672.6882,245.7324,642.3487,271.6238,302.8990,297.6355,630.9514,507.6038,563.7343,683.9027
6.7333,876.9532,760.8998,363.9097,837.3063,550.4148,745.3953,668.1315,818.3917,489.9434,510.8722,674.2861,237.9266,631.8164,273.3553,309.3912,299.0056,668.7260,497.8288,559.4892,678.5020
6.7667,883.9217,771.7055,357.7180,842.9449,542.5232,729.7871,698.0296,804.6576,490.0663,504.1975,673.0610,243.8746,640.8496,264.1820,289.9063,295.0939,668.6479,492.9247,565.6314,693.0798
6.8000,875.3686,762.2992,362.7358,831.3331,515.1445,732.8142,665.8355,779.2468,491.2273,481.5128,654.9915,247.9037,619.1578,267.0406,306.1778,302.5356,668.6302,497.1633,555.1001,668.7806
6.8333,891.8625,726.3243,371.9755,836.2013,532.2174,719.4296,669.6322,797.7944,482.5234,493.6321,660.3050,237.1557,623.9867,254.7221,300.1910,287.5935,668.1750,497.9429,562.5844,693.1159
6.8667,857.7533,724.9309,364.1647,828.1756,514.3524,723.1608,668.9789,759.3924,486.7381,495.1863,654.8242,254.3533,634.0336,261.3578,315.4782,294.1344,646.9470,510.6049,545.6933,718.7516
6.9000,879.2807,739.1817,376.0137,842.8443,528.7560,691.7856,662.4217,767.3069,493.3931,499.6462,658.0827,245.1714,638.4838,261.7011,310.6386,291.7792,666.5713,511.6319,545.3792,695.2564
6.9333,882.5759,764.5293,375.5346,795.8129,506.1055,721.1653,652.8137,765.3037,480.1998,485.7670,659.3768,252.0213,635.3065,252.7630,306.0108,295.0515,653.6202,504.3927,538.7245,676.4951
6.9667,870.0939,769.6414,377.2496,831.4434,509.9774,712.9324,674.6789,766.4458,468.5955,475.4644,652.5988,249.3300,637.3866,258.5838,296.6632,292.5045,624.2308,503.3834,540.3247,666.1503
7.0000,867.9820,734.7773,369.2866,829.1510,520.0864,689.5391,668.4955,772.5937,488.2396,475.1800,661.7625,244.9902,612.6057,257.3378,312.7516,299.1484,633.9199,502.1631,525.3312,673.8771
7.0333,848.7530,738.9244,370.7350,836.6477,503.6142,671.1487,669.4824,751.6130,467.8507,465.9862,654.7771,241.3155,614.3758,253.5316,296.8565,285.4555,661.4791,504.8631,535.3111,678.9969
7.0667,856.9062,719.8578,352.2041,779.8194,497.5323,686.1987,673.4780,746.2333,493.1795,495.7706,642.0516,245.2476,641.8976,257.4499,303.4495,285.6113,634.5477,515.6269,540.8357,666.7249
7.1000,854.0732,739.2307,362.1237,779.0089,500.4327,704.0308,669.5807,731.2584,482.3775,483.4345,636.9429,247.3672,619.7751,250.4341,301.4088,286.2078,652.9030,518.2046,539.0091,677.8500
7.1333,818.2211,737.1721,372.7569,794.8051,501.9500,669.7101,649.3019,758.2938,484.6036,487.3149,647.3892,248.5269,634.8890,251.3451,297.9044,289.8899,675.2519,495.6090,532.5154,715.5474
7.1667,836.1196,722.0672,368.9680,815.0647,500.1469,661.5522,666.2559,744.9419,491.5547,484.9580,634.9486,243.4019,632.4833,254.6306,305.4843,294.3936,669.0493,500.0767,524.4379,700.9048
7.2000,819.4952,728.0565,348.9016,791.9903,508.1660,683.4980,649.6414,722.2703,481.2752,476.1554,648.2125,249.0003,642.2026,254.8570,302.1600,305.6001,664.9861,505.5974,509.6754,690.8041
7.2333,806.6575,735.3067,363.3103,827.0610,507.6526,665.9008,676.4602,715.2434,468.1799,476.4268,652.9131,245.8542,627.8796,246.5573,296.1676,295.8980,656.2514,507.3788,510.3392,670.9462
7.2667,833.8208,751.7435,361.1415,782.2644,498.7091,675.0366,642.8223,722.1499,490.7524,469.5541,644.4582,249.8043,632.8026,257.2664,297.8615,288.1009,638.9271,491.5732,516.8050,685.9814
7.3000,839.0554,753.5974,367.5428,805.6469,509.4358,675.7884,650.7122,723.5229,499.8124,459.5220,626.9453,242.2363,631.9667,247.0550,302.8847,298.7695,640.0211,513.1420,521.3568,684.0097
7.3333,819.3997,762.1102,361.2761,799.8929,488.7273,674.4821,632.9572,724.3672,501.4605,486.1100,651.6935,248.6600,624.1137,253.5638,306.1890,297.0163,671.7339,489.9991,510.4752,677.8952
7.3667,836.3722,714.3711,362.4233,810.7231,512.9057,667.2975,649.4338,708.7640,486.4564,466.4018,622.7813,241.7701,640.2014,250.3619,308.1878,297.9490,653.2807,497.5751,528.9189,662.3952
7.4000,835.4146,690.0990,365.2640,798.3007,513.4881,679.8100,661.3833,689.0097,478.1715,478.1362,656.5352,248.8755,636.6963,254.0649,311.7851,294.1778,657.5190,502.7478,516.7928,668.2745
7.4333,826.1110,722.6797,363.9259,781.7180,501.8488,668.6337,670.2259,684.7827,490.8736,467.7433,631.5758,237.3529,638.4826,244.1155,299.3771,299.7082,642.5341,490.2479,521.4302,700.5444
7.4667,815.0382,703.7893,367.6892,754.2037,501.7429,658.2891,629.7313,711.0429,467.8385,463.7344,640.5558,244.0809,597.9995,251.0017,313.8606,296.9431,633.9629,506.7323,515.2753,673.3927
7.5000,832.1577,726.8218,356.2386,787.9119,481.6486,660.0808,648.1836,695.9036,498.8648,457.2263,632.4473,251.6444,612.8621,252.3469,300.1766,287.9883,670.7066,513.9294,511.0226,690.8668
7.5333,848.1229,713.5526,365.8956,818.1034,498.0392,679.8247,648.4445,692.6215,472.2918,467.4629,624.2763,241.3301,631.9015,253.8662,312.7441,294.4612,645.0208,504.7544,509.2776,664.9276
7.5667,785.7970,707.0316,367.3900,779.1615,498.5786,680.7418,642.7568,722.4631,478.3890,459.0960,622.2373,241.3904,624.5479,249.2623,303.9395,294.3600,652.6463,505.2951,501.2130,688.5146
7.6000,828.8839,716.2070,356.5715,785.2391,503.6981,665.0078,650.6287,704.0678,495.7041,457.0809,622.7176,240.1416,654.7873,250.0412,304.1520,289.6653,644.1617,516.0754,515.5927,685.8244
7.6333,797.5067,731.1672,364.1588,799.5028,517.7956,682.5926,635.5152,687.0718,478.6256,479.2568,613.2101,247.9749,630.1489,251.4256,310.8072,296.3837,664.5533,520.1654,516.1340,673.6550
7.6667,828.2979,721.1251,373.3665,769.3178,483.3618,675.1833,624.7286,689.1774,492.3246,449.5743,626.1363,242.0080,636.6938,242.8262,307.9239,300.6533,649.4128,489.4942,507.3782,684.2302
7.7000,829.5410,714.7724,367.3697,786.9353,487.4605,670.2815,632.7959,704.3410,485.5845,458.9861,610.4547,238.2838,620.7932,246.4949,299.3317,289.4781,644.8265,505.7823,497.0686,682.9201
7.7333,806.1056,702.2615,367.3712,796.1351,492.4867,672.7934,655.4952,685.0998,469.4361,456.2242,620.0067,244.1761,784.2769,250.5909,304.7881,283.8608,654.2662,505.0982,522.9203,686.3101
7.7667,804.6540,697.4212,356.3869,773.5962,485.6350,669.7714,634.1460,678.5470,477.8976,475.8289,628.2886,245.1293,880.1023,248.7981,301.3015,284.5460,627.4366,511.6658,517.5418,665.7243
7.8000,810.2905,718.5693,375.5104,791.7927,500.4292,670.9849,652.6940,686.6441,471.9409,453.9648,640.8779,239.8877,902.5714,246.8168,309.1042,294.1566,649.0400,517.1760,506.9832,682.9784
7.8333,811.5925,706.7839,357.0533,783.8171,488.2308,655.8584,646.5886,695.4644,623.2477,445.1251,639.1569,232.4366,922.2126,248.8490,322.7008,289.4201,634.4146,510.2525,510.9479,645.1768
7.8667,805.5654,697.9488,364.7476,779.9454,500.6846,685.9117,602.2838,669.0636,697.6085,456.8437,609.5926,247.0356,915.3157,246.4968,295.0507,290.4065,639.8203,497.1247,498.7009,675.7660
7.9000,826.1575,719.6363,360.0708,794.9315,481.9497,631.8287,626.1811,685.2490,709.9689,457.3334,620.0385,249.1276,889.6195,311.2108,307.8950,276.5026,648.5230,521.9345,510.0843,657.9982
7.9333,782.0831,711.2137,362.9322,742.0016,486.1943,658.8626,641.6087,686.6479,704.3272,464.6281,659.8821,250.9240,897.5328,338.7447,305.0361,284.3198,643.9243,511.1289,500.4417,676.1018
7.9667,798.3521,706.7441,374.2983,777.4861,507.9122,654.9417,642.1942,657.0506,701.4012,452.3137,617.4463,249.7885,861.4784,350.1563,312.8917,280.6265,657.4300,499.4085,513.4296,682.3649
8.0000,816.0643,733.3977,370.3321,797.6292,506.8076,655.4782,653.6409,668.4170,686.5000,456.6012,644.3740,248.1142,860.4513,339.5816,293.7062,283.9936,662.6645,512.6328,484.9008,674.3967
8.0333,800.3720,700.6331,368.5685,794.4902,496.8696,655.0995,640.7935,679.1150,681.4814,451.7166,634.5875,250.7414,856.9786,351.2062,304.3892,287.4203,650.1669,521.1414,497.0756,695.2223
8.0667,800.3329,723.7974,369.8122,780.9601,493.8828,666.3504,655.2210,669.7493,663.5965,464.4536,635.0470,251.5615,847.5805,345.9617,313.1531,368.9813,646.8138,518.8186,504.4976,677.3236
8.1000,789.3010,705.7007,376.1175,793.2084,490.5011,659.7971,623.1983,680.4352,658.5131,459.1788,642.7217,246.3387,819.4625,345.8454,309.5515,399.5708,650.0697,492.0036,501.4103,708.1587
8.1333,809.2531,710.1241,346.4405,791.8320,496.4593,664.5085,630.7794,672.5893,649.2319,453.5270,630.1920,248.1808,810.1028,333.9065,306.5576,415.9733,634.3212,497.4832,486.3078,685.3053
8.1667,805.0611,705.2105,352.9968,757.6248,487.2915,688.2638,638.0018,688.6274,641.2280,470.2909,630.4681,241.0000,796.4003,330.6160,309.7505,407.3761,640.8461,517.9992,485.2766,686.2338
8.2000,772.6836,717.8129,363.7913,789.0734,486.9332,659.3677,632.5037,664.1522,646.7828,461.1805,609.3507,245.5373,795.1147,328.1051,312.2496,403.0236,661.2533,513.7224,509.4701,685.0164
8.2333,775.6035,725.9416,351.7816,768.6303,492.6389,653.3238,637.0157,667.4587,623.1044,454.7278,632.0605,258.6985,808.2579,328.9530,311.6121,404.7829,646.4417,489.7765,489.5424,709.3920
8.2667,787.0849,684.6438,370.7977,781.7434,488.3887,656.4511,616.9497,666.3688,627.7453,452.0140,625.4120,247.6884,756.1930,316.9745,304.4169,402.5837,637.1496,502.8701,503.8062,652.5535
8.3000,791.4266,721.2638,361.7978,760.4500,501.4981,651.4943,631.6661,648.6364,610.8527,455.7732,615.2966,246.9846,778.3390,313.2331,310.3425,403.0575,653.7181,499.1630,501.4692,699.8309
8.3333,808.0434,699.7275,365.9959,778.6978,483.9273,650.9049,630.6107,666.2012,602.4442,450.2153,617.6584,236.1546,764.7457,304.6844,301.4295,394.0015,669.6828,487.2022,483.7592,699.3660
8.3667,791.5963,708.9593,366.3489,743.3564,480.2099,641.5431,635.2893,647.6220,597.6264,450.7920,656.4887,252.0815,746.8956,304.0920,303.8113,387.2536,665.4147,495.9659,490.9274,685.3204
8.4000,814.5141,708.0173,368.0672,754.8631,492.7808,652.0930,620.3647,648.1064,605.0522,458.1436,641.4320,252.9221,720.8471,309.5108,305.0448,386.6721,655.9992,513.4140,499.2160,687.1477
8.4333,823.1213,696.1641,369.4021,774.8420,482.8018,663.4564,646.6318,638.2073,590.5790,439.8264,633.0415,248.0838,743.8349,293.7177,292.5388,372.7012,647.8911,487.6205,498.8124,696.8266
8.4667,779.3500,695.5500,357.0082,807.0614,496.1004,673.6290,636.5562,683.7071,578.8732,446.2742,617.0829,250.9488,744.6712,295.0872,309.7046,367.3641,641.9669,510.8591,494.8475,685.1025
8.5000,795.8855,706.5786,357.4524,774.9326,485.6148,643.9440,619.5581,681.8097,579.5663,463.5769,600.7223,260.1169,734.3983,299.4939,310.4471,366.7987,640.1024,511.3232,488.2103,703.1724
8.5333,809.5685,694.9853,363.0986,791.1239,493.3248,651.4647,641.2379,660.8626,576.1451,457.2975,618.0345,247.6062,719.8062,290.0150,292.9320,368.8389,641.9289,504.7542,497.3729,680.8115
8.5667,796.7629,713.8860,364.0742,778.9284,489.0006,647.8393,631.1554,646.9998,555.4876,456.7448,618.1875,244.2800,716.6295,286.7641,299.6539,358.9485,680.8002,507.8036,487.0604,692.0345
8.6000,798.4654,682.0191,360.0637,773.6183,483.9837,641.2945,640.0017,667.9878,551.5339,462.8593,619.0161,249.8093,704.3665,287.6205,312.9173,347.1006,617.0195,505.2420,490.4991,698.8076
8.6333,785.5862,701.1511,354.3906,778.4074,496.9238,844.1958,641.9100,651.8757,554.2725,448.6329,620.0280,240.8308,720.8829,277.0041,321.9880,346.8497,647.9259,507.2780,502.1272,678.4574
8.6667,784.0014,723.7060,352.1378,758.2904,471.1865,871.9479,620.1466,646.9770,546.4125,457.4958,625.0440,248.9265,711.5532,275.5623,310.8308,353.9957,662.6162,510.0242,488.1752,679.8642
8.7000,796.0262,701.2668,364.7426,736.9851,489.1415,930.1246,627.3928,672.7128,536.1223,452.4965,626.4672,244.2914,687.9487,281.8626,299.3305,338.4517,666.1891,494.8097,502.4859,703.7755
8.7333,808.6014,690.1688,382.2183,799.1534,486.6411,943.6915,621.4041,653.6818,543.8771,440.4971,624.5086,253.5644,699.1280,277.5640,297.2326,334.7903,643.6142,517.8993,485.6572,682.3064
8.7667,775.8149,702.6094,373.6716,754.5935,498.6768,939.8153,646.7889,652.6694,527.5574,452.0631,600.5830,239.0176,677.1011,278.8370,288.3364,341.0675,628.9822,500.4538,488.5619,687.7783
8.8000,790.2602,689.1785,363.8303,793.2036,487.1839,912.3088,634.3224,638.0593,542.3802,456.9739,629.6228,248.6862,683.6633,273.5982,306.5524,328.5094,670.3233,495.5288,484.2212,682.9422
8.8333,821.2584,715.0786,389.4104,766.2131,502.5407,904.0788,638.0062,664.4315,543.4950,464.2945,627.4745,250.3107,684.9507,269.8901,301.4478,337.5977,667.1641,512.6015,496.5034,674.8028
8.8667,789.2800,705.4252,355.8872,765.3487,492.5554,898.3273,638.8094,660.5580,525.5241,446.8806,623.7364,239.6591,697.3367,259.1504,298.8668,334.4077,619.3857,498.9013,492.4799,670.4801
8.9000,794.9988,700.2083,358.3969,754.7412,476.7503,888.7998,625.8553,667.6216,543.3579,453.5194,624.4661,249.0197,666.7271,266.7846,292.9588,338.2734,651.6242,512.4192,488.6654,663.5335
8.9333,805.0428,713.9373,359.8727,757.6187,490.5567,879.4212,629.7474,655.0242,537.5507,456.9138,631.1548,251.2328,670.9165,264.6204,297.9210,317.5157,646.0416,496.2392,490.3664,681.6418
8.9667,801.3439,702.5747,366.2183,753.8032,481.5110,856.5542,633.1673,647.7073,526.5524,449.6853,614.9182,249.5913,675.7019,265.8506,298.5292,330.1757,652.7544,518.0042,484.1882,698.1021
9.0000,789.6044,693.5421,376.8775,782.8774,499.7298,870.6647,627.4611,629.6068,521.4277,468.9571,616.6874,245.6803,674.1769,265.1819,307.7473,315.2610,662.0281,522.5239,488.3672,685.0168
9.0333,788.5465,698.9559,356.7614,781.3848,486.8932,859.4353,625.2067,655.6112,533.0544,437.8185,638.7082,248.4338,672.2820,256.5703,312.8584,310.8057,640.4977,514.9432,478.1238,689.4453
9.0667,816.3412,692.4603,366.1638,754.6922,477.0344,840.2658,625.0830,683.7295,535.8216,461.4620,629.2632,241.6303,667.5158,257.5623,292.0750,315.6042,820.6377,502.9335,486.0928,701.5543
9.1000,776.7848,687.8437,379.5022,793.2975,499.6905,796.5109,618.0254,652.3675,535.4237,483.1660,644.4806,242.8444,661.7600,262.5792,315.6048,317.7927,924.6808,508.4277,492.0534,678.7139
9.1333,770.1649,712.5543,348.4681,771.6486,490.6366,813.1478,622.1106,633.9328,521.9777,446.4194,616.6649,247.1296,645.9272,266.6144,302.9484,316.2206,947.9614,483.4840,480.5700,698.0574
9.1667,809.5286,694.1271,367.5803,771.0061,494.0008,806.7025,630.7597,655.1213,494.1469,440.3541,632.6036,246.0436,647.3767,253.0880,311.7639,315.4950,968.4988,497.8056,487.2093,657.5096
9.2000,811.8476,694.8008,362.4441,753.4250,476.4482,806.1412,612.4150,651.4425,495.4178,458.7949,625.5551,253.5301,647.7639,261.5494,303.9471,314.4206,911.4167,505.4548,463.5347,694.0616
9.2333,776.1857,716.6801,368.5332,781.2911,508.6598,769.0244,637.4146,662.6541,516.0180,451.2321,637.1225,252.4350,665.0462,261.3305,310.2093,319.0505,911.7470,515.6958,482.5980,678.0048
9.2667,805.6390,684.3374,350.7913,785.8711,491.1436,798.2628,640.7038,671.4521,508.1173,444.6857,634.3102,248.2029,668.1074,259.6942,298.5666,321.5061,907.1546,499.4084,490.6726,684.9133
9.3000,797.3558,691.7713,374.2534,786.0988,504.5473,769.0396,620.0140,670.6103,498.1985,437.5787,588.3334,248.8512,681.4142,253.5372,302.6239,306.9723,886.8145,508.3647,479.0439,692.0710
9.3333,789.7355,695.6862,359.1431,747.1990,481.3554,762.4218,630.3457,646.8058,518.1696,462.6307,606.7762,253.2260,654.5436,248.9971,315.2672,313.8942,895.1539,510.9367,492.2888,670.8685
9.3667,793.2434,726.5481,368.1608,786.4304,482.1875,771.4389,637.9774,655.5850,493.9828,444.7886,634.9112,245.9209,638.6350,262.1009,307.0843,310.6251,883.2126,486.0732,483.5647,692.6037
9.4000,821.0049,701.1210,365.2999,799.3373,475.2472,752.0223,616.9367,678.4305,516.2027,456.0556,603.2453,246.9077,642.6757,252.7182,310.3303,302.5156,870.7575,517.3307,484.4994,682.2441
9.4333,803.3539,706.2145,359.5900,772.1154,505.1115,753.8538,664.3331,675.3297,491.9693,450.4545,622.9659,245.7941,635.4558,251.8873,309.7360,307.3347,848.8737,501.7737,503.3093,676.8323
9.4667,800.8334,704.5994,371.4353,790.6653,497.1377,745.4307,638.5995,656.3839,493.5993,466.2682,617.9244,238.2913,646.7734,259.7977,308.5349,298.0360,819.5966,504.0219,474.1786,664.5191
9.5000,799.7075,685.8142,351.6598,751.2190,495.1084,737.6238,639.3902,674.4880,491.7316,458.8380,617.5344,247.2509,674.2746,252.8388,311.2947,297.1342,826.4653,510.9847,483.1431,694.0822
9.5333,781.7913,709.1578,347.8772,768.2786,476.4456,731.8520,652.1938,637.5728,501.2185,451.5934,631.2071,245.7701,644.7228,259.3161,312.3915,287.8499,816.7459,493.9781,503.0548,659.2610
9.5667,786.1780,716.0648,357.7706,777.1200,511.5523,726.3002,646.2220,652.3127,510.7356,458.8440,629.0941,238.5160,628.2099,247.5132,299.5883,300.2500,810.2081,495.8400,487.4156,676.2255
9.6000,788.8717,728.4269,354.6627,797.7663,493.0084,708.2955,640.8410,644.1789,497.5583,447.4918,607.4090,250.2090,648.3740,244.3996,309.0598,300.1437,802.2972,507.1827,504.1131,696.8967
9.6333,777.0475,700.9312,357.1903,772.5511,475.1301,707.1142,642.8147,660.9701,494.3423,444.6136,629.0139,249.0287,660.6899,253.4579,304.8229,297.7702,799.1410,516.5356,489.5143,670.4067
9.6667,799.4923,712.4652,368.1485,758.7022,488.7301,725.2476,643.9838,653.9764,497.6675,460.7987,614.3357,245.5759,651.5737,253.7615,298.1867,304.9586,748.2888,489.7927,498.1970,668.3419
9.7000,809.3539,717.1626,361.5565,751.7157,481.7473,699.2022,626.2423,650.8259,495.5701,446.6454,637.2469,247.6160,605.0632,241.0319,308.4716,290.9804,743.0491,511.0341,491.3280,669.3653
9.7333,789.3663,704.9532,365.0536,765.3019,497.3030,708.9346,634.5031,665.7252,505.2960,443.2421,619.4551,250.7606,638.7509,245.8714,302.3283,293.9225,778.1185,503.6465,496.9468,700.0308
9.7667,777.7190,734.4808,365.3423,781.9416,490.8632,719.0746,626.2148,639.9379,494.5844,452.5156,603.2170,248.0136,623.8979,255.5452,310.1579,300.6187,772.6400,488.8890,499.0010,679.5621
9.8000,778.1097,732.2897,370.2937,789.5698,512.5299,688.1491,629.3416,639.0674,486.5716,439.9671,621.7212,242.0166,634.7630,248.3364,311.4527,303.1759,752.8081,492.3322,498.1928,670.5976
9.8333,816.1695,725.2409,365.8708,767.0123,478.9500,680.7792,637.6479,656.8169,479.6739,590.8125,620.1955,252.4634,617.3740,249.9609,312.7733,290.8059,745.2586,478.1162,493.8669,702.6122
9.8667,781.2065,685.8718,360.5430,970.4090,495.0068,692.2149,613.4221,641.0384,488.1676,624.9302,626.1733,246.0025,652.8263,234.2922,306.8239,290.2920,735.4325,497.1432,478.0944,687.9841
9.9000,770.9713,700.5573,356.9609,1114.7701,494.5988,697.4778,635.3261,647.9801,499.1359,652.4490,629.9380,245.3543,649.6532,252.1998,299.4011,296.5839,728.7241,507.4557,486.1522,656.9619
9.9333,766.6447,715.4273,353.9069,1127.3574,497.1156,691.7613,639.2197,645.1388,503.5794,664.1732,626.3104,252.8610,620.5976,240.3357,307.1807,300.5743,759.8043,522.5439,487.1904,686.7288
9.9667,782.7818,705.5210,365.8423,1118.9702,496.4872,682.4174,636.0450,675.2342,483.7196,648.9379,632.8537,244.5205,623.1672,240.5276,312.4090,281.1942,727.2679,503.8928,492.9668,690.7307
10.0000,809.6926,679.6771,366.1583,1113.3283,490.3933,666.9228,616.5104,674.4840,493.0705,639.7209,608.9102,247.7929,658.7643,259.5025,306.7233,295.9129,734.5752,492.4728,488.3207,681.6278
10.0333,810.1818,707.6611,352.7273,1114.4913,499.2668,692.8477,634.9501,669.3734,505.3623,653.5033,636.2802,244.9580,635.2060,253.5758,326.8783,295.0926,719.5279,498.9749,473.9061,686.0915
10.0667,799.5695,733.6772,354.5642,1072.2413,637.3325,686.7584,648.5069,667.8984,494.4262,623.1076,618.2939,239.1124,627.8019,234.1863,302.0595,289.8203,721.6639,493.4562,478.9258,677.0284
10.1000,778.2255,728.2564,371.3165,1066.9902,677.2180,674.2860,649.0112,645.8914,466.2440,620.1239,619.6759,249.7305,618.4492,253.4351,308.1871,291.9519,739.3178,495.2227,483.8580,677.6733
10.1333,803.1762,716.8337,359.4298,1049.8722,719.5328,670.2816,635.2065,653.3985,479.2699,595.3075,626.6039,243.2549,613.8187,236.9853,303.9342,282.5228,681.6228,495.6865,486.2087,671.1068
10.1667,786.8231,705.7213,365.0818,1019.7907,707.8944,713.0526,617.2545,636.4247,476.3826,611.2474,612.1160,247.5879,614.0318,245.9110,303.6945,289.1695,707.6702,486.8048,491.8111,669.5241
10.2000,799.6261,704.6243,356.9423,1009.0914,689.6332,682.0527,633.8434,651.5709,484.0642,600.0217,639.1970,253.4877,649.8797,243.9354,313.8982,295.1460,700.0806,500.3437,480.2446,684.5128
10.2333,824.6524,708.8543,361.1337,1009.6241,693.1558,677.1540,617.0368,655.3513,489.3231,570.7481,624.2035,240.8935,640.0157,251.2160,307.7776,289.8233,700.7978,492.4165,487.6154,681.3458
10.2667,786.1674,697.4652,350.1009,1008.1164,669.4260,666.5831,636.2763,637.6723,483.9122,574.3311,613.1437,247.3824,642.9645,244.8086,317.9224,290.3256,689.4534,487.8056,481.4101,688.3974
10.3000,767.9418,697.8061,374.8841,978.8255,679.5790,707.4955,625.6050,640.1726,481.6046,584.1862,621.2952,246.9614,623.2354,251.9896,310.5764,297.6628,672.8279,504.6130,480.4246,694.0089
10.3333,820.1900,707.2585,343.3108,978.7355,657.3671,675.7389,636.3797,646.3524,496.4937,572.3601,638.9098,244.7377,605.5043,247.6940,310.6637,280.0199,688.7565,485.1175,482.7180,673.8817
10.3667,787.0750,734.5007,370.3947,974.7219,665.3569,655.8165,622.1164,652.7550,490.0251,552.4821,625.9746,237.8791,649.8750,246.0840,303.7847,295.3281,683.2935,493.7383,487.0170,688.8609
10.4000,786.6983,713.1131,350.6826,971.1284,650.0537,679.5683,638.9688,646.1075,472.8084,562.7973,629.2682,239.9071,633.1295,241.8371,301.7322,293.5911,683.6139,505.5309,502.0233,688.8587
10.4333,763.3366,708.4969,362.4798,954.5954,638.2904,655.5160,634.9284,668.0211,476.5232,558.3324,634.4218,243.6154,638.4669,237.1671,311.4550,284.6899,681.3299,505.9471,497.1688,684.5919
10.4667,801.4550,720.6369,366.9155,949.3610,637.1061,663.8510,622.4554,646.7462,466.6877,544.7906,625.8693,234.5325,622.6910,234.8350,309.9859,284.0699,688.5558,500.7472,480.5903,673.9787
10.5000,806.3173,729.1825,353.4391,935.6257,648.4660,683.5337,649.5058,649.3148,503.2503,533.3004,622.9062,244.0964,608.1574,244.3612,307.9847,285.0557,679.6528,507.5689,484.8156,708.0390
10.5333,793.5083,721.9132,360.7111,921.6121,617.6770,674.4057,623.8233,654.8996,504.5277,535.1741,622.2059,246.0746,624.2268,241.0712,306.8919,284.6116,678.9655,509.8112,497.6819,660.6174
10.5667,806.8790,689.9068,357.5075,909.1466,618.8214,659.3062,645.7419,642.7268,489.2786,518.4006,632.3034,238.0931,648.6899,249.1717,305.7585,280.2134,682.5977,499.6047,490.6160,689.3320
10.6000,783.0075,730.0084,364.1035,886.7764,609.8056,682.5972,620.0720,647.8785,478.9773,530.4394,615.4368,241.2680,632.5857,242.7127,316.3973,285.3580,671.7852,481.2336,491.5107,694.6357
10.6333,810.8776,717.7228,358.4881,909.2530,589.6459,671.8232,615.0222,681.6457,479.6676,529.4400,618.5344,241.7254,622.2206,238.8631,302.3485,296.0158,678.6247,495.0253,477.2670,659.4380
10.6667,801.6499,686.8759,347.3719,883.8581,588.2114,650.5429,630.4265,647.5769,493.3060,516.2181,631.3532,247.1826,636.3051,240.0898,309.0987,282.8925,678.2247,520.4941,487.3091,665.3161
10.7000,817.4226,700.1481,367.1861,870.1364,564.7357,644.7841,645.3845,638.7669,494.0002,504.4392,637.1339,240.4048,638.9813,243.6533,319.2804,290.7085,643.8690,506.6782,482.0643,686.9439
10.7333,762.4279,673.4740,374.0129,884.2929,599.9127,671.9941,626.9157,647.8757,457.3858,498.4051,625.0961,247.3240,640.8788,255.0949,312.4974,292.3126,670.0457,502.7777,492.9386,688.7755
10.7667,769.0840,693.3523,376.2978,874.3117,566.3442,677.3049,640.8684,663.2893,498.7517,497.3067,591.3497,245.1447,628.7476,245.5167,310.6442,289.6140,656.4080,506.1800,501.2974,652.8636
10.8000,803.2407,703.7812,374.6220,898.9987,584.4978,668.4539,625.0999,625.4541,480.3501,501.7759,613.1215,249.9245,625.1339,246.8331,309.7927,281.6708,665.8145,508.9437,488.6897,699.6150
10.8333,794.9944,709.3041,364.0568,861.2930,582.7203,652.2618,642.4214,654.5215,491.8990,498.4146,635.4438,250.7529,652.5198,240.6077,308.4758,284.3333,660.3089,498.3437,481.0684,666.9048
10.8667,774.2585,699.3654,361.6728,874.3041,563.7980,646.2075,650.7169,639.2456,477.0368,494.7503,639.5662,243.5078,640.6782,240.9177,310.3640,287.1190,657.4126,502.4817,504.3403,673.8276
10.9000,790.3981,707.8582,361.1105,868.8908,571.1638,639.9473,642.2115,647.2638,468.4004,495.9794,620.2051,243.8465,600.8802,236.3016,317.4995,288.3538,666.8809,502.0865,488.6503,679.3901
10.9333,803.7046,697.5413,371.0818,840.1255,565.0917,661.3920,621.2522,635.5245,471.7564,504.9993,597.1802,247.5875,633.5849,237.7334,296.6509,286.1065,673.0731,497.9057,503.3354,694.2110
10.9667,807.0330,711.1019,358.0807,861.0351,565.8281,658.5942,632.2936,667.4125,477.8249,503.8975,615.6030,249.1733,649.9126,230.1872,306.2549,292.3398,652.6532,504.4803,486.3675,653.2975
11.0000,793.0332,704.8281,351.6361,829.2552,535.4888,646.7952,635.0119,640.0367,474.0761,510.3639,624.1696,248.5098,644.7071,234.5985,315.9686,290.8296,669.3142,500.1353,494.9974,662.5612
11.0333,790.2511,713.6673,355.5770,833.9638,541.0040,654.2518,622.0723,653.8730,479.6032,483.7094,599.2182,241.5241,616.2134,227.9322,304.1924,275.3616,678.3569,504.8056,486.7536,678.0015
11.0667,796.2187,718.6338,364.4870,828.0519,534.0720,663.8456,611.3697,665.9600,467.3944,487.3397,606.5686,248.1127,644.9031,245.8494,315.5058,284.0178,656.0862,509.0044,516.9532,671.5224
11.1000,787.8791,715.7867,365.3399,835.8272,540.3133,654.0541,633.5302,627.2741,484.2781,486.3427,622.3715,258.0721,623.7456,244.1015,311.2048,280.1518,638.7772,510.5548,489.5765,687.7551
11.1333,819.1248,701.5049,370.2841,806.2568,541.1368,651.9917,632.5222,649.2295,482.7159,477.4117,623.0552,251.2821,634.6000,243.6288,308.2931,281.8894,628.6207,509.4308,478.2535,685.6930
11.1667,781.6637,679.8361,358.7424,856.0244,531.1138,661.5166,632.5370,652.6512,492.5372,492.9836,624.2349,244.6578,624.8481,234.6181,313.0404,265.2804,665.4168,509.9882,484.8879,694.0307
11.2000,788.6810,712.2562,361.6923,832.7312,540.2848,626.9483,650.9633,629.1396,468.8363,474.7971,646.0892,254.2202,645.6393,245.9058,309.0756,284.8550,659.2530,483.5029,480.7209,678.7940
11.2333,785.2946,684.3286,368.4089,789.7965,528.2502,657.8493,648.5521,645.8511,473.0302,488.4785,630.9038,244.7559,611.9891,238.9348,301.8119,295.1262,652.6803,534.0131,485.4432,678.8005
11.2667,813.0756,716.3999,364.4664,829.5646,521.2886,653.3514,653.2667,658.8245,482.4752,470.0290,636.9828,245.9322,638.7150,249.2134,317.2219,283.1098,645.0982,501.6786,486.3765,683.2905
11.3000,779.6627,722.3311,362.6226,838.9164,538.6677,665.1572,646.6155,665.2264,479.4268,473.7681,602.2166,243.1027,618.8468,247.6299,311.1093,287.7613,653.2998,488.7992,493.3646,671.9876
11.3333,802.2374,719.6811,359.7456,812.8706,516.5954,645.6564,620.7191,637.9745,479.3686,477.0292,620.4851,252.8584,608.7476,234.9793,318.9331,288.8125,647.3549,485.5212,632.3121,680.2067
11.3667,787.1098,723.0749,368.4396,813.4733,535.5929,645.8371,610.4831,650.2429,479.1584,481.2556,618.1720,245.7740,622.9535,235.8112,310.2159,276.9669,644.6292,511.8658,687.8083,698.0131
11.4000,780.6750,720.9053,345.6638,811.6035,521.8817,632.1295,635.2976,651.1439,486.6101,463.7722,602.3661,246.2903,617.5232,235.4470,304.6619,283.0271,639.4251,501.7759,703.6295,697.9765
11.4333,754.4579,692.6043,365.0237,796.8772,508.8740,654.3515,650.7301,649.8392,492.3790,483.6236,619.2199,242.3527,633.2776,234.1321,309.4930,288.8719,646.7877,494.2709,692.9084,677.1545
11.4667,786.7695,686.3430,372.5385,816.5966,521.2687,645.2321,645.3842,663.2711,475.7846,459.6792,620.6096,251.8102,616.5979,242.9129,315.0914,287.5381,645.0777,521.7269,704.9257,685.6833
11.5000,814.4819,673.0779,360.6433,789.6896,502.6986,649.7655,634.2055,647.2338,484.4116,451.3579,643.0298,237.3665,610.8592,232.0048,318.6755,282.5465,646.1486,499.4411,681.3826,687.0305
11.5333,776.4352,706.6311,366.6244,796.1352,522.9038,686.0233,643.0020,654.1952,488.1436,465.5313,640.9412,255.7022,612.5391,239.5540,305.8173,285.9032,645.5050,497.0552,682.9032,670.4435
11.5667,740.6850,711.8412,359.4319,798.3181,535.4211,661.3880,626.6498,653.4251,462.7963,471.2698,617.7462,238.7375,625.7002,237.5675,305.3106,276.9117,675.7215,491.9423,664.1856,682.6994
11.6000,792.0512,710.1544,368.5190,831.2391,512.7326,643.6152,643.4632,651.5786,476.7263,467.8261,638.9739,256.8406,616.8772,233.6443,304.1864,286.8032,645.4959,511.1392,660.9833,688.6026
11.6333,768.0376,704.2458,361.8538,802.5200,514.8472,641.1126,652.6396,665.3398,459.2608,469.8675,635.2024,254.4676,624.3500,241.5059,319.3396,285.6219,635.9041,507.2957,646.0581,679.1907
11.6667,758.6069,719.4192,366.1143,803.2955,503.1596,657.4941,644.9682,656.4144,492.5771,455.8222,616.5461,248.8129,634.3163,245.2657,311.7639,284.9774,666.1986,490.1643,649.9277,666.5872
11.7000,778.5175,709.5575,362.2640,780.0539,532.1374,670.6089,645.4472,667.2994,487.2167,452.1929,646.2478,241.1841,624.5822,240.6512,309.4980,283.1497,643.2580,511.1075,613.8250,674.9906
11.7333,765.3233,681.8691,368.4244,792.7690,511.3439,670.3888,629.7167,667.1408,484.8446,460.6261,628.5496,246.8271,626.4535,244.0078,310.5223,295.0976,628.9295,505.7834,627.3180,671.6849
11.7667,803.3517,684.8984,369.1964,787.7447,514.5480,628.2426,641.0808,652.8617,476.4181,475.0656,615.0810,246.6124,631.2522,247.1453,316.4810,288.4171,681.7856,518.2555,603.1398,689.8697
11.8000,789.8098,723.1999,360.9443,777.6796,501.7028,641.0307,634.1539,639.6883,458.5038,459.0987,640.3811,242.1074,623.9129,238.7267,303.1899,276.1377,649.5583,494.5831,614.7200,697.5965
11.8333,796.1925,712.7326,355.3566,808.2926,513.0634,637.2259,636.4520,652.6148,487.8428,461.8333,644.7554,241.5990,614.8828,248.7536,308.0584,281.8416,628.6440,492.5011,600.7492,671.3748
11.8667,776.0523,684.0621,355.8842,782.8197,499.6872,639.8750,634.7848,659.5436,495.3011,461.2028,618.1711,246.9165,611.0171,248.5833,307.4575,292.3219,623.1993,504.4850,601.1460,668.5684
11.9000,784.3824,724.0914,349.9023,809.1297,497.7789,645.0404,639.0504,661.9051,486.1851,471.3603,626.5928,240.9654,603.3777,242.9897,313.6636,287.4450,656.2690,490.7172,605.2012,663.6341
11.9333,776.9423,699.2439,357.9407,798.5174,496.4866,669.6246,637.8696,659.8711,469.1110,453.5083,641.2895,249.7260,610.7597,249.7482,299.2951,282.1068,660.3459,505.6983,600.2721,698.6616
11.9667,789.9147,722.6849,362.8940,768.0265,513.4389,660.7009,628.3807,653.2403,490.7305,446.4700,623.5615,242.2110,641.4206,241.4142,307.8527,280.2171,656.3801,499.1743,589.0926,665.4794
12.0000,749.7007,698.9644,358.2304,773.1140,512.0263,660.7574,629.7089,644.3213,476.4555,464.7655,641.7132,241.0816,630.6508,246.0419,314.0515,289.1331,659.4538,515.9676,581.5564,675.6815
12.0333,784.6621,722.2518,372.9070,786.3717,492.6563,642.3391,641.4326,644.6173,481.6870,471.9811,625.4069,255.1931,627.7439,246.8070,306.6171,281.8572,643.3767,498.7844,580.6088,714.4492
12.0667,801.5815,716.7165,459.0028,786.0403,496.8966,664.2943,648.0910,644.9881,487.5278,464.7146,637.5746,254.1731,626.6708,240.3732,308.1687,281.9565,641.1316,506.7206,562.7756,685.6390
12.1000,812.2093,698.9112,506.0905,789.5877,510.4395,641.4111,648.5886,607.7703,488.7574,472.2515,622.9761,243.8643,630.9257,240.8146,308.4514,275.8444,634.5651,507.6659,567.9367,696.7684
12.1333,798.2004,698.7283,527.6214,783.4304,509.3683,651.4506,658.7333,660.3267,477.3716,465.8963,643.6821,243.9587,637.3275,245.2185,307.7663,289.4906,636.1941,497.0867,553.9102,695.5834
12.1667,787.1331,725.1108,523.7723,808.0012,487.4191,634.9710,620.4671,653.3748,475.5397,450.3635,630.5802,236.6804,621.2110,234.6397,309.7296,284.3778,662.6303,512.8048,562.0266,675.9147
12.2000,757.4904,710.7693,527.6576,783.3652,506.4028,643.2780,646.9447,671.4929,490.5891,445.1226,623.7023,237.4444,632.0782,244.0600,309.3828,287.3488,623.4283,507.5101,560.2426,680.3131
12.2333,787.0877,689.6766,527.9105,781.7949,486.6823,647.9342,637.0144,637.6267,477.6405,448.4650,616.8640,248.5532,627.7768,238.9373,307.2747,279.6674,619.3469,501.1863,548.0335,668.2376
12.2667,753.1881,691.3320,512.8692,810.7733,526.2286,638.6314,631.2976,648.1744,474.0994,463.9978,627.7403,246.3942,631.6511,239.9821,312.2541,281.7847,617.2195,514.9520,543.3401,697.4753
12.3000,770.1408,698.3454,493.8437,817.5357,496.6725,661.3443,656.3299,665.7772,476.9129,466.5534,611.7323,236.7359,618.1722,236.8376,319.2094,284.7902,841.3257,504.0155,539.8118,668.9841
12.3333,781.0489,703.0381,499.5353,800.3060,501.5993,634.7983,631.2346,664.5955,484.0263,468.0962,610.4101,241.7344,622.3308,238.9129,304.4897,288.1410,910.8761,503.4275,536.6010,677.4375
12.3667,779.9300,687.8101,484.2971,793.3697,514.4652,659.0035,636.3166,652.4859,484.9201,431.7460,600.1589,242.4412,626.1282,239.1509,317.5634,286.1557,914.0713,508.9096,547.4579,677.2174
12.4000,798.3852,730.4981,471.6343,805.1291,486.5653,655.2242,647.0023,651.0060,625.0782,464.6509,623.3440,248.7185,623.1346,241.0742,313.1543,283.4062,955.1496,485.5550,540.7936,671.5349
12.4333,779.6548,691.8554,483.7787,791.5974,493.8196,668.5932,639.7144,660.6579,679.5798,452.8050,627.3217,245.8134,631.3696,233.2236,308.8904,286.1314,934.1569,509.4967,545.2793,688.4990
12.4667,763.9077,690.4488,469.7470,769.3802,493.3276,636.7431,629.0249,646.8639,688.6704,450.8084,611.4199,255.4611,653.7033,246.5056,303.5619,279.8330,929.3167,480.8568,552.3453,685.6075
12.5000,776.2231,678.7137,456.5038,797.7534,501.6559,622.7497,631.6249,643.6925,692.8651,453.4982,637.2265,243.2610,620.2945,240.2531,308.1481,279.9340,902.8037,489.1952,525.2739,668.2741
12.5333,771.7816,703.1308,462.1955,793.9159,483.1238,655.5644,657.3577,649.4401,676.8229,442.5494,640.3622,241.7366,621.2047,237.5799,305.0701,277.6546,899.6576,493.5478,539.9100,692.3177
12.5667,801.1710,701.1433,452.4705,781.2665,498.5812,619.6286,621.8391,656.1770,675.7048,465.7228,627.5808,250.4892,618.2628,245.7115,299.5172,286.0614,863.3374,511.7851,512.8588,696.0660
12.6000,760.2479,716.2983,440.7867,779.3203,503.6761,652.4093,661.9362,656.1375,693.5970,458.5644,625.8780,237.8187,619.3975,245.4712,307.5443,284.6364,865.0400,505.5620,528.1287,684.2523
12.6333,775.8489,698.6445,446.7137,763.6636,488.1222,671.1960,632.6880,679.0242,662.5484,450.9653,615.0884,238.1946,646.9745,239.5173,306.8681,284.9345,867.1509,521.0714,516.4684,665.7433
12.6667,798.2517,705.0034,436.3769,799.4813,506.9849,646.4929,660.3305,634.9448,634.5263,454.5255,611.9417,236.7883,622.6428,236.5164,307.2366,278.7564,853.0337,505.8004,521.1373,674.9816
12.7000,769.8263,703.3962,433.6537,753.6170,493.3984,669.0347,645.9327,649.1175,645.7105,451.6645,607.7651,246.0257,623.7491,249.1973,299.9656,283.2268,827.3514,506.5593,513.0521,684.8055
12.7333,789.5952,705.6769,445.2622,768.2073,490.9979,669.2453,658.2028,655.3250,632.4808,444.8890,628.4833,253.9708,594.2067,246.2808,313.5703,282.0171,819.8331,498.2559,513.3667,679.6146
12.7667,783.8829,699.9923,428.8531,750.7683,498.8952,645.6101,666.9566,659.3465,624.9829,459.9535,636.0326,244.4462,609.3556,239.6105,305.9183,278.5206,794.1122,491.0847,498.1546,667.6459
12.8000,777.8903,696.2222,424.0207,791.7830,489.7214,645.9779,627.0069,661.7682,631.0884,460.0066,623.3017,243.0078,643.0190,237.9379,302.2203,285.1721,805.9442,478.1783,503.3383,671.5044
12.8333,755.1815,708.6038,421.3383,805.6551,473.0004,648.3912,627.6902,667.2960,593.7383,455.6437,808.4154,241.0318,636.3362,245.1876,319.5735,280.7104,800.3057,501.5888,494.1741,668.6994
12.8667,783.7047,722.0250,416.7601,783.4578,506.8128,671.6290,635.7762,675.0309,612.8666,459.2392,853.2714,315.4711,635.9790,240.0151,312.7475,293.9536,781.1649,489.3848,503.1961,682.0782
12.9000,774.8498,742.7625,416.4628,790.5855,494.3311,641.8143,631.1208,630.5840,603.4164,462.5743,875.3438,337.8284,651.0424,237.6649,304.7946,285.3026,761.8576,522.8204,518.2168,683.6011
12.9333,787.6103,690.2552,410.4382,761.7830,494.3022,651.7071,643.2399,624.8122,584.3592,459.4207,903.3161,352.7199,635.4519,243.9606,314.3755,281.7185,766.2180,516.6220,496.2146,677.3552
12.9667,759.7437,692.7434,415.0931,810.7110,492.5784,653.7103,630.5912,666.3185,579.7151,451.6111,899.7138,350.4520,635.7682,240.0176,309.5519,277.7589,763.0888,520.3998,506.4709,693.8475
13.0000,791.3606,704.0887,416.2074,780.4035,489.4102,666.2551,666.4901,664.6492,575.9517,450.8476,909.6460,351.9671,623.0572,238.3133,307.0860,284.4988,778.4973,497.2470,512.6798,691.0104
13.0333,793.4671,718.7409,402.3008,796.3898,501.2991,651.4759,642.7130,649.2875,568.8044,457.9832,870.1953,352.1540,640.9789,242.2754,312.7545,289.1401,774.9560,516.8931,512.9076,672.9334
13.0667,805.2968,709.6763,389.3406,815.4815,502.4862,644.4416,648.7462,651.9194,573.3584,447.0658,859.9328,342.2868,617.0640,246.0677,310.4065,279.2520,742.0554,509.5195,500.7821,662.6868
13.1000,775.0791,697.1969,391.7211,761.1559,484.0555,646.5889,671.0701,664.2851,565.5687,456.6367,836.7926,330.3348,659.6189,240.5729,304.7427,281.6745,754.8217,475.5189,485.1862,675.1140
13.1333,771.6196,718.5546,398.0182,760.8887,498.3110,649.1542,647.6161,653.8900,543.9858,452.8545,827.4235,326.1783,632.2827,230.6877,315.4012,281.5950,726.8691,496.0389,504.5699,696.3849
13.1667,797.1525,686.7305,398.9620,814.3552,863.3175,657.7325,633.9038,1058.5176,549.9738,459.9459,826.3727,326.4713,629.7408,238.3973,300.5062,279.4936,725.9668,492.4357,499.4398,680.5792
13.2000,765.9015,700.8364,568.6245,778.0780,1004.8251,641.5030,987.8489,1258.6732,542.6130,450.7459,786.8990,329.4806,635.9636,240.6522,306.9249,266.7081,707.0594,495.9007,492.4651,676.2452
13.2333,768.8588,694.2357,661.4028,783.4905,1080.5143,623.3650,1168.4776,1317.3109,542.2471,450.3134,794.0013,314.0188,616.8506,239.3508,309.0013,280.6454,745.6467,507.8028,511.0049,681.4815
13.2667,777.5925,691.6590,675.6426,769.2195,1074.0691,649.6248,1204.0870,1335.6981,548.4417,451.5079,785.3744,310.2809,620.6733,237.6306,304.5185,285.1381,712.1754,478.2502,484.3675,702.1803
13.3000,764.3298,1166.7143,668.2798,1200.0396,1083.3665,641.6612,1226.0061,1306.1995,545.5313,453.8371,768.9526,306.7645,788.9158,244.1153,303.0395,277.7704,731.3457,508.1170,499.5633,675.9890
13.3333,805.4409,1383.5848,676.9234,1350.2485,1047.1929,651.4962,1220.4866,1271.1629,529.5186,465.0891,758.7290,304.3868,875.5373,238.5023,298.4823,283.7372,718.3198,507.4354,496.4387,683.7600
13.3667,797.7338,1459.0987,669.2226,1450.8087,1020.3302,647.7457,1194.6041,1247.3416,528.3378,449.4212,760.1349,301.7102,895.1759,239.2277,318.3394,287.9098,714.7998,510.1202,491.3714,690.0549
13.4000,747.5796,1460.8247,643.9684,1448.2574,993.5818,658.8346,1185.0484,1242.9099,518.8092,445.4912,749.9594,300.7588,889.5307,237.0346,307.3039,285.3759,705.9238,492.2646,490.8996,702.0645
13.4333,747.9974,1446.1218,627.3023,1423.3335,970.0488,651.0756,1148.3144,1186.1115,513.7193,461.1764,777.5231,293.1874,899.5929,244.3765,317.8136,277.3556,689.3310,504.6369,487.4331,673.6955
13.4667,771.8511,1428.4055,621.0922,1408.9114,943.0206,633.6985,1119.1252,1169.2267,520.4251,462.5674,745.7645,292.6259,863.2757,234.6983,311.8083,276.5629,667.5982,498.4270,505.1765,691.5756
13.5000,790.1785,1413.3813,603.8630,1379.1072,908.9072,652.0580,1070.2867,1169.9129,509.7727,454.2675,750.3322,286.2371,886.2502,242.7776,309.5421,285.2751,708.5316,499.1075,508.8822,696.2244
13.5333,793.0548,1354.4134,603.1088,1365.0891,919.8624,653.0341,1073.0858,1128.9794,518.1412,443.3828,734.6746,289.3546,869.4173,235.6739,302.7599,267.4739,685.5194,508.6954,492.8521,673.1845
13.5667,804.6411,1342.6625,588.2818,1316.1158,878.4447,647.2713,1033.9110,1098.7539,523.4577,456.9713,723.5521,282.0623,870.9430,239.0874,301.1996,283.8620,706.6086,500.3775,509.3981,677.6188
13.6000,786.5969,1304.0206,675.8553,1299.2962,855.0005,620.4321,1037.6003,1065.9699,506.5467,454.8512,708.2820,285.3737,838.0080,241.2251,317.4727,281.6544,691.4983,502.2987,496.0157,661.9535
13.6333,764.8906,1278.9222,694.3712,1274.8725,822.9310,638.3899,1013.3880,1047.7696,526.1536,460.7786,704.8390,281.8373,831.5338,237.8994,316.3211,280.4048,692.2675,514.9529,469.5745,691.1549
13.6667,788.6388,1217.6462,700.5558,1248.8181,804.9077,644.7796,984.9121,1009.1067,506.0461,443.1635,706.0993,289.4581,812.4942,241.3477,315.4856,283.5079,682.5524,472.9955,491.6203,669.9620
13.7000,763.3548,1200.0822,694.7352,1211.1570,794.7236,676.3487,982.9014,1008.2748,510.3343,458.3752,703.4052,275.2239,826.2684,246.3833,310.7470,275.4421,680.4131,491.9333,507.5671,652.2393
13.7333,768.4377,1194.5074,702.4196,1188.7173,795.8067,637.1976,959.9627,986.3903,521.0925,464.6581,710.5217,276.5137,805.8963,236.3269,311.8544,284.2156,679.2669,507.4195,490.5939,677.3899
13.7667,756.0610,1188.2657,678.2416,1147.5683,762.3626,651.1098,942.5500,972.5524,520.5698,454.5111,692.2658,286.6293,803.6919,242.0706,309.7921,289.9881,657.2770,503.6039,483.3553,676.9245
13.8000,767.2732,1126.0424,656.7929,1145.9665,762.0431,637.7634,911.8739,930.7037,499.2061,454.1629,699.0487,271.4583,759.7644,238.6718,319.6965,295.7843,643.6802,501.0831,496.2330,660.3645
13.8333,771.6602,1087.2860,643.3003,1120.0530,740.0238,640.7401,920.9640,938.5474,498.7255,448.4952,672.0603,274.7903,771.5646,241.6918,315.6789,282.6264,660.1935,510.3085,499.2624,666.2588
13.8667,772.3982,1094.7638,621.0593,1117.1012,746.7208,640.7041,891.0132,916.9841,497.5038,459.0309,679.4878,275.3065,762.9361,249.9380,320.2533,288.2954,664.9510,492.6635,486.0931,686.0301
13.9000,809.8427,1090.1716,613.4036,1087.5392,722.0326,633.1060,870.9824,877.8830,519.9150,459.4697,662.8158,265.0341,735.3160,240.0253,313.5821,285.2313,648.5629,647.4192,482.4675,666.9746
13.9333,783.0345,1052.7035,606.9151,1050.6745,697.6341,670.8998,847.7599,888.0018,493.6843,465.3282,682.4840,273.4013,742.9218,235.5536,307.3595,273.4783,665.9236,697.3743,491.8202,670.6117
13.9667,786.9977,1021.7381,588.8057,1044.0677,692.1704,673.5503,823.5943,850.7413,508.6201,453.6276,674.3441,267.2304,751.6203,241.5076,300.1963,288.7647,668.6040,704.0084,493.4187,677.3156
14.0000,783.8782,1004.4141,572.2256,1018.0341,662.9777,662.7533,828.5882,860.3198,490.8681,454.3720,668.9884,265.1349,726.6651,247.6457,302.4952,278.2485,661.6897,725.7678,502.0842,848.2538
14.0333,806.6423,1012.4979,575.4355,1028.0067,680.5705,647.4670,823.4043,853.2249,491.6814,455.3894,672.1593,265.9454,721.8154,244.3269,314.3103,282.9493,658.1355,707.0391,483.2756,959.9534
14.0667,766.0604,1018.4112,547.5306,1018.2895,659.5240,667.1816,822.2995,819.0849,487.3437,442.5067,668.2395,265.4361,724.1113,238.1265,309.0259,279.8518,647.9195,706.2628,486.7105,1002.6577
14.1000,793.2064,987.8971,537.8811,1005.7390,637.3352,652.0954,811.8620,819.9402,484.3511,459.8536,653.5392,266.1653,711.0870,236.0082,316.9852,288.3940,667.8993,706.8869,487.6331,982.3410
14.1333,767.4917,962.5093,526.0109,971.6951,642.3010,653.5137,789.0493,835.7526,477.5853,458.2502,641.1665,264.9063,723.4990,238.8250,312.8055,282.5527,633.3434,680.8816,496.7885,1153.9669
14.1667,778.8864,947.1286,538.7841,975.4151,619.4566,643.5737,797.5418,814.3034,505.5151,457.5992,645.4116,263.0319,707.2068,231.9241,315.2623,282.7420,667.6949,679.9106,490.0931,1232.0188
14.2000,788.9621,926.1391,516.1167,982.8208,624.2868,663.0038,793.4001,809.2866,486.1622,457.4029,650.7106,259.2460,719.6378,240.6343,318.7955,284.0906,662.1838,670.3169,485.2929,1231.0985
14.2333,759.4088,917.6804,499.1546,936.8112,623.2536,659.1889,761.3023,805.9731,504.0821,449.1941,650.5708,260.4452,689.8278,236.6816,316.1184,277.7400,651.3854,669.0555,485.1779,1262.7673
14.2667,774.7593,902.7371,499.8803,954.5352,617.5909,643.2661,771.2469,789.1556,482.3087,448.6605,659.6550,245.6509,665.4947,246.9984,316.4087,277.3474,647.4777,649.0537,503.7767,1211.0809
14.3000,780.9750,867.2897,492.7458,944.8941,600.9027,667.4470,753.3700,774.4734,487.2886,443.8949,664.1691,256.4869,713.1279,240.6909,323.7821,278.9888,636.6482,624.9234,620.2003,1192.3234
14.3333,788.8946,848.8360,488.6732,920.8646,606.1543,639.5101,750.3883,765.8700,475.9792,452.5563,649.5678,260.5522,706.7628,239.2260,317.5869,278.0394,652.7999,646.7997,677.5240,1148.4116
14.3667,777.1940,881.2964,492.0538,930.6253,602.1166,654.9764,734.1747,763.9591,485.8719,450.2877,647.0682,249.8423,712.9123,245.1567,313.2087,289.8488,666.5127,639.1703,689.9552,1134.0031
14.4000,825.8012,862.8373,482.8031,932.5483,589.9805,656.0446,720.5755,743.5108,496.3381,451.2048,654.6735,253.5533,677.2768,234.3841,317.4819,290.5680,643.1189,615.2761,705.6052,1119.4822
14.4333,810.7527,846.8934,454.8960,875.6351,600.7988,859.9736,718.4785,754.8773,493.8666,445.6712,650.5997,257.8646,696.0306,240.1690,318.3107,292.3112,639.6301,622.2253,708.4050,1089.3757
14.4667,745.4107,851.3481,473.4818,889.8783,587.1211,894.4235,744.3020,747.2430,486.3619,451.4498,622.2501,254.2315,659.6139,240.0288,319.1613,280.5345,650.2524,600.4938,689.8411,1052.8345
14.5000,782.4465,843.8021,458.9089,907.3757,580.0601,934.2492,707.0114,723.2440,488.0760,452.9750,619.6725,251.1291,658.0106,241.9470,312.7906,292.2925,648.8971,602.6798,667.7974,1060.5154
14.5333,789.3639,818.8630,462.2914,908.4174,581.1221,937.0281,725.4127,743.9749,470.7499,466.5059,633.3096,253.7080,661.8728,239.4406,313.7888,281.6567,652.6854,606.4255,679.1083,1036.3545
14.5667,785.9241,809.5365,454.6870,859.3847,596.4285,938.6685,730.1609,719.9386,481.8533,453.3584,628.7480,256.9311,664.3164,234.1277,321.6729,289.3240,672.4817,573.6835,668.2074,988.8275
14.6000,802.6329,831.5979,437.9109,884.9169,577.8944,919.6998,730.3360,711.8009,487.4553,474.0703,610.6592,255.8775,672.7629,248.4787,307.3336,284.1010,652.2109,597.6195,646.7426,971.1573
14.6333,734.6215,800.1254,438.6607,870.1706,558.9195,916.0843,711.2193,705.9717,495.7352,435.1808,626.0763,250.4587,684.5459,239.2204,325.0186,284.0598,657.0197,577.2612,617.9336,994.0590
14.6667,763.1220,810.6522,443.1825,876.7008,541.3101,881.8233,699.6525,721.5113,489.3021,458.6654,635.9566,243.9165,658.1942,239.4305,313.6612,278.1781,660.4326,565.9917,643.1439,940.3816
14.7000,804.9036,803.8999,427.9670,866.7303,566.1833,893.5016,752.9726,721.8292,467.5590,456.2211,638.5905,251.1802,669.6331,232.1543,315.2139,287.9277,657.7619,582.8335,626.7080,927.8410
14.7333,799.6179,793.4929,421.0382,863.9262,548.6177,869.8091,701.6721,713.1859,482.8782,441.6107,638.9265,246.8475,647.4592,248.0408,313.2418,278.4212,641.6418,564.9556,623.9880,936.4147
14.7667,816.6798,789.3815,431.2366,863.1211,558.8400,826.9637,670.9348,694.1986,463.1618,465.5418,659.3170,256.9251,648.0854,243.6752,316.7999,289.4137,646.8163,568.7182,632.3839,923.5093
14.8000,806.5479,787.6655,415.9956,857.3475,524.3148,838.2682,716.2618,673.7272,483.3471,449.5608,631.5925,254.9873,656.1680,242.1862,311.5087,276.4366,656.9686,551.1169,589.9701,914.7547
14.8333,759.5222,782.9130,417.2919,869.4440,542.1734,855.2713,693.6284,699.3870,481.1793,458.3677,636.6564,248.7426,654.6857,243.3223,311.2369,283.8531,635.7068,562.2796,599.4058,880.1624
14.8667,796.5362,762.9976,419.7882,844.1367,532.6453,845.0916,671.7964,690.5880,475.1317,462.5735,617.9915,247.1097,656.4147,236.8977,312.5081,286.2464,663.3359,561.2499,595.2346,873.9923
14.9000,775.4223,773.2366,417.4854,836.5138,527.6701,858.6138,668.4289,711.4739,466.1936,452.4091,650.7758,247.0281,643.0123,239.4234,316.5533,288.9561,641.5645,543.6876,596.6190,871.5723
14.9333,783.2295,782.0284,406.0266,844.9612,553.8726,802.3957,678.5900,723.4217,485.6941,471.2265,643.9477,247.3429,653.7103,236.5994,317.1436,280.1596,633.7035,551.9966,574.1118,878.1294
14.9667,780.7386,792.4910,403.3035,865.3360,527.8749,784.9019,711.8769,686.8113,465.7835,454.0974,629.4354,247.4477,626.6416,247.5896,302.3384,284.0885,648.7199,531.0510,563.6257,851.0454
15.0000,772.3328,786.6257,403.7513,827.2803,538.7825,811.5022,686.7955,694.5744,488.0962,449.1305,627.1560,242.5334,662.3936,240.5111,313.1184,275.8388,638.0473,555.4734,565.6044,856.4590
15.0333,771.6960,727.4341,401.3722,843.1223,532.0544,778.7801,662.9605,682.0751,483.0892,444.8438,628.7731,246.1153,654.6065,242.2423,305.8654,280.7508,646.3833,542.3307,561.6922,830.9145
15.0667,792.0834,774.3948,393.3794,833.8363,527.2624,791.2377,657.1658,696.3666,471.9480,457.7926,631.5954,259.7948,647.6216,242.1798,301.8207,289.1458,640.3397,543.3326,555.4225,818.9095
15.1000,770.9448,757.1949,388.9834,833.7320,523.7446,788.8807,683.0617,682.8311,457.4261,437.1403,623.4590,250.0081,637.3585,236.9175,316.8739,283.6854,639.4638,538.6310,559.0291,814.9976
15.1333,783.0450,738.7801,393.1930,802.5632,518.4474,745.4622,649.3643,692.3435,486.0954,446.5088,621.3207,246.3840,647.5517,242.1934,314.3747,281.8105,650.1882,532.2235,563.0841,813.1392
15.1667,787.3045,748.8954,382.9349,815.6728,510.7748,785.5771,672.9761,673.1124,476.7496,448.7722,634.9670,248.0017,643.7619,247.7625,312.9025,278.3620,644.5315,542.6859,549.9543,812.8084
15.2000,770.9762,768.6720,390.1983,830.5365,511.7091,754.4147,664.6311,686.3157,473.0093,449.3558,641.5616,248.0591,661.3454,239.2744,309.6006,280.7530,646.9989,531.3971,538.1183,802.7098
15.2333,774.8913,750.3217,379.1077,819.4583,528.8429,763.2620,668.9378,691.9825,484.2382,447.3502,616.7186,240.1952,612.8136,234.9852,311.2947,286.8983,672.2572,549.8934,545.4532,816.8182
15.2667,797.8056,739.2182,391.7362,846.3486,532.2445,777.8210,680.6591,682.4696,469.1182,447.0509,637.8456,247.0623,638.8867,235.6893,312.4121,282.2960,630.2788,537.9897,538.3606,793.9214
15.3000,752.1844,732.3072,377.5733,809.3234,515.1910,771.0903,669.6295,677.7262,478.7210,447.9357,632.6152,250.6152,615.6688,233.4462,315.2062,281.9148,656.8640,510.9455,550.3900,770.4536
15.3333,768.5583,738.8058,396.0361,792.6418,512.5289,724.7799,657.5482,672.0711,496.7567,445.7220,620.9591,250.1535,634.5657,239.8724,309.1970,275.5353,652.2552,526.8727,533.8008,767.1343
15.3667,757.8673,735.5786,385.8967,819.2260,513.2088,741.7408,657.7226,670.2443,471.5631,456.1209,631.9136,247.7653,610.0859,236.1366,320.9446,285.6043,644.0329,517.9181,541.6197,772.3073
15.4000,782.6871,723.9501,392.1890,790.8713,513.5248,723.3986,645.3857,670.8878,488.9910,449.6501,629.5020,237.5863,624.4382,230.9131,312.1185,278.3972,625.1815,534.5808,523.9892,762.0024
15.4333,822.3939,712.6707,383.3495,816.7881,650.2079,712.9888,676.6122,665.0644,472.2289,447.8239,607.6954,245.0563,669.2210,250.7889,322.1002,295.7856,644.7338,515.5050,517.5292,775.6773
15.4667,759.4822,720.7855,377.6198,808.9414,712.0773,724.9961,666.3622,659.2900,482.0867,457.9979,620.6719,250.2848,641.0355,245.3053,311.4550,288.6710,643.1563,523.7742,517.7184,775.2748
15.5000,798.6893,737.5565,386.2765,792.1928,739.6502,721.9540,678.5413,667.9341,465.7564,452.9846,623.5067,237.3974,806.4659,233.4407,304.3431,284.1402,647.4158,525.2775,531.9177,759.3392
15.5333,801.7393,699.3033,379.6111,805.4298,753.4264,724.9863,636.5578,664.7079,487.5403,458.0173,615.6657,247.3825,877.2605,243.6112,310.5687,276.6736,642.1909,482.5155,524.1607,757.8989
15.5667,744.8130,716.4313,390.4188,787.0305,717.6028,741.1971,660.1504,655.2913,463.0497,443.6066,636.0609,243.5551,915.3634,231.0597,314.6208,284.7307,655.5536,512.3356,524.6131,730.6982
15.6000,757.4885,764.6110,365.8803,825.3255,724.7412,692.8952,642.9033,684.3048,498.0897,454.7226,611.6261,252.2766,1086.0797,246.3427,320.5104,275.9639,658.1033,529.1355,525.4536,740.7146
15.6333,993.6709,736.5749,380.0141,782.2695,725.8494,710.2818,640.1845,650.2002,483.6116,443.0169,611.2483,240.0377,1152.3770,241.7537,321.5269,290.5866,666.4757,513.6086,526.0405,734.8610
15.6667,1071.0087,755.4776,378.2760,804.3371,695.8625,693.1374,654.7533,641.2584,477.7648,444.8610,636.0272,243.2312,1173.4268,234.8454,312.8707,278.7362,629.2660,513.1098,502.6062,733.2647
15.7000,1125.2732,741.8065,390.7514,793.5334,669.5434,685.9649,652.2129,666.6941,473.9752,464.6719,631.6499,239.6382,1159.6539,230.3574,320.5843,285.7565,655.8427,513.9037,501.3058,714.9595
15.7333,1148.7601,741.3044,371.2354,794.3068,672.9191,714.8455,658.5461,646.0324,461.6206,468.2677,610.8614,245.3364,1167.2019,237.5842,320.2719,292.1193,618.5481,507.9279,504.0119,942.0958
15.7667,1131.2711,736.1678,370.7668,775.8068,657.6479,693.5347,657.4498,645.0100,483.9631,439.3320,617.5485,248.7893,1129.8427,241.3849,308.6881,277.1604,641.3307,516.7184,502.0452,989.4196
15.8000,1104.1696,716.3504,376.6503,792.6224,658.4952,702.2668,670.3679,668.1167,474.5674,461.6468,619.7107,243.5301,1092.2780,232.7552,320.1534,283.2942,634.6827,495.4579,490.0727,1018.8276
15.8333,1101.3864,727.0060,383.4994,789.0181,640.7291,702.4005,657.4927,661.5325,472.0817,452.6937,598.4593,239.4745,1077.9761,246.3543,311.1457,280.4630,624.1722,515.5226,513.7057,1014.9397
15.8667,1082.3006,745.1555,379.0288,804.5241,634.1545,701.2500,671.3262,650.9184,464.3979,457.9919,614.1042,246.2426,1045.1267,238.3193,310.3132,284.7075,643.9306,512.7469,509.1803,1020.5553
15.9000,1040.9166,726.2977,378.2540,809.5634,631.9831,682.1152,658.4704,631.5838,487.7628,450.8647,620.5596,237.2298,1013.8200,242.2352,308.3698,274.9172,638.0534,523.1049,504.1644,959.5576
15.9333,1036.5439,717.1922,360.9156,793.9199,620.0389,678.9876,648.6013,643.6868,458.8890,455.1469,606.3416,244.1757,977.0284,234.4460,314.8440,283.7634,624.0328,502.8339,505.1130,988.9401
15.9667,1039.2831,719.9545,371.6926,769.5534,614.0497,683.5605,660.7100,640.1026,463.2002,459.4153,632.6166,241.3196,1007.0011,237.0887,305.7534,282.1142,626.1065,513.1468,502.6830,934.9475
16.0000,1017.0406,741.8766,365.2361,773.3002,626.4447,697.8708,627.6876,630.1552,490.5792,456.5632,620.3452,236.6954,983.8093,230.5926,316.6742,294.0317,643.9402,501.8521,497.4119,982.2038
16.0333,1010.3191,700.6817,360.5643,772.6828,600.4999,689.9713,631.2937,671.0544,441.8738,448.4108,632.9072,241.3379,942.0862,237.6752,312.3207,286.8189,641.0555,513.1606,507.5256,961.8583
16.0667,1007.1023,747.0177,377.2484,797.2253,596.2860,657.6943,621.6137,653.3336,466.7722,456.1125,612.1872,238.3323,938.9940,239.6722,302.8217,294.9504,662.9184,502.0647,508.2695,929.8598
16.1000,942.5662,714.8909,365.3702,797.1897,580.8922,664.0989,633.4863,645.0262,479.8667,448.4233,627.2331,245.5563,916.2877,241.7858,318.0014,289.1221,640.5938,506.8681,491.1434,898.9718
16.1333,993.9092,715.5233,367.1893,779.3710,570.4502,672.8021,646.1503,648.4990,480.7788,453.0513,612.4179,239.2536,893.1562,244.7809,320.2557,286.1013,643.2966,513.9900,494.2335,899.4489
16.1667,929.3057,710.8820,362.3331,792.3923,574.2608,659.5702,652.5830,644.3543,453.2541,449.3498,610.0715,239.6706,883.1940,245.4965,314.5937,279.6055,647.7500,500.1975,478.7891,871.7600
16.2000,950.1262,719.9094,376.9927,782.6751,572.2305,689.0622,638.9348,645.1597,477.5852,454.3200,627.3656,242.0544,874.3992,243.3799,322.7429,290.6095,633.5215,494.1871,481.2120,880.2925
16.2333,943.0570,718.5019,376.0927,790.6998,569.1832,689.6204,644.0864,642.1298,473.4900,453.7195,602.3337,248.1198,860.3392,223.4910,332.5046,292.5430,649.8270,486.2323,504.0640,883.3143
16.2667,929.4431,715.7869,373.2123,781.5064,565.5952,662.9527,643.7388,630.2588,481.3187,452.8332,617.9241,248.4141,844.0426,236.4113,307.3334,289.9173,644.3417,508.3068,502.0523,866.4129
16.3000,926.4307,703.6524,382.2171,794.0392,562.5057,671.0348,659.5108,647.2954,488.8134,458.0964,606.5249,249.6962,823.3911,238.7925,313.6316,293.8179,645.4509,506.9213,490.6752,869.4007
16.3333,906.5285,693.1425,377.6722,784.4802,560.5923,663.1946,637.7376,652.4210,467.4976,453.5968,624.0329,248.0238,826.6879,232.8216,309.6635,280.2072,620.4586,511.2282,496.5053,851.2411
16.3667,896.3619,700.1082,379.8735,785.8624,555.7004,657.1898,648.6114,656.6182,477.9530,464.8288,601.7347,233.0588,802.6303,239.2692,325.0423,282.4610,653.2362,500.9817,490.3395,809.3496
16.4000,899.2891,694.9963,351.7901,761.0355,564.0602,663.2280,636.6259,641.8412,493.2278,461.0784,621.3272,243.8599,789.1608,246.7603,312.2538,280.5423,641.2860,472.8602,629.6945,836.2701
16.4333,897.0220,688.6425,369.2132,770.0645,548.2572,661.0311,637.8358,623.1622,467.5282,451.6093,617.9398,244.1091,799.5958,238.9254,319.9780,284.6595,644.3517,496.5010,682.7299,840.5959
16.4667,876.9170,716.4096,348.1662,779.2294,542.9183,669.9603,635.7289,647.4250,485.4688,454.0332,614.2028,245.6371,779.6809,247.3438,314.4359,289.8403,646.8113,495.8884,707.8194,770.4335
16.5000,887.0174,716.6073,368.6798,759.2991,560.2094,679.2286,661.2635,649.8144,489.9119,460.1461,637.8779,240.9320,775.7170,240.6328,320.6739,288.7023,667.2045,510.1836,712.1676,799.3604
16.5333,862.3925,683.2051,360.2831,786.8765,538.6425,670.0235,619.1303,638.7875,467.7720,442.8728,591.6948,247.2456,768.7547,238.6863,325.0318,280.7256,640.6374,506.3987,700.6363,779.3476
16.5667,861.4410,692.6762,362.7391,823.5457,534.3653,647.2270,645.7380,644.3391,479.5526,455.3112,605.4074,234.8423,745.6558,229.1585,315.8907,282.4612,624.3840,499.3400,703.8276,804.6296
16.6000,861.8877,725.1834,368.1570,784.0084,533.8696,670.5393,665.4452,661.2745,471.6809,438.0212,611.4002,244.6427,730.9198,237.8870,313.8159,292.6416,634.9882,519.3752,687.5120,790.6512
16.6333,868.0568,718.2488,346.4770,788.1599,549.3816,668.7245,641.4744,656.1458,474.9292,450.7913,627.1033,244.5237,740.5824,242.1258,321.4462,287.8037,651.6361,505.9265,661.4368,783.8921
16.6667,851.3873,728.6634,365.1928,798.0094,521.3407,670.3377,673.5858,647.0182,496.9976,469.7976,626.4342,254.3758,749.1907,240.4667,317.7261,283.0915,629.2041,478.9599,672.5818,782.7588
16.7000,858.3042,696.9203,367.1949,796.4481,548.4347,669.5207,641.3396,630.5372,478.4576,456.0017,628.6276,246.2791,741.9243,234.9405,308.0551,280.6500,631.5721,521.8315,653.0938,754.3147
16.7333,873.7331,675.6100,369.3007,804.0918,539.0270,666.7234,635.6961,652.7867,468.2722,438.3066,610.5799,244.9058,725.6827,238.7819,312.8865,283.7085,626.1999,500.8781,635.0438,765.1929
16.7667,836.4835,684.7707,365.1996,791.9525,505.5667,636.9030,620.4711,630.7251,483.8132,448.5911,617.2131,244.6215,733.4623,237.1282,327.5190,291.3244,616.6456,494.6561,638.2420,737.0551
16.8000,861.2576,715.0136,356.4984,782.3457,539.3690,661.1917,639.1403,632.2900,478.1319,442.1491,606.3851,249.7157,681.5379,240.5484,326.1944,280.9005,646.0735,498.8294,637.9739,760.2252
16.8333,815.8524,690.7723,377.2980,784.7502,529.2035,646.3467,654.1653,644.3286,496.5943,446.4427,600.9036,244.5228,725.1190,240.4212,319.8172,283.4292,648.1720,516.5776,638.7897,748.9109
16.8667,844.0641,732.0132,364.2928,780.8750,514.1812,653.2173,676.7665,617.6921,478.7005,457.9935,645.3902,244.9072,694.1023,248.2148,307.0783,283.1991,659.6680,498.2601,606.3275,728.0923
16.9000,827.5396,710.4873,367.1156,776.9414,519.3484,664.3307,638.9266,654.7675,472.5940,442.0172,624.6496,248.6341,684.3812,241.4644,320.4973,295.3572,633.4857,510.1994,595.7354,721.0871
16.9333,861.4108,716.7788,380.5044,812.5922,517.3051,683.0694,633.0007,657.6549,466.7006,459.9100,619.7377,243.0096,687.0448,243.2934,315.5577,282.6750,651.8396,498.6430,592.2323,738.6886
16.9667,816.7895,719.7989,352.8681,789.3084,520.5128,683.8551,647.5701,648.1083,461.3564,447.2211,616.4877,249.2617,692.1281,240.8903,308.3188,284.8413,672.2069,503.3411,595.9260,729.3143
17.0000,808.9861,726.6858,360.0319,789.5272,522.4131,647.3823,647.2410,649.5667,458.2808,455.3475,604.4014,242.1763,679.3126,231.1095,321.1439,281.7044,655.7420,499.4441,573.7833,723.4563
17.0333,836.6489,712.5847,371.1687,777.4602,527.1696,652.5898,642.2347,617.1981,475.2186,453.7747,768.2716,239.9622,689.5575,242.3721,317.3601,284.5925,642.0048,512.1145,575.8483,716.0224
17.0667,824.0335,716.5602,365.7899,804.0145,517.9776,666.4037,651.6755,661.6421,475.2658,458.5488,846.1041,246.9553,668.9434,242.9670,314.1518,278.8577,641.8358,492.4373,559.2069,685.6496
17.1000,816.4454,683.1899,363.1947,790.4364,501.5161,671.3109,649.7651,631.5835,470.6791,458.1157,905.4653,237.5033,678.3645,248.1088,316.4097,279.1138,644.5731,475.7210,595.4214,727.4934
17.1333,774.5089,694.1821,371.3499,763.0554,515.4702,671.0913,600.6746,653.8021,471.7029,440.6094,875.3343,247.0948,675.6464,237.0480,317.8665,278.1432,637.2696,497.1269,561.7572,717.0937
17.1667,817.4290,717.4651,356.8948,807.6099,508.5936,665.7177,662.2792,632.1379,482.5059,456.1446,894.4292,244.3536,685.6335,229.5573,305.0360,282.2301,638.3615,513.5522,561.4096,712.4683
17.2000,807.4923,713.1127,362.8046,766.6387,512.7998,681.2941,648.3967,630.6879,483.0730,446.9574,869.6846,240.9891,662.8824,234.0841,314.8389,276.5494,649.0595,517.5420,552.1385,724.0364
17.2333,808.7695,705.3378,364.5139,756.7637,510.7660,669.8837,644.1484,649.9494,476.4634,455.8393,859.5394,237.5120,652.0496,238.2427,308.2237,284.3088,626.5809,512.7749,552.4180,699.2724
17.2667,793.2413,699.7359,356.2679,783.0725,518.6606,670.8893,638.0855,655.1646,475.4920,459.7335,846.0931,245.7665,677.9614,241.6190,306.2067,280.6185,660.8716,493.0103,550.6046,704.9677
17.3000,824.9470,721.4816,366.8209,782.1333,508.5643,648.6495,634.7467,637.4217,474.8349,455.8709,846.9623,238.6778,640.6458,233.4244,319.7826,285.8983,636.9364,493.1253,519.8359,704.8432
17.3333,802.3188,714.4614,365.2715,786.6169,503.9802,645.4686,635.0478,659.4034,460.7357,445.8373,834.3154,239.0078,668.0868,241.7726,317.1064,277.4228,647.3925,494.3158,536.9538,704.3467
17.3667,797.1668,705.6864,348.4277,778.9814,516.2844,662.9845,656.9566,641.3090,475.5097,456.6880,812.5921,243.9914,650.4218,237.0005,314.6186,285.9861,627.1939,514.1195,537.2699,698.0793
17.4000,774.8005,741.2632,369.5606,789.7371,503.5114,657.7233,624.6224,646.8106,461.1085,465.5347,796.8858,247.2818,635.3238,237.7284,305.2811,275.3390,655.9704,495.8842,530.6844,696.7943
17.4333,795.2373,707.0619,355.4908,792.9775,486.7079,649.9722,656.6300,651.1446,475.7781,443.6116,818.5935,252.1563,676.1894,235.8474,317.0338,281.5413,642.6378,494.4175,534.1892,694.6092
17.4667,779.6809,700.9710,366.9477,808.7450,504.0820,649.0910,643.5442,659.8488,465.8174,457.6347,793.8849,242.2849,658.0308,231.1914,319.3875,280.1511,630.3946,491.7050,526.0653,703.2072
17.5000,817.8496,729.4701,364.6720,813.4777,511.8285,668.5173,628.9545,608.8677,474.0135,449.5733,754.4947,239.3213,653.3064,240.2937,319.9560,280.0367,628.9176,497.1674,528.5259,693.0271
17.5333,798.8527,697.6767,357.3993,757.4796,510.2578,670.7882,651.9357,626.9344,471.2248,467.9863,790.2481,239.3520,651.6009,239.1450,310.4964,282.2809,626.1122,515.1010,527.3202,709.0144
17.5667,784.1631,701.3454,360.4973,765.4175,521.0474,660.0674,631.3906,637.8543,456.0610,446.8746,773.3676,246.0817,834.8759,236.1075,305.9987,274.6648,651.4933,497.9977,521.5739,680.9305
17.6000,789.9332,717.0711,354.4603,808.8442,523.0915,646.0254,658.4690,647.8086,477.6270,456.7202,757.6860,245.9712,911.3284,237.8625,320.1519,286.7106,631.2836,494.1280,505.3935,671.3114
17.6333,815.1042,736.4832,368.6386,774.0464,514.1268,644.5361,665.3256,640.9017,480.2135,457.2114,747.9630,251.8289,925.8339,233.0205,329.3524,282.7369,640.4844,498.3973,514.1742,664.5629
17.6667,793.2671,705.2149,371.4121,805.9492,500.0182,640.1514,659.9626,633.5516,473.9819,452.6076,704.7373,239.8849,927.9226,248.5291,317.3988,279.2814,622.5399,507.7118,521.1267,684.9249
17.7000,789.9840,681.5192,370.5805,785.3971,494.4522,658.6199,641.0133,612.0374,470.6337,462.2987,738.3441,240.1434,921.8040,244.3491,303.4627,280.9657,642.7257,489.5975,510.9172,686.8393
17.7333,819.0854,729.1355,361.6865,782.4319,638.6312,663.4236,631.3906,641.9525,467.8419,444.8252,726.5374,237.9958,904.4087,241.9015,319.4613,274.5285,650.0870,497.7550,516.6924,711.7601
17.7667,794.5789,711.7575,353.0756,779.9892,691.1713,667.6611,635.2726,655.8837,469.6578,456.5521,721.4779,232.6785,906.8793,238.4595,316.8222,273.9672,643.0950,497.8925,531.5345,701.7641
17.8000,802.4072,726.3626,361.5418,787.6426,709.2284,657.6495,622.9541,626.0922,480.2533,445.2888,706.7519,244.0565,878.8895,234.2609,326.0340,277.9678,659.4246,491.1825,505.5972,691.7760
17.8333,781.6490,719.6241,357.7204,787.9445,729.6371,665.1381,644.9755,636.9160,468.3788,452.0143,701.8044,232.1400,859.2215,236.3948,317.8060,276.2726,628.5553,484.7369,502.5292,716.4147
17.8667,780.5451,731.2413,372.5835,774.0862,723.8104,643.8813,631.2333,630.0334,478.4469,451.2383,693.0024,241.1117,853.6974,228.6381,319.9867,275.0037,672.3750,504.1908,512.9552,680.9988
17.9000,799.5178,714.0962,362.2655,793.8452,705.2756,664.8689,638.3753,643.3334,464.6549,444.9928,687.4179,250.2602,824.8080,238.3030,325.1730,287.7948,636.3089,488.4280,504.7442,700.9513
17.9333,784.6956,685.7724,353.5441,767.9956,692.4461,660.9492,649.8569,655.1170,478.4058,451.3070,702.1014,241.3533,839.0159,239.6511,310.7695,286.1775,654.8386,489.6293,502.9761,709.0247
17.9667,790.6517,711.1648,368.0908,766.4865,687.0863,647.9446,629.8278,648.9832,478.0866,465.0342,672.8610,241.7980,822.1657,240.8751,313.7600,277.3864,656.6416,498.5027,498.3244,694.8925
18.0000,783.3634,735.3846,355.9875,778.0245,696.9061,661.3281,626.9535,624.9422,482.2184,451.4159,692.8653,243.2003,817.1346,245.0132,309.7519,275.4572,633.6697,481.0880,505.1188,663.4822
18.0333,783.9145,738.5204,362.9900,788.7299,665.0287,644.0015,657.3241,664.7928,493.0672,441.1041,664.9370,239.9408,806.0708,238.0857,314.2376,271.6396,652.3077,492.0138,505.3362,688.6189
18.0667,781.3194,730.3058,375.2799,815.1170,659.4125,684.0041,632.8099,645.6002,473.6693,444.0816,676.5126,244.4375,773.1113,232.3450,319.9326,264.5390,644.2410,495.5778,514.4963,694.7465
18.1000,761.9917,716.0452,376.1518,805.0790,659.2491,668.1570,652.1172,609.9148,499.9358,444.7628,677.1954,240.6162,772.1959,233.1472,317.7716,282.1170,657.8038,485.2312,514.3946,686.7752
18.1333,803.4442,696.6275,364.3742,778.0351,636.6238,661.2592,640.9670,640.9252,458.3067,451.6869,688.2146,241.1298,791.7343,238.7261,318.5755,290.2390,648.6793,503.4320,496.7953,691.2400
18.1667,772.6237,735.6418,356.4635,777.2980,637.8572,650.7156,637.4910,638.9839,452.0193,452.0490,688.5499,241.0245,782.9230,243.4800,323.1026,279.5031,620.2158,498.2325,492.1216,695.5421
18.2000,762.7027,697.7979,362.6445,777.7706,628.2952,679.7401,632.0617,623.3907,472.9220,461.2079,660.2912,238.8104,750.4429,234.3265,316.0544,279.1072,637.9627,492.5433,505.8156,673.6107
18.2333,782.7629,713.2413,366.6064,766.7029,614.6088,660.9071,650.8083,643.1322,485.2082,444.4335,638.9218,240.9592,766.4027,247.6910,323.7897,285.5144,620.1722,492.3148,486.8936,670.3916
18.2667,770.6480,709.4073,371.1984,762.7825,619.2111,671.3416,656.2062,641.1959,474.4530,438.4274,661.4234,246.1875,759.1750,230.8845,319.0797,288.3932,637.0762,500.5317,490.9163,682.2004
18.3000,800.9798,720.6359,359.0382,781.9950,613.7868,653.8920,640.0936,644.4698,494.8589,456.6039,664.7545,249.8598,743.8303,231.4510,315.9441,291.5519,802.8791,491.2214,500.9174,710.2798
18.3333,790.7574,721.9532,374.6062,793.2895,607.4880,672.4164,633.4323,638.2266,484.1277,453.5311,649.7978,248.6767,741.7018,238.0115,317.9613,284.5810,880.1167,500.4972,491.9007,687.3335
18.3667,770.8493,755.1509,361.1856,803.8386,591.6004,647.4452,653.3004,634.4503,467.3898,444.5675,653.0017,229.7834,726.8340,237.6538,310.9882,266.0122,922.5578,493.4359,505.5073,681.0370
18.4000,765.8136,735.8564,362.5980,769.3043,584.6708,668.8359,642.6403,616.4068,465.3615,457.2503,641.2559,240.2257,720.9560,246.2596,323.0487,282.5274,919.6536,510.6428,496.4678,666.8574
18.4333,789.9857,712.2544,360.7122,768.0525,591.5011,665.0393,636.2569,643.4436,488.1896,450.7786,653.4028,237.8711,728.8525,233.0329,318.1685,284.7068,927.7081,490.3554,510.4345,674.5509
18.4667,768.3296,709.2341,361.6021,767.5764,586.1817,653.6862,655.5127,616.5762,473.9670,445.1191,635.5303,247.7600,716.0365,232.9558,320.8726,285.7401,908.1191,502.8875,499.8886,664.4180
18.5000,757.3220,695.9920,380.2488,789.0545,581.4028,662.7241,644.9883,628.2652,465.2398,454.5437,633.6426,243.1917,711.1907,233.2003,316.5780,284.0279,882.5969,487.1964,481.0205,692.2167
18.5333,752.4449,725.0826,373.9278,794.1853,578.3415,666.8572,652.0082,657.5160,466.2608,467.0714,640.8907,236.4780,689.3588,239.0467,311.2974,291.8186,885.6956,489.2854,482.5329,685.4366
18.5667,790.0841,687.3561,363.0389,756.5182,565.7561,645.3685,645.1380,653.6812,462.7170,448.7071,635.8130,234.4989,680.7754,240.5265,319.4828,281.1146,865.2737,501.8794,481.7135,680.5287
18.6000,750.4973,691.2091,371.5114,800.8654,560.1984,653.7250,656.7430,638.0026,458.7564,456.9665,642.6109,247.3385,683.4685,232.4654,308.6248,289.0736,846.2062,489.9638,498.8273,687.0097
18.6333,756.5653,712.1231,359.8803,790.3805,565.6037,659.5280,644.6319,640.0037,483.3142,450.0759,657.6859,240.6300,686.1198,237.6760,325.3648,288.1438,858.0544,490.3964,475.8400,688.2469
18.6667,786.4190,716.9948,352.6660,776.1259,561.7854,657.6669,648.0355,670.8494,475.6967,448.3442,620.3060,246.5992,695.2875,234.2230,321.3463,271.6795,856.1424,494.5176,468.1347,667.1469
18.7000,788.2264,707.5936,369.1273,799.7827,560.5138,642.6653,643.2524,630.3858,482.5254,462.7583,643.6362,233.5888,678.6298,240.2431,315.5367,279.4218,852.5249,495.5185,496.4613,666.5110
18.7333,756.6426,723.6819,386.3737,784.4817,577.9670,648.8100,666.8970,645.1261,473.3740,438.9858,618.6322,241.1958,712.9802,232.0424,314.6636,285.7869,817.0950,493.6728,476.3357,678.0055
18.7667,765.5521,707.6751,364.5385,810.4086,544.3734,640.8426,647.6307,642.1691,481.8016,446.8478,612.2063,253.1861,681.9111,241.3787,319.3611,280.7120,802.4146,465.7422,497.2582,668.0175
18.8000,790.8729,735.3791,364.3759,794.2550,546.7874,658.2862,642.0323,621.6205,462.1031,445.9093,631.1366,240.3954,663.8066,235.3637,315.8150,275.8554,795.4030,506.5119,479.3770,664.4357
18.8333,778.6362,720.9254,355.0559,779.4385,539.8468,657.1092,651.5838,628.5803,477.2501,451.9957,625.0304,246.0789,667.0333,236.7701,323.1729,282.8291,785.0073,485.9310,472.9979,699.6952
18.8667,767.8531,708.4310,356.1873,792.2076,554.9245,658.6357,624.9553,646.0587,471.5698,454.7925,610.9293,238.4186,655.4350,233.5373,320.7011,279.5577,784.1675,511.5304,479.3571,674.7708
18.9000,777.1094,700.7520,366.0914,791.7538,540.3425,653.5815,645.0777,633.6251,461.2173,456.2981,641.6584,237.5013,666.8935,242.2732,336.4042,282.5260,756.1052,470.1770,474.9583,678.5920
18.9333,781.8878,740.9443,365.2111,779.7593,546.1564,651.1564,653.9955,631.4502,470.0745,442.0648,631.6272,243.8521,668.6024,234.1945,314.4464,274.8334,761.8152,479.8429,491.9055,677.7256
18.9667,757.5983,707.5986,363.3640,766.2547,538.8095,628.7405,652.2582,645.3048,471.4376,455.8599,638.9224,242.4587,678.9224,239.2743,325.2831,287.3152,768.0948,493.9479,490.4075,646.9936
19.0000,758.9311,691.4829,363.7430,784.4390,533.4918,678.9366,654.2173,643.2454,450.3167,446.8065,631.9485,238.4904,664.3944,233.2374,324.7769,284.6297,755.8586,494.3992,488.2538,663.4388
19.0333,792.9654,724.2875,365.3973,788.6581,547.2394,645.8870,663.5707,631.0747,487.8900,438.9771,656.2908,237.5170,636.3535,236.1958,323.9926,281.1858,754.4290,493.2923,495.0463,664.8857
19.0667,803.1977,705.9668,367.8306,768.6385,540.1124,646.0276,632.1548,635.4469,483.4753,457.2800,639.0333,241.8253,662.1236,230.1138,312.1505,290.8193,708.7306,485.3107,472.3265,671.2537
19.1000,789.6223,749.7565,372.4335,802.8107,523.3141,643.9751,654.1705,636.4769,471.8899,444.9006,622.8788,246.0530,659.3654,229.9938,319.6657,282.3318,714.0765,496.3496,470.9944,687.4917
19.1333,772.1311,707.0905,373.3124,760.6642,533.4181,653.5255,676.5187,632.5907,466.3398,449.1940,608.7198,239.8203,661.0530,240.9806,326.9715,288.9471,900.4704,502.2256,478.5638,650.8810
19.1667,764.2663,694.8423,370.1169,778.8675,541.5697,649.8727,643.9001,637.8971,484.8512,447.7067,618.3210,242.3091,642.0536,232.0942,309.1251,275.0894,985.5487,492.5721,480.6846,684.7900
19.2000,776.0607,692.1270,358.2987,783.1441,511.7171,665.2641,635.8801,620.3154,484.0001,433.0094,607.1639,241.4359,661.0134,227.2085,319.8565,279.7987,1013.2746,485.3586,470.9068,674.5376
19.2333,791.9238,685.6814,352.6647,776.9297,535.3220,670.8376,650.2433,616.6205,462.2569,441.8469,611.2484,238.3049,641.7016,241.3088,319.3506,282.2217,1010.6811,498.5688,494.8176,658.2668
19.2667,795.2446,725.9110,376.0046,790.6086,527.6237,656.2733,672.5785,625.6273,459.4931,458.9410,622.6190,240.2544,646.2989,243.1144,309.3430,280.0608,1021.7994,488.3747,477.4377,666.8275
19.3000,774.9542,743.2455,371.0578,786.4284,513.6011,660.1213,616.8730,628.3707,485.9645,435.8884,617.6300,240.2520,646.6309,230.6550,318.4909,274.1319,947.2355,518.6994,476.1592,675.1946
19.3333,781.5104,719.0042,369.9306,782.1355,510.0530,657.6742,656.7494,641.7000,479.6424,453.0313,607.7425,238.4936,649.5047,239.0272,329.3001,280.0328,942.9987,503.9813,481.0704,677.2503
19.3667,752.0221,711.0945,358.7053,759.1276,515.2085,659.8942,626.4709,642.7826,481.9043,440.9923,608.4682,244.8385,630.4576,236.0500,321.6560,279.4953,960.8294,490.6178,474.5994,674.8692
19.4000,772.9119,699.3353,373.0922,770.4139,519.9110,667.0973,637.5495,647.2245,460.1688,463.0501,618.5634,247.0897,640.3940,244.8743,330.7333,273.7834,920.9095,487.1270,466.0620,670.0924
19.4333,798.4227,726.9802,367.8720,791.0368,510.5497,662.2098,643.9007,665.0615,471.7001,436.5452,630.4684,238.7746,647.1830,235.0140,308.3831,278.0816,955.1529,515.3478,467.3659,691.5539
19.4667,772.8181,696.8051,370.0057,808.9778,523.8986,659.8016,630.0741,641.6798,489.9701,448.0477,630.4222,236.2823,617.1865,242.7990,322.3305,279.3728,886.7841,487.3218,478.7605,683.9975
19.5000,782.3529,706.9636,361.0790,747.0066,521.0342,660.7714,651.0050,636.0739,476.2712,450.5954,618.1835,247.8510,636.2689,236.5600,315.7167,277.4304,890.6878,474.5059,476.5948,666.9880
19.5333,789.3802,710.8146,362.3344,777.7920,512.3537,670.3517,628.2735,644.6189,469.8516,434.5851,620.3453,238.3133,646.2712,244.4336,315.0007,275.9035,880.3643,477.5361,491.1598,691.8878
19.5667,788.1039,732.2085,365.3605,783.6533,517.5001,670.5240,631.4047,636.5647,476.7814,449.3008,601.7654,240.0869,630.1792,234.8407,312.6980,288.5312,860.4173,501.3698,473.7148,671.9869
19.6000,776.5841,727.1165,372.8159,783.5439,507.7484,682.4924,656.4544,640.1957,471.7033,444.6021,620.5342,238.3354,650.9675,241.3490,318.0090,283.0873,867.9158,497.7851,467.3312,637.0249
19.6333,766.0396,737.1231,378.5588,781.4360,510.6682,654.2532,664.3892,625.1234,484.6735,446.9265,629.5928,243.9167,643.6970,239.0902,312.6340,362.6448,849.7980,486.3386,485.7482,671.3522
19.6667,740.4360,750.2986,363.0612,793.1844,526.0768,649.0289,656.9791,635.0099,445.0120,438.7616,603.7515,233.9483,651.1102,243.7327,304.6648,398.5180,821.9202,484.6517,492.6900,662.7677
19.7000,756.4573,713.6893,371.3947,768.7827,530.8482,673.1754,650.9778,657.8190,485.2410,456.9442,622.3790,234.1780,642.6757,241.2904,317.5413,417.4100,814.3006,493.7257,479.4430,669.1855
19.7333,770.0357,745.7402,370.4849,778.9708,508.3197,648.3613,646.8357,666.7056,485.4668,454.0158,623.1601,238.5528,630.1017,233.4794,312.9828,411.3787,837.3559,499.2407,487.3915,687.6137
19.7667,786.3978,739.7051,380.1295,774.1118,520.8741,663.6938,651.9700,637.4125,472.2666,460.5030,605.2408,239.6182,635.8587,238.6382,315.3954,401.9292,789.6085,491.4594,488.6827,653.6188
19.8000,778.2192,720.3497,363.7151,769.2842,515.1844,657.8477,646.3018,639.8287,467.5958,451.2994,597.9057,240.6556,616.7537,233.6590,320.7378,404.1409,813.4657,492.8003,486.3780,673.3735
19.8333,793.2118,738.1603,376.6571,788.0609,518.9076,664.2320,648.7941,656.5939,487.5562,451.7963,633.4273,244.4250,633.5004,238.2958,310.8477,400.0433,798.5918,483.3046,486.3630,673.4714
19.8667,755.4742,732.2974,366.8150,793.0332,526.0126,671.6542,656.4675,621.1656,475.8477,448.2488,631.6299,238.3598,647.8489,241.0373,323.0221,390.1809,792.5507,485.4510,478.4374,676.7426
19.9000,746.5360,742.0792,374.5959,773.9387,511.2209,660.2459,660.1818,643.5498,473.8116,446.1266,598.3444,237.9344,634.9764,240.1047,316.4476,381.2826,758.9712,493.2164,478.7454,657.7798
19.9333,784.5087,679.3406,367.8829,783.8179,518.1051,647.8775,628.0496,650.9572,464.7443,457.0006,597.9556,236.0779,639.2233,233.4314,320.1816,381.4319,759.3040,484.9939,487.8881,680.0870
19.9667,803.3313,703.0649,377.0043,782.6435,510.6746,652.9982,631.1833,629.0990,447.1173,446.8833,628.4828,239.1889,649.8999,229.8086,324.8922,377.5748,755.9277,495.6596,487.0494,663.9183
20.0000,778.0515,697.4202,364.1496,776.3069,505.1753,669.8534,618.2437,634.2945,458.8672,451.4986,629.8407,239.5202,621.5928,241.5704,325.5385,371.5837,762.5285,478.7752,493.0904,684.1760
20.0333,766.1560,721.1886,378.2255,781.2995,502.5346,660.1551,658.8031,645.9868,459.7664,450.3747,636.1712,240.3268,649.9861,229.0307,329.3057,367.2703,770.5275,488.0918,468.1572,665.1835
20.0667,789.0300,720.7830,361.8095,807.7872,508.6936,657.4016,645.4549,654.7107,470.1490,441.8799,632.2994,241.4477,638.3751,237.9043,315.2806,350.9892,754.5006,480.9446,493.7453,686.1686
20.1000,797.3552,698.2572,376.3405,774.6705,502.8959,658.3838,639.6421,655.8443,469.7220,430.5895,618.9085,245.6226,636.0975,235.0350,310.0723,343.8383,732.7737,495.3831,470.3365,661.0216
20.1333,755.5074,706.9186,358.7657,772.5909,517.0981,650.9211,640.2425,643.2729,456.9743,446.8775,610.6514,248.7748,609.7699,233.7344,322.3808,348.8740,760.7269,493.8939,481.9714,678.3400
20.1667,769.4095,719.1063,374.7567,798.6884,501.6191,643.9466,641.7015,628.3096,469.4473,441.0798,632.3054,247.0369,642.5114,241.7976,321.6985,349.9481,708.9621,490.5742,482.0760,681.8906
20.2000,790.9668,714.6656,357.6727,801.4355,513.2471,664.8055,655.0545,638.8460,479.2313,456.2537,615.2781,238.6734,648.2317,228.0552,325.4372,335.1994,712.9773,482.4563,466.8553,658.4358
20.2333,778.8111,717.0993,365.5615,792.2021,498.0180,672.7495,641.7319,651.2486,468.6152,459.2443,627.0453,239.0614,622.1112,242.3033,324.4678,338.4474,731.8459,486.8639,469.1824,641.1242
20.2667,762.1669,711.0095,376.5754,781.2565,507.3490,664.0996,668.4412,665.6606,472.2686,447.2823,610.0617,249.5063,649.3786,238.5696,323.0678,341.2687,720.2492,505.4150,488.9403,647.7710
20.3000,770.1259,699.2493,369.8229,784.1128,516.8386,661.9378,664.4662,654.3837,479.5974,461.6911,608.6398,236.5791,610.3423,241.5303,330.3907,328.8065,725.5860,486.9163,490.9150,652.6697
20.3333,760.7799,726.2368,354.7925,789.9681,509.4939,664.8752,653.5383,625.0020,479.4384,447.0293,602.4992,239.7198,627.8646,238.8442,323.4901,334.8171,673.4320,485.5110,481.2603,666.4447
20.3667,751.5814,697.4875,371.2889,790.6747,504.9114,684.9014,638.1110,653.6760,472.1269,447.0194,600.4507,242.4852,621.0412,235.3282,323.3587,330.3971,717.7892,482.6759,500.9382,645.2266
20.4000,779.8636,729.0568,379.5068,777.7888,505.3521,642.2127,646.0108,625.3103,454.4145,455.7216,616.7388,241.0588,639.3700,244.1281,316.3044,320.1130,689.3797,504.7733,485.9886,646.4086
20.4333,754.2105,720.6750,374.9165,790.3479,507.4619,677.5084,650.7598,639.7117,480.6732,450.1816,605.6235,234.1788,640.4853,232.4735,320.6330,322.8086,703.5443,504.5730,471.6876,663.4540
20.4667,772.9265,731.2363,363.3965,791.5423,505.8409,673.0394,653.2532,616.9725,470.0561,459.8010,595.4225,241.5128,632.8234,229.2095,316.9341,324.4152,683.8790,494.8346,472.5171,664.0354
20.5000,759.9051,730.7121,369.1766,792.9031,511.4324,665.8766,650.8129,628.3282,462.7394,442.1571,632.4637,240.0924,609.4575,241.8076,311.1368,316.8991,694.6241,482.8972,469.2985,662.4873
20.5333,781.6755,695.2152,379.6687,745.6171,517.0741,650.3427,649.6511,634.8939,469.4598,433.1003,620.4334,234.7908,626.9312,231.7854,320.8721,315.3598,693.5151,484.1510,490.0392,664.6620
20.5667,769.0486,699.4355,378.3676,786.6316,507.5613,661.1376,650.8175,658.9845,473.3932,446.4650,594.3348,242.3022,594.3490,245.1689,330.5189,312.4095,682.1983,484.6001,478.6506,638.0615
20.6000,770.5808,681.7330,355.0217,769.7130,509.4967,677.2777,659.3015,629.4862,470.2785,466.8116,623.6386,241.8413,625.9234,237.3808,316.5635,321.4667,684.8269,488.0955,478.2579,661.5562
20.6333,750.0993,695.7591,376.4170,775.4723,517.6575,666.4780,642.1208,638.4129,467.7647,444.0936,610.7555,243.1685,626.0837,239.7115,317.0135,314.1030,675.4866,486.0652,476.0603,674.9813
20.6667,778.3400,701.1615,353.5911,761.0928,496.6885,664.8966,639.2670,633.3122,463.4579,448.3024,605.3036,238.9302,634.1218,236.2910,328.5382,308.4471,702.3975,488.3382,466.7400,658.1319
20.7000,767.6005,730.0612,356.0325,756.4882,503.3732,654.2250,648.8618,618.4687,459.0315,438.5856,604.4252,242.5243,636.8939,237.6428,313.4236,317.5028,674.0749,497.1634,481.5984,670.6156
20.7333,761.8296,725.4026,368.2861,782.5828,500.0634,661.8059,639.6768,628.6679,483.1295,455.2197,620.1838,248.5814,636.1140,240.1933,327.1383,299.6754,669.4063,491.7197,483.0103,666.6728
20.7667,781.1704,691.4469,360.8840,812.3930,477.4346,665.8997,638.5034,642.7068,480.4077,436.2204,621.5325,238.1766,632.2882,241.3416,311.3345,299.7009,676.2662,502.6563,487.0923,678.5959
20.8000,788.9071,728.6190,377.1046,786.7059,500.3204,674.6644,643.2607,627.2206,477.0676,449.5305,618.1429,229.1346,647.4413,238.0574,319.6817,315.5171,673.0133,502.3738,479.5697,671.3393
20.8333,801.2580,708.6958,368.9103,797.4890,511.6540,678.2286,640.9714,624.1183,474.9496,451.7891,629.3882,236.9733,623.2839,238.7246,317.1627,298.3343,641.9608,494.6325,480.7339,686.3025
20.8667,777.5134,720.6052,358.7170,768.9598,492.9070,652.4021,648.3828,635.0355,470.0154,448.8725,607.7759,239.3493,617.1403,238.4327,315.4734,302.1480,659.8580,479.5688,488.3116,681.8132
20.9000,778.1444,718.4936,374.7757,794.3482,487.0499,655.6951,649.1776,609.7502,475.3036,448.5180,592.4040,240.0269,626.5154,231.3047,315.7984,288.2038,649.2384,489.7436,480.3855,675.6180
20.9333,759.5294,713.8062,354.7948,772.5262,493.9661,645.9514,646.5556,638.5215,467.4077,463.1735,606.1002,238.8678,631.1271,240.3642,325.3603,302.4147,681.6906,498.6165,483.1143,669.5964
20.9667,763.7492,735.6678,372.9932,789.9114,515.3418,666.7927,648.0029,652.2929,466.3640,455.9626,615.6368,233.4414,634.1781,248.0975,317.3119,305.1158,659.1624,498.5876,480.9668,655.8791
21.0000,793.0167,696.2902,373.2880,783.1975,503.7513,650.6800,647.0236,632.4492,469.6419,464.0999,609.7450,237.9379,611.3622,241.5961,318.3079,300.4050,671.5796,477.5394,474.0589,665.1004
21.0333,767.4138,726.6804,371.4847,773.0218,515.2197,651.1174,646.7242,614.0753,486.9548,453.7820,608.2627,237.5829,625.1864,245.2043,317.9551,300.5302,648.4470,492.5538,466.1764,665.6437
21.0667,803.4124,738.4751,392.1114,791.9625,513.1500,685.6197,640.8684,643.9764,472.6436,432.5833,633.9729,238.1616,621.8541,238.9175,318.2282,298.9107,671.9310,481.0832,473.8693,696.0451
21.1000,754.9846,712.7491,364.8470,781.9950,512.0793,683.0036,638.9864,650.1384,464.5091,454.8076,604.0857,247.7576,615.0069,237.0828,320.1567,300.4504,661.6550,483.3938,490.3445,671.3193
21.1333,772.2838,709.3278,358.5664,761.0066,506.0779,662.4448,635.1057,621.6214,476.1517,449.8930,612.7839,232.3973,633.0226,231.6276,310.1906,309.6400,685.4159,492.2660,468.4167,673.1544
21.1667,771.7991,704.2631,374.1679,792.0148,492.2535,650.2871,640.3811,662.4430,456.5397,446.0979,596.2172,236.4714,638.2417,236.4820,322.6015,289.1022,650.3040,483.6723,471.5350,692.2659
21.2000,1216.9545,1040.3755,364.4648,779.2963,798.4414,659.8017,648.2773,1032.5853,477.0179,433.9116,617.8292,236.8141,624.6189,237.3753,326.7405,291.0497,634.3072,625.6246,482.0559,663.0790
21.2333,1418.2414,1179.8388,366.0910,775.5256,913.3088,659.3438,1156.6542,1190.8427,466.4945,439.3841,614.2256,250.1857,625.1985,232.8383,311.8734,286.5214,650.8477,687.8931,480.8524,653.6861
21.2667,1491.8551,1229.8393,356.9355,1182.9475,969.3529,659.8142,1377.3861,1258.2915,468.4765,426.2570,619.8365,235.0068,634.9636,240.5131,321.8630,292.1537,663.5088,712.3644,478.8427,698.4768
21.3000,1510.6031,1201.9028,630.0726,1314.4484,970.7767,633.1390,1456.6139,1247.4632,464.4590,447.5027,606.8924,241.4099,624.1195,234.3703,323.3902,286.6963,643.2912,721.9057,480.7295,666.3751
21.3333,1492.1245,1248.7306,747.0329,1421.5615,960.6975,659.2600,1472.3394,1244.3491,459.8720,454.5977,639.4671,233.4991,645.3919,238.1208,320.2905,277.4081,655.3515,708.7058,487.8573,684.0667
21.3667,1483.4588,1218.9946,777.2513,1410.5881,954.5662,666.0892,1458.8539,1241.3811,478.9118,441.9689,626.0826,230.9307,614.0379,237.1736,316.6296,287.3067,641.0125,687.1500,480.8038,683.1739
21.4000,1475.2151,1181.3252,805.8877,1424.7251,935.7455,665.9392,1424.4102,1200.1240,471.3118,456.0779,599.0536,243.7439,643.4805,230.4917,301.1760,294.8221,649.3100,670.9166,478.7758,679.1957
21.4333,1414.6157,1168.9929,781.1522,1387.4450,904.9787,645.1055,1377.7875,1179.5848,486.3904,446.2282,605.0822,243.1346,622.0905,234.8367,316.0294,294.0053,636.3287,681.9022,486.2817,688.2949
21.4667,1376.6181,1118.2735,772.8162,1381.6470,873.0808,656.2860,1343.1122,1151.6582,460.3171,444.2791,613.0785,236.6506,608.6906,243.5922,322.2398,289.3289,655.1270,670.8731,471.0405,672.9069
21.5000,1323.0518,1122.0859,758.2102,1327.1829,870.7927,668.6819,1307.2060,1140.6214,474.0328,452.4096,594.0245,231.2710,614.7143,237.7909,325.1473,284.8552,641.7426,658.8852,465.5961,671.9611
21.5333,1300.0387,1084.1396,740.5926,1334.4125,841.5903,650.5275,1295.6715,1066.8895,471.5436,453.4047,607.0104,241.5864,613.0836,252.8508,340.1730,292.6051,652.7952,645.1045,470.7537,672.5875
21.5667,1253.0190,1080.4464,734.1410,1290.7731,836.5748,660.6318,1264.4158,1100.9507,476.3337,458.9614,619.0957,243.1000,625.9094,240.2318,322.8027,291.4240,641.9234,658.6878,469.8965,668.2000
21.6000,1260.6335,1040.2346,696.1269,1233.1626,802.3116,664.3527,1212.4699,1039.6922,469.0976,441.7657,634.7484,237.9484,630.2759,237.7292,314.9213,287.2244,657.2655,627.7464,469.9925,662.3249
21.6333,1203.5575,1030.9275,684.9187,1233.8855,785.3700,644.7566,1166.8940,1038.1188,485.4698,454.2719,611.9159,239.8862,615.0073,240.1987,325.6435,293.2346,647.4270,621.5598,472.9524,658.6513
21.6667,1213.6698,1028.0810,668.9103,1228.4466,770.8241,674.1436,1156.0867,1013.3676,466.7403,456.1014,596.5144,238.4407,619.0669,237.4390,319.2615,292.3840,647.6729,603.2559,496.7919,675.7603
21.7000,1167.6663,996.2863,652.9450,1190.2218,760.4916,636.0082,1116.8081,998.5003,453.8908,450.4093,606.6437,241.1701,605.7726,233.8373,402.2441,287.0585,644.5460,622.0586,478.0007,704.5042
21.7333,1163.6355,991.6221,615.1790,1134.9119,737.0025,670.0914,1086.6394,980.2150,482.4012,435.1308,606.0999,237.6451,648.1733,233.0534,447.4726,290.0161,631.1993,599.0611,459.4007,661.8936
21.7667,1145.5722,973.2778,620.2603,1135.9093,713.7882,637.1069,1055.6422,950.4222,483.4423,439.9238,604.0064,238.7197,657.8661,234.6294,465.9153,286.3284,637.2120,615.6497,459.3106,680.2503
21.8000,1087.6231,980.0624,605.4945,1128.2614,704.6266,661.3504,1062.7069,911.5463,474.2728,436.0836,618.9310,235.0218,625.4133,237.6275,461.4305,290.2236,625.6328,584.2855,465.0655,669.4735
21.8333,1086.5648,960.0078,587.8531,1115.3538,708.5811,670.0686,1028.0188,888.7624,459.3400,441.7824,624.8908,239.4095,620.6457,241.6426,455.8878,282.9460,661.9580,581.1565,467.6864,653.9576
21.8667,1087.4988,938.7059,583.8795,1076.0933,698.4623,659.5030,1011.8549,897.4951,487.9372,450.2666,622.8357,238.9473,627.7295,243.9155,456.3802,296.7979,654.6910,570.7962,483.9578,697.1726
21.9000,1072.8854,957.6743,575.3626,1072.9788,692.5601,660.7963,1012.1807,891.3364,458.8378,445.9580,612.5315,241.3964,620.3265,237.2880,455.8063,276.5182,626.4514,582.8030,491.2622,687.1319
21.9333,1062.3636,918.6089,561.2561,1058.9146,700.2742,656.5468,953.7475,865.0052,475.5537,450.9861,603.1532,232.9956,621.6896,236.9461,435.3999,293.1718,644.7344,567.5306,471.0950,659.9017
21.9667,1029.3248,894.3164,553.3814,1050.7205,672.7917,643.8321,947.8587,858.0615,479.6960,441.8419,602.5995,230.9312,637.4262,229.1139,427.3582,280.1803,650.5151,568.5255,469.8613,683.2071
22.0000,1019.3115,918.8913,538.3743,1040.9577,663.9744,653.6412,944.0989,838.2295,476.0670,464.0371,611.7050,236.6432,651.1082,235.1466,437.6290,293.2628,636.6770,564.5563,465.4739,659.4117
22.0333,1036.0787,878.3942,521.7562,1012.1534,637.3109,659.1523,929.7090,847.7979,481.0868,431.7434,603.7238,244.4932,642.5079,231.4086,418.6097,283.5994,620.8935,567.1903,486.4852,674.3741
22.0667,998.2084,869.8944,537.2450,1009.3967,647.4170,681.0653,916.7447,814.7907,474.3492,459.4369,607.2838,243.6160,618.5477,232.0127,422.7817,285.1304,647.0307,562.7926,479.6067,656.3206
22.1000,996.3184,852.3085,507.4188,970.2801,622.8513,670.9958,877.0661,807.2962,480.1003,454.4037,623.0292,232.5849,621.4572,235.2881,411.3012,283.8651,648.1163,533.7728,477.4541,684.6793
22.1333,967.7574,856.9624,506.7725,964.8328,638.0096,663.9595,901.1916,810.7000,475.6850,446.5293,592.0512,236.6217,621.4682,234.4525,413.0905,280.5718,670.5520,548.8821,472.5407,657.0117
22.1667,937.3108,862.5175,501.2524,965.8765,626.7421,665.5385,836.6384,813.8195,480.4614,447.6900,634.4879,237.8590,627.6146,238.8361,398.2066,285.9994,624.3310,552.3430,475.8068,684.6484
22.2000,958.7912,818.4501,483.1799,934.6701,620.4453,667.0345,1034.3337,803.8974,450.2037,443.8194,616.4351,232.1394,654.4342,230.3406,396.9435,293.5725,627.5062,561.6129,465.0004,652.5328
22.2333,950.5696,836.2677,485.4394,924.3374,609.6014,681.2988,1101.6158,773.2025,463.5567,437.1010,626.2265,239.3727,656.0880,237.8702,394.1125,280.4389,649.0941,550.4226,487.3255,680.8450
22.2667,947.9526,808.4314,482.4047,930.3669,599.5521,661.6004,1149.5365,768.8291,478.5109,454.9632,594.9180,242.8104,642.6138,236.7494,401.3097,277.5981,635.6237,547.8578,477.2576,689.4721
22.3000,910.0161,845.5159,475.4397,936.1854,599.0015,676.4444,1107.5064,766.8134,485.0818,437.2113,611.7345,235.8772,614.1159,237.3758,381.3597,279.5413,627.2551,545.9015,477.4344,660.3742
22.3333,905.0688,820.5669,467.4947,911.1146,607.3056,666.4455,1107.2870,769.5549,475.5246,435.6639,600.8266,236.8542,639.5270,235.3972,378.3047,289.5498,638.7986,539.3760,475.0775,697.1827
22.3667,874.2324,835.1384,467.2791,934.3930,589.0060,642.8329,1086.8906,742.9427,482.3626,440.2196,609.6359,234.9180,620.9717,225.6243,376.6746,279.2481,664.1038,523.9332,468.2407,642.3741
22.4000,910.5565,808.2196,446.6988,915.0959,603.1238,648.0890,1053.5644,745.0848,481.5655,452.2606,607.9034,234.5910,620.1668,239.7285,382.5809,280.3250,648.1379,532.9587,476.1441,682.7780
22.4333,907.8017,780.2142,458.0322,875.5993,580.0681,656.1563,1036.0930,735.9455,470.1535,443.7369,597.2597,235.5593,632.9589,229.8694,366.2279,286.7731,646.7984,521.6629,470.5111,671.6800
22.4667,877.6355,793.8400,455.8470,883.9938,574.6658,674.7934,1184.8220,721.3336,488.4275,458.2018,598.0520,244.8985,634.4622,230.2619,382.4645,298.0881,817.5329,533.9622,478.6487,664.7015
22.5000,875.2548,846.3359,443.1065,882.1385,577.7560,639.4345,1253.3894,737.1021,481.2727,454.0217,596.3535,237.5684,614.1599,239.1100,365.1874,285.2240,872.8622,519.8409,474.6583,649.8593
22.5333,873.1169,792.8372,432.2258,856.4327,582.4878,645.6946,1254.7411,719.6697,468.6425,465.9750,604.3476,232.3296,650.1718,230.4147,359.6954,269.3543,937.6601,519.1941,483.8585,635.6126
22.5667,896.5421,804.5745,428.0614,875.4131,556.5054,669.8235,1236.8979,718.1582,467.6998,456.7662,620.7952,241.5565,626.0841,241.7689,360.1346,288.5533,931.2231,523.8082,473.3290,674.7117
22.6000,880.4788,772.4127,432.7095,860.6765,571.8251,681.9071,1229.9616,717.8647,462.5363,454.9966,613.4542,228.7803,619.0166,236.9149,362.0023,281.9095,925.0495,524.6534,464.4953,673.1865
22.6333,879.3431,775.6757,424.1537,849.8800,568.6414,653.3024,1190.7230,736.3812,473.2145,444.6763,623.9618,238.7036,622.7461,238.0826,368.1825,291.6410,934.2649,515.0760,475.5934,664.1241
22.6667,854.1687,791.3076,435.7380,864.1844,549.3679,674.9436,1143.6421,690.6576,470.6707,456.1647,615.6426,241.5874,630.4171,240.4157,350.9774,276.9140,908.1765,511.9458,486.0765,701.2540
22.7000,845.0656,794.9782,413.2152,841.0385,548.8898,639.9718,1119.0860,683.1591,477.3696,448.7568,602.6366,238.2433,648.4952,240.5500,356.1478,282.5294,887.6450,512.1586,481.1031,658.6197
22.7333,865.6625,789.0455,418.7989,855.6239,558.5348,670.7478,1104.8996,691.2701,492.2161,446.4068,616.4895,244.8631,646.9028,238.4042,354.2604,277.3134,900.5435,499.7024,466.5118,700.6283
22.7667,817.6700,754.6106,408.1161,858.6016,548.1316,667.7032,1111.9854,720.5966,458.2286,444.2158,607.1013,237.3212,605.7128,229.5618,346.0956,276.0591,843.4636,523.2120,486.1893,685.7000
22.8000,848.6904,742.8063,421.1014,835.9260,553.2004,662.8004,1075.4776,705.1389,474.6776,440.5223,616.5120,249.5077,643.2075,240.6516,344.0810,278.2653,837.6590,506.1817,454.8244,675.7757
22.8333,816.2449,743.1387,421.3686,817.8608,543.8480,659.9758,1030.3255,687.4424,463.9202,447.7882,616.1192,241.4163,613.1820,234.8562,355.8049,284.9209,834.2021,529.9544,476.9879,683.5949
22.8667,846.2799,751.3410,415.3705,839.5266,550.3654,663.3930,1015.5502,674.9632,466.0768,450.3731,615.6350,243.8535,618.8863,239.3529,352.1158,279.1363,835.3253,498.1965,484.0664,656.5584
22.9000,838.7375,754.5774,414.5261,862.3703,537.9473,670.9962,1012.6261,685.1752,474.3036,457.4960,590.8403,235.4373,629.6100,231.9621,345.8360,272.1095,818.4498,517.9715,474.3331,650.8601
22.9333,813.4702,765.5264,411.3951,800.1306,543.8784,659.7469,975.6952,667.9667,481.6047,459.8680,600.0404,243.6376,618.0869,236.2582,348.9478,281.4595,839.7723,511.2632,476.0758,664.0413
22.9667,828.3899,729.1098,405.0174,822.0983,531.9726,666.8738,981.0783,660.3862,490.1856,457.9694,590.3239,240.7788,610.4216,240.5085,345.8135,287.5830,800.3547,524.9969,477.9559,651.0953
23.0000,804.1399,733.1830,406.4381,817.9733,530.8435,667.2142,964.5838,673.8297,476.2548,454.4885,615.8892,240.2815,618.6366,237.4595,345.5464,284.8130,751.1369,513.7249,484.8607,663.5977
23.0333,803.0067,756.4259,403.3072,817.7848,529.4354,670.3101,902.7379,661.2547,476.2454,457.6691,607.1391,234.7115,642.3382,239.6567,352.8675,279.8429,789.2794,521.4142,474.0974,668.8394
23.0667,811.1120,751.3978,400.9538,829.3175,533.8030,653.9348,918.3974,668.7245,478.2412,588.0399,611.8365,306.2749,600.2902,242.1157,331.8896,274.1757,790.0013,500.6355,457.4402,656.6851
23.1000,803.0094,744.0221,396.5793,812.4141,524.2616,679.3345,893.9670,663.0891,469.2971,621.7963,603.4308,333.0752,631.1803,240.4801,340.2108,282.0922,771.1233,480.8326,487.3495,659.3907
23.1333,828.8724,774.4327,406.2996,825.5582,526.2970,683.4573,888.6858,641.9246,480.4505,646.7172,611.7227,343.8390,616.9796,228.6544,340.2535,290.7153,760.3166,506.8201,482.6287,639.9595
23.1667,844.4427,731.5253,390.2869,816.6708,518.4348,669.6607,858.3665,673.1511,485.3215,643.3073,608.7665,345.9282,597.6317,248.6934,347.1002,289.8814,744.1784,487.7993,485.5758,662.6203
23.2000,809.2670,758.4618,398.2392,819.2872,518.6879,677.7379,870.0875,656.3274,477.2311,645.9130,631.2280,337.1747,636.6314,232.8466,340.6114,277.6073,730.3369,487.2234,480.0850,655.1969
23.2333,807.3530,746.1838,411.3655,778.8956,527.4558,673.1925,838.1614,646.7187,472.5485,638.7695,609.3046,340.4421,660.1399,240.3094,338.3572,271.9682,750.6377,493.9607,473.9409,646.9389
23.2667,817.6560,738.3135,376.1634,818.2037,517.5252,683.9940,844.0835,661.4269,474.4181,622.1690,606.2538,336.8519,630.6856,241.4745,340.6615,277.3439,749.6169,498.6709,461.2703,668.3169
23.3000,799.0322,730.0184,399.3658,811.7463,514.5860,660.4202,834.7644,662.1864,479.3026,732.2820,582.7028,330.2454,631.3892,238.0620,340.9054,283.6964,726.6452,515.7428,484.9116,634.3198
23.3333,809.8290,715.7647,382.7379,797.5430,515.0026,669.4778,821.2162,666.0772,466.1606,775.0041,592.0420,329.4829,637.0286,236.4637,334.1144,280.1837,726.6592,502.8938,465.7746,650.5784
23.3667,771.1235,720.9890,397.4777,809.7959,528.4459,658.7701,822.8455,651.0373,467.9841,784.8135,596.2938,323.7376,621.5289,232.4986,339.1357,298.2907,735.9838,487.4645,473.9342,667.8903
23.4000,788.7374,733.8736,370.8408,814.4382,517.2464,685.1736,793.0848,648.7266,468.7791,785.6445,611.1102,314.7866,613.6766,236.8665,323.6270,284.3434,746.2239,503.9532,485.5374,653.4049
23.4333,773.8996,725.7297,392.0240,790.8878,504.7065,682.0022,810.9301,654.2980,468.6670,775.0956,603.0358,314.7517,635.1274,239.7214,334.3694,291.1653,727.0357,494.1857,482.4895,666.0398
23.4667,766.7877,725.9992,377.8941,807.1657,516.9115,681.0601,766.9074,652.8053,476.1225,758.8054,607.1589,297.7515,625.5234,236.7178,328.7799,281.3502,699.4287,503.0700,482.8777,691.3112
23.5000,811.3967,734.6731,383.3129,759.5047,529.9820,687.1850,765.4371,640.5605,479.8260,750.3481,616.1526,305.1863,599.3591,241.3239,328.0088,285.2482,723.5229,484.5147,485.8566,691.8101
23.5333,790.2985,754.5514,391.6595,809.6212,536.3343,656.7231,787.1946,637.7470,477.0012,737.5757,629.7975,296.8706,645.9644,236.3589,341.3796,280.9706,726.3390,478.0168,480.5260,653.6854
23.5667,819.1876,742.6225,390.1427,790.5960,514.4421,651.8430,771.3960,673.8295,472.0239,721.1543,608.4104,289.8683,632.2810,237.3321,332.2760,277.9809,719.5570,513.8373,470.7896,670.1151
23.6000,817.2179,735.2600,391.0526,777.2991,517.6472,663.5020,741.3069,649.4171,472.0895,698.0477,610.4764,289.0039,636.1955,244.0999,325.6498,276.4708,702.1420,500.1357,470.5639,685.1242
23.6333,791.2415,719.4657,385.3630,769.4611,517.0017,681.4210,750.5893,635.1451,467.3288,688.3561,618.1602,296.2080,643.1286,238.5255,328.0606,273.7432,689.9227,488.9206,470.3897,660.7554
23.6667,784.7431,729.9650,377.0244,778.2500,530.3551,684.7617,748.2581,638.2856,486.9183,664.0292,623.3081,291.2101,643.1184,233.3576,332.1798,283.4423,688.2778,497.6769,474.0040,676.3957
23.7000,778.5274,737.3771,383.7109,758.9786,507.3623,660.9641,743.2205,636.7247,471.8522,651.7639,605.3536,278.4086,635.2667,229.1894,315.9248,289.9697,689.9767,501.8387,462.1994,672.3168
23.7333,750.8251,721.6549,379.9488,808.6846,515.7664,664.8711,711.8212,635.5803,463.2108,660.2935,602.3604,282.7458,651.2493,238.8436,327.5581,284.1000,704.9810,489.3684,470.1153,668.3468
23.7667,780.5833,738.8151,390.1104,791.9906,505.5282,668.0190,713.8723,626.7034,503.2537,633.6737,608.0716,273.3243,633.2608,239.5734,327.1417,283.6523,685.8043,485.2669,470.0810,661.5326
23.8000,784.0624,731.4418,391.6374,762.8320,503.7528,664.2753,721.7261,658.7668,473.2776,611.3142,620.4004,282.1592,627.5746,231.6852,327.9360,274.9829,691.8075,497.4306,472.8030,676.5783
23.8333,777.0423,739.6632,374.7889,765.6100,496.3988,638.4357,723.4012,664.1270,481.8262,616.7499,604.8186,275.3408,630.4734,239.4357,322.4585,288.7046,665.8703,464.7829,471.0288,643.1530
23.8667,771.6719,774.3338,386.5058,794.4410,495.9956,671.2885,711.5834,646.4553,471.5469,607.6874,590.8438,275.0482,648.1157,235.6333,328.9716,280.7374,674.1048,488.2144,465.1631,662.4837
23.9000,785.2377,734.4035,379.7555,813.6386,508.5510,665.2374,712.5117,647.7149,482.3328,595.1914,616.3237,269.5344,624.1178,230.8088,330.0027,286.6115,683.8399,479.3056,470.5919,659.8569
23.9333,780.1722,736.4844,382.7705,1008.3062,509.8866,852.5859,702.3317,631.3938,481.1304,593.5977,578.5816,264.8334,628.9847,234.2707,328.7935,285.0289,683.0446,481.6907,474.6968,651.1742
23.9667,787.7502,725.0406,388.6214,1087.5535,494.9929,947.5722,708.7082,644.9810,477.4844,596.3295,620.5782,268.9145,615.0281,229.8477,333.2147,283.2069,686.2010,492.5237,466.5477,682.0211
24.0000,769.3192,741.8165,388.2013,1147.6085,518.8827,954.9002,683.9733,659.8196,462.7853,578.5095,618.5800,266.9535,616.8932,247.8384,319.8990,283.6517,662.3161,477.6532,477.9695,655.3725
24.0333,814.6939,718.9762,372.4969,1127.5991,515.8384,964.6271,699.2726,645.0386,477.9253,567.8221,596.7990,258.5858,618.2895,234.0981,323.5981,285.3371,680.1745,486.8444,477.4646,683.1956
24.0667,792.8622,731.3298,384.3105,1115.4422,523.5357,940.2930,700.0631,629.5092,478.9366,563.6419,631.5021,252.0110,622.5871,244.9807,315.4137,276.2625,675.9358,502.4772,468.0754,669.0153
24.1000,781.2344,701.9319,384.8882,1097.5279,510.4278,950.7299,699.7108,650.1103,479.7126,565.4470,633.5036,258.3968,631.3053,231.8143,315.6165,292.1871,637.7639,490.7997,468.0143,654.7234
24.1333,770.9231,754.7247,380.3865,1097.5468,502.0806,920.9058,688.3976,607.4228,469.7117,550.9015,592.9928,262.3708,614.9220,238.2239,327.3288,283.0729,655.7825,488.7350,478.6755,846.3383
24.1667,760.9684,739.8285,380.7992,1066.0143,509.1052,940.0591,681.7549,638.5505,481.4677,552.9484,580.6871,248.1723,632.0074,232.2336,328.4555,283.2898,659.2585,459.1407,469.4593,949.0949
24.2000,789.0595,709.2874,385.2022,1076.3910,504.1566,904.2433,661.7109,633.6141,478.7260,543.8806,603.7408,256.5145,644.2590,234.0193,329.6915,281.6583,692.4048,495.5439,465.8478,965.2602
24.2333,769.9408,747.6209,371.7997,1051.8140,503.0893,905.5970,688.1191,652.8154,472.9320,518.9705,602.7902,266.6654,630.2462,234.8832,323.2464,292.0744,671.3214,472.1171,439.8592,963.2157
24.2667,777.3036,728.6458,383.7377,1034.5389,511.6420,895.8976,680.6228,643.9489,496.8474,536.0379,602.1585,252.4611,614.3299,236.2070,324.0113,289.6417,657.8047,490.3440,485.6417,963.7035
24.3000,783.1402,734.2907,372.5315,1031.3260,518.7500,866.8220,660.3466,662.6091,481.5136,513.2056,616.0459,255.7772,641.7034,235.9833,319.4051,279.7315,649.5198,492.8650,479.8810,941.7173
24.3333,767.8933,727.4195,375.4397,989.6429,506.3360,858.0277,677.2340,633.3862,478.8539,521.6120,603.1761,248.1505,632.1100,233.3887,319.6330,281.8959,645.6751,481.7028,476.7142,929.8288
24.3667,780.6822,721.5272,367.3715,971.6586,635.3407,857.0650,676.3114,647.0634,464.1076,504.5029,598.5615,257.7202,645.2120,245.3415,323.1080,276.7131,650.9301,494.3049,471.2845,928.9165
24.4000,746.9278,737.2024,375.1170,956.1470,710.8216,829.1361,649.3047,617.2703,488.2208,511.2682,598.4642,243.5522,640.4941,238.8757,321.0971,279.9509,659.4400,469.8904,466.7800,904.7807
24.4333,761.2669,719.3979,374.0975,947.4296,737.9482,842.0115,654.0102,622.0103,474.4728,513.3461,596.8639,245.3025,625.0224,229.2480,314.5830,282.8461,664.3933,482.1559,469.8422,896.4763
24.4667,960.4212,708.9584,372.5899,947.1731,748.5369,819.6994,659.1918,625.7386,469.7586,507.2318,592.6997,245.8182,631.2378,232.9859,325.9174,290.7566,657.9515,473.0631,455.8743,873.3801
24.5000,1077.3933,744.2133,360.6070,972.4816,721.8402,812.6352,674.7619,633.4146,482.5454,501.3528,599.5453,249.5049,614.3537,229.7960,333.1855,291.9847,668.1226,491.4437,468.8527,876.6859
24.5333,1111.1956,724.0139,379.3216,976.1616,723.8725,841.8248,686.9652,610.6799,465.8717,503.6047,593.6447,246.7216,622.9137,236.6134,318.4549,290.7014,648.9983,498.0769,474.5916,863.0712
24.5667,1152.1857,738.2490,365.8015,892.1393,697.0169,804.5034,677.1217,637.6765,467.4062,489.6294,609.0245,251.9368,618.9976,232.2118,328.2175,283.3786,662.3297,500.7211,472.7567,854.4311
24.6000,1104.8228,724.5227,371.6683,901.9986,718.1519,804.8051,665.2734,635.0575,472.4920,484.3805,590.9949,240.9662,628.7617,234.2668,332.2471,287.7780,654.3161,494.8673,465.9097,835.6882
24.6333,1107.0605,738.1938,376.5011,908.0229,676.2426,769.5811,655.3648,629.7380,487.2322,471.9118,589.7127,248.9451,642.1542,234.6692,324.1463,277.1092,639.7668,489.8461,481.3273,850.3852
24.6667,1096.5099,700.2923,370.2608,888.4658,671.0098,778.9788,652.2004,626.5212,471.0992,506.4803,593.8892,245.8730,650.5552,234.7164,318.6484,280.2385,667.5942,621.0964,463.3128,831.2856
24.7000,1096.6017,736.7861,367.8306,890.3934,669.5347,785.5490,646.5888,632.5413,481.3384,486.9213,597.8510,250.7502,612.5955,241.1150,323.0064,290.5850,639.9664,680.6069,497.1883,821.9772
24.7333,1066.2011,732.1295,379.1758,886.4479,675.2286,771.2713,649.8567,636.9149,484.2471,479.3077,604.5988,245.8364,616.9343,237.7918,324.5920,282.8615,659.9288,702.7259,487.2986,829.5982
24.7667,1055.9269,713.3543,363.2714,866.4129,642.8721,771.2208,645.4647,622.5887,454.1091,490.7977,614.3691,246.5189,629.1384,238.1692,313.0478,284.9727,653.9225,700.4164,483.4887,787.9321
24.8000,1058.3821,735.8904,374.2853,878.5222,638.8769,759.7496,666.3629,617.5257,469.0517,455.1163,608.6373,244.2521,623.2714,239.7347,306.7144,289.0071,657.9780,709.6679,484.4761,798.3710
24.8333,989.5275,735.9989,372.3790,859.7536,642.3765,773.8107,669.5839,658.0854,471.4914,482.7738,606.9550,233.9501,634.0986,239.7466,330.9299,282.0872,635.4779,695.1767,470.7217,775.7377
24.8667,994.1294,727.3889,375.5945,845.3584,629.9139,736.2778,666.4350,636.7886,479.7882,481.0545,620.6405,252.2108,631.5957,235.7833,319.6237,281.6130,637.5536,697.2089,472.8349,779.6732
24.9000,985.1437,738.3086,369.3268,855.3614,605.6193,749.0811,677.5923,634.4319,469.5008,485.6324,598.5163,242.0056,645.4385,235.1076,330.3613,282.6620,641.4286,688.6984,465.4042,770.4582
24.9333,978.5634,715.3445,369.6309,858.0068,629.7186,747.1074,656.7698,625.9581,478.2057,477.7730,617.0212,244.5973,619.2172,238.3468,324.5660,283.2700,656.7472,664.8369,477.8737,770.6883
24.9667,958.6025,712.5185,380.6192,848.7451,630.7803,744.3859,675.3292,624.0278,476.7308,465.5457,610.4754,238.1257,643.2948,231.2468,317.7006,280.1850,651.1918,654.5636,478.9386,782.9249
25.0000,975.4218,704.8629,384.2613,829.4696,624.2819,744.2168,659.0050,642.5058,471.9474,478.4545,603.0564,238.0501,651.5264,232.9900,319.9904,278.2049,658.2043,654.0916,478.6217,771.3420
25.0333,938.7301,734.2202,368.6044,870.0554,607.4123,737.9322,656.5864,629.4059,478.1092,470.8810,596.0834,242.4715,645.7453,240.9651,334.6843,282.4408,639.7408,647.1475,480.2902,750.7370
25.0667,928.9771,729.8549,378.8493,840.3602,613.9083,731.3623,646.5919,619.3565,475.6935,459.3368,582.8701,237.6178,631.9367,232.5241,325.9800,286.8281,655.7673,632.1619,481.3451,738.1379
25.1000,937.9903,702.2783,378.3834,841.5637,588.1134,711.0444,652.8646,607.3230,476.3943,444.2974,608.4439,246.6966,650.9690,235.2392,313.1198,287.6951,665.0142,614.5215,469.8081,730.5620
25.1333,910.5517,736.4709,383.6629,836.8753,582.0531,725.8227,636.8620,631.2286,495.4914,463.2137,603.7548,247.3473,665.7982,237.2506,322.6717,273.9191,650.4021,591.3934,472.2524,738.3756
25.1667,897.8044,740.0641,387.9649,820.3589,602.8404,699.3210,645.3493,652.7879,489.6376,471.0278,593.7308,246.3958,635.2312,241.4528,321.2841,281.0172,642.0129,592.0588,464.1885,732.7828
25.2000,886.3260,755.8221,375.6432,820.2366,587.3576,712.4406,640.5014,629.8489,467.3435,463.9053,614.3814,241.9566,640.6607,242.4605,321.4676,274.7179,653.8124,610.5954,470.6192,739.6558
25.2333,897.9803,726.7145,375.6203,804.2847,584.5412,715.8366,649.3985,626.9041,608.3131,453.9445,596.6644,240.3303,628.7883,240.1514,329.1363,281.0713,649.9801,595.9264,451.5533,686.6148
25.2667,909.7088,750.1727,371.1297,815.2231,588.2118,680.8318,653.0810,646.4512,667.2424,453.6059,616.2124,240.9343,622.5976,237.0094,324.7893,283.0369,628.4416,593.8185,478.8687,713.3124
25.3000,899.9030,704.6101,380.7801,836.5099,569.5860,727.5371,651.3497,638.5973,682.9026,456.1271,616.0635,233.4636,633.5050,237.0157,314.8163,284.2285,639.8307,581.2302,463.8189,712.7613
25.3333,888.4637,745.2648,378.4393,784.8712,565.8462,689.9054,648.9091,621.3459,680.1949,460.6475,624.0036,243.8083,595.4483,243.0772,317.4148,273.3357,620.7610,580.0039,474.9681,738.0130
25.3667,877.5813,741.9105,373.9416,814.4100,575.1333,694.6060,641.0718,645.2630,652.8479,476.1722,594.9116,243.0049,639.0878,238.0829,316.4654,285.3293,636.7157,567.8119,479.4510,727.4084
25.4000,861.5392,724.1728,369.8475,818.7000,568.4378,708.8632,605.8808,630.0840,678.4504,455.2507,642.8882,230.3643,633.3161,237.4094,319.2225,289.2502,652.0373,557.2436,480.4434,689.5834
25.4333,863.9035,739.4046,371.6140,792.1253,562.6002,708.1165,655.9834,613.5951,663.3141,452.1267,594.5123,234.7808,615.2970,243.2083,327.3446,276.4355,635.2556,560.5376,462.9866,709.8534
25.4667,841.1692,696.7931,360.6972,816.3819,559.3303,707.6889,622.7816,630.9263,656.9365,450.2900,601.1355,226.5838,638.0097,240.2017,321.2744,286.9375,666.7964,558.8360,466.1337,717.5088
25.5000,858.7340,729.2867,356.0630,800.5465,541.5592,695.4964,649.8523,616.5225,649.1350,453.7421,601.5592,242.8217,649.3148,221.1541,321.5914,284.3133,643.1133,555.2017,452.6408,695.1892
25.5333,867.9572,733.9743,372.0040,792.9413,553.9898,681.4573,644.2457,630.2805,638.9986,460.0997,594.8433,239.2397,654.3650,234.6535,325.0468,285.5394,648.1712,546.1299,473.1459,702.1599
25.5667,822.1237,729.2969,369.8885,792.0195,545.8880,698.0959,645.0074,636.3019,630.9803,446.9116,602.5886,243.5669,627.1722,230.8447,322.1579,275.6589,629.7266,544.2172,474.8711,699.1316
25.6000,865.2902,740.0209,378.3550,795.5763,552.6019,688.7781,643.4186,631.6373,618.1943,425.3418,600.6198,229.3555,622.8848,237.1501,330.2080,276.7353,636.5192,553.1403,466.1329,716.1642
25.6333,806.2197,739.5626,376.8426,783.8796,545.6290,682.8866,649.2723,637.5476,606.7140,441.5776,600.0897,229.7410,601.5761,234.8401,313.5472,286.8123,649.2220,529.1977,477.4362,689.7119
25.6667,824.9210,707.2181,370.5449,791.3014,535.9618,694.8131,652.2910,637.4134,614.9630,476.7906,593.7570,233.7094,634.2121,239.4949,316.8310,283.1924,639.5783,534.8622,479.2175,668.6650
25.7000,816.9105,734.9034,373.6984,788.2326,540.3529,696.7198,660.8850,620.7871,612.3614,447.5571,586.9689,236.4031,638.0156,231.8599,321.2513,293.6996,630.5686,520.8012,456.9044,689.0964
25.7333,819.6177,718.1532,371.2808,798.5486,544.9021,702.5122,631.3464,640.1113,595.3282,453.9179,608.3222,239.8410,635.1863,233.7656,314.9750,283.5808,640.9015,534.9624,455.2590,690.2239
25.7667,822.5398,745.5090,383.7608,785.1143,535.1054,671.2741,650.0224,630.2781,581.8799,460.5710,608.1509,242.8169,647.0952,243.2764,329.5054,275.9279,634.3182,534.5804,459.9998,680.8858
25.8000,845.5124,732.7770,378.5657,783.5928,542.3508,689.3388,626.1583,628.2909,579.2739,455.9099,610.2538,235.7639,624.8410,242.1831,300.5162,281.5913,645.2821,514.0420,483.0551,691.1667
25.8333,806.9073,743.2188,375.8235,767.5278,512.4265,685.9360,657.8136,650.9846,573.0929,470.6723,600.1057,240.9757,632.6782,244.1367,324.7958,276.9064,644.2668,529.8798,475.4877,683.7284
25.8667,805.8020,764.7560,383.2273,801.0131,539.8660,693.8542,653.8629,628.8102,554.5107,448.4454,605.5887,238.1708,636.6536,237.7100,322.9310,283.9674,647.3988,528.0755,472.6574,681.6823
25.9000,806.4171,747.1957,386.4559,801.2331,538.7056,682.3719,616.7516,662.5379,567.0132,446.9812,606.7755,240.7403,625.9071,227.2143,325.5466,285.0777,657.3921,531.9026,472.4393,679.0594
25.9333,807.2936,697.1139,382.8283,813.3996,528.4618,654.0491,655.4952,637.7589,545.8182,455.5039,582.8022,237.8864,658.8239,240.2814,321.0012,291.7152,622.8512,533.2069,472.2450,688.8524
25.9667,803.8273,711.9860,377.7093,789.2240,513.9871,669.6521,647.3974,636.3801,563.4899,562.3158,600.0837,234.0195,639.2737,233.4140,326.4148,289.4680,644.1590,531.0621,473.9104,675.0692
26.0000,790.8626,729.6140,377.6490,786.0110,536.6125,677.0182,623.5521,816.3973,557.6367,615.0476,599.4543,234.2035,657.2293,231.2394,324.2639,278.0499,609.1726,513.1473,472.2753,660.8457
26.0333,814.3459,734.2550,372.7736,776.7200,518.9352,674.0820,628.8679,893.7359,546.9160,639.8523,602.0089,239.0224,615.4541,234.6349,321.7440,278.8599,632.5080,531.9194,479.9026,689.9248
26.0667,806.4534,731.4987,376.1775,779.4511,541.6319,674.4158,632.4114,900.6007,546.9179,633.5008,595.8765,235.4465,642.6416,239.5748,306.4384,272.2643,647.0252,521.3430,475.7422,660.5437
26.1000,822.7997,728.7371,376.1556,788.0153,552.1502,682.8377,670.9618,921.9199,543.7547,641.7417,611.2770,240.8716,647.4903,238.8869,321.4567,283.7336,641.7608,518.5907,470.5334,670.0806
26.1333,825.1416,742.4379,372.9248,763.0158,526.6407,683.7984,626.1740,903.6474,534.5867,627.1633,596.2864,239.3027,609.5932,238.6884,329.2235,296.0302,639.1549,502.3038,468.1940,700.2774
26.1667,779.1062,718.0161,376.7104,797.5668,528.6957,679.8388,608.4800,871.8933,553.5771,614.3669,592.9675,235.0421,652.2949,234.1237,319.7836,291.1362,630.6293,518.0104,479.4546,675.9093
26.2000,827.7587,735.9805,377.3963,744.0532,524.9472,682.8912,643.3254,865.6433,520.6699,606.2452,600.0821,234.0669,636.6026,231.7397,330.0502,283.0343,650.1832,507.8612,485.9662,675.6855
26.2333,809.5298,723.7794,382.9232,794.3083,513.1716,680.3901,611.6662,869.7496,533.3366,607.0360,598.1789,237.8252,641.3602,237.5793,322.2646,286.3421,618.4342,516.1470,483.4931,674.9246
26.2667,820.3885,745.6679,375.9946,770.1861,523.6874,677.8303,628.8203,862.6599,542.4432,597.3889,622.6994,234.4448,631.1877,232.9741,326.5765,285.4385,633.7423,507.1403,456.9746,673.3633
26.3000,797.5491,733.1191,383.2359,794.2239,508.1024,660.1697,636.1047,850.0326,522.9258,572.8791,600.0908,240.2775,650.2712,241.0251,309.6926,277.4275,647.5770,503.8237,459.3696,676.0680
26.3333,808.2799,714.5138,384.1808,777.4068,503.6602,686.7099,644.1558,846.1203,536.1181,579.9991,605.6547,237.7965,632.6222,242.4301,324.8006,292.9451,636.8159,500.3171,483.7173,662.2619
26.3667,805.9230,714.6092,364.8512,775.5861,531.1139,681.4284,632.5033,833.5849,518.1113,562.3644,575.3193,237.1261,628.1969,241.6390,327.4718,286.3609,632.6193,496.3479,472.8500,680.7986
26.4000,817.4420,759.4814,378.4202,786.3192,528.9322,667.6332,645.3420,823.9153,513.3387,565.1558,586.1459,232.0122,630.4910,236.1425,323.3758,278.6966,641.9892,494.1347,488.6643,693.0302
26.4333,785.3491,739.8017,372.4078,774.6059,506.6281,674.0342,615.3788,828.6461,518.8705,534.8698,619.7653,232.3539,653.2650,237.1199,318.2111,286.4012,624.5015,503.9224,468.3397,688.6524
26.4667,784.6386,741.6502,372.9370,788.7467,513.0792,673.0596,641.9887,781.6466,513.8098,565.6060,584.2611,243.3617,630.1517,232.7915,314.9601,279.4006,663.5315,500.0546,477.2286,656.6674
26.5000,789.4384,723.1204,359.6438,794.2099,513.2129,671.3406,657.6689,789.5034,513.2241,537.2438,595.5054,231.3490,636.4653,238.4266,318.6291,279.1505,642.8880,484.2441,487.7801,657.1414
26.5333,814.3448,724.7423,386.6754,789.0853,502.0136,678.6935,632.5129,770.3330,515.0566,539.0767,583.4176,234.7580,635.3281,235.8306,320.1345,280.5848,650.6891,505.8882,469.1846,656.5811
26.5667,816.4269,699.3417,378.4835,759.3194,521.5537,690.4544,669.4424,766.4400,507.7359,530.2329,622.7648,235.4644,618.7515,232.8692,334.2671,290.3714,652.7006,487.3952,472.3981,667.6713
26.6000,773.6006,741.8000,377.2602,769.2263,490.7907,679.1763,644.9629,755.3249,500.8891,523.1958,600.1973,235.7208,612.3519,237.6671,328.3086,294.6828,645.2844,498.6914,481.6264,683.6984
26.6333,799.3806,730.3320,380.1957,750.5471,503.3942,650.9226,625.9255,751.8309,503.6187,521.8827,601.3570,236.9296,629.5038,234.6919,333.4986,283.0352,653.2982,482.4413,479.0013,663.5914
26.6667,789.7865,747.6861,381.5293,785.2527,521.4313,668.5045,634.3295,765.0465,507.6186,519.9059,585.6087,227.9254,630.3724,229.1603,321.5623,285.9627,661.9236,489.1279,469.0475,672.9093
26.7000,786.0062,750.4530,376.5310,759.5888,508.6913,679.6491,621.7922,768.7211,480.7140,515.7090,585.2128,237.6872,631.7084,239.8274,321.4208,286.5576,631.2173,483.2537,465.6378,707.1808
26.7333,797.8439,732.4292,368.2198,782.7689,524.7742,677.7048,646.3303,718.2500,488.9049,518.8718,589.6121,233.0803,640.2527,232.3910,316.3756,279.0633,651.8498,498.3713,479.2191,663.9543
26.7667,818.4965,736.9170,374.0418,758.1906,505.9794,668.9105,630.2976,717.0304,495.4289,510.1952,613.9243,236.3017,622.8705,232.4632,323.6880,284.3422,655.2634,487.4561,468.4691,670.1614
26.8000,797.8013,746.9765,358.8282,751.9683,508.6027,673.7793,626.1679,719.9404,499.8372,500.9095,620.2679,233.3741,634.7612,237.9398,338.3910,283.3995,630.0821,493.8283,466.8285,678.1129
26.8333,780.6845,725.1822,361.4237,748.8939,528.5997,671.8403,641.5737,725.7508,496.6899,486.2427,599.3168,234.0730,620.5445,234.0255,324.4877,274.1765,661.8455,497.8179,486.7995,655.4055
26.8667,777.5705,743.8744,373.6070,957.9681,509.3333,658.3752,655.3150,729.6502,477.1083,501.8281,588.6834,297.3451,624.9693,234.5173,334.5070,279.9417,640.5204,507.0174,479.0927,658.8172
26.9000,795.3327,703.4022,382.7296,1108.5417,513.4424,660.5191,657.9751,718.2909,493.4331,496.8888,593.4011,327.8048,603.7600,237.0866,317.8089,282.8233,654.4955,487.3140,461.2989,637.3715
26.9333,791.1256,739.3641,368.4684,1113.2194,488.3813,659.8663,619.7310,705.6401,508.5320,494.3331,611.5759,335.4929,639.7445,242.3522,322.7183,288.6843,624.9577,500.1841,470.1353,649.0086
26.9667,804.7621,726.8925,372.2909,1104.2562,523.2960,676.0068,646.9718,698.7406,506.9347,491.3655,607.2825,331.3804,613.0854,239.0129,321.4848,282.8676,665.1753,486.5451,486.7155,658.6016
27.0000,808.7286,733.1675,378.1232,1113.0009,522.1738,682.9956,651.4605,694.9002,491.5446,489.5695,576.8916,338.6036,622.0502,236.2096,322.7084,275.4459,646.6895,487.6424,475.1440,669.2402
27.0333,790.1575,715.8046,384.7255,1107.3736,521.5618,680.7553,664.5493,714.5577,491.4221,474.4397,609.8820,333.9070,630.3380,236.5492,324.7598,281.4603,641.1158,496.6010,485.3625,672.9952
27.0667,795.6201,718.7408,382.8070,1080.1562,514.7720,675.2846,657.1727,693.4501,483.2742,477.9980,590.6443,334.6300,621.1501,233.7468,334.1649,282.4174,650.2638,491.3167,457.4443,655.1993
27.1000,812.3989,721.8850,381.2901,1070.3206,540.2553,888.4191,648.4798,713.6905,493.1410,492.0987,599.6021,323.8213,654.8718,237.4775,326.0681,285.8595,655.1551,492.3804,477.7409,672.8240
27.1333,806.2023,730.6558,376.9369,1042.8694,519.5011,937.3743,635.5845,675.7712,480.4191,463.9990,613.1849,319.7215,634.6094,237.3599,327.9095,294.1484,645.7801,489.9815,471.4510,655.0283
27.1667,770.8344,718.8839,373.0999,1011.7142,507.3078,953.0241,639.7214,696.9713,476.4411,466.9719,602.0784,328.4092,609.7292,241.0239,318.9652,287.3307,644.0009,477.3392,487.5348,639.2823
27.2000,762.1944,709.0662,382.1859,1012.2924,516.1964,951.3471,637.4286,690.2997,490.4165,464.9723,598.3340,310.3948,645.9003,242.9729,322.0777,298.9458,650.2559,482.3295,466.3509,651.9265
27.2333,763.0404,760.6244,396.8517,1004.2409,519.3186,990.5253,624.7871,700.1263,471.0769,468.8962,599.8141,308.8119,675.2384,237.6346,325.3734,275.2800,642.2903,481.4250,474.2595,678.6643
27.2667,756.6070,740.2143,372.4717,990.4918,493.8918,957.5302,634.0426,677.4342,475.9497,472.6492,618.7797,305.3025,637.3883,226.0400,324.8688,286.1029,649.9528,507.4251,465.5032,661.2284
27.3000,790.6985,717.5644,382.9420,951.2815,510.9966,943.4722,629.5088,668.2335,484.9820,467.3951,602.2572,300.2124,631.1210,240.1092,311.0601,287.4019,660.0040,489.3196,462.2485,675.0958
27.3333,764.3026,725.8981,380.1110,961.9743,477.4238,929.6528,636.0909,679.0899,498.2400,456.3322,615.8979,294.0511,633.3849,237.4942,313.9565,287.0746,655.1163,490.5301,469.5105,682.7508
27.3667,795.0724,729.8996,359.7275,981.6762,512.9229,929.5684,637.0809,677.4746,496.0679,461.5864,607.7551,288.7483,637.7605,237.7579,324.3169,271.4563,661.0699,481.0067,482.7983,634.9741
27.4000,770.9075,737.8490,374.0340,928.7435,498.7614,913.6397,643.2685,667.2563,491.5227,474.2632,589.3111,289.0553,646.7853,230.6394,318.7470,288.1022,640.6785,506.9539,469.7275,653.9057
27.4333,795.9941,717.3442,369.0738,928.6832,522.0234,894.2851,645.9910,663.6080,497.7199,455.7372,601.8176,291.0643,613.2554,236.3771,311.9834,285.3729,624.9833,488.1364,452.0891,675.6685
27.4667,790.8709,720.8398,381.8205,978.3909,508.1115,870.2697,621.5930,660.4015,471.9293,457.2840,602.7244,290.8090,635.5686,228.5256,317.8012,285.8259,637.5514,489.3381,471.3842,668.6967
27.5000,783.3300,742.4372,367.9410,933.1658,529.4445,880.7107,644.4448,667.4667,495.9930,463.5314,589.4622,282.1827,646.4790,238.6743,316.6001,281.9542,655.1837,493.2419,457.6446,650.8432
27.5333,788.0655,770.9683,382.2702,900.3769,520.2305,836.8090,635.1771,671.1741,471.5891,452.7300,606.5903,274.6396,629.0371,235.3198,313.6248,287.4028,626.3355,484.3318,491.9954,656.0527
27.5667,760.2482,742.4795,374.6576,899.1318,504.9926,844.0223,634.4493,647.9054,495.9934,447.9162,599.3665,271.1174,632.2063,234.2920,320.7763,276.6231,637.6201,516.3042,473.8882,655.4541
27.6000,741.4135,732.4565,376.4944,899.9088,663.4132,852.4446,632.2125,659.4641,486.6878,455.0439,590.2079,272.8819,658.8405,238.0955,315.5042,277.7426,635.3049,489.4711,465.7352,653.4231
27.6333,771.9600,712.6242,389.6895,860.9247,698.7457,853.6112,629.3419,651.3853,483.5666,453.8143,598.4440,270.4254,608.7879,241.9429,321.6495,285.4378,654.8344,485.1785,462.8414,651.9671
27.6667,787.8250,741.0258,394.1853,856.0009,723.4611,841.5155,625.8825,665.0077,481.4559,445.1115,579.2033,265.8893,644.1924,231.8409,322.3138,283.3410,657.3929,486.2291,476.9172,673.8145
27.7000,759.8510,716.3834,371.2786,897.5508,735.7147,828.7046,637.4261,642.3533,487.4149,456.3329,588.9999,267.0432,622.1841,235.1911,326.6097,280.7163,646.6360,477.1857,465.3816,659.7807
27.7333,791.1862,746.5592,367.9884,859.3826,740.5472,823.1534,623.8443,646.4491,483.7613,479.3120,605.8532,269.1798,619.4292,239.7641,323.6060,275.7530,640.4821,474.5258,470.6451,665.8354
27.7667,790.3483,729.6712,378.1846,851.2239,710.8768,785.5548,645.3939,639.5087,487.7152,445.1724,575.7528,267.2319,620.2291,235.0854,319.8626,286.5259,636.8222,493.6103,459.7619,660.1725
27.8000,782.7277,721.6502,388.3493,844.4945,721.0183,772.0804,624.3979,639.6407,484.3584,461.8663,572.9988,258.2811,623.3804,238.3250,319.5848,291.0468,646.5093,476.9448,477.9835,679.0649
27.8333,785.0289,750.4983,372.6996,835.8652,704.2882,767.6672,648.4428,655.6022,482.8103,446.7924,605.3981,257.1675,623.0441,239.1386,340.0413,284.5307,652.6080,476.0592,464.9482,649.3433
27.8667,779.4197,729.8523,382.7185,863.0910,704.7165,773.1966,625.9461,662.9170,492.0151,453.3050,615.1566,258.1297,647.6632,241.9592,325.7961,279.6701,651.0720,486.1677,484.7810,654.6158
27.9000,783.2314,723.1327,375.4120,853.4889,700.2283,761.3681,633.4723,631.4446,471.1919,439.2687,590.4895,257.2265,618.5517,232.0108,317.5387,289.1242,626.6798,501.2312,456.3466,662.7280
27.9333,760.6674,732.9063,367.6044,821.0853,681.2921,770.0188,615.9083,640.2600,474.0565,448.4326,601.9675,249.6910,645.6636,233.8017,310.4111,282.3169,638.1669,487.0264,474.3382,665.3665
27.9667,797.8851,765.7946,381.0660,822.0498,668.5723,792.5246,630.1906,643.5732,480.3343,448.4691,588.1662,258.5320,605.1972,235.5125,325.2881,289.5503,661.5036,486.1407,468.8701,671.6878
28.0000,786.5609,739.3259,366.4742,812.4242,656.2966,758.5107,645.7411,657.6247,494.4487,448.4070,584.2752,253.7653,624.5686,229.2549,312.4336,290.0814,655.6685,492.5682,459.1382,646.8587
28.0333,789.7235,735.8521,370.7297,815.2526,638.6617,776.4997,635.5887,664.1560,472.7190,448.9312,587.4679,256.8743,628.1517,233.2972,323.3611,287.5469,637.5381,496.3636,489.1534,659.4987
28.0667,769.1566,706.9265,380.3777,820.5351,639.9482,740.9980,636.7688,638.3067,484.3923,452.5806,609.2817,249.0410,629.4848,231.8960,322.7004,287.9372,653.5720,481.1127,458.5620,689.1564
28.1000,757.4022,757.7487,372.1971,821.7711,642.5608,750.3453,633.9048,628.4682,484.4654,445.0876,584.9811,252.1778,638.3923,236.4772,319.9395,280.6900,646.2469,493.2530,468.5908,648.2307
28.1333,800.9674,713.4744,380.4163,843.9171,624.5745,740.7199,616.2795,634.9128,479.8826,451.0551,593.7875,256.9893,633.5972,244.6545,320.9984,286.7175,661.3016,472.8455,471.5108,672.0866
28.1667,757.7179,734.6086,378.3367,846.4092,630.8114,727.0561,650.0271,644.5152,468.7881,444.7775,596.8177,251.6848,648.4292,233.1033,318.6351,292.9115,646.6057,475.7516,476.6128,646.7943
28.2000,776.0354,729.6086,381.2507,793.6255,610.5127,742.4235,629.2793,650.4489,474.2195,443.9761,608.7379,248.2773,632.8956,229.3654,323.2739,289.3516,645.7856,472.0742,474.4458,680.8075
28.2333,779.6254,732.8803,379.4104,808.4009,600.9526,731.1066,632.2401,658.5253,467.6838,437.5393,587.9420,242.1699,623.6899,230.4127,312.2189,293.2323,642.4164,475.0613,591.7573,632.3385
28.2667,785.4568,733.3041,395.5659,790.4907,602.9739,725.8162,642.1715,621.3890,485.6323,445.5762,607.7212,252.8194,623.2113,233.4240,323.0799,294.7018,674.6979,467.8426,657.3735,630.4585
28.3000,786.7574,712.2089,387.9975,791.1278,599.9182,727.8909,651.0451,653.4011,491.8456,453.1413,591.1838,256.6129,640.5762,231.1989,321.2940,296.6968,646.0964,492.8670,677.4479,660.6913
28.3333,781.2895,730.8127,381.0362,805.9100,599.2750,727.6170,672.7617,615.8520,476.5072,442.5214,598.7133,244.5919,635.6939,242.0206,325.0546,274.3114,626.0271,496.4057,684.6220,673.7908
28.3667,758.7455,718.7225,383.4504,818.5654,594.4354,719.2784,642.5885,609.1252,479.1948,430.4378,618.3674,245.8025,657.2794,239.9469,320.3490,279.1894,622.9428,469.5663,674.8511,652.7119
28.4000,777.2972,714.9880,380.3286,810.3907,596.4189,716.2663,653.3547,631.7046,476.0954,443.4210,588.4158,250.1664,624.7139,237.5712,329.3274,294.6893,647.7702,477.8213,650.3588,649.1449
28.4333,780.3283,729.7032,376.9021,788.6770,597.4124,690.3763,656.8808,635.3182,472.5629,447.7888,588.3155,244.8162,629.4558,230.1178,320.8759,289.8787,656.9303,495.6015,657.2144,675.3695
28.4667,790.4289,748.4420,380.9091,773.9740,599.2906,712.6635,645.4439,618.9472,489.9635,440.8267,606.0430,246.0942,633.9644,238.8297,328.9118,288.7878,626.6948,483.7328,645.2536,647.1198
28.5000,785.7088,737.7299,382.1269,772.4473,562.9916,708.6145,664.9938,635.3327,622.7979,432.8757,592.6345,239.1784,615.4398,220.9529,334.6446,282.2044,657.5226,470.1789,644.3115,670.4163
28.5333,800.1170,722.2456,375.2054,799.9140,584.2535,710.5907,635.0964,666.8706,669.5232,437.6056,580.5204,247.2300,598.4245,232.2047,335.5576,280.1064,635.7796,493.6242,621.0870,629.7734
28.5667,795.4716,748.0526,374.3141,782.7124,587.1802,726.5613,623.8873,641.8704,686.5662,457.3413,623.6786,238.5565,644.3930,230.3695,321.2333,286.1724,667.8992,484.3517,630.5797,631.7495
28.6000,761.6824,759.3685,383.0694,763.0960,571.8472,712.5549,631.8686,604.9680,677.3928,442.9045,580.2838,244.3402,612.0839,237.1226,319.6073,281.6042,645.1614,479.3653,611.1955,659.7213
28.6333,783.2303,713.5432,374.9908,795.7351,567.7249,716.5612,621.9866,641.1760,694.2472,437.2511,605.6364,231.6720,639.0053,237.3622,328.5505,293.3781,658.1806,474.2125,632.3969,673.2715
28.6667,789.2831,713.0567,373.3095,777.8382,543.1551,696.2120,639.2007,646.8134,676.8414,446.0640,599.9293,234.1520,638.1885,235.4298,319.6406,280.3921,663.5526,476.3046,590.3060,635.3854
28.7000,774.1767,759.9855,372.2202,758.9936,552.6101,702.4722,634.1236,647.4626,693.4488,447.2985,596.8288,243.3000,639.4489,244.6111,328.4779,288.4545,646.8555,485.1028,604.6774,649.6573
28.7333,806.5106,724.9252,381.6829,806.4722,531.2329,694.5541,792.5065,633.2424,672.0307,449.4719,597.0179,240.0969,621.5606,232.1772,315.3778,285.0822,661.8240,479.2067,581.9972,657.0053
28.7667,773.6210,746.8935,376.2733,779.3475,565.4125,677.8219,871.4880,630.2996,639.6941,444.8313,590.0221,240.5835,660.4216,237.8177,326.2231,287.5285,644.3462,492.0805,584.0850,657.2117
28.8000,761.8251,723.4099,375.2129,792.1446,553.2588,685.6997,897.2358,640.0112,655.4737,433.0587,600.3255,241.5007,618.1140,234.3178,322.9809,288.8867,641.0435,486.8037,575.1382,654.7732
28.8333,754.1613,739.6352,387.2874,790.3611,555.8710,690.6571,909.7835,631.5671,625.9095,450.1291,623.7812,239.2807,609.3561,240.7974,325.3354,286.2031,663.7381,491.2859,571.3989,635.3126
28.8667,775.1589,744.1684,361.3127,807.0895,553.3785,698.2436,920.0875,642.0922,625.9947,438.9159,608.4307,235.5279,624.2479,231.6065,317.2675,288.2446,639.2114,495.9797,541.4914,653.8762
28.9000,775.3015,714.2968,366.2504,778.0576,552.9371,712.1782,892.6662,615.1152,604.8925,436.7072,622.9003,235.3538,631.2727,237.2053,321.2138,284.3768,647.3237,475.4670,562.9715,646.5037
28.9333,776.7756,752.4136,383.0128,776.1984,552.2337,682.2262,877.4264,646.9838,619.5473,434.2641,594.9395,236.1833,639.2044,239.9374,328.4096,285.0393,655.2130,467.6217,526.4549,672.3005
28.9667,747.5149,723.4672,378.0446,743.5801,530.9028,697.7658,884.4975,633.7823,621.5006,437.9385,625.5389,245.3182,625.3215,234.8025,309.5928,286.8474,636.1149,480.6767,528.5066,657.5149
29.0000,783.1787,734.6152,380.6982,739.7324,524.6954,695.4863,865.7927,634.8552,598.4397,440.9560,595.4991,240.4864,635.1079,238.1667,313.9101,296.5276,670.7218,466.5826,543.1907,659.9868
29.0333,801.4839,728.4006,385.4663,775.2878,551.6069,672.0259,862.8817,642.8605,611.3507,443.9307,591.2502,230.9156,640.8103,236.0983,330.1573,292.3085,633.3781,477.1613,540.4199,653.1668
29.0667,772.8907,741.1023,372.3754,778.7989,536.8542,704.3798,806.7446,651.0679,580.4825,409.6388,596.1916,241.0533,624.9793,231.6091,327.1371,282.7010,643.1811,489.1103,518.6762,669.6656
29.1000,792.9581,742.7797,380.4198,770.0876,534.2278,715.9149,822.1169,633.8567,580.8365,431.6594,597.3907,237.2416,655.0732,232.5518,327.0244,277.3893,660.9063,482.1237,521.3483,660.6228
29.1333,773.5050,722.2527,381.0330,1347.6881,536.2579,1240.6071,820.6023,661.0407,564.0319,431.0269,614.5378,237.6458,652.7194,241.4463,322.8179,294.8952,656.4621,467.0462,523.9325,654.9345
29.1667,1147.1871,752.4416,372.2768,1599.7014,540.4359,1497.8173,804.9358,647.9684,563.1745,434.0720,597.0811,236.4832,637.2002,247.2125,322.7403,292.0804,663.8383,490.5837,520.4693,658.7403
29.2000,1344.6906,731.1361,372.7702,1665.3600,530.4644,1552.4715,795.7112,613.5551,573.9595,438.9133,585.1446,239.4988,638.6686,239.3201,321.6907,277.5282,639.8142,477.8427,502.9298,654.3551
29.2333,1394.6732,740.7618,564.2893,1705.2014,526.6774,1595.1581,1247.0083,899.7645,573.6559,452.6411,602.3892,236.0814,815.7113,236.9587,324.8507,289.9969,645.3501,473.3213,503.5934,650.7550
29.2667,1408.2211,1056.7913,650.0524,1699.4881,521.7014,1552.3728,1455.4954,1030.0711,551.4005,435.2937,573.7108,236.1404,902.7957,240.5645,322.4228,291.5703,629.4716,484.4168,518.9202,650.1980
29.3000,1419.5696,1176.6309,680.5003,1643.6412,538.1919,1547.7722,1526.8903,1056.1213,532.9650,424.7497,594.8761,234.3416,932.5824,232.2521,317.6811,281.0511,632.8573,491.2189,499.2527,663.6474
29.3333,1360.3178,1231.3845,680.6128,1629.1475,526.9866,1518.6834,1542.5741,1052.6955,566.3051,435.4942,583.3287,230.5086,916.6467,234.6981,323.3113,301.7227,655.3835,486.5877,523.5720,644.5109
29.3667,1333.9913,1253.2602,674.9892,1567.0705,521.8495,1441.5893,1480.3748,1046.7026,551.4493,435.0215,608.1357,237.5224,914.8298,224.3411,335.4299,288.0423,657.6410,497.5437,490.8962,655.8503
29.4000,1309.3761,1210.0338,660.7124,1528.8575,541.4359,1400.7509,1455.9102,1047.8870,684.3564,414.4775,593.0208,240.4002,892.5395,233.3054,314.7196,290.5113,631.3005,490.1779,512.6240,670.3385
29.4333,1303.1557,1208.5006,640.4777,1482.4793,533.5514,1400.5757,1447.7110,1008.5167,730.1120,428.0466,590.9632,241.1933,875.9531,233.5937,321.9839,284.3003,645.1925,477.4776,502.6786,656.5304
29.4667,1269.1996,1221.8828,630.2260,1407.5783,524.4886,1359.1277,1384.7481,982.6461,754.7220,439.5393,591.8032,235.4892,900.6822,248.2731,319.1376,290.0305,650.0694,473.0798,499.6894,677.9917
29.5000,1214.8530,1159.5967,611.8220,1412.8693,507.9248,1333.0313,1356.8880,976.0855,749.6597,442.5372,573.5405,236.9409,854.3295,242.0963,320.1186,296.9032,643.7277,464.7795,499.0722,666.6755
29.5333,1192.1770,1169.8023,617.8773,1358.8522,508.9813,1276.5230,1303.8464,965.7803,745.2480,434.9393,620.7754,238.8350,850.3003,230.9635,336.8886,277.5592,634.9578,489.2903,498.5740,670.3036
29.5667,1188.7549,1142.7230,598.6192,1350.5366,527.5057,1257.3241,1287.3015,938.3777,731.9656,432.1221,608.2395,237.9246,830.1834,237.4102,318.6750,287.9986,657.5209,479.9250,480.0015,649.6676
29.6000,1169.4923,1121.2371,576.7723,1311.2947,527.7754,1199.6545,1244.8044,927.7821,717.3954,424.1626,606.6765,228.4232,820.9436,241.6017,319.3880,292.8079,642.2586,492.2234,492.9633,648.2858
29.6333,1148.6668,1098.6997,580.9358,1276.1039,509.1704,1192.4934,1220.1757,906.1404,703.4989,441.3084,586.3202,240.1894,830.5289,246.7696,325.9950,294.9943,644.5696,487.2674,505.3234,659.0071
29.6667,1130.8007,1063.9430,564.7379,1244.1557,508.4715,1169.1017,1159.5062,917.0853,708.2290,431.3898,586.1217,231.3284,818.6337,237.4648,336.7889,283.3898,666.5714,490.6650,488.5106,654.2886
29.7000,1100.8538,1052.3579,556.6675,1220.3503,523.2940,1147.0901,1145.0325,900.8623,691.4262,427.3565,577.7293,233.8669,805.7018,239.3927,324.4462,277.7234,650.5391,484.3943,499.7207,659.6083
29.7333,1096.6298,1054.2815,555.3710,1220.9193,500.9122,1103.6135,1120.2487,883.6893,679.4488,429.4029,589.3953,242.0512,797.9426,232.2213,325.7882,297.7029,649.6138,476.1651,495.3017,643.6442
29.7667,1080.8709,993.3912,544.7173,1177.0765,515.4929,1085.3759,1085.6827,857.5497,653.4247,432.1898,592.2093,231.7511,783.0690,238.9266,315.8777,295.1807,631.9524,482.4759,502.0900,634.6443
29.8000,1040.9400,1020.9528,521.8555,1155.7573,523.0322,1075.3529,1054.4177,875.3137,644.5422,437.2813,593.3672,229.5008,765.1883,234.4765,322.4960,275.1693,663.2950,491.6450,488.7195,649.0169
29.8333,1020.6382,982.1962,524.8437,1130.8953,530.3550,1055.9876,1043.2181,821.6272,649.6017,449.8072,602.2292,230.2685,776.8285,237.6826,320.9996,285.5700,618.6646,470.8309,486.6288,674.0184
29.8667,1030.8198,998.3754,521.1182,1106.0020,521.0159,1010.0794,1008.7798,814.8442,628.5633,448.0441,589.0716,232.5149,788.3417,241.8107,325.6494,292.3845,659.8785,478.2768,476.1451,622.8687
29.9000,1007.5257,984.8960,517.1463,1070.4758,517.3196,997.2313,975.6507,808.7490,621.1379,413.6054,589.8448,233.5464,747.1632,242.4366,318.8047,292.3415,659.0414,477.6918,505.9637,650.9721
29.9333,978.7895,959.7236,494.1888,1054.1849,521.2588,993.9990,988.7903,782.9225,611.5778,441.8243,586.7747,227.6098,769.2278,233.0460,313.6099,284.5848,632.7660,464.9307,485.9947,671.1897
29.9667,1002.5854,952.1028,495.4864,1082.7266,531.0366,964.1514,943.8722,808.9897,629.7249,434.2386,594.4479,228.2001,751.1062,234.2439,318.6075,289.2826,640.2543,488.6024,469.0761,634.0446
30.0000,985.9802,916.7511,475.9520,1023.0885,531.5909,953.0635,948.6681,797.0750,602.2767,435.6485,597.2572,233.3000,724.8740,241.9254,320.6757,290.9000,669.2781,477.2925,469.1542,647.6594
30.0333,991.1611,927.1616,485.5912,1006.5081,511.2260,922.2660,939.9133,754.6046,607.1997,444.3389,596.4751,231.3875,741.9039,239.9631,326.8300,283.5987,649.4156,492.5033,493.6117,657.7645
30.0667,958.2031,913.2417,470.1040,1014.1975,509.9426,922.1698,919.9082,770.7885,583.3401,430.8395,589.3062,232.5079,707.9816,237.3231,320.6356,285.6968,637.8408,494.5944,465.9118,675.5151
30.1000,950.9910,910.0716,463.0310,979.4884,530.0880,919.3246,877.6169,754.4075,610.0304,444.7460,596.2264,236.2943,731.2908,231.5512,316.2797,291.3592,650.1336,474.1583,465.4974,641.6581
30.1333,917.9330,911.9246,470.5455,984.1305,522.9784,904.3784,869.6542,750.4990,580.6829,443.4985,580.9097,231.3555,717.1120,233.7203,325.9244,281.7888,633.0553,482.4319,491.6415,667.1250
30.1667,955.2681,880.0079,452.1895,978.5695,530.5322,883.6127,868.0899,746.7717,579.6441,436.4691,602.1187,230.3001,713.5217,227.7752,323.2615,284.4836,653.7753,498.2467,487.8531,658.5374
30.2000,934.7313,863.1103,472.0406,972.8797,502.8905,869.5499,868.7673,716.0357,577.7096,438.8463,571.9443,237.5012,725.7728,241.6525,325.5761,291.6394,639.9816,473.9272,466.0742,635.6931
30.2333,931.7441,864.7707,456.5436,951.4513,520.7574,862.7626,817.1584,732.2820,570.0716,436.7594,605.1627,228.4565,727.0811,234.2601,326.3651,289.2763,650.6210,485.7302,478.8657,654.3809
30.2667,906.4285,862.4984,456.1938,960.9371,515.1222,870.0510,821.3270,748.2678,560.2343,425.7887,589.2202,232.3538,693.0903,232.9946,315.3378,296.6499,612.1702,466.3392,470.8652,675.7375
30.3000,902.8387,846.5315,438.0414,921.2873,504.8418,829.8587,811.8772,717.4227,549.5324,443.0811,586.0882,240.1356,710.5683,225.9463,319.9784,289.1016,675.2575,465.1518,475.1104,652.8902
30.3333,902.7519,852.4988,441.3719,924.2138,520.9682,819.7584,811.8642,726.2339,552.1987,431.9790,601.9497,229.4588,694.2119,242.6295,324.8312,293.6964,640.6141,501.5139,466.4895,669.6741
30.3667,879.4510,846.8156,462.6152,891.8305,498.5662,819.0083,785.5761,714.6498,557.2824,441.0114,602.2356,226.0695,719.5563,236.3049,318.4117,294.3197,619.3548,479.3984,476.5095,688.5756
30.4000,873.5247,831.5122,430.2315,888.4037,517.2799,824.0117,766.1391,697.9551,551.5290,418.3050,606.3238,229.0860,702.4342,226.5644,333.5217,293.9805,643.5943,480.8602,480.0725,654.6834
30.4333,912.5822,849.7244,437.5809,914.8384,501.8118,795.2649,789.2690,698.4761,542.3216,428.4832,587.3782,237.9772,687.5861,237.1995,317.2161,288.3891,634.9005,475.7316,471.9528,643.3694
30.4667,881.1060,811.2827,440.0983,914.8990,511.1917,812.7763,787.5054,706.2983,541.1314,439.1931,584.6664,230.0798,679.8302,235.6150,312.8937,289.3617,655.5273,481.0494,483.6002,657.0657
30.5000,859.8415,830.9884,436.8913,852.2906,516.2060,782.4405,775.6783,697.2720,543.0601,448.5551,578.2199,236.3357,700.3616,307.7493,328.1992,285.6072,644.4300,469.2416,468.5077,659.8332
30.5333,843.6269,821.2489,434.2860,892.9362,499.7459,778.9138,754.5513,691.0201,533.1628,432.6328,588.6244,235.3260,663.6550,329.0505,325.8541,283.0484,653.4512,470.7093,464.3909,660.1962
30.5667,843.3274,806.0105,424.0938,859.4052,510.9372,778.3033,786.3010,698.3205,521.4245,429.2700,596.3226,236.0023,675.5140,338.0257,312.0042,285.7345,645.0955,491.9050,477.7785,662.3773
30.6000,863.3979,815.4598,418.7143,854.9109,511.5934,786.4915,755.1862,683.8502,537.3527,431.2060,579.7985,226.5799,705.1852,343.1610,318.4803,296.5889,663.0482,504.2614,466.3383,644.8350
30.6333,839.0334,771.9191,410.5797,864.8849,505.5241,781.6875,739.8522,668.5284,531.9190,444.6375,597.1413,230.8180,658.8858,348.4871,333.1684,289.7654,643.9948,475.7865,451.7217,659.9176
30.6667,833.4511,805.5762,427.4288,859.8985,514.1596,760.4127,743.0203,684.3030,513.6989,421.9077,595.8515,234.4298,690.2472,339.7045,333.9479,276.6926,665.3362,482.9876,461.3595,655.9075
30.7000,844.0366,804.2443,424.6762,841.2256,655.6937,804.4859,685.4260,679.6121,520.6148,434.1818,603.6977,231.9846,676.4718,333.8629,335.2291,288.2286,662.9152,497.1902,462.9969,639.8431
30.7333,849.9487,792.5169,409.2675,796.5941,701.4263,770.1082,708.6626,678.4141,511.5811,433.6090,595.6205,234.5649,678.5690,326.0243,326.1637,283.5921,645.4707,503.0181,445.5173,662.3523
30.7667,861.7187,790.3536,405.6015,836.4230,725.7104,764.4628,722.2863,670.7135,504.0002,428.8127,582.7734,224.6549,672.2178,323.3164,323.4559,294.4554,651.0599,476.3838,475.8418,649.6852
30.8000,825.2093,773.9998,409.6277,821.3478,764.1477,764.4972,701.7672,679.2179,510.4969,430.7581,581.4536,223.0412,709.9280,318.0360,327.0800,290.3922,643.9453,490.2954,481.2309,636.0954
30.8333,824.4898,767.3392,410.3048,816.6300,752.3354,736.5909,712.6319,663.6651,515.6505,451.4899,601.3630,230.2728,651.0718,316.9354,318.3453,290.6835,636.3085,479.9964,476.5009,671.5167
30.8667,839.0040,765.5940,403.7917,825.4399,737.8816,741.1800,702.8267,648.3182,512.3628,424.2609,579.5973,234.0230,653.2897,314.9283,321.1381,297.7432,648.5723,481.8198,464.0534,638.6247
30.9000,822.9384,776.6706,412.8764,840.2028,723.6452,748.0680,709.6719,658.2885,525.9078,452.0615,589.9669,236.7875,675.0327,302.7708,321.5748,286.1827,835.1106,481.7189,482.7294,674.3530
30.9333,841.8305,753.4229,399.7569,835.5241,699.7965,731.9181,688.7640,677.2495,509.8421,426.9671,589.5349,229.2327,638.1056,297.2131,316.8925,293.7167,899.4215,485.1387,460.4559,647.7867
30.9667,818.8196,764.6762,405.9255,801.6954,699.0490,737.7703,701.1588,662.2702,506.2157,422.6171,584.0257,229.5375,668.4333,286.7283,328.7493,287.8795,926.2522,488.9428,478.5127,666.7424
31.0000,803.0018,787.1877,396.7802,809.6832,677.6762,738.7103,655.2302,649.6466,507.3987,431.2953,588.3709,240.3765,676.6210,304.4310,317.4927,283.7293,949.1988,479.7144,456.0660,624.9078
31.0333,810.9680,766.2893,398.1607,791.9799,682.7499,734.1972,694.0725,665.3987,507.9650,437.7209,602.1173,237.3457,657.6842,292.5071,320.7226,289.3796,925.4281,482.8545,475.4894,648.0559
31.0667,795.7084,750.5129,395.8030,802.1466,667.2733,712.5995,672.0335,650.8021,508.4298,423.2663,605.4323,232.6922,658.3628,295.6907,325.2259,290.5687,898.6968,498.2400,468.3160,648.7224
31.1000,810.3650,787.2322,407.9917,798.6190,651.4837,711.2370,676.1152,646.2221,508.0863,437.6077,616.1538,236.2462,661.4471,289.3446,321.2103,287.4479,889.9085,479.8036,471.3037,678.5398
31.1333,824.9368,757.3008,386.7912,816.5028,664.8418,703.1537,696.0319,630.4176,491.2910,459.1984,596.3588,228.0436,638.7312,273.9257,339.7582,286.8065,899.0465,490.4898,462.5316,650.9767
31.1667,816.5642,750.6145,403.0648,808.1949,652.5240,740.7740,659.7928,621.0716,497.2530,431.7340,597.7941,231.8536,642.2746,289.5691,314.4128,291.5223,876.7083,488.5768,455.7606,658.5957
31.2000,812.4352,749.7069,401.1061,791.9671,649.1970,720.3684,694.7461,642.6259,492.1241,431.7322,592.7149,233.4103,658.0120,279.5784,318.1529,286.0623,844.5979,476.7765,453.9196,840.7277
31.2333,792.5090,778.3087,397.3116,782.7878,640.6644,730.4562,677.0415,643.8357,501.0669,425.6724,562.8152,236.1768,654.7368,274.9490,320.5739,283.3454,853.5401,488.6439,462.4045,911.8380
31.2667,799.5306,761.6898,396.4461,772.2728,624.4571,710.1898,665.8495,624.2587,485.8441,433.7629,583.7307,223.0813,641.2653,259.8675,326.4466,291.3663,858.4052,479.3438,459.5258,937.7009
31.3000,804.2877,758.7396,399.0016,754.8144,621.8892,715.3139,667.8280,655.9170,484.0803,425.8791,573.9306,236.9190,648.3524,269.8377,324.8807,284.2827,806.8452,495.7558,468.3717,948.7432
31.3333,813.3095,767.6943,403.4930,777.4720,602.0058,714.1948,659.7188,651.9124,491.2813,440.3909,612.8167,229.6294,652.7364,265.9618,322.3020,280.6286,834.8476,490.0064,471.3329,933.2743
31.3667,848.7036,756.8537,406.0867,791.3088,611.3933,726.7939,670.6617,658.2724,501.3598,425.7331,585.5626,235.8456,638.2501,270.7807,326.6541,283.8142,817.7275,469.7053,467.8115,918.2853
31.4000,796.3162,759.9629,375.7602,764.9424,602.1152,714.1845,652.3669,627.7700,495.7228,432.5112,587.2784,233.0447,639.1820,264.2441,329.2150,289.6657,803.9922,486.7311,460.3262,907.3291
31.4333,821.3970,743.3810,384.6928,773.2386,612.9105,709.9215,644.6404,643.6211,513.9517,432.8102,602.5505,233.4557,647.0096,265.9896,310.4633,300.2551,828.5529,498.1611,604.1678,895.7862
31.4667,786.9841,760.3722,397.7577,799.3751,595.0953,697.5154,662.5802,655.4677,511.6801,423.4253,584.2229,234.7995,666.6215,256.3227,325.7259,281.9623,789.7638,483.8011,647.7219,899.9613
31.5000,788.0222,739.7493,395.3303,768.9727,591.4158,698.9836,668.4321,626.4084,499.9419,437.8088,601.2511,237.1438,645.6200,258.9132,331.5243,289.4735,768.7272,473.2001,681.6393,902.4916
31.5333,772.2621,754.7678,393.0460,775.6101,579.0499,708.2550,645.8405,639.7491,494.6202,432.6883,588.0565,229.7396,629.0879,265.5982,314.9396,286.4140,793.1327,490.9608,655.7162,864.8622
31.5667,790.5252,728.5206,391.8295,769.3530,600.4394,712.0310,670.3424,649.0855,485.2858,443.7075,597.1262,238.5439,640.8955,263.1913,319.3845,291.1594,768.9915,481.4297,684.5613,858.2168
31.6000,819.0190,755.3402,393.6115,775.8068,581.6892,697.1601,655.5182,636.5525,493.2462,436.4459,594.1859,235.0202,654.1956,262.6521,330.8034,294.5525,753.9699,471.1906,638.8192,854.3316
31.6333,801.2978,767.7600,383.7492,799.4886,574.8721,712.6227,633.6568,655.5819,494.3499,434.3041,597.3073,231.4438,668.0526,262.1400,331.9996,293.6585,756.6251,474.8835,664.3963,837.9193
31.6667,820.5339,757.0177,394.9423,762.6121,580.1841,688.8337,666.9745,644.7292,466.4047,440.6558,591.9419,231.9599,671.9949,245.3938,315.0532,298.3281,770.2671,479.5915,649.1524,817.6595
31.7000,792.4646,749.5833,391.4471,785.6952,564.0700,709.7320,641.8156,634.7817,478.9923,422.7138,584.8929,239.5015,650.2730,246.3879,326.6955,296.7425,710.6181,485.7460,642.6832,814.0222
31.7333,816.9452,749.1057,393.0800,735.0704,570.2709,710.2690,645.4536,626.1836,465.8352,424.4157,589.1487,242.3269,666.8958,243.8561,318.6238,278.3944,747.0562,488.7391,618.5860,839.5864
31.7667,790.5042,745.2123,383.1286,763.6820,561.9995,711.8547,626.1635,638.9784,489.4379,451.1142,562.0791,233.3412,643.7504,250.3163,323.0204,289.5779,743.0786,485.1976,617.5984,813.5537
31.8000,813.0852,713.8202,396.6462,763.0758,547.3227,683.5579,636.9165,619.7085,501.4703,438.4430,597.7361,233.4922,641.1587,253.3972,322.6634,286.5726,720.8132,493.4681,610.1762,771.4751
31.8333,824.5852,761.6003,397.8547,771.1656,556.1803,710.6577,646.1808,633.1681,511.1286,433.0781,592.1691,231.5499,634.3966,252.3514,325.8138,296.2792,723.4960,484.5612,604.8943,770.0335
31.8667,794.3863,755.1465,382.8633,767.3376,546.4293,692.9597,643.9328,632.0088,467.6326,424.0988,587.0350,230.8434,662.6882,253.9497,331.0887,292.6976,724.1156,483.9201,591.1885,778.2087
31.9000,776.0665,733.5841,397.2881,780.1604,550.4000,700.4546,639.1867,621.7848,492.7014,423.1128,600.5545,226.1768,640.2922,253.5081,326.0809,281.5492,729.4993,486.0088,573.4226,753.1015
31.9333,826.6543,745.9976,387.9436,773.8471,574.6328,700.8790,639.0822,652.5703,493.9448,424.9310,603.1239,236.1525,627.4465,251.8181,331.9181,298.3394,719.8356,480.0973,582.0154,785.9403
31.9667,783.0321,764.1402,391.9819,976.6154,544.7718,692.6848,637.5083,647.6983,471.9323,438.6897,602.6425,231.1083,639.6352,251.5691,315.2455,284.1468,698.1803,498.9207,565.4646,759.2893
32.0000,787.5815,728.4307,388.1932,1054.8605,540.0361,698.0958,638.0014,638.6141,478.3047,433.2980,604.1809,234.8834,642.0339,250.6259,320.1236,292.3290,708.0759,485.6831,571.3531,754.4643
32.0333,791.3607,746.3077,389.7077,1308.1657,550.7774,690.0290,635.4829,607.7292,466.4297,418.0760,593.2520,229.3143,643.4008,247.0921,318.0367,299.4362,709.1148,489.3342,562.3441,734.2442
32.0667,810.6721,754.4802,382.7075,1407.1504,548.2518,679.1325,638.7754,620.2174,487.1591,416.3985,601.2844,231.1766,643.1954,239.5699,325.6046,288.4139,689.9735,474.8082,555.1300,758.0998
32.1000,806.8141,734.5527,385.3818,1418.6960,545.6744,688.0948,634.3792,632.3192,483.4815,445.7731,590.0869,231.1978,636.3924,250.4715,330.5324,284.7684,713.4618,476.5798,557.4317,739.7859
32.1333,800.4707,753.4339,383.9293,1410.4026,541.8163,694.4959,626.3452,635.7579,491.8782,426.4351,595.7786,228.2579,647.9608,257.4811,319.1626,284.8377,725.3610,474.2528,548.1484,740.4727
32.1667,785.7035,731.9828,391.9242,1393.0229,539.0377,687.5922,638.3540,639.2251,490.5317,429.6991,608.1481,235.8523,646.7499,251.4330,326.4433,283.2534,706.2838,488.8952,538.6649,712.8848
32.2000,787.0729,761.7414,380.7625,1358.1733,523.6966,681.2370,624.6894,600.8512,488.6791,438.8680,583.9533,241.1394,638.4008,235.8991,332.5922,287.3133,698.2935,484.7411,540.1481,739.4018
32.2333,803.3888,734.2843,374.2865,1325.9015,531.0633,703.1218,616.8126,635.6935,479.2426,443.9053,598.8314,231.9610,644.5987,251.8659,331.4188,273.9738,675.5466,479.2617,543.4101,734.6693
32.2667,816.9754,727.6835,377.0145,1284.0664,535.1234,673.6091,642.5034,635.5068,492.8434,412.9550,585.9280,237.4434,654.0537,233.5524,315.7272,293.2930,674.3665,483.5378,521.2922,694.1092
32.3000,770.4826,744.5356,387.3882,1249.1205,548.8681,680.3249,619.9488,637.3111,499.6112,429.0156,618.1930,232.3927,638.0583,246.4746,318.9262,286.2596,685.9864,471.1285,539.9549,689.9628
32.3333,810.5753,714.1526,386.5510,1226.8048,515.3529,650.5103,624.8554,633.6678,504.5939,441.2988,583.5617,227.7563,642.1592,243.2894,316.6978,287.1669,696.8591,491.9968,531.6853,707.4450
32.3667,806.0839,737.4636,373.4466,1237.9101,531.6671,686.6060,623.5211,617.6160,480.8510,442.5421,583.5064,240.7382,658.2530,244.9828,318.0538,290.3493,684.4834,495.0526,509.8670,703.7897
32.4000,801.3381,737.5439,382.7774,1184.3565,525.5554,683.7515,622.9840,632.5412,486.0139,442.4345,595.0835,230.1180,667.9816,236.6977,314.1673,303.8445,693.2536,471.9791,520.5270,703.7085
32.4333,779.7480,769.1922,366.0292,1153.5757,533.6668,672.3527,630.2559,608.7021,487.3118,417.5459,560.9518,225.5951,645.1245,236.4030,316.9738,292.2995,681.0252,494.4357,525.5947,690.4113
32.4667,792.5994,749.1363,388.4602,1148.3205,520.1373,667.3053,636.9142,627.9983,497.5198,428.9557,597.6468,231.9201,636.8719,231.9015,319.6625,275.2592,674.0538,485.7777,636.0429,700.0156
32.5000,797.3507,756.6257,398.1790,1142.2112,542.7816,691.8391,623.0819,625.4383,489.1331,436.0737,578.2779,234.5699,656.6656,235.7047,317.1070,281.4548,672.9410,490.4576,687.2712,696.0685
32.5333,781.0039,729.4573,391.9247,1099.5135,541.6574,694.0420,617.5408,603.2222,483.7239,435.0638,598.6230,237.8513,625.5477,238.1502,321.6632,289.6418,665.8091,472.1903,721.9184,700.7472
32.5667,810.2292,723.9645,389.8765,1085.5222,535.9478,672.5500,616.9880,633.5107,498.8457,435.7320,596.5631,236.7842,646.2976,246.4859,331.6786,290.9692,678.0941,487.8139,716.7862,711.2480
32.6000,783.9513,718.5525,383.3729,1058.8724,516.0615,676.1052,616.4279,620.8513,500.5338,424.9442,584.7721,231.7964,644.6076,235.5231,322.3465,287.4304,670.2431,488.2234,705.6903,698.3472
32.6333,816.1744,750.5552,371.4546,1035.9251,523.6873,667.5809,616.6469,624.8887,472.8047,433.8806,583.8369,231.9827,651.6751,237.7718,319.3148,286.1878,658.8522,480.4594,698.3576,681.7477
32.6667,767.7486,726.4871,391.9421,1046.9395,522.8354,690.3541,644.7886,793.6000,494.7568,439.6082,597.7578,227.2616,652.2837,238.9703,337.3229,290.5342,657.2672,486.5751,688.4990,680.2892
32.7000,769.8250,721.6566,387.5029,1017.2026,544.9908,681.7487,628.7843,879.2397,479.6957,439.2750,594.3237,223.5997,631.3914,234.6201,323.4630,278.4001,672.3951,483.3161,670.5763,703.9938
32.7333,761.5657,755.9178,380.5760,997.0990,516.6199,702.0753,612.8459,908.6195,485.0569,418.0524,596.2478,235.1056,618.7785,241.8011,325.2416,289.1305,652.7372,487.6730,656.5117,679.7159
32.7667,803.3454,754.6092,361.7370,1001.3478,526.2440,687.9604,636.5906,925.0963,480.7671,439.1226,583.4852,230.3663,655.2039,244.2377,326.9862,276.9400,642.0404,481.9310,644.6590,672.0485
32.8000,777.5549,734.3571,373.9952,984.6792,513.6889,680.3182,626.5181,877.1771,484.0078,438.3770,578.4891,241.2779,618.1739,242.2713,311.1060,295.4211,658.0758,492.8686,647.9325,696.3002
32.8333,778.9617,735.4926,380.0731,996.6662,513.4731,701.1883,640.6574,886.8495,493.5856,428.9159,581.9914,236.6882,657.0346,240.1359,314.9537,282.2403,645.7145,489.5585,628.9580,658.8080
32.8667,806.7578,738.5972,384.1084,941.3499,528.1707,695.9867,634.5690,878.9027,477.9925,437.2872,600.9795,223.1942,650.5652,236.8687,323.8387,287.1468,672.3765,475.8995,635.6806,674.1321
32.9000,820.0250,729.1998,379.5728,922.1945,530.9977,678.1497,628.6086,869.4434,473.1094,432.5272,593.5213,226.7730,645.5976,237.0925,315.7322,293.6329,683.2365,493.8559,612.3272,691.0827
32.9333,780.2725,727.1517,379.4235,933.5293,531.6117,712.5049,616.8054,884.6461,475.5361,437.4327,599.1538,230.9649,643.2035,241.3250,317.2797,278.8057,648.2188,605.2038,603.3339,696.3902
32.9667,814.2288,743.3669,381.5977,905.3125,515.2917,691.2747,642.3812,833.6662,488.3869,418.7630,597.0984,231.5305,633.1012,241.5207,325.5887,287.0027,666.1231,671.1303,580.3311,678.2710
33.0000,801.1177,740.9612,389.3293,940.6630,510.7708,715.3270,622.7751,833.2907,489.5319,438.6453,585.4842,224.2475,642.5649,237.7245,318.4189,299.1691,658.1816,696.3271,591.7211,663.5597
33.0333,792.3303,728.3091,386.0373,910.7607,524.4637,684.3906,618.1259,821.5446,476.4285,443.9046,592.7694,231.8010,645.4842,233.5342,328.5017,279.8299,668.8136,713.0073,587.5555,652.4850
33.0667,773.4675,755.1202,378.3185,904.8896,522.7926,686.3641,604.4511,823.4699,488.4473,439.4289,591.6056,231.6861,638.1661,235.9924,307.6825,284.1212,685.3669,703.9241,581.4793,671.8925
33.1000,770.1178,770.8492,380.5700,893.8423,512.8197,667.0378,620.4049,810.6194,472.9123,428.7090,596.7171,226.8986,642.7902,243.6008,327.4022,274.0404,657.0609,691.0272,581.2390,672.1132
33.1333,793.7622,727.3466,382.9715,874.5993,538.1302,675.9135,614.8666,769.3448,484.9236,432.2421,582.3717,231.6616,616.0228,237.5187,312.0058,299.5008,670.1107,681.5067,588.6492,672.7516
33.1667,794.9584,737.2518,388.9807,872.9461,520.3771,677.0682,627.5329,803.6505,473.8515,433.3381,602.8707,231.8909,606.6192,240.3296,322.6128,286.4002,671.9871,678.4419,561.7378,657.8119
33.2000,781.8445,709.3965,379.8084,856.2679,513.7447,687.2855,607.7631,753.8007,480.4897,430.3986,590.0773,242.0296,667.7162,231.5742,316.9020,285.9386,677.6544,637.0845,546.0589,654.3561
33.2333,777.1217,756.3704,405.6274,874.1838,504.9661,685.3413,631.9791,764.7574,494.5023,445.6160,605.3092,229.4237,649.9090,238.1258,327.2323,291.7855,659.7258,655.6698,533.9997,669.4879
33.2667,771.9963,721.0096,379.4996,840.6474,521.0251,688.7976,625.2840,757.8665,497.3982,425.3551,597.2692,231.6897,655.4107,233.4987,318.8450,290.5144,635.7915,616.7261,565.0519,651.7355
33.3000,798.8303,741.0852,375.0581,814.4509,517.0566,688.9080,614.4081,759.1241,486.0116,435.7234,591.4771,229.8707,631.6748,235.1587,326.3579,284.6565,646.5178,631.1061,528.4046,693.0988
33.3333,804.0301,749.8859,381.6941,848.2271,527.9340,679.4343,624.9584,746.7745,479.8670,435.4150,598.2935,227.7537,630.2581,234.4883,329.5363,285.2010,636.9217,645.0207,522.8771,655.2050
33.3667,804.8291,752.8410,383.9046,845.7908,514.5095,687.4495,610.6485,725.0401,499.7835,449.9758,626.2431,225.0621,655.0740,235.2654,327.8096,288.2216,655.2102,634.7445,529.6440,648.1567
33.4000,803.2226,723.9370,391.1094,792.0380,503.7761,664.8467,624.4165,735.4071,472.4985,432.9694,612.0645,235.6646,655.0651,233.7038,325.9995,288.4110,633.5013,617.1959,513.4715,669.8665
33.4333,784.7845,730.1468,386.9107,823.6580,508.3615,664.9264,615.8615,712.2718,474.3142,430.3364,598.4189,232.8650,642.3230,236.0715,317.3153,297.4121,660.5442,602.9777,509.6796,662.1108
33.4667,819.1607,737.2600,385.1828,793.8773,514.5386,694.5442,636.3413,746.6102,476.5084,435.3374,585.6773,228.8019,669.0790,232.4341,318.9702,297.0768,638.4012,597.1968,539.3214,674.5084
33.5000,777.5185,717.5973,376.4896,817.7696,523.8196,695.7034,614.1516,725.5251,499.6656,417.5780,588.3304,225.5908,630.5756,238.3370,313.5184,282.9872,667.7274,574.0778,531.5396,636.3058
33.5333,802.8400,731.2990,378.3975,803.7456,510.5539,679.9600,630.7456,687.7897,485.6336,442.3719,588.7624,241.4407,640.4865,231.1830,316.8158,290.1292,655.7099,581.2393,509.0711,666.1303
33.5667,787.3852,749.5939,388.0877,818.6660,532.1540,658.0344,605.7775,710.4643,480.5736,424.6927,593.6634,236.4850,643.6733,238.4400,311.9273,291.9740,634.9260,579.9021,495.7732,663.0411
33.6000,776.0272,755.8894,393.7340,814.5676,538.3549,671.6936,609.4375,673.4477,486.9805,426.7019,571.4717,236.6933,645.8969,241.4657,333.7811,291.3835,646.1924,558.5250,509.7637,652.6546
33.6333,783.6322,722.6841,370.9756,820.3582,511.8620,683.5131,592.7704,693.3752,493.5836,428.9049,591.0671,233.3637,654.4353,241.9649,335.0152,291.6477,653.4928,571.9058,510.9994,681.3162
33.6667,802.7981,728.0576,380.2688,797.1428,515.1981,685.7856,636.4802,707.5666,485.5845,425.6925,595.3023,229.0815,658.8815,241.7302,322.5926,292.2120,645.3614,550.7845,505.2603,633.9236
33.7000,811.5528,730.3438,386.3415,800.5370,514.2932,665.7741,617.3829,681.6370,496.4404,425.3995,586.7573,234.9136,640.3132,242.4849,321.5901,277.2610,627.9300,578.3320,481.2558,635.2864
33.7333,799.4103,760.1598,384.7454,783.2614,525.2035,661.9209,619.9698,658.6345,494.3514,429.0644,603.1965,229.6035,638.7617,231.3421,326.0786,294.9160,655.6351,562.5927,501.7813,651.2664
33.7667,747.4089,732.3878,379.2415,795.8965,508.8661,680.0359,616.2379,682.3596,481.1439,420.2385,578.8954,232.8587,646.6375,234.5028,330.0381,294.1319,657.6776,545.1004,502.1690,673.5379
33.8000,806.1723,743.1230,384.9688,786.1202,505.0334,676.4155,617.3474,661.5552,485.1043,433.3104,568.8335,230.4933,652.6206,237.9917,320.1523,295.3274,628.9443,547.5427,481.7398,636.0712
33.8333,760.5003,757.8789,372.1704,795.5011,517.1687,702.4372,619.4711,679.9165,491.6910,425.2579,593.8395,226.4903,642.6163,239.7485,317.2898,292.7504,652.1691,547.2571,500.5898,670.7392
33.8667,825.4131,751.4579,379.6640,792.2228,501.5645,687.5903,631.6998,679.4546,492.2043,435.0896,581.0943,230.4620,645.2312,237.1582,317.7256,288.7273,637.7179,535.9749,489.8167,653.3186
33.9000,798.1440,751.8916,402.5306,778.2008,526.2398,679.2778,620.3317,667.3757,471.4976,431.3837,615.8138,232.7808,657.1848,233.8765,330.7885,306.1340,647.9553,535.4233,497.6004,659.3178
33.9333,797.1134,759.4736,369.0526,771.1693,533.2237,677.6994,634.2223,656.3235,473.9362,436.4372,591.0820,231.3453,636.5795,234.6464,329.9961,287.8432,668.9358,522.5759,511.0805,644.5205
33.9667,810.9141,716.7168,379.0987,794.0181,522.5952,696.0983,629.5124,668.3828,499.0454,436.6170,583.6143,229.4093,625.3754,239.1013,325.7805,291.8087,651.0553,529.8123,482.0000,648.1978
34.0000,790.4036,746.7230,388.4747,770.8920,490.4567,695.9461,630.7037,650.9661,479.0589,436.6161,604.3400,237.4910,636.1617,229.2932,311.8913,287.6350,640.6817,514.8475,488.5022,661.4401
34.0333,790.8984,744.8485,392.8266,769.7116,499.5727,677.2520,624.6557,654.1610,487.4620,433.1452,587.6439,230.5999,640.7120,241.7540,311.5967,295.7786,652.8791,507.3999,496.0917,643.8902
34.0667,788.9952,732.6683,400.7580,758.1221,525.6288,674.8043,612.5593,656.4242,506.1846,434.1620,590.8783,227.7500,638.8470,233.1598,332.5903,291.4615,630.4619,539.9727,483.7985,634.4049
34.1000,797.2470,756.8488,395.9214,756.8135,512.9159,690.5569,629.8153,652.6408,483.7500,414.5017,578.0900,239.8073,670.4437,232.3900,316.6087,294.4644,669.2624,536.3882,479.0029,654.1618
34.1333,796.6028,759.9531,393.4115,776.9112,529.6522,675.6143,619.5417,644.2360,494.3710,435.7114,576.2637,233.3275,619.6188,237.1976,324.5760,293.5471,674.2677,531.2795,468.3497,663.7121
34.1667,799.0081,733.6162,376.5916,770.4531,513.4388,653.4225,615.7672,648.7917,507.7113,436.1373,588.2265,226.8726,649.6527,229.2798,321.5988,286.9123,672.1946,513.3773,472.2582,653.7953
34.2000,742.2082,720.5021,399.5456,760.5454,510.2759,690.6950,630.0268,663.8173,496.3759,419.2316,594.1223,227.3824,674.3792,243.8651,323.4954,299.0889,670.0850,511.9348,472.0867,634.8948
34.2333,794.0091,701.7298,390.5374,767.3674,519.9085,667.9509,629.8601,640.8028,495.1661,428.8430,591.2091,236.5146,649.9365,243.0506,319.9496,289.9134,662.6207,505.1186,477.8191,669.5769
34.2667,770.0590,771.6114,377.6079,779.3043,521.8994,696.7776,638.2114,659.7153,483.0681,445.6209,589.5170,229.8795,644.7996,231.3547,310.2808,284.3734,628.4092,506.4845,453.0454,665.0848
34.3000,839.3373,734.0536,379.6348,768.6877,497.7508,700.6005,614.8303,661.9260,506.8829,427.5723,595.0220,231.8977,636.3401,231.8807,325.7285,279.8065,648.6726,516.1132,485.1830,634.2392
34.3333,808.5190,746.7284,395.6553,779.2660,509.2629,710.9689,622.9777,646.1284,489.0721,437.6765,587.0944,229.9865,643.2967,229.7674,326.9168,299.5294,638.8906,506.9190,454.7375,631.8752
34.3667,810.7747,743.1200,383.6172,780.5573,520.0200,683.3212,619.6531,655.9598,489.6595,421.8335,591.4280,225.7188,641.5726,236.9990,304.4589,295.2472,659.7652,516.9683,485.3562,655.3840
34.4000,803.5405,764.9648,387.2726,746.5089,504.7681,661.0689,604.9446,646.6999,478.9957,420.2563,585.0792,230.4689,636.6664,233.6657,322.7135,295.5301,658.2270,508.3388,462.5052,661.9622
34.4333,806.7694,721.7847,373.4153,756.1176,502.1615,666.4319,634.2529,629.2164,484.3220,421.5449,600.5478,230.2757,642.9435,238.7288,323.9253,288.6853,614.2529,490.2782,470.4883,668.7225
34.4667,781.7353,739.2389,379.6506,761.7566,516.5196,667.9655,618.5185,635.3989,488.2831,441.3980,602.3552,233.7046,654.0621,237.1704,322.7642,296.0389,661.4522,514.0836,469.5758,643.4630
34.5000,808.8161,730.6087,390.8785,787.9408,498.7459,712.5619,631.5315,658.8005,495.6110,435.0929,584.6959,231.5301,649.6701,239.9394,312.1510,293.3327,650.0171,517.1405,466.2503,696.0285
34.5333,810.0141,735.7753,383.4198,764.5646,524.9128,700.6408,615.5888,633.9652,498.5046,426.8828,590.6620,227.0325,652.2832,242.7953,331.6098,283.5630,631.7166,513.0640,466.0310,677.5381
34.5667,799.2666,726.6519,370.9063,764.8464,506.5568,699.6112,642.2163,634.5165,498.6435,418.3463,575.8125,232.0301,634.1572,240.2096,322.6451,297.9836,661.4110,506.8650,464.3898,650.9547
34.6000,808.8589,727.3782,375.6690,735.0384,499.5622,679.6471,619.0689,650.7747,479.4584,432.8061,582.1332,226.8449,656.0399,232.4800,317.2611,287.9097,647.7945,499.7142,476.8777,635.1141
34.6333,813.5765,745.8349,382.4832,740.7269,508.6004,684.2045,625.4178,634.5657,488.3121,439.2592,583.2515,238.5953,633.3521,237.5293,321.3218,287.5330,659.6258,486.9163,475.2256,670.1068
34.6667,796.8985,744.9913,378.1501,753.1220,517.0293,681.6018,606.6721,647.4076,484.8038,442.7402,596.6566,233.9793,645.7232,241.4784,319.9720,297.5394,637.4297,485.9166,441.2625,641.8507
34.7000,778.8419,725.3435,379.9954,727.1984,523.0002,662.6027,630.8973,618.4781,509.9466,415.1917,577.0905,236.9156,640.4075,240.9906,319.9939,287.1612,668.6700,481.0007,464.1517,671.5839
34.7333,810.0075,740.3154,384.9388,773.2076,513.7821,691.4718,627.5073,659.0994,496.7234,429.0222,621.1632,232.0545,670.3884,234.5216,320.6219,280.1112,656.5550,482.2147,479.3003,660.1718
34.7667,821.4150,727.5228,385.1519,771.4612,503.1523,672.9990,612.9617,652.8678,485.5591,415.0729,587.0809,232.6042,630.7015,237.3560,334.9971,292.1562,645.4268,489.2162,480.2455,647.4727
34.8000,777.9224,753.5030,395.4820,739.2053,486.9081,676.0556,615.0003,622.8219,483.9787,426.8821,582.1075,232.4397,659.1238,233.0727,313.0077,287.2937,672.2741,496.5424,480.9608,624.8398
34.8333,815.8031,754.6648,394.1684,747.4405,516.9096,696.3483,627.4749,659.5724,479.6051,436.3510,587.4904,238.8498,633.7940,238.4121,312.9449,293.6205,666.1956,504.3119,468.4108,642.8584
34.8667,801.4068,759.6497,392.8935,756.7515,508.1072,697.3726,594.2813,637.3409,493.3049,423.4389,586.7863,226.3418,662.8590,237.9938,319.3553,295.5161,679.3663,505.3514,461.9015,662.5076
34.9000,807.1893,739.2235,378.8014,749.2819,509.4169,700.1790,617.6467,645.0924,485.8017,427.3322,582.0656,234.7435,639.5412,237.8608,322.3219,295.5903,649.2964,497.4081,464.5261,641.0787
34.9333,810.9700,734.6180,387.9337,737.1076,522.9301,679.9005,633.6123,621.8374,464.0814,435.0876,582.4526,222.2062,635.9501,237.2398,312.8509,293.5386,658.0252,494.8908,463.7521,641.3515
34.9667,780.5125,743.2107,380.8162,742.3154,513.0359,671.7804,612.3882,616.7840,485.9215,412.8175,583.3709,232.9269,658.8011,246.4063,319.3531,298.0485,647.6789,496.5406,465.3496,631.5446
35.0000,802.2740,735.8830,398.3724,750.7141,506.9589,696.7516,590.7362,651.8131,499.7834,423.8233,601.9242,229.4476,667.2004,232.1943,313.4624,294.7320,638.2030,500.3584,458.8300,636.6935
35.0333,814.0436,743.5455,378.8920,752.8689,515.5551,677.5049,626.4585,640.7299,487.8244,437.7638,597.3474,226.1862,670.6613,237.2832,317.5827,283.6196,637.0915,475.9152,462.6132,646.2897
35.0667,820.5853,735.9675,383.7325,738.2389,520.3475,665.8557,627.0495,616.9216,521.6404,439.5238,598.0349,229.6913,642.2593,237.1148,312.1334,302.9216,648.6207,478.5561,475.4873,645.9524
35.1000,811.8418,726.3342,390.1933,720.0127,519.2943,673.6654,622.0634,637.1209,490.1981,428.1053,575.5383,230.6195,612.7941,238.1936,319.9189,290.7843,659.3050,498.0059,457.9027,639.0198
35.1333,783.0155,747.3921,383.8194,745.6650,511.7400,690.8440,628.6203,607.9493,499.8107,425.6236,600.8256,225.8136,646.3655,232.2468,319.7080,295.4673,631.9405,491.8196,467.6314,657.1890
35.1667,801.3109,755.9119,375.5891,755.1477,527.6699,673.9116,616.1949,611.7405,496.5075,445.8900,580.9887,238.8865,633.6439,238.3182,322.7254,281.5850,641.3913,507.5869,470.3586,667.6384
35.2000,794.1518,753.3997,380.2140,781.1450,513.5738,704.4001,635.1526,621.4722,492.6622,420.9844,569.0683,227.0343,654.8868,236.6923,321.1096,297.8602,649.7939,480.9831,453.5778,619.0194
35.2333,799.2278,726.4860,399.4918,755.8425,513.3112,690.7641,641.7232,611.1750,481.7970,428.4209,586.5850,234.1958,644.4301,238.6959,313.9814,290.3565,650.1106,495.3507,455.0694,828.2146
35.2667,816.1049,763.1075,388.5910,750.8714,515.6749,687.4648,631.4893,633.9599,623.6036,408.9826,603.1955,238.2458,639.4989,239.0118,319.9312,290.5893,660.8072,483.7232,468.3761,897.4934
35.3000,776.0400,719.0593,388.4025,741.0178,516.2941,658.2544,613.8995,654.3540,687.9176,428.6657,589.1634,238.0718,630.8060,235.0166,306.4095,300.1301,659.2415,494.1231,470.7803,953.1244
35.3333,806.8387,734.1613,392.5133,733.5610,489.6247,697.1160,630.9785,613.9222,710.1601,420.8313,581.4783,219.1731,651.7976,228.2824,316.6796,295.2881,650.0600,494.9487,469.1911,954.9964
35.3667,805.7053,745.5533,496.5113,729.0424,530.0072,713.9314,609.5269,650.6141,687.9157,425.9803,595.1204,229.0147,640.3692,240.3361,331.5117,302.4012,641.2298,482.9046,447.1836,934.5165
35.4000,783.0770,744.7181,523.2276,724.8308,505.6516,710.4560,618.5487,653.1138,710.2912,417.8861,590.6841,225.3470,648.6521,227.0815,326.4337,289.0837,655.2887,495.8436,480.6955,933.1300
35.4333,816.7847,739.7504,556.8570,751.8590,512.1750,672.3675,623.3524,653.7490,703.3264,441.4076,592.7777,233.8168,653.3368,248.0239,316.7717,298.0474,636.1300,493.5539,463.4134,913.8027
35.4667,789.4154,737.0035,545.7336,755.6353,512.1991,708.9913,625.8756,624.7695,680.4382,437.1956,600.8315,231.9672,643.2174,232.0856,323.9951,287.9899,674.2002,467.5894,476.7767,914.6556
35.5000,799.6079,738.4696,564.5506,740.1684,526.0817,670.3621,633.4662,664.3929,678.4649,425.2271,577.0650,239.6366,642.7462,238.6896,305.0126,283.4468,656.2959,495.2382,467.0549,898.4222
35.5333,757.4126,759.0150,553.1814,740.6120,517.8073,685.9822,615.3985,629.9360,682.3740,438.2628,584.9515,234.9255,660.7451,232.6090,310.9677,288.8003,631.4757,483.2827,467.1047,890.1534
35.5667,817.0178,759.9833,536.7082,749.1616,515.4667,703.2284,622.1593,617.8596,649.5972,419.3387,608.2833,231.5495,654.2689,238.5038,318.4251,284.4781,662.0525,490.3370,444.3547,892.5564
35.6000,794.6192,745.9259,531.4622,732.9016,520.6300,702.7942,623.0880,640.7997,650.8558,440.0871,598.6899,232.1185,665.3972,232.7250,331.3748,288.2346,645.6492,507.4675,463.8555,833.7670
35.6333,794.1676,729.5928,513.4682,732.8637,515.1749,701.4526,630.2220,636.4021,642.8877,419.8470,588.8933,232.3021,648.9755,235.7131,313.9264,282.3157,650.9543,494.4373,470.7164,860.4649
35.6667,822.7515,753.5025,505.6341,750.1934,513.1369,687.0799,604.5744,629.3386,632.1565,434.6664,570.4867,239.0722,615.1305,234.4969,331.1914,280.2882,641.3624,468.7896,467.3771,836.7395
35.7000,768.3613,765.2705,510.0044,758.9660,509.6409,705.7387,602.9381,627.0478,626.0568,437.3568,599.8676,232.9481,638.3578,227.2858,313.9883,287.9579,647.9425,492.6017,471.0414,814.5698
35.7333,813.4375,754.9467,513.6312,728.0750,503.6126,685.3339,631.1280,647.3467,621.7612,424.7354,592.5969,227.8580,631.8314,241.7171,316.9196,292.4911,670.3388,477.3476,471.0175,821.0646
35.7667,816.5187,734.8951,485.7504,754.3464,509.1087,673.9934,618.8816,618.5582,628.3931,413.7891,566.5128,230.9799,645.8270,238.4684,314.8292,297.5707,652.6429,474.3203,456.7650,807.6310
35.8000,767.6548,739.0950,493.4644,751.3960,509.1146,680.9939,617.0914,631.3834,609.1319,423.8750,599.0412,221.0855,645.7355,231.8612,329.0795,288.6379,626.9508,497.1545,464.4620,778.0945
35.8333,803.9645,764.4028,485.8962,731.1219,511.8106,655.6818,614.8033,621.0839,595.4881,433.2582,574.1434,236.8146,656.9351,243.1713,316.2049,292.6862,634.4113,487.3751,483.6756,793.9060
35.8667,793.6858,749.0344,482.0375,718.0779,514.3855,669.5413,628.1074,618.1204,586.2800,427.5293,582.4878,233.7807,650.8489,236.6268,317.1420,299.9965,667.9142,473.7693,462.3616,757.4443
35.9000,783.0011,729.9508,481.2120,770.0196,510.4788,685.0885,614.5344,624.7899,592.1277,425.2847,603.6799,230.3359,647.3657,230.9006,324.1541,295.2803,635.0626,477.7108,456.9234,782.4147
35.9333,779.2219,763.1300,476.9933,736.0894,517.5970,699.6591,632.2424,613.5951,572.9165,436.5630,585.0364,230.0164,661.3725,247.4534,319.0191,299.3457,634.9550,492.2648,465.4743,732.5562
35.9667,811.7231,737.3646,468.5080,734.5737,503.8800,694.4879,622.5116,643.2169,582.9774,444.2994,588.2605,225.3931,632.9178,228.9627,317.1282,295.3219,665.7452,481.4812,463.6780,751.1335
36.0000,818.9895,769.6948,461.4585,752.8133,518.7768,728.1214,610.1595,622.8586,570.5589,441.9475,589.7610,240.8471,656.8788,237.1054,318.8512,291.6693,663.9457,481.3384,455.9424,759.8151
36.0333,782.1801,780.5188,462.3116,777.5407,525.3158,687.0031,621.1395,624.8096,573.0939,405.1898,599.6775,237.8469,646.0635,232.6519,316.6230,286.7728,654.9559,471.4667,458.3180,751.0266
36.0667,785.0905,767.9178,452.5658,747.0454,504.1841,711.3725,627.8767,608.9922,564.7962,434.0370,591.9412,222.6869,641.0204,234.7837,317.7160,283.0992,651.8876,481.7712,448.4011,753.7079
36.1000,813.6744,756.8974,456.7061,763.7571,522.2329,658.1575,618.3701,630.2152,563.4705,419.6920,596.7919,237.9361,647.2238,230.4525,307.0227,289.0854,672.7822,474.1417,457.3750,732.4570
36.1333,839.5117,746.2592,449.3456,729.7271,520.0780,708.3905,612.7621,621.2239,554.4278,439.0460,610.2541,227.6546,645.4202,238.6472,326.0699,282.3146,656.2781,471.3355,476.4452,702.9079
36.1667,775.5007,725.1896,432.3255,772.7770,507.3735,670.0741,632.4095,623.3854,550.3962,423.8550,588.5419,228.7126,649.5614,238.3078,319.5644,303.4289,660.5387,484.5998,469.6230,712.1127
36.2000,777.1121,735.4543,437.2848,714.1466,493.1746,698.4797,632.6118,602.2902,563.0741,542.3361,601.9923,237.3234,631.7318,237.5098,328.0008,297.3025,673.1932,485.1068,455.5804,720.2491
36.2333,783.1657,729.2264,447.8169,742.1190,532.6707,690.1492,593.7298,640.9991,544.9670,605.6315,581.7775,236.3836,651.4345,230.1758,311.7102,296.6444,654.7576,492.3388,462.3387,704.9600
36.2667,783.5000,737.5067,434.5334,738.7703,514.8442,705.8292,603.0356,621.1963,543.1861,606.0767,584.8436,244.0498,644.5127,236.9531,318.5753,296.6785,656.0085,493.0618,453.4983,704.8665
36.3000,819.7899,750.4045,432.8439,735.5589,517.4766,683.9626,626.1986,632.5521,544.8710,618.8841,586.0352,236.5165,650.5420,242.5294,339.1055,302.3137,626.1799,501.8614,463.6551,715.3816
36.3333,784.3641,737.9786,423.0614,745.7545,506.9537,699.3865,630.6676,618.3440,529.7581,624.9079,568.8694,241.8594,645.6937,238.0550,326.1708,298.5022,660.7267,471.1449,464.2075,745.5527
36.3667,837.5051,758.2017,426.9500,777.1723,526.0781,670.7988,594.4778,608.8471,533.6121,619.4650,611.2405,233.7310,636.2745,236.8148,315.6837,291.3101,649.6735,485.7342,455.7881,688.3502
36.4000,808.7571,733.9953,427.8692,741.4115,528.4736,699.1498,603.7084,637.6909,535.6386,595.0998,584.7735,233.8399,633.6715,242.1764,319.6071,288.0522,651.0681,477.9551,464.1283,716.6921
36.4333,817.9473,752.5671,421.3267,745.5751,514.0566,705.1485,615.3461,611.4171,514.1444,588.6071,581.7875,226.6807,644.2133,234.1184,306.8768,288.9334,647.3966,490.9468,467.5553,693.6222
36.4667,811.6691,762.3926,427.7812,727.9643,508.3034,704.5805,610.8067,613.5158,534.0762,599.8191,594.0882,230.0034,641.7886,238.0371,312.8113,305.0726,631.7994,481.0606,461.1531,717.1174
36.5000,784.5949,735.2403,413.1776,750.6429,513.0615,687.4976,619.5974,603.9991,521.7557,589.8117,597.0574,242.2468,675.1074,237.8759,324.7245,292.6474,626.6090,462.8373,469.4491,684.4204
36.5333,778.7408,743.4092,421.4378,743.9194,506.2603,679.6705,624.3617,638.8356,517.1444,570.7411,585.1863,228.6458,636.3360,240.6505,319.5605,294.0385,658.3582,484.4461,484.2074,687.9819
36.5667,817.1477,731.1371,418.5746,736.2084,496.3970,665.6840,604.7929,622.6693,528.0194,566.1488,584.5883,232.6229,673.6185,238.0904,318.1911,290.5201,656.3985,484.5224,458.6901,681.0910
36.6000,821.7399,734.7697,412.2453,712.5564,514.7492,704.1657,600.5932,630.6254,519.8421,556.6631,589.4845,235.5559,652.2140,229.9015,322.8837,286.2561,658.5581,497.5861,465.4863,695.4170
36.6333,808.9562,748.4761,408.0439,748.9970,505.2121,699.6060,613.5834,634.6000,533.4112,539.8635,597.4726,233.5275,663.5148,238.3904,326.0206,298.5985,665.9107,483.7309,471.6210,660.1797
36.6667,802.0526,748.4061,409.0159,750.6025,493.7951,672.3833,598.4656,622.2685,514.7391,546.7577,575.0511,231.4962,627.3766,236.3605,319.1793,295.6434,671.0439,482.8355,457.9643,687.4920
36.7000,803.7337,757.4496,412.2722,718.3124,513.1658,695.5358,627.5390,621.6168,522.9317,542.7318,581.2528,227.0496,664.2901,240.7868,318.5271,295.0018,642.7167,492.9343,472.3665,658.4684
36.7333,805.8471,734.6090,412.0296,737.6493,506.0185,680.8799,622.7378,635.4809,514.8764,521.5729,570.3572,232.9649,659.3414,231.8259,322.4068,299.1592,632.7163,464.6456,445.9788,660.7404
36.7667,780.0727,748.3981,425.0421,709.2452,502.3437,682.8729,619.8725,639.8147,509.7462,513.1540,595.9142,228.8817,656.2913,232.8652,322.1570,295.0298,657.5237,479.0277,448.6424,666.7695
36.8000,803.3813,755.1830,405.7560,762.0141,527.7348,686.4748,618.0338,619.4693,517.7831,511.5559,588.1371,232.4005,662.9159,242.1834,316.1165,288.5279,644.7446,484.2581,470.0446,689.1035
36.8333,802.5008,743.7771,413.1862,752.4884,494.1077,691.4533,620.6770,600.3742,511.4861,522.2585,586.1963,225.2115,649.3198,234.7261,322.6975,293.0095,667.9264,472.7279,456.5572,667.2054
36.8667,773.2984,749.2840,403.9827,731.4925,503.4646,686.7674,618.3480,627.0141,497.3026,502.7925,591.3803,224.7540,641.0461,247.6446,311.2939,293.6558,832.4301,491.5521,460.8951,692.3978
36.9000,758.2676,723.5967,415.8426,717.4071,507.9474,700.5656,599.8505,618.3104,511.4195,503.1413,568.0646,228.6598,640.8385,245.1900,323.5631,290.0666,902.2439,482.1773,442.0736,658.3560
36.9333,798.4523,731.6992,405.4117,754.3507,508.3842,664.2864,609.7781,635.3444,525.5444,501.0611,586.1544,227.6729,652.5827,237.8547,320.5929,292.7648,942.9119,498.0349,466.1024,671.6563
36.9667,769.0916,762.3036,397.8535,743.6871,491.7878,706.4017,629.5548,645.5354,528.6988,492.2162,575.2653,233.9700,626.8111,238.1358,318.7749,290.4874,946.8789,482.5796,444.5332,670.9650
37.0000,764.1382,720.0740,403.1006,758.7769,508.8586,679.0403,636.2469,617.8079,511.3988,485.3811,602.1267,228.0307,648.4350,230.1657,315.8443,289.7512,932.8181,479.7363,474.0707,653.8720
37.0333,774.3664,718.5133,411.5908,742.1582,516.7350,671.0659,616.5582,629.4424,514.8027,466.6764,619.0808,229.6997,672.0759,229.5577,316.8671,284.4536,930.4553,469.5629,434.0021,650.9167
37.0667,806.0817,747.2635,395.9650,737.6816,522.9316,708.4710,625.5540,623.5547,509.1672,493.9450,579.5313,237.2186,644.0931,241.7123,312.9867,293.1112,918.9572,471.9582,455.6626,692.5499
37.1000,802.2460,723.0567,398.8346,741.2981,509.3290,691.9925,635.6486,632.9493,494.5532,482.6502,600.1893,229.2658,632.8613,241.9740,303.9267,292.6202,954.0257,497.4266,458.2731,681.6035
37.1333,804.3657,1282.4581,408.9723,740.1082,512.1656,995.1965,620.1392,650.0312,480.0740,500.0169,578.2963,225.0160,658.7751,235.8494,312.6980,286.4203,900.1748,485.4691,474.6699,665.9269
37.1667,831.1297,1501.3415,396.4726,1213.0792,531.7318,1131.6321,629.5917,623.4828,516.8797,485.2823,605.7668,231.6493,660.3609,238.7987,316.7682,287.8052,854.6008,479.5547,466.1147,646.4734
37.2000,811.8365,1553.9977,386.1466,1423.7455,778.3074,1184.4535,614.1934,622.0888,503.2832,474.1874,605.3651,229.9453,640.4437,243.0700,313.6784,301.7937,869.7647,474.2337,466.4962,643.8639
37.2333,828.7881,1581.0823,699.8101,1512.3806,897.7351,1185.8179,1014.3516,630.3196,511.1552,474.9446,578.5329,229.2350,645.5382,234.2026,312.0389,295.4527,856.8502,495.9608,470.1356,667.3875
37.2667,806.5508,1549.4330,834.5589,1533.4028,934.5457,1150.8914,1159.3806,1070.7700,499.7143,468.2118,599.9762,228.5416,630.0368,239.5989,310.5360,281.5414,847.3218,486.8502,464.4729,673.9090
37.3000,821.1314,1503.7656,884.8993,1513.4168,932.8143,1147.0310,1253.4482,1266.8195,495.1387,465.0884,569.6011,236.8860,658.7082,240.7021,319.1578,297.1090,813.2121,495.0664,465.1502,679.5339
37.3333,829.4778,1500.9275,900.2073,1486.7119,927.8076,1115.9744,1245.5175,1316.7037,517.0099,469.9915,578.5973,230.6290,645.1952,236.0328,322.7041,298.0987,822.1246,481.2063,466.1212,619.8597
37.3667,836.4746,1437.5335,881.0383,1423.5445,899.6216,1105.5273,1254.2691,1322.4657,484.5547,462.5338,579.2043,236.5874,644.3378,237.9770,317.2422,288.0642,832.0431,488.2588,442.7054,666.6432
37.4000,800.1145,1431.6614,865.8046,1396.2927,886.3150,1088.4421,1222.6332,1331.2194,507.2486,462.6778,602.3684,237.6835,668.9179,229.6511,314.8703,298.3891,797.8877,473.7618,468.3542,652.5344
37.4333,783.9293,1408.5188,836.2319,1376.4470,852.1774,1052.6291,1196.0498,1253.9519,512.4648,452.3488,597.1445,233.7699,617.5513,240.3024,325.3787,294.3507,792.9020,492.6324,463.7471,622.0822
37.4667,804.8380,1357.6345,819.4708,1336.7594,866.8362,1035.5334,1183.1907,1254.0004,507.7494,436.6975,585.2204,235.5315,644.9154,234.9191,316.0572,293.6354,791.8994,484.3493,456.9642,632.6875
37.5000,826.3769,1341.5070,804.3898,1302.8326,838.6131,1024.4215,1108.6236,1236.5338,488.1835,465.1089,573.0027,232.1169,639.8860,241.3664,315.3016,291.6485,807.4573,490.1578,462.2961,657.8472
37.5333,830.1282,1287.8735,790.7499,1299.4157,827.2168,1014.4794,1114.7337,1224.7818,495.2391,449.6279,590.1176,222.7867,638.6603,233.2008,316.8419,297.4227,766.9599,491.1209,449.7710,656.8128
37.5667,806.2312,1271.9127,739.4375,1248.6227,810.3701,984.9065,1083.7856,1175.9893,503.2312,452.7220,578.8355,243.1039,642.7551,241.3313,321.8470,293.7920,773.6458,492.5055,470.4383,656.5821
37.6000,810.3653,1245.7639,726.0247,1237.3362,778.2050,968.7183,1069.1991,1138.8983,497.6413,465.5922,590.7848,234.1604,665.5102,227.1262,308.7542,292.1172,764.5120,493.0604,452.8520,653.3215
37.6333,830.6212,1200.1169,721.8931,1200.7351,784.4215,948.1916,1027.6843,1128.5116,508.0283,442.5209,584.9799,225.5958,642.7890,240.2866,318.0497,291.8482,765.0943,480.0139,467.9154,637.0429
37.6667,807.2801,1189.5766,695.3570,1172.2884,759.1049,916.7693,1006.9242,1114.6402,508.2942,453.2108,582.8974,232.1697,644.9076,239.1899,326.1246,290.4330,747.7536,476.0484,466.0459,671.9123
37.7000,815.6141,1159.8409,671.6305,1170.5997,753.7168,932.0080,984.1561,1071.2772,511.0120,441.0929,582.7313,231.5167,658.6859,238.3042,305.6435,297.8120,749.4095,490.8891,452.6611,659.4966
37.7333,819.8680,1112.9807,660.3256,1138.8215,730.4028,920.1903,979.7344,1029.4255,505.4504,456.5190,583.6494,225.9663,659.4701,240.6494,319.6847,297.5895,732.8744,493.7073,456.3685,676.1692
37.7667,800.9313,1103.1176,658.4937,1109.4121,723.7596,921.3500,959.1051,1031.6185,490.2765,445.3752,566.7246,239.3245,664.4769,247.3890,315.7133,287.4098,728.1048,478.8532,456.8649,650.7351
37.8000,790.5819,1084.2750,640.0014,1085.9844,707.6300,878.0736,929.3674,999.9579,487.7208,448.0274,593.8466,233.4885,668.9841,241.7821,324.4703,299.7119,721.8628,483.5509,461.9607,665.4323
37.8333,845.6502,1061.7214,624.0522,1095.0280,705.5965,869.8668,915.0397,965.5018,499.5482,438.2343,591.0261,235.5444,651.8015,232.5603,315.6514,286.6795,742.2838,483.8936,457.8630,668.7887
37.8667,795.1611,1046.7295,612.5655,1032.3655,694.4877,883.0840,913.0687,946.2135,492.6542,439.8977,769.0874,231.4219,664.4767,234.1670,308.6036,291.6847,710.2481,482.0946,447.6802,649.4147
37.9000,787.2872,1058.7462,613.6110,1040.1181,693.6234,852.9586,906.0646,923.9377,510.2915,421.1021,812.6050,232.4158,654.5500,245.3483,311.4765,296.0287,720.7609,494.0717,472.2437,657.5851
37.9333,800.7365,1015.5101,587.5625,1020.2432,669.6599,845.8370,862.1258,933.9749,503.1970,433.9382,848.1320,232.4200,646.6319,237.8884,312.6302,282.1275,733.4253,492.7829,465.7354,659.4983
37.9667,807.7023,1017.3752,576.0779,997.7848,670.2864,841.3899,845.8653,908.7713,515.6641,436.0678,843.9421,230.3704,667.8538,241.3038,325.2785,295.5837,715.3727,476.8878,467.5361,636.4496
38.0000,810.0130,1020.7299,566.9692,1015.1080,669.9388,814.2414,830.9925,923.6187,502.0770,459.0928,833.0874,230.7492,637.5234,234.3239,322.8126,278.7516,683.3883,495.7143,450.7235,668.3721
38.0333,799.8484,981.0852,566.3794,979.1714,647.4790,808.2953,838.0955,912.2707,500.1745,444.3410,843.5309,228.1833,651.2019,238.1418,330.1885,296.6987,724.6372,492.2338,463.6430,644.3319
38.0667,813.6185,962.6060,542.1308,961.9065,620.9812,818.0045,790.3290,862.1830,508.0161,438.1286,812.5289,228.8945,631.5754,234.9872,313.8655,283.1673,725.0716,483.0802,464.7402,648.6195
38.1000,833.8405,962.5473,544.8785,949.6589,632.1990,809.5338,789.5314,854.8643,492.2607,445.8266,837.9710,237.9842,656.6273,238.7990,324.3304,294.6079,687.7037,499.0985,480.1371,668.7332
38.1333,800.0137,920.3149,535.5968,943.6800,629.2446,815.6635,793.7612,850.6052,498.7330,434.3175,794.3903,229.6069,647.9315,237.1324,317.9403,293.7669,703.4920,500.8951,455.8855,655.3153
38.1667,806.2823,923.6889,521.0443,925.4342,622.4610,786.4912,790.2811,823.8869,489.7567,428.3843,782.2600,235.5085,669.8743,231.8895,318.4410,284.0313,709.3223,478.5899,465.3773,644.7527
38.2000,828.7921,927.2851,517.9901,909.2408,623.3952,799.6498,782.1787,815.8702,509.1774,440.5845,779.5189,230.3867,644.7123,241.4564,302.6481,298.7263,723.5581,485.7010,459.3284,647.1586
38.2333,789.0467,883.6885,503.2393,915.6292,609.6681,751.4637,786.7988,813.8365,491.5695,444.8560,767.8370,229.2542,638.4825,237.1908,316.8523,298.7938,672.0570,503.5318,473.8891,641.2288
38.2667,786.0102,924.7172,508.6254,909.3192,606.6732,755.9309,773.6938,780.9965,495.3046,441.6032,785.5249,231.9014,644.5774,239.4827,325.5365,295.3250,685.6037,478.3913,457.4012,638.1740
38.3000,794.3612,905.9713,494.5414,880.7615,593.4796,791.5490,748.5817,776.2360,490.2941,439.9700,730.0421,222.3857,643.9493,234.5338,318.2627,293.7235,689.3023,464.8706,460.1838,625.1188
38.3333,804.1163,908.2091,482.4974,873.6838,583.7653,792.9779,761.9360,784.7143,476.4664,430.7583,743.1004,232.5231,630.2253,227.9362,310.2982,301.5239,691.7366,467.1457,452.4041,640.5162
38.3667,820.9461,875.3240,490.8385,874.5043,581.9448,772.6417,724.4763,784.4467,496.2025,429.7786,717.8471,236.8029,657.1596,246.9283,319.8838,293.0534,681.0172,480.7778,465.7552,652.2784
38.4000,778.9487,873.7061,477.5257,858.2883,574.1714,746.5247,705.2196,763.1972,488.8915,427.7651,706.4052,227.2691,642.7239,241.4825,321.3090,286.3241,689.3176,486.3754,467.9522,656.2071
38.4333,795.0369,881.3761,469.6244,872.8576,597.2056,744.0870,712.2376,755.7630,507.4875,446.8438,747.0633,231.3536,650.1677,234.4193,317.9099,293.3966,682.3513,477.3763,460.2440,646.2205
38.4667,787.7663,888.1286,459.3825,831.4406,574.4868,751.8783,727.4741,739.4201,510.3035,431.0830,711.2134,231.7336,651.3876,234.6934,330.1066,283.7269,685.2325,482.2929,463.2304,658.4717
38.5000,779.9641,868.2756,460.3977,829.5778,558.4168,760.6612,719.2541,752.7482,501.0783,433.2198,717.0020,231.4944,642.8442,230.6381,319.5925,292.5706,687.5598,480.8439,464.0888,653.2340
38.5333,785.0414,856.7481,464.0472,863.9058,599.1432,751.1425,708.5228,730.9780,482.4540,425.4743,721.1054,229.5880,648.3343,244.1947,315.2035,310.7804,669.0481,480.1299,467.4465,653.5475
38.5667,818.9672,868.7403,451.6250,840.1314,580.0176,758.6153,737.0328,718.2395,639.8821,451.7819,677.9528,232.4443,652.7875,249.0055,321.8541,305.1028,674.2838,483.8588,433.3769,669.0061
38.6000,808.2917,851.4778,445.3193,821.3265,551.3577,743.9275,701.1915,735.8493,680.2387,421.3456,681.4925,227.6235,658.7622,243.1742,317.3117,303.2850,688.6549,500.4415,433.2517,651.7667
38.6333,809.3085,803.5665,451.0035,813.5101,551.2133,751.8364,682.6776,711.1920,709.0199,433.3962,694.5293,235.5335,648.9770,236.7498,324.2494,292.8812,686.5982,476.9924,463.4547,660.8869
38.6667,817.0325,833.6115,442.6218,828.9504,564.6234,755.9306,705.8776,712.6040,724.7944,436.9022,664.9338,232.5040,665.8441,244.4934,316.1758,303.6082,684.5545,486.3190,454.1732,640.1960
38.7000,814.1360,826.5909,457.6658,823.4734,559.6999,729.7008,684.0134,679.5799,690.1306,416.7172,674.3121,234.4582,638.5482,243.8351,307.5398,297.6887,668.3586,488.8056,468.7739,630.5703
38.7333,814.0708,829.7807,426.5269,837.5371,559.8401,744.9406,668.4875,721.6948,714.6520,434.0152,661.4981,231.6436,652.3413,236.4185,317.7858,302.1776,672.3344,493.3306,461.8385,664.7027
38.7667,838.7662,825.5583,438.3768,804.5080,552.9554,713.7338,670.7794,706.8236,698.1281,452.4948,628.9764,236.2853,833.1256,242.6448,315.0994,295.2529,671.0487,477.0916,484.0856,624.7022
38.8000,818.2650,808.8084,444.5948,795.6826,562.5161,733.0165,674.5564,714.0604,681.5016,421.2874,679.9590,236.0529,901.0489,231.5578,320.0536,295.3242,685.5560,473.8604,447.3183,650.5254
38.8333,761.7898,811.2590,427.8204,793.6929,568.7097,710.3167,673.7891,712.2183,673.0708,425.7455,654.1128,233.5446,948.2068,236.9893,315.5998,297.8185,681.1533,474.3734,451.6983,626.5324
38.8667,816.7488,791.6454,416.2799,795.0753,544.0590,725.6695,660.4721,685.3142,638.1448,419.2132,647.5649,224.2378,950.7504,234.2509,309.3627,295.7441,652.0545,498.2722,455.0688,641.5279
38.9000,823.4844,812.9391,422.9610,777.1491,568.9738,705.1577,661.7713,668.5429,653.1482,421.5932,655.3402,233.4407,953.6221,243.4222,318.3974,294.9304,668.3207,496.1543,455.2317,664.7371
38.9333,815.7051,799.8293,415.0177,812.9329,535.8684,714.1603,640.2658,675.7085,644.7220,437.8213,648.6671,230.2696,922.2093,239.4096,328.6031,298.3884,662.8263,488.4718,454.8192,655.3256
38.9667,797.4858,795.2966,416.4780,792.4236,528.3797,724.5280,638.6516,684.6648,628.5232,423.4893,639.9058,229.5936,907.4544,243.7755,316.1490,295.3257,673.0998,485.8777,465.4191,634.2755
39.0000,790.3911,813.4578,420.9294,758.7410,537.4012,710.2981,665.5700,668.3357,627.2700,426.0495,652.5882,230.2818,902.6233,236.1626,319.2190,289.0618,668.7253,459.2765,450.9770,644.5140
39.0333,808.4142,799.6353,410.5889,803.5939,543.9738,732.6974,643.4280,668.4752,620.5031,425.1894,661.7301,228.6558,866.2408,236.7763,317.6994,293.2716,681.2833,466.2102,460.7709,644.6007
39.0667,819.0662,800.3773,425.8847,774.7726,548.6394,728.0892,660.1589,678.0095,620.2714,432.3761,626.4846,229.8404,867.7195,236.3097,319.0781,296.6386,667.6104,499.2065,454.3972,632.3990
39.1000,822.3374,785.3296,421.8580,765.3183,534.1458,714.1468,652.2778,683.4135,610.8864,424.6973,615.1908,242.7839,884.6566,230.8648,308.9635,295.2656,683.7509,479.2178,470.0655,640.8838
39.1333,777.1370,778.3895,419.4203,770.2237,539.5868,709.6182,639.3003,670.1036,611.5839,423.6788,634.6642,229.6515,847.7635,235.8159,314.8962,298.8048,663.9462,484.8117,454.3370,639.5289
39.1667,813.5761,784.5541,407.8967,764.4908,559.6289,716.1389,639.9182,643.8547,591.4572,431.6755,606.5685,234.0574,856.6816,243.1240,322.7895,279.1147,662.1913,478.4316,443.8638,648.5912
39.2000,829.4236,784.9265,404.0396,782.0791,533.0120,707.9473,623.1725,658.7654,577.8145,429.7843,625.4346,226.5298,818.7959,237.7397,308.5217,306.5866,667.3558,475.0630,464.9123,643.4427
39.2333,820.9848,780.3644,402.2521,767.9212,533.2632,702.1881,653.6180,656.4157,588.3394,409.1138,618.0677,227.8203,837.7073,238.7979,303.2194,283.6080,637.8216,490.6889,477.6694,644.8251
39.2667,850.7586,780.3369,404.0167,761.1904,525.3864,700.3032,642.5940,661.0962,568.1752,442.7664,613.3501,228.5258,816.0137,238.5969,313.1876,294.9253,663.3770,466.4217,457.9658,635.8719
39.3000,796.6435,783.0625,409.9440,811.2904,526.6372,687.6756,637.4541,657.4275,573.6385,444.4717,615.5826,232.0704,825.9940,234.5223,317.6617,297.8706,678.7742,486.4350,461.8564,853.4292
39.3333,788.1292,790.2255,409.5715,766.7021,546.1037,701.8937,624.1881,641.2771,572.8608,425.6723,599.7364,228.7401,798.1885,242.4474,310.0136,305.5795,681.8601,493.5965,466.9716,877.6061
39.3667,823.2060,757.2447,415.8521,770.3685,532.2218,716.7760,637.3453,664.9605,596.3370,431.7543,590.3933,234.4671,813.9486,240.9973,309.7273,294.7439,654.9360,479.1079,490.3302,939.1915
39.4000,833.6687,758.2721,390.0217,750.2442,523.8186,718.3811,646.9839,620.5588,564.2989,428.7799,619.2349,224.4193,800.2651,245.0801,320.4024,289.5871,676.0294,474.5279,479.3446,932.4958
39.4333,791.7387,727.7725,414.2813,763.8914,509.4244,704.9088,640.0589,671.2048,545.5514,440.1103,602.8466,234.5544,789.3279,237.6754,310.9086,291.0344,689.7648,484.0672,460.8011,925.9488
39.4667,809.4751,770.2406,411.1563,770.4321,508.0963,707.7153,645.4694,659.1299,545.6040,418.4782,615.9346,227.5520,748.7203,229.4348,317.2926,297.2058,667.1884,469.0703,464.6415,934.8286
39.5000,812.7447,749.7077,396.7955,742.5423,521.9421,689.3165,638.5441,672.5120,563.0431,418.4297,624.1115,231.9136,754.2721,231.5663,311.5304,295.7484,662.3448,495.5393,454.0050,902.0013
39.5333,815.8547,738.4216,400.5835,760.5009,502.7896,685.6081,631.0647,650.6646,560.1310,428.9224,626.4546,232.0327,761.4917,238.4749,315.1975,291.5576,655.5680,462.5638,458.1184,882.2313
39.5667,829.9142,762.8628,404.4221,750.8468,540.3462,691.7577,625.9781,665.8146,556.2006,425.2157,632.0181,232.4463,751.8116,242.3856,306.5332,288.2563,668.8714,489.2736,469.3523,893.7389
39.6000,848.1716,750.2382,400.9404,726.2127,532.7677,664.2291,608.5564,647.9295,543.7791,432.2514,603.6605,229.6764,756.7110,237.0511,318.1213,290.6532,637.4700,487.7824,468.5728,883.0940
39.6333,799.5399,777.6760,402.0024,763.2370,537.9985,685.4286,615.7054,653.4220,553.6756,416.1126,600.9390,232.6467,719.7125,241.5237,307.6860,296.5299,673.9552,461.8211,432.1539,857.4044
39.6667,803.9742,780.7276,409.6598,738.5141,533.1445,710.0539,633.2129,622.6182,537.1842,436.1418,602.0689,233.6068,745.4186,236.7402,310.2301,290.8044,685.6056,487.5263,466.8638,851.0575
39.7000,784.2130,770.8842,395.2707,741.2962,532.9918,725.6703,635.0659,621.7467,546.1643,425.2315,583.7987,246.4144,722.7901,247.5560,326.3494,293.4111,666.2941,486.3303,465.8192,814.1150
39.7333,822.2697,754.6945,395.8461,782.5541,516.6194,678.9833,617.9617,635.3647,545.1410,431.3619,596.3582,234.0740,722.4467,234.2616,309.0252,304.8096,668.5677,497.6366,460.5888,826.0073
39.7667,790.6063,739.7491,376.5872,772.0223,504.0179,717.8538,620.5674,639.7073,522.8479,428.8839,601.2562,227.7464,730.0468,229.9155,315.2374,313.0526,639.4948,470.0722,471.6256,821.3307
39.8000,811.5653,746.2010,393.1342,753.3001,522.5105,698.2220,627.5753,631.9190,542.7530,414.8230,605.9641,233.4110,727.9150,239.6976,322.6555,305.8538,668.7383,486.9419,458.0052,819.3970
39.8333,817.2470,744.5184,386.6608,750.1669,502.4734,698.3689,624.9568,650.9315,532.6326,426.4147,592.7283,234.5157,698.7643,240.4805,301.6147,309.6646,644.1560,490.6948,463.1334,805.9460
39.8667,831.7758,752.1501,374.2249,741.2223,528.1134,680.2474,617.4475,627.5235,530.5086,426.5733,579.7957,231.6388,701.7550,234.0202,322.2930,292.0936,667.1182,469.5192,458.2016,821.3657
39.9000,808.8265,752.6664,405.7899,731.3307,522.2328,684.9597,617.2914,654.9306,531.5666,413.9832,590.5654,228.3437,697.7167,247.0915,322.6778,294.7926,674.1793,492.4532,450.4331,802.1070
39.9333,801.6633,782.1749,398.1684,741.9841,517.0919,683.6582,627.5398,634.1401,522.6182,423.9222,593.1983,232.9319,685.8086,232.6429,318.3805,289.5961,667.1778,455.3567,461.9591,781.7118
39.9667,799.2002,768.3505,382.1191,765.2212,526.4721,698.1099,625.7409,619.1984,531.7748,420.7557,577.0354,226.9709,695.5135,233.9067,311.1114,293.6763,685.0620,465.4102,465.7903,763.6588
40.0000,826.2552,783.1202,387.5503,745.2397,509.3852,716.1303,618.4922,624.8580,533.4394,433.3028,598.4887,240.3931,702.2208,241.4845,308.3719,298.3248,659.0292,496.0261,450.7795,767.1379
40.0333,804.2551,758.7160,396.5903,733.4111,512.0412,685.6634,632.7734,642.7435,532.9732,431.3178,587.0463,223.0663,698.1538,236.5980,311.6830,296.6854,661.8165,480.5053,472.2566,729.8292
40.0667,811.0009,742.1513,483.7045,764.3039,513.3275,694.9242,587.6897,641.6153,514.6501,432.3998,604.1161,239.7553,683.8327,238.8100,318.4381,306.0102,656.0792,469.2966,447.4381,745.2065
40.1000,822.7878,737.6248,534.7212,721.9375,497.9971,699.9958,632.5214,649.5402,518.1876,421.2793,590.4570,232.9227,688.5867,243.4911,321.2199,299.1091,632.8352,463.7935,464.7349,724.1628
40.1333,831.7750,746.4203,559.6498,743.1355,533.3278,693.2805,599.4541,631.7991,522.1976,415.2277,581.4698,234.9014,666.3468,236.0299,311.4851,304.5584,665.9376,486.0363,464.5533,712.3195
40.1667,829.4952,752.5358,559.3195,719.9660,521.1584,701.6583,615.1396,639.7992,514.0435,424.7412,596.9194,230.2716,684.2591,235.4329,308.9374,292.4847,648.4660,482.3941,456.9608,733.4757
40.2000,786.9728,763.5972,557.4427,745.5459,492.7457,676.1926,605.2898,615.5033,515.1258,427.7646,572.3944,226.7180,691.6465,239.6417,319.1751,291.8330,657.5993,469.9045,453.6191,707.4305
40.2333,792.3286,738.4778,543.1351,722.0164,499.9971,675.9656,607.6335,647.7183,504.0121,435.9380,585.3636,231.2752,678.2678,238.9756,315.6783,289.2347,672.3159,463.0471,469.2598,701.6882
40.2667,816.4605,741.3465,559.8082,737.5515,516.9683,681.2987,597.2177,611.6329,516.9694,425.0686,596.8601,227.8389,678.8261,237.3749,316.7787,298.2752,668.3628,481.9450,483.7505,723.2701
40.3000,820.1434,749.6156,526.0800,737.3330,514.3346,876.3747,603.8024,607.2846,524.8514,444.4960,580.5570,231.3239,684.9826,235.2414,304.6559,299.0631,637.8060,497.0383,455.4774,710.4469
40.3333,815.2283,766.1828,515.4190,725.5868,514.8555,981.0191,601.3130,627.6801,515.6974,429.2618,608.6411,236.9268,696.7585,242.0763,313.4245,291.2991,694.8198,467.3819,469.9916,723.7380
40.3667,832.4275,740.5773,522.2219,718.6213,526.7110,1004.1927,620.9873,611.4343,518.2455,427.2527,575.7346,235.3308,695.9716,234.8050,321.4945,295.0843,660.6173,498.1606,450.4772,720.5868
40.4000,836.3912,754.3745,521.5567,761.2253,511.6074,1034.1135,592.9216,639.3098,511.4844,439.2247,596.3171,236.2280,665.2343,235.6561,311.1883,301.9612,679.3214,473.2789,466.3267,719.5005
40.4333,809.6376,730.9927,493.9328,703.7949,511.5514,1002.9309,620.2339,634.8451,519.3675,421.8802,607.6553,237.1766,662.2727,239.2584,318.3104,293.6504,646.8322,473.6018,455.6965,681.0034
40.4667,813.9561,752.8580,493.3580,729.7407,509.5750,968.0988,602.7842,637.0870,510.9735,415.7556,597.8932,233.8042,671.8978,229.6850,298.9833,307.0747,663.6906,475.8150,450.3813,708.0737
40.5000,829.1118,754.0012,494.6720,728.6920,510.2473,958.8768,608.9291,625.3259,518.7975,422.1745,593.8979,240.2981,666.1853,243.5547,323.7626,290.3357,666.9012,490.1007,457.6412,718.3376
40.5333,825.5456,755.3172,495.2321,744.0935,509.4669,949.2417,621.7583,621.0092,505.4684,419.8701,581.6672,227.2654,664.4834,233.7377,315.3942,300.4409,696.2966,468.0870,469.4875,686.0765
40.5667,794.5216,766.0991,481.7405,750.8926,526.4311,921.7218,631.1947,622.7516,511.5339,512.3002,571.6569,228.6640,669.5154,237.1386,322.0238,294.8247,662.3709,469.6065,469.4134,704.5720
40.6000,789.7592,746.1265,480.2983,735.2998,502.8350,933.4155,603.9507,621.6083,519.0510,609.3546,579.8702,242.7310,676.6152,247.4468,309.2483,295.6852,634.1178,474.0671,466.7127,715.6081
40.6333,782.0321,756.5536,457.3885,728.6506,509.1680,922.9363,585.4519,627.0296,510.2122,615.6658,584.4966,219.8638,659.4694,232.7710,308.3636,307.2627,652.6594,470.5951,457.8496,684.2011
40.6667,811.1467,734.0180,454.5627,713.8039,523.9368,900.0119,622.0937,617.9079,493.3820,631.9217,591.3384,228.3761,665.7960,236.1189,316.2580,302.9390,666.1708,490.1985,451.3093,687.1615
40.7000,801.6129,729.7611,455.1651,726.0601,520.3815,907.7971,604.1992,643.5932,491.5634,613.9821,562.5954,229.5379,666.3432,244.4296,313.6629,301.3153,657.7546,479.5709,455.6857,681.4600
40.7333,800.1921,746.1598,455.4651,750.2892,533.2277,870.8312,624.5246,626.4616,485.0621,616.2751,583.8774,230.3075,669.5785,241.9592,311.8090,294.9586,648.0528,478.3715,466.0720,682.2001
40.7667,786.0440,743.2398,449.6492,738.5965,511.1137,860.0265,624.5482,635.7639,515.3434,598.6527,591.7022,234.5495,698.9185,239.0224,314.7030,298.2453,645.6692,480.0803,457.9087,683.8310
40.8000,810.6746,771.6364,451.7964,749.7864,502.2931,867.8054,621.1430,620.2089,506.4922,597.0328,619.3779,233.4211,679.9012,237.8259,321.6356,311.4649,668.3157,471.9147,469.6763,673.3236
40.8333,786.6135,757.0740,442.4549,730.6199,509.3763,856.0186,616.6825,627.0109,505.7470,582.7407,603.4404,234.5926,664.4828,236.6032,318.4765,293.0372,653.2996,476.9139,456.1340,652.2835
40.8667,792.3116,767.2926,435.4918,743.6612,518.6241,861.9612,604.4784,624.7779,475.0976,582.8707,584.9524,232.1219,654.9628,236.3101,305.5178,307.1987,832.8026,489.1580,445.0470,663.2193
40.9000,805.8154,752.6270,444.4062,758.1423,515.1276,856.1538,606.0168,585.3553,506.3974,570.5979,572.6745,230.9870,675.2128,241.8276,308.8542,298.6847,913.8727,489.9060,460.1303,670.6266
40.9333,819.4406,759.1334,447.6255,722.8694,505.6290,843.8741,614.5266,613.5099,520.6925,563.5166,593.8273,227.7547,655.8537,241.4016,307.4614,304.9339,926.7061,487.3914,463.8000,674.6527
40.9667,812.3745,742.9308,435.8804,766.2174,497.9826,817.5023,579.4468,601.0787,514.4640,544.7068,599.0525,235.5870,641.1792,241.4421,315.7958,295.4781,946.4829,473.6857,447.7088,662.1054
41.0000,823.2221,756.7323,426.9515,750.8411,526.4893,803.8329,621.3371,609.1939,504.9323,544.8928,585.6145,240.0706,660.1463,249.7846,309.6310,299.0139,948.1979,485.0981,449.2195,669.8886
41.0333,810.8557,739.4013,423.4970,739.3506,533.7592,792.5072,602.8042,622.4664,500.1684,526.4771,602.3286,238.7581,651.6298,246.5807,309.7203,291.1731,937.5064,484.3041,471.4759,680.3197
41.0667,805.0510,739.7586,425.1589,752.6859,497.8791,795.1205,618.7890,651.0305,518.4968,530.6230,580.4214,236.9285,676.0449,239.8375,309.4481,290.8739,911.9930,485.9795,464.1134,667.6917
41.1000,806.7033,712.8898,427.3303,737.5503,517.3932,788.9995,596.9335,630.8262,500.0729,504.4740,558.2681,233.3582,670.3159,244.3975,307.8156,293.1482,917.3463,473.7405,475.4707,643.4298
41.1333,797.3550,752.5012,413.6287,754.7607,510.6487,798.8503,600.5838,606.6665,505.3591,520.9100,590.8922,237.7919,658.9184,233.7056,312.8200,301.8875,914.1965,478.3877,469.3611,648.2394
41.1667,812.6658,759.9983,417.1670,762.0603,509.6958,798.6265,602.6467,629.2811,505.3234,512.1357,573.6906,229.6559,664.2164,238.7672,312.6099,299.3297,915.0092,485.7323,449.7872,658.8773
41.2000,831.5902,756.6924,418.9275,738.8180,507.3765,767.0252,607.1022,626.8646,511.3707,513.6313,605.8443,229.1588,669.0612,246.3443,308.4651,300.2684,885.6969,468.2297,455.5887,646.1059
41.2333,824.3900,750.7852,416.9718,730.2321,499.6781,782.3024,627.8585,622.0090,508.3979,516.6554,583.2741,243.3923,647.3476,232.4856,314.6442,295.8320,853.2743,488.8789,458.6262,666.6072
41.2667,824.1614,740.5532,410.8467,739.2836,512.7131,766.0592,600.1683,621.4989,508.7222,501.1068,585.2824,231.7111,653.9417,242.1995,314.0052,297.3661,822.4134,499.8060,457.5470,647.5091
41.3000,818.5885,713.1651,414.9536,713.7863,515.6749,774.2895,632.9687,616.2533,503.3169,503.9506,592.2468,232.0979,652.7087,242.3986,312.1732,302.7170,838.1577,501.5523,464.0342,664.6742
41.3333,816.2466,730.0203,409.6662,756.8527,510.5095,749.7056,637.6163,645.6686,505.8469,476.3867,591.1161,240.9622,660.8791,236.3489,312.2986,300.9908,822.8253,476.4042,459.0482,655.3139
41.3667,814.2056,745.0379,400.9809,750.0903,519.5436,757.5425,601.1606,632.3720,500.0048,505.9065,591.1327,235.7609,660.8582,235.9676,312.1611,299.3476,812.2118,490.8966,462.5636,651.4664
41.4000,795.1018,757.0792,411.8880,719.2015,525.1242,778.9888,617.6325,608.7223,503.3482,485.1907,557.3018,233.5535,660.1277,234.8670,305.1814,306.1605,808.3116,485.7562,561.7427,657.1810
41.4333,794.4353,764.4798,412.1001,709.3297,514.8059,739.6903,600.0073,645.1449,495.5696,478.5659,592.4314,240.7587,671.6277,231.0490,310.0915,305.2011,818.4951,492.0299,653.8498,643.3823
41.4667,797.3329,763.4188,411.8995,748.1150,518.9417,733.2141,606.4553,619.0958,500.6213,481.4804,593.9743,229.4722,641.7449,239.0838,307.6436,291.3258,795.6964,471.6363,662.3430,656.7764
41.5000,828.0140,737.3780,411.7374,732.3740,522.3092,745.8041,594.9838,618.3315,494.2403,463.4713,581.1593,237.3479,639.9210,235.1877,313.4970,286.3392,789.9937,478.3322,672.1876,670.7932
41.5333,802.6374,743.8810,406.4702,748.9958,505.0236,736.1595,612.4603,615.3552,485.4580,473.2843,583.9006,236.0897,657.6703,229.5499,311.9554,290.7458,787.3528,486.7693,657.8525,640.1312
41.5667,823.2137,728.2962,398.6955,913.7593,506.7679,745.8152,614.5176,637.1637,506.9644,480.3195,576.6650,243.3877,666.1074,236.2684,308.1451,301.1208,776.4968,484.2641,637.8638,642.9507
41.6000,794.4722,720.1112,401.2030,1026.8199,512.1954,740.5126,612.4491,620.9997,483.8797,468.8010,577.2048,237.3684,673.6093,240.4450,310.9816,297.9702,761.9885,476.3894,645.2302,634.0552
41.6333,808.6241,734.5358,401.6906,1064.2163,511.3635,736.0541,616.1398,614.8471,495.8981,478.7646,579.7399,233.5688,659.2388,240.9289,315.7991,296.3926,772.2868,514.2186,643.7580,645.4774
41.6667,797.3131,735.3622,398.5422,1265.7580,508.0569,705.3197,603.3759,657.6604,516.5156,468.1263,576.9341,236.5063,656.9301,237.2075,320.9000,302.6345,766.5520,482.3880,620.1523,625.1513
41.7000,824.4003,733.8528,404.0379,1361.1576,504.7895,726.8589,593.7871,618.6384,504.8474,469.5415,577.8075,230.1440,679.1767,233.1229,316.3729,296.4840,755.9241,486.3507,622.9736,628.4055
41.7333,845.2009,758.4133,389.4212,1363.7121,502.7815,744.8411,616.0265,604.9679,508.4491,457.9106,607.2436,227.5796,651.4746,236.7384,308.1105,301.1023,922.3753,484.6596,624.2526,662.8742
41.7667,793.3041,768.4032,402.7055,1373.3327,495.9650,737.5568,593.8649,646.3662,486.5661,457.3363,596.8281,232.5749,646.8133,243.0959,308.9881,291.8077,1007.9523,496.8420,602.6186,653.2917
41.8000,818.1782,735.1643,396.7404,1311.0197,514.4584,721.2627,608.5559,634.8389,496.7343,452.8911,590.1110,240.2882,636.1237,233.6292,304.0428,309.3945,1021.8234,481.2078,592.6926,637.1382
41.8333,800.1348,771.3761,393.9466,1301.7839,515.9208,751.1385,622.0810,623.6329,491.7478,458.9894,581.7180,226.7721,638.6051,237.3833,308.2087,300.8040,1021.1754,487.8526,590.1182,638.4493
41.8667,825.1282,722.1723,390.8532,1295.2428,526.6109,710.7466,622.4843,640.1097,497.7532,463.1504,587.6269,229.9537,657.5282,241.9497,305.7959,294.0997,1026.5994,477.3452,573.9756,646.8280
41.9000,840.8548,753.0066,383.6685,1254.4923,524.6036,704.6839,617.2365,642.4158,492.3503,447.2375,588.6964,240.7630,652.0311,233.7504,305.9075,301.3873,989.3317,488.6338,561.8364,647.7167
41.9333,805.3034,755.3124,389.8001,1220.3560,511.3717,700.9886,621.1392,626.0206,504.6847,442.1131,607.9226,225.2774,665.9054,230.9385,315.3978,300.1082,983.5905,497.2216,557.0201,640.2713
41.9667,830.1356,726.5671,393.3625,1221.3504,521.7138,705.3878,589.3290,630.4999,499.5879,449.4536,587.7580,231.1692,642.9150,237.4390,315.5059,304.5296,980.8011,491.2106,574.7137,649.3691
42.0000,812.1229,761.1887,399.4616,1205.9979,522.2643,724.8342,616.8174,604.6970,491.9134,441.1696,578.7288,234.9513,670.4763,238.4436,308.2201,306.6824,955.1675,481.8258,541.8937,644.3224
42.0333,802.3223,741.3165,388.0398,1168.2926,516.4904,729.4457,611.4276,640.1930,511.1012,440.5522,589.2814,239.2838,849.6593,242.6978,302.7524,300.0489,958.5485,496.5158,566.5614,656.4308
42.0667,807.8947,750.6671,406.0026,1131.6583,514.5310,698.2577,614.6297,637.6768,492.5778,425.8338,596.5037,232.7370,931.5488,244.1533,319.7942,311.1054,940.6451,473.4166,545.2183,636.7746
42.1000,833.1897,763.3415,388.2696,1130.7031,519.8951,713.6621,601.7504,625.5685,519.3481,453.3690,580.5643,233.4401,935.0561,235.2076,313.6170,294.3211,924.1441,486.4867,540.1792,658.3070
42.1333,821.3087,756.5828,384.9541,1096.3313,513.1960,717.4649,610.5699,631.7625,498.3659,425.4713,597.8610,228.2192,962.0798,236.2167,325.6898,295.0225,906.0639,491.9683,538.3436,635.1933
42.1667,813.2586,740.2430,383.5474,1055.6698,490.9156,692.9616,598.2911,610.4081,496.6576,427.6734,602.0991,232.4843,955.3846,237.4856,320.8106,298.7527,880.8864,479.8480,536.1094,629.7850
42.2000,811.8584,745.9763,380.6363,1052.6122,521.0526,689.0416,597.3444,639.4689,515.0226,449.0732,573.9281,231.0048,910.8210,235.9691,301.1599,296.6894,1067.3395,509.2645,538.7625,642.2801
42.2333,804.6242,772.0257,389.9002,1051.1506,492.0319,702.7642,591.3853,616.6866,493.6830,448.1816,580.7012,233.8721,934.0176,233.6494,317.9304,292.8691,1133.2123,478.1211,517.8652,653.3123
42.2667,825.3718,721.6660,387.7515,1025.4262,511.7716,702.0967,601.1477,642.9352,510.4165,428.6314,586.8483,235.4335,894.1433,236.1746,304.8395,301.3261,1152.1385,488.1734,521.7005,632.0405
42.3000,849.8853,760.5026,394.9351,998.0648,501.6543,714.1956,595.6823,621.1350,495.9526,431.8206,573.3535,232.0588,893.0787,241.8522,315.7615,300.9684,1143.4810,472.6251,518.0541,650.0029
42.3333,812.2298,760.6735,390.1300,1005.9357,502.3596,697.7038,592.8817,624.6640,499.5531,436.2606,585.6586,238.4142,859.2806,235.5116,318.5278,295.2970,1117.2648,484.9875,524.5141,633.8261
42.3667,798.1264,774.1253,389.7932,993.3588,512.3119,711.2520,618.7775,639.7794,481.4731,461.3478,572.8998,236.4807,864.8910,233.9083,307.9736,300.5088,1129.0429,495.7032,535.3298,644.0550
42.4000,821.3133,766.1873,387.4341,981.7299,499.3384,683.5491,615.0332,623.8188,513.4836,562.8197,583.1804,242.3725,871.9952,245.5420,303.2624,304.1162,1093.0635,472.8141,516.2080,626.8293
42.4333,823.8794,724.5086,385.0372,961.6727,518.9365,697.4869,595.9074,638.2035,500.4337,613.2476,583.6186,235.4492,830.4219,243.7288,314.5455,310.3559,1083.6037,489.1903,496.6928,630.2857
42.4667,832.8264,755.4362,399.8245,940.6145,504.1129,706.2213,613.0195,627.8343,521.9621,617.1429,573.8556,233.9018,831.1383,237.9339,309.0284,299.5698,1034.3041,475.4742,504.2448,650.0375
42.5000,795.5708,752.0485,391.0256,949.0783,506.6120,683.4796,599.7682,636.1745,487.0852,633.5992,592.4511,232.6246,832.4298,234.8903,309.6185,294.1730,1022.9350,475.0542,502.4429,651.8862
42.5333,820.1609,759.0679,384.9128,939.5416,499.9231,670.9781,607.6600,621.9399,496.3007,628.5197,581.3083,229.4496,804.4841,237.1139,304.1157,300.3704,993.8099,489.5490,495.0674,641.5333
42.5667,801.5642,773.2797,389.0964,906.5321,520.4045,686.0510,612.7487,616.0946,485.5736,606.3456,590.1316,233.8721,799.8265,241.0401,311.0415,291.7452,987.1450,486.5848,492.4871,644.8364
42.6000,837.9655,751.8763,379.4221,884.6270,525.7035,700.0342,610.6549,617.0676,488.8193,612.8724,573.6036,233.4758,813.9630,242.1027,318.0576,307.9022,968.0729,478.4851,509.7487,630.9514
42.6333,827.9012,743.8914,393.7859,889.4451,518.9598,701.6356,598.2933,634.9584,510.9625,612.3104,567.8681,245.9893,805.8211,239.2299,310.9703,303.2748,937.4062,481.1272,497.1743,662.3430
42.6667,812.5171,743.6665,372.9547,884.5819,520.9628,695.6205,619.2186,614.4569,494.8282,588.0125,595.7509,233.5601,776.0880,242.9915,308.1913,296.9569,951.5363,478.2375,491.5075,632.9686
42.7000,795.8162,762.5020,391.2654,869.8148,508.1773,716.5324,607.8018,639.6911,498.8709,570.6755,594.2505,234.1452,775.8910,235.4072,298.5666,299.3361,913.2002,471.3255,489.7874,614.9883
42.7333,846.8692,731.4493,384.1285,880.2100,509.3434,716.2527,602.2154,606.3347,494.7770,561.3105,576.2594,240.4930,768.1910,238.7743,306.1498,300.8467,908.1557,475.3033,486.4386,645.7752
42.7667,813.3882,756.3397,396.8176,855.7824,486.5939,695.2237,583.5087,643.6090,503.4607,564.7408,581.3704,245.7951,772.7193,236.2323,300.7126,292.1998,861.4418,498.8966,489.1140,635.9328
42.8000,830.6699,751.9731,388.3417,847.7127,511.6023,695.3229,598.3826,632.0239,492.8567,561.8488,586.9934,240.3255,759.9474,243.0508,310.1773,298.5551,880.7310,492.3732,491.9236,647.3869
42.8333,784.5951,720.4650,390.9988,839.0649,511.1273,667.6379,615.6857,629.9136,479.8001,534.6693,595.6848,230.8012,759.7528,238.4796,299.2648,297.0167,885.8140,485.3385,497.2894,623.9354
42.8667,818.1643,753.8185,375.8070,843.8916,502.8454,692.8376,613.5202,608.4739,502.9681,534.3035,611.0830,235.2549,760.4611,234.7163,320.5848,309.9385,863.5960,504.1754,490.6945,653.8609
42.9000,828.7425,730.5095,380.3784,834.8523,529.0052,700.2329,620.2518,621.2198,501.3091,528.4957,588.7809,231.3944,733.0248,233.1420,309.7918,304.6176,853.2156,460.0694,485.4636,652.3252
42.9333,780.7652,775.5768,388.6277,808.9557,506.8072,707.4129,593.5718,624.1641,508.1920,527.0623,589.8618,223.3022,735.2711,242.3880,398.7407,309.9678,834.2944,474.3934,484.2353,620.9109
42.9667,820.6489,733.1306,382.1098,848.3349,501.5062,675.8867,608.4068,635.2025,514.7279,524.2890,590.9534,236.0615,729.2188,245.3334,435.4946,304.1416,853.1055,475.0739,479.4805,627.7301
43.0000,837.0022,760.7902,384.5637,812.8188,513.7856,717.5047,619.0484,618.9900,489.9054,522.8140,584.1238,227.9799,722.1953,244.1460,443.5900,298.7867,812.0484,482.5713,475.9201,650.9502
43.0333,792.2336,742.9199,401.0178,818.7565,512.1672,713.8929,602.2500,615.1973,494.1820,510.5740,590.9825,236.2102,720.2073,235.9038,450.0010,302.2251,796.9894,480.3127,461.6416,666.1365
43.0667,814.2219,731.3011,374.8252,815.5150,509.6355,698.3710,611.7633,638.4940,501.0214,494.0530,556.4075,231.2584,722.7389,241.9070,439.2161,301.4173,785.8504,475.6907,477.2055,659.3176
43.1000,810.7049,752.9149,375.7226,821.6751,507.5828,693.0221,593.3321,632.8797,513.3606,504.9962,572.0459,234.8929,725.4081,236.2055,435.4107,290.1984,786.5699,472.2281,485.9621,640.8973
43.1333,806.1742,727.4126,378.3777,791.1778,494.5164,687.0962,601.8829,619.1860,497.3628,490.9500,568.4150,229.6828,725.9581,231.4546,430.3200,295.6244,781.2815,468.1390,491.1332,626.3894
43.1667,806.2800,743.5156,379.4586,1005.0089,529.6529,706.9053,783.4889,609.2106,499.1675,493.5756,609.3062,230.0580,732.7795,238.1244,429.0298,292.0006,821.6963,488.7121,466.9294,630.1806
43.2000,801.8988,767.0423,384.2939,1122.6205,484.6955,703.0503,855.8747,639.6879,501.9178,494.0649,584.2712,226.1639,722.9508,230.2407,431.2360,287.7026,777.9274,476.2472,461.0548,647.4032
43.2333,804.0424,741.4883,378.6132,1112.6607,508.6302,691.7896,885.2843,609.0346,509.6617,495.8004,763.6009,232.9908,704.6451,242.2935,415.9848,293.8904,793.2674,479.4198,468.4445,637.2583
43.2667,815.5805,778.6873,382.9664,1099.3211,493.0745,682.2646,908.2133,638.0925,486.8502,473.3269,812.0133,236.7325,732.4667,242.0821,409.9695,303.6663,780.0680,473.6344,480.5022,644.7730
43.3000,817.9179,761.9246,377.5826,1128.2170,514.1141,684.9127,874.4050,637.2263,509.1742,497.3109,828.2038,233.3305,692.4580,240.0041,407.8575,292.1565,740.0863,492.1900,473.5208,645.8645
43.3333,794.9791,724.3602,380.9837,1097.4126,520.6443,707.8366,862.7867,641.8994,502.3827,473.2839,855.7060,223.0085,689.5842,241.0140,401.0643,291.8733,739.4346,498.6615,471.1315,638.4507
43.3667,806.9763,778.4307,390.0548,1093.0311,503.5063,700.9528,882.9836,639.7186,508.7973,468.0536,836.2861,238.5878,675.3877,245.2794,398.1422,299.8012,762.4547,485.3499,477.7628,652.4065
43.4000,818.4391,771.1746,379.8668,1076.3010,507.0448,698.0859,849.3422,630.4935,506.2693,467.7813,836.2952,240.2416,662.5989,244.5482,392.9381,287.9237,745.0941,472.9660,469.3686,625.0428
43.4333,836.2991,717.8473,375.9018,1043.1671,511.0287,683.3172,822.5288,625.8701,476.8399,487.6837,812.1682,231.0476,698.7909,245.5717,399.2510,291.7304,735.7907,465.7115,467.7245,638.3081
43.4667,836.5421,742.0420,389.0745,1012.1029,507.1205,684.9019,822.5443,625.8286,511.8364,475.8089,811.3056,238.2687,676.2664,244.7794,383.9631,294.1089,719.3281,488.7607,458.0876,616.5393
43.5000,816.5382,773.1318,380.4776,1044.6223,516.7800,695.1974,809.1277,631.1877,511.0017,462.5814,801.5205,233.0036,679.1838,241.9007,371.1993,292.3674,721.6030,488.3154,471.9121,635.9005
43.5333,818.9056,745.1297,384.6226,1016.0410,512.2616,685.4268,802.2769,624.0711,510.7526,461.9702,789.7986,238.0813,696.5190,239.3188,374.2975,305.9204,766.7375,498.4287,465.9787,630.1106
43.5667,794.1362,746.8560,381.5892,980.4871,507.5719,685.5056,788.4991,625.2048,483.8382,476.9438,774.2771,235.9272,707.6236,238.4553,368.5054,291.1801,690.6220,471.1963,482.7121,643.0909
43.6000,818.3804,733.1158,383.9976,981.2413,499.4323,670.4477,777.7077,641.2566,493.1985,476.7891,788.6771,231.7291,685.3970,237.3944,363.8306,289.0030,723.4303,484.9124,471.0827,633.8519
43.6333,786.6077,746.8984,380.2176,975.5774,521.6202,668.8508,774.5030,662.7749,509.5581,460.2726,754.2183,227.9226,680.8211,237.9051,370.8663,300.5128,721.9385,482.8047,478.4232,655.7258
43.6667,811.0147,753.8799,382.0444,956.2495,513.1801,700.5688,768.2215,629.2709,493.5145,457.6847,752.0581,239.2737,670.6375,239.3372,363.4919,305.5876,733.6726,486.3111,458.8323,621.3854
43.7000,796.1117,774.1309,384.2771,948.4350,515.9209,693.7104,912.7632,631.9503,462.2037,460.5342,728.9199,237.0614,697.8751,245.9070,356.4524,307.8118,691.7685,473.3034,474.5617,621.3945
43.7333,805.0313,736.4780,376.8771,941.2271,509.9756,712.0090,972.3405,625.3207,499.5148,452.1427,736.6228,239.0207,680.6113,242.9408,351.7533,302.6854,694.0571,502.9761,466.3987,632.6768
43.7667,819.6283,748.3697,400.6022,923.3931,507.5611,678.4885,1017.3191,630.2633,493.5856,463.7565,728.6982,233.2478,689.5579,238.3174,350.2834,296.2717,697.9477,500.8277,463.9605,646.9960
43.8000,820.7953,771.2400,375.9374,909.9903,508.0786,675.1912,987.0345,617.2626,490.4561,452.5356,721.5883,233.8069,693.9997,241.9308,356.7393,298.0650,720.7647,470.7660,464.4096,640.4865
43.8333,837.8207,754.6169,387.4640,910.5522,525.8104,682.1021,996.0601,624.1131,496.0386,443.4737,711.2631,242.2595,672.1527,233.1238,345.6854,297.8593,693.4564,492.5011,470.9588,605.3860
43.8667,821.1024,727.9417,383.9769,893.5922,507.7659,686.4506,969.8094,648.5203,485.1814,450.4304,718.0916,220.7580,677.3666,233.0589,343.0617,294.5084,704.4262,485.3420,464.0670,665.1595
43.9000,809.3153,758.6425,380.3801,874.1013,510.6297,694.9637,966.5024,625.8304,507.2032,463.0866,707.1655,236.8330,676.7838,241.0944,352.5711,295.0677,710.2852,478.6652,475.3190,641.7805
43.9333,827.9349,752.1610,380.5923,877.2597,513.0046,691.4022,944.6080,630.3813,490.9683,452.9080,726.0125,239.7863,648.3504,237.8335,347.2022,296.3798,696.8987,471.6480,465.7993,665.3151
43.9667,790.6889,721.4997,388.8470,867.8861,503.8803,666.3657,917.2669,641.3948,512.9700,445.3267,669.3097,235.7634,692.2437,236.2299,333.7210,299.4863,706.4971,487.2279,459.1191,641.3805
44.0000,844.7922,766.9148,393.6548,847.2449,528.4718,691.7729,900.9430,625.9038,504.0263,453.0120,686.5027,235.1376,675.8060,243.9863,330.9873,305.7455,675.5412,489.7115,464.9788,628.0826
44.0333,783.2069,726.4138,371.9502,862.8063,489.1241,699.5931,867.9589,612.9048,498.8452,449.8605,677.9901,236.0449,665.7485,250.1661,344.8366,295.1829,692.6325,478.9545,461.0107,643.9073
44.0667,828.4473,764.0031,399.4723,845.3053,514.8945,690.0482,894.0901,633.6438,525.6285,441.7186,659.5156,236.7967,668.9536,238.0046,330.9566,310.5047,689.1994,474.7700,490.1877,645.9833
44.1000,826.5846,749.8484,386.3649,830.1506,511.8185,694.4923,865.9988,622.2381,513.0440,438.0912,679.6824,238.2417,662.4478,238.5690,342.8635,293.3140,704.0454,482.8498,465.5477,653.3380
44.1333,808.4783,756.2248,375.6136,816.2698,505.2603,697.5425,833.0407,637.6867,517.2346,441.5636,655.0174,227.9973,683.4687,240.7180,328.6828,301.5190,714.5390,480.0856,461.7866,652.5376
44.1667,810.7188,728.2319,392.5172,835.3487,498.7990,685.1448,846.1226,634.2573,509.8231,447.3486,668.1261,229.7619,656.9834,239.4149,330.6225,292.1171,679.3979,476.0678,463.4884,633.3602
44.2000,793.9397,735.2176,388.3906,804.2055,519.1547,695.3913,825.3662,621.6758,501.7049,437.9311,650.3075,246.1673,667.6827,242.2008,330.1432,289.1340,676.8748,471.2355,477.4718,621.5556
44.2333,819.7388,747.8448,378.4338,816.5586,512.2358,688.7066,817.1614,629.7154,510.0001,443.6808,642.5244,228.9390,653.5368,238.0331,325.4143,305.8611,669.2717,494.3268,459.7420,620.9057
44.2667,826.7326,737.1238,399.7574,816.4970,507.0402,688.9672,813.7674,617.2736,511.1517,441.6946,651.7090,238.0839,679.7834,242.4937,323.4726,296.1706,708.3204,481.7285,470.2096,642.6701
44.3000,809.3687,729.9405,381.4772,812.5390,510.0449,712.2501,819.1651,610.8372,497.7336,425.2632,662.5627,236.0853,671.2291,237.9929,331.5519,301.5275,701.6672,492.5475,439.7240,616.9873
44.3333,824.9933,739.0878,388.4205,799.4111,523.3016,691.1424,776.5748,612.4001,496.7721,426.9655,620.4730,234.8928,674.5405,236.2438,323.4860,305.0336,671.0317,466.7007,482.7971,637.0026
44.3667,829.1881,732.2649,379.4766,768.6354,505.1787,673.6587,764.0891,619.2835,491.1795,432.3188,634.8267,224.6928,662.5384,244.9427,320.9876,303.1195,682.6265,490.9653,463.7193,631.8777
44.4000,805.8956,747.4825,375.2968,784.4166,504.8656,677.1663,747.1144,636.6273,481.6205,434.7995,650.0180,237.4852,671.1881,238.3471,340.6005,303.3145,692.6716,504.4826,466.1158,631.0672
44.4333,831.9683,733.9343,389.4853,778.6675,516.2129,682.2656,776.6446,646.8484,509.4515,430.3901,623.8101,234.7933,657.2391,234.4281,323.7806,300.6471,677.5691,483.6396,474.9458,640.5082
44.4667,825.6925,698.1589,386.4994,810.5147,503.4861,690.8304,731.9022,625.2879,506.1083,430.2512,642.4252,234.4186,658.6203,236.2456,323.1910,300.3534,684.1632,506.4515,460.1526,664.4591
44.5000,819.5647,771.6416,402.1969,812.4338,499.3450,684.3999,744.0475,638.0143,498.2444,438.1889,614.0261,236.1641,668.1422,244.1480,315.5432,310.5208,673.0598,479.4142,466.1534,641.6915
44.5333,830.7812,745.8843,393.8169,811.0722,512.8390,701.7151,719.4368,619.5362,498.5880,436.2855,594.6130,235.6037,663.6927,235.6479,327.6525,306.7341,683.7016,480.7205,464.3973,648.2626
44.5667,823.5042,754.8521,385.5503,774.0417,500.1061,710.3029,717.4401,632.0234,491.3468,433.3474,614.7940,242.6385,670.9629,238.5827,317.0574,298.4431,676.1742,477.4467,467.9437,645.3774
44.6000,806.9202,715.2295,389.3967,757.7067,507.1856,711.4325,726.8066,636.2398,505.3862,439.9439,625.5772,241.7752,667.9689,251.6187,312.5971,296.0927,666.5903,483.0981,449.8355,630.3114
44.6333,808.2682,728.3929,392.1145,775.3044,512.1583,677.8674,698.7530,650.1799,530.6431,439.0500,617.4848,239.7872,655.4191,239.0219,319.9175,292.0175,698.6692,486.6770,469.9609,656.5026
44.6667,822.2401,745.7022,385.6051,762.3577,507.8570,691.2976,719.0333,656.8295,495.5739,417.7393,616.1630,230.8724,641.1938,232.6139,311.3790,295.6309,674.4850,490.8821,468.7560,649.4621
44.7000,836.4013,778.5512,385.8942,775.3894,509.3088,705.0659,682.4681,619.7971,504.4711,442.8149,611.0568,239.6610,659.3267,242.5537,316.5932,298.0121,677.2439,477.2160,458.5848,654.7660
44.7333,821.6148,751.4396,374.3327,806.4045,505.8831,699.0371,711.8464,654.6381,498.6597,436.9058,636.2636,239.1328,676.1483,243.8498,329.6466,300.7725,685.8678,500.0075,464.5722,634.6249
44.7667,812.4905,738.7194,378.9085,757.9965,505.8791,692.5881,698.3497,623.8124,512.9591,437.5588,629.3784,237.0751,672.8226,233.0185,317.9928,289.9417,680.4159,475.6102,460.8806,631.9176
44.8000,819.5002,748.0105,377.7312,785.0082,523.6686,658.4346,705.8461,622.1879,511.8906,443.4617,608.7358,227.9232,664.1356,231.5217,311.7671,282.1320,672.5341,500.8431,458.4739,643.2103
44.8333,800.0655,723.3906,386.7218,756.7622,538.7498,687.9454,671.9974,633.5863,512.8560,430.0404,619.1619,239.8926,677.7741,235.5266,318.4908,313.9072,662.8337,493.8350,464.6930,635.2308
44.8667,837.2308,728.8421,374.2916,780.2173,495.7672,717.0601,671.2953,626.8827,492.4076,431.6760,612.3308,237.8203,675.2820,241.1992,316.1256,288.2632,664.6599,477.3156,451.5318,633.5569
44.9000,841.5620,757.4630,376.0796,762.1269,516.4490,698.8100,659.9016,611.6076,508.7818,433.9351,605.1835,229.4791,664.9134,240.3093,313.2823,298.6769,689.5032,489.4349,463.2952,639.9008
44.9333,845.6525,746.1147,388.4168,764.3218,508.5164,690.6160,671.4945,637.2353,511.9212,423.0598,595.9821,235.1015,670.1512,245.1546,316.0911,299.9878,683.4058,482.0597,472.4943,638.7886
44.9667,833.2056,748.2093,393.3959,771.4646,512.1801,680.9669,654.3640,624.4982,487.3482,433.4773,596.7661,232.8591,675.2252,246.6293,318.2272,296.8069,650.8387,485.3546,437.5002,652.2779
45.0000,808.2418,763.3610,376.7028,777.4970,495.7065,687.5081,664.0638,619.4708,519.3518,419.3470,597.4653,230.7558,653.5519,241.4137,319.3118,291.2383,669.7523,492.4945,448.1465,666.2279
45.0333,816.9840,748.1491,380.5353,757.6324,514.8444,681.2680,662.6990,616.9135,500.5363,432.5838,606.8398,241.3129,673.6723,242.7278,321.5697,292.4846,662.0072,493.5050,574.6280,653.0353
45.0667,812.7575,721.6581,385.3911,782.3055,505.3164,713.6844,636.1205,629.8390,499.0892,420.9190,636.4431,233.9228,645.3168,244.3275,313.3618,301.4133,692.5596,492.7474,649.8541,652.9305
45.1000,825.9942,769.6328,382.0167,743.5334,516.8379,682.7786,643.7060,629.4374,518.0359,423.1786,599.6954,241.2615,673.4253,233.5601,309.2159,298.1443,651.8002,487.2594,663.7983,669.7321
45.1333,840.6528,755.2797,388.1596,769.7107,515.0804,851.6546,642.4817,631.0011,492.0984,424.8714,608.4918,232.4313,679.9270,240.8244,305.1547,291.3542,670.9719,486.6305,660.3266,639.7614
45.1667,780.0829,1113.4976,387.8400,723.7383,522.9679,943.2088,633.6347,910.4130,505.8465,424.0836,586.9746,235.3384,665.8980,235.4798,305.1400,304.8038,652.7371,492.6488,688.4873,628.9170
45.2000,825.7659,1241.2822,371.4574,1139.5724,516.6809,962.4739,633.6230,1018.1723,504.2650,438.3785,601.7190,233.9320,651.3749,242.0202,317.9117,298.9259,667.4153,481.9040,657.5502,650.1593
45.2333,823.2517,1312.7135,371.2342,1307.6358,518.6215,965.5909,674.5743,1065.0049,490.8666,427.0773,595.4644,243.2654,669.5612,241.4412,311.8373,304.2019,671.5184,492.6379,636.2782,645.5567
45.2667,823.7805,1339.4123,619.1198,1366.5389,820.8563,978.7073,638.9979,1057.6216,502.3196,412.8302,601.6131,231.0730,638.9896,248.7191,316.7342,304.6463,677.4157,473.5245,652.7221,659.3555
45.3000,1406.6461,1295.1143,729.4720,1405.2605,967.6539,970.4662,1118.6309,1054.6045,482.8417,427.0986,602.6416,235.1438,675.1267,238.6233,313.0095,300.1158,651.4921,470.2139,627.2757,653.2524
45.3333,1631.1832,1296.2302,755.5755,1385.0623,1006.7687,960.3741,1309.8299,1015.9343,506.1345,415.4888,607.1459,230.4893,662.7892,243.7935,312.9249,297.2620,681.8205,492.4944,614.3167,645.2847
45.3667,1751.5353,1280.6838,748.7381,1344.7869,1038.1930,948.2235,1405.8161,1030.7297,518.3952,434.2844,588.8497,233.3781,648.6817,239.2146,314.7888,300.0708,648.2008,471.3153,628.0678,642.0462
45.4000,1758.2828,1262.0531,745.0469,1341.4337,1019.1121,937.7867,1436.2048,1006.8103,506.7444,423.9727,585.7716,239.5037,655.0021,244.6691,315.6903,300.8176,645.9840,493.8860,596.2086,651.0405
45.4333,1731.6427,1190.2147,738.7591,1282.1817,996.2635,938.8863,1402.4108,974.4816,506.5408,436.3180,611.8060,232.3348,674.7869,229.7368,313.3934,290.0477,654.8777,493.7141,610.0177,641.4683
45.4667,1701.4210,1167.2398,724.5664,1296.5962,962.6093,927.7245,1365.2790,981.9195,502.2627,441.9445,581.3717,237.2051,663.5492,236.4538,310.3854,298.4999,649.0033,493.4940,595.0929,638.7051
45.5000,1654.2446,1148.0069,706.2525,1234.3683,941.2252,904.6963,1352.3299,957.2076,488.2983,443.6936,593.5417,238.2851,660.6441,237.9325,320.3919,309.1914,653.8865,480.3426,577.2940,622.5991
45.5333,1620.8414,1137.6111,696.7335,1219.2970,915.3595,885.2878,1311.1109,945.8135,500.0949,437.8151,564.1392,235.4757,664.3516,238.5885,311.8567,294.7023,670.0954,490.9864,577.1348,654.0859
45.5667,1587.3360,1114.6110,672.5326,1206.2802,908.9583,895.2181,1253.6811,889.7678,515.9451,421.8156,609.5705,234.3988,643.9529,235.6378,316.9071,301.2111,660.2120,503.1582,562.7810,646.7137
45.6000,1517.6208,1098.4058,646.8667,1166.2414,883.5855,862.2202,1224.0688,889.1851,500.7438,428.4912,608.8779,238.7497,649.6169,241.1847,316.3733,285.8236,694.5607,489.6272,560.1549,613.2302
45.6333,1494.2027,1084.5748,645.9641,1128.9833,862.1798,882.1393,1385.4316,906.2096,493.6344,426.0975,600.2990,232.0237,646.8402,247.1110,297.7002,292.6814,669.2779,473.8228,566.1232,662.3252
45.6667,1455.7960,1047.5653,610.9046,1110.7819,830.8021,862.0767,1398.6740,869.2269,471.7932,430.4012,586.4869,226.3654,673.1644,237.2761,310.8285,299.0626,670.7537,483.0520,564.8436,647.5256
45.7000,1428.0714,1051.0496,603.9691,1099.9845,829.0886,847.3957,1426.8340,839.9664,493.4317,434.3698,613.5891,232.3992,667.0505,244.4786,309.6783,295.3418,679.5535,462.3453,548.8336,658.0658
45.7333,1391.3364,1009.5740,588.3345,1096.5881,814.3839,807.1418,1389.7340,836.3796,522.5061,427.2938,590.4475,242.7257,642.8535,240.2874,317.0064,287.8200,678.0022,484.3710,557.9469,630.7429
45.7667,1336.7861,1008.0357,577.0854,1066.7782,809.7859,814.6872,1342.4611,809.5997,503.9611,440.1173,603.6767,244.8649,670.8628,237.1209,311.1229,296.9914,655.0664,486.2883,540.7371,658.2967
45.8000,1342.8138,974.6227,597.6087,1037.0009,767.2006,803.6768,1319.0316,821.2838,498.4060,427.5993,605.8666,236.8929,650.4623,238.7579,309.4513,290.9371,687.2000,488.4020,535.2741,652.6991
45.8333,1326.5949,1007.9535,567.9199,1003.7256,765.5015,790.1102,1276.2137,803.3845,505.6675,443.8186,592.0155,235.6654,668.9406,235.0864,306.8089,295.6408,670.6950,491.3430,517.4929,628.4632
45.8667,1270.2474,929.8943,543.4490,1002.3931,757.9514,794.8097,1245.9351,782.4354,508.9152,430.7496,616.7311,229.0190,680.1883,233.0088,305.5676,297.3546,681.6576,480.2772,529.3443,662.2349
45.9000,1259.0908,949.0730,555.2138,1018.3827,728.4343,796.2104,1222.7541,780.7852,521.6900,433.5465,590.2227,226.9551,649.0020,245.8488,306.0856,294.8424,661.7680,472.1648,525.7798,652.8498
45.9333,1222.0024,923.2953,536.4650,1019.4640,729.5604,791.2648,1181.5433,787.1479,502.9409,430.4273,603.5798,235.7070,683.1272,235.9001,302.2927,299.9068,654.6584,498.9165,533.7462,653.5263
45.9667,1213.8743,943.5888,529.9989,987.5575,702.9926,791.9117,1142.9912,788.2988,514.3099,421.3791,587.3889,237.0748,651.2816,232.7463,305.3364,305.8567,673.0226,481.3431,526.9973,661.5876
46.0000,1186.2811,934.8558,530.2977,970.3692,721.2497,777.3841,1111.5616,773.3973,505.5814,432.0110,600.6699,240.4965,660.3564,241.6757,314.8251,296.2711,675.7218,496.2544,519.4837,663.7101
46.0333,1187.1683,911.8224,506.8168,953.6640,694.9736,763.7127,1115.6736,767.3535,494.3443,439.4510,745.2201,235.3671,666.0497,236.2835,300.6248,302.7189,664.4363,486.9081,511.7450,652.0529
46.0667,1142.0937,889.1076,505.5806,924.6972,681.8592,774.5364,1061.4826,750.6197,511.7289,417.1501,835.1286,236.6630,664.0559,237.3373,291.3377,303.8717,659.0510,483.9260,518.8018,633.8189
46.1000,1143.3154,874.4739,492.0475,933.8012,679.6468,756.4021,1020.9969,741.5676,505.6636,435.8636,859.3585,238.7000,686.7093,241.5768,298.1136,292.2839,680.6711,482.7123,508.1166,635.7598
46.1333,1104.8512,876.4164,491.6691,915.7916,659.3331,762.3144,1020.1969,741.5269,490.0741,428.1280,865.3747,227.3050,666.3999,239.4139,307.2545,301.8256,663.5892,478.4269,497.8877,647.2274
46.1667,1091.7809,881.3353,489.7531,899.3161,631.6176,738.2902,989.8662,740.8736,517.8254,417.7206,834.7717,230.6632,681.9321,238.1262,301.4581,292.6572,646.5346,502.1096,524.1972,656.9466
46.2000,1086.9894,892.1860,479.7833,911.3403,645.7221,769.1558,960.8328,743.6851,506.6766,427.6530,833.3673,237.0348,668.7262,237.9353,315.2250,296.2173,665.2614,487.1356,490.7252,644.2828
46.2333,1045.0710,873.5737,474.0198,868.9068,639.7145,761.9054,946.0881,727.4466,491.0955,432.5636,844.5068,243.3952,663.9689,239.2280,310.1956,298.7813,659.8334,502.6857,500.2579,656.1814
46.2667,1043.4397,876.9312,468.6974,908.5644,641.0584,737.2113,910.0010,718.4534,504.5790,433.9583,819.2468,245.3008,653.2816,245.6307,303.3643,292.6996,658.4189,492.5369,485.4729,643.5363
46.3000,1057.8924,852.7331,459.9845,858.1362,627.1669,736.8003,919.0559,705.6353,496.8323,424.5644,805.8454,244.5425,652.2841,234.4559,318.0648,296.1382,650.1322,496.7592,503.1309,650.4905
46.3333,1021.7720,845.7964,456.6539,872.4575,609.7443,749.4175,906.8829,707.6113,488.8221,430.3561,791.6066,234.7215,656.0584,237.2872,295.0632,292.8908,690.4329,476.9600,505.7162,631.2056
46.3667,999.8608,847.9420,454.6666,882.0249,598.8883,747.7880,864.0520,700.4957,494.9852,416.5303,797.5571,230.6795,642.4601,241.6783,305.2306,302.7916,656.5993,494.2700,492.1674,647.8291
46.4000,987.6347,841.0773,447.9078,846.7726,602.9013,722.1101,875.3972,699.4502,478.1951,424.1834,764.1191,235.2949,665.8734,238.8336,309.9822,290.8402,664.0671,485.7548,493.1584,640.8063
46.4333,1001.4888,821.5204,445.0855,850.7587,593.2313,730.9107,869.6772,687.3624,507.1924,436.1639,753.0991,246.7041,657.4056,247.6011,312.3868,294.6399,661.6367,490.0261,500.3114,645.9977
46.4667,981.6519,837.3106,440.5664,826.7988,586.8980,751.4444,830.9609,687.3071,508.4574,431.0626,769.0813,234.6179,658.1116,240.0982,303.3640,312.4102,669.8460,476.8509,481.2553,660.2750
46.5000,982.1707,827.5545,446.8543,838.3002,588.4776,725.0913,830.5952,689.6686,512.8287,439.9852,750.8210,236.1384,660.2702,239.1161,319.1835,291.4834,654.6059,487.7006,472.7501,636.3424
46.5333,928.2486,809.2772,441.6825,834.6885,597.5776,715.6235,834.4749,685.6865,510.1483,430.9414,722.2943,240.3773,666.5073,236.9264,300.6319,299.5633,673.1138,485.1431,482.8162,625.2309
46.5667,951.7597,822.8579,428.6169,847.5101,595.2721,715.6613,809.7897,683.2616,499.4002,418.7343,717.7501,243.9005,660.2341,239.1485,303.7969,294.6476,675.7410,491.8878,472.5065,617.3055
46.6000,944.3050,802.4908,437.3363,799.0010,580.6752,729.0137,814.8064,704.5635,523.2107,423.2343,721.3046,231.0262,645.8807,233.5079,309.1900,303.6157,666.0063,474.2968,488.6733,651.9455
46.6333,961.3369,803.9773,435.0743,797.2749,577.6037,718.3438,775.3908,673.3725,501.2653,432.9420,701.6356,243.7575,645.3396,247.1752,313.9489,294.0658,671.9234,496.4006,484.9815,644.8473
46.6667,956.4047,796.5696,425.9134,790.2387,590.4385,701.1446,778.1227,685.7527,518.1464,430.7527,696.7323,237.7114,662.4524,242.2544,311.0267,297.2867,684.5067,476.6416,488.9795,623.4024
46.7000,946.3186,800.7197,427.5421,772.1469,563.0514,731.3881,781.6042,682.5019,502.0944,425.3269,689.1863,239.2804,656.7742,236.8579,303.2732,301.8364,658.7727,483.5883,475.9709,655.9970
46.7333,897.6916,809.4789,411.5846,799.1545,574.5371,716.6808,769.0570,685.7894,486.0915,420.0559,668.0038,239.9311,682.9050,247.7413,304.9817,304.6585,659.8009,496.4794,495.2401,647.6880
46.7667,937.1916,775.0152,406.6591,814.5686,560.8279,699.9383,741.3929,670.2598,513.3843,422.5351,695.5993,235.4643,642.8596,242.9109,310.9589,301.4295,666.7764,502.4887,467.9926,639.7016
46.8000,937.2849,797.6757,415.0694,793.2727,562.4569,695.4615,752.5419,651.3162,503.1693,441.8365,703.2134,226.4776,656.9280,239.5958,304.7958,287.7708,679.7409,499.2434,482.2570,639.4636
46.8333,900.2349,785.1920,420.2488,800.8768,549.8672,692.8471,726.7835,678.9777,496.6525,420.8341,677.5604,242.7501,644.6786,238.8199,304.7121,291.4573,663.1625,496.7491,481.1958,638.3017
46.8667,912.3783,775.6435,422.2943,777.3040,543.8364,916.6143,735.8972,674.1202,500.2975,425.8078,702.2889,238.0269,677.1659,236.5631,308.5466,300.0860,656.5395,477.9208,471.9808,621.2578
46.9000,910.0180,765.9145,413.2938,797.8222,549.7775,966.4362,713.6080,706.7238,486.0140,442.2236,659.4132,235.9700,675.4338,242.1687,314.9017,303.3824,669.6981,486.4999,480.8785,627.9619
46.9333,892.2342,791.4471,403.1768,788.6753,532.5416,1021.5796,728.0698,671.0795,505.7850,424.4817,681.6242,242.0693,661.5526,245.6863,313.7804,301.9716,668.6854,478.7158,485.0805,644.0059
46.9667,896.6996,774.4421,396.8203,790.8997,550.9948,1018.5769,700.6056,679.5199,504.2343,434.0674,655.6903,239.5499,646.6376,235.5231,305.6555,302.6594,673.5026,503.1524,599.3428,660.1686
47.0000,877.8292,781.4055,409.3734,788.0346,545.9433,1002.4518,717.6445,643.7659,498.8995,444.8362,644.4831,232.6628,675.9152,242.7805,308.6494,291.5142,663.8736,493.4900,659.3081,652.2508
47.0333,889.4398,780.5581,402.6224,777.6590,543.3565,987.6771,696.5482,641.6069,517.5269,419.9835,653.6998,242.8412,653.9985,247.2019,311.4039,287.8450,657.9077,503.9351,668.6154,660.0530
47.0667,881.3370,796.4940,405.9628,760.8042,523.3108,982.8419,706.0169,676.3716,487.4046,424.0458,671.8745,235.4976,653.6131,240.9603,302.5455,294.8711,681.7263,491.5864,668.7411,636.6289
47.1000,884.3108,794.1746,401.8352,754.7345,551.5566,963.5665,679.0199,662.6174,523.7694,419.6968,640.9451,233.4560,658.5631,242.3325,315.2378,294.1443,660.2193,484.9750,660.9843,618.6893
47.1333,907.0820,784.3380,396.1094,776.0957,539.9757,936.3111,694.3968,659.0959,511.9266,436.4794,629.6161,243.9080,670.5299,235.0019,318.0426,293.5037,699.3575,501.7254,674.6284,644.5556
47.1667,857.1204,783.6360,383.9987,748.7710,530.4970,922.7905,683.3559,643.1082,507.8801,423.2816,625.0327,230.7328,654.3520,246.6585,318.5738,292.2256,675.0549,486.4586,651.4314,627.8996
47.2000,890.0292,800.4802,488.7530,763.3735,531.8062,931.2625,647.6687,640.0699,497.4591,429.5372,669.1953,243.8893,673.9190,225.7799,313.6042,294.4836,646.9245,505.4502,649.6654,788.9725
47.2333,870.0097,773.0068,543.5396,796.4778,541.5656,894.4843,650.0363,641.2866,497.7043,426.4307,641.8334,236.8603,655.1608,232.4212,295.8357,296.1418,650.3812,478.9716,632.8732,915.9332
47.2667,866.2279,775.7655,553.4960,793.1167,528.4929,910.8312,676.1767,645.8654,500.7258,429.9131,627.3199,236.8322,646.0571,239.0714,305.7191,295.0932,658.8025,479.7236,632.5036,918.0679
47.3000,829.8979,773.2062,561.2468,775.3521,552.9237,877.1647,655.6497,646.3402,507.8537,428.1182,646.7646,235.8323,668.6755,250.0280,316.2831,296.2115,668.5304,479.1448,636.6198,928.7789
47.3333,876.8947,754.1226,561.0389,759.5269,525.4637,872.9722,665.6946,631.1429,497.9912,445.5832,639.3119,230.4418,661.7789,244.0948,298.9501,293.0735,669.7104,494.7192,631.9587,921.8398
47.3667,840.7627,763.3934,556.0445,746.4348,513.4300,871.3521,656.9485,642.7081,496.8677,436.7987,623.8679,237.9730,652.2426,241.6928,311.1850,293.9417,672.6829,475.4758,598.7563,931.6201
47.4000,842.1727,763.5386,531.5546,773.0064,522.6657,1061.1390,642.1690,645.4735,524.5298,434.0864,608.8882,230.5267,640.8939,247.2009,302.5413,296.7178,666.3508,477.0238,602.2595,882.3916
47.4333,851.0008,763.3894,533.2912,746.7192,522.6549,1128.3362,682.2492,653.6646,512.7219,437.7866,635.8386,242.6176,664.5144,254.2288,304.8024,303.5670,681.6560,489.7111,591.5082,896.5914
47.4667,848.3369,762.4862,528.0513,765.2136,513.6342,1128.5806,662.1654,649.5513,515.2526,411.7373,635.2111,224.4249,646.8420,242.0623,317.0784,300.1461,655.0695,490.3731,578.6823,853.3694
47.5000,838.0101,757.6409,532.5013,761.5114,498.5678,1147.1628,654.5203,635.2225,493.5961,412.5720,603.9036,235.4756,659.4661,247.8066,302.3006,291.7885,659.1320,627.4735,592.7711,868.7088
47.5333,873.4170,768.4338,508.9456,770.4325,519.3460,1125.0496,627.6133,649.3697,483.8023,429.2233,620.3445,242.8776,850.8561,246.8778,307.1430,298.8489,667.4164,670.3396,581.3025,840.0095
47.5667,859.4343,740.2716,487.5801,744.2264,517.5198,1093.6636,664.0507,619.9403,506.2381,417.8729,643.4283,227.6024,895.2368,243.4460,309.8058,301.9034,671.9866,697.0551,572.1528,819.8021
47.6000,885.8222,762.8934,485.8938,752.9274,532.4979,1104.1022,657.0813,640.5876,494.9552,430.7741,621.3300,235.5150,957.4653,245.2556,300.9407,306.4743,647.9665,698.9098,561.2825,826.8498
47.6333,834.1327,744.7836,501.1419,744.1558,517.8418,1068.6428,648.9681,668.8294,518.3294,416.6647,634.9854,238.0116,958.7435,244.8367,319.0261,300.9946,660.8633,690.6850,538.6458,807.0086
47.6667,832.1588,724.5479,474.2126,780.7780,524.9048,1058.5463,647.5783,622.3387,497.8902,425.1318,617.5414,240.7298,949.1620,239.6767,321.9988,301.7477,671.7881,681.5244,554.0948,838.2641
47.7000,874.9771,732.4694,481.0113,764.0893,515.0681,1022.9004,651.6251,651.6627,511.9417,420.9244,628.3133,234.5659,926.3490,237.0211,297.8905,296.0178,669.8193,668.6073,556.7472,806.1835
47.7333,822.2261,752.5389,469.8711,765.8136,531.9431,1000.0431,611.5563,641.3499,501.4654,410.4245,608.2738,235.3125,923.0554,240.9552,303.4877,301.6640,652.3968,669.3729,546.3546,774.7351
47.7667,845.9145,762.8280,461.2095,764.2833,508.7621,972.3002,644.7377,644.5628,506.9386,416.6665,620.6310,239.8300,920.6167,249.0372,285.5186,290.8637,649.8954,653.7699,541.1172,776.6599
47.8000,835.6208,744.8385,456.5187,755.7655,519.0804,973.8749,623.9533,645.8005,494.3503,439.3585,595.2190,245.9267,908.3138,239.5413,310.4350,296.9413,652.5131,672.6277,525.1590,782.7104
47.8333,835.3974,750.0411,464.8017,776.9446,516.5811,934.6643,624.2503,632.3180,486.4200,418.3114,610.1825,242.5553,912.4129,237.7338,309.6116,305.4838,671.6580,645.0223,525.4337,760.3981
47.8667,816.0418,963.1008,445.2518,767.7445,513.1477,943.6334,641.3176,650.8109,524.6322,419.5707,619.7596,237.1697,905.9714,252.5438,307.1918,297.9954,663.5756,630.6621,519.0137,757.7086
47.9000,826.9573,1038.9665,464.9409,754.8005,515.6642,914.1976,629.1782,639.7427,496.5036,444.1305,628.3470,237.9882,865.6089,237.2125,310.6537,301.4837,657.5603,637.8946,531.3761,776.2468
47.9333,868.3344,1084.7117,434.5802,778.3254,519.6866,919.0308,635.0924,638.8624,496.6781,424.8588,623.7496,304.8191,858.8740,248.1379,315.5572,297.3245,671.4549,631.0065,504.0747,769.6282
47.9667,838.8559,1102.2760,445.7695,734.5030,503.4941,903.3770,617.3747,656.8839,516.4902,436.0724,601.1550,337.3317,848.9587,239.9321,312.4153,296.1162,688.3078,638.7189,512.2109,743.9830
48.0000,859.7491,1091.3634,441.9706,758.4723,510.0559,869.2310,618.9056,661.4232,509.2480,435.4051,624.4381,338.5253,844.3627,244.2189,307.8560,295.8748,692.2549,620.0793,521.4739,744.8801
48.0333,824.8545,1051.5021,430.9440,756.4642,522.4116,869.5224,631.2260,657.8068,502.5786,438.8765,595.7230,349.4216,815.1529,227.6286,301.2985,294.2509,684.8810,603.0926,522.7914,735.0850
48.0667,836.5123,1032.1215,421.5999,755.6385,525.1722,872.0180,625.2568,636.8098,498.7199,417.8919,605.6121,334.6947,831.1017,245.7270,299.6625,308.2600,666.0986,597.6042,508.5630,739.5186
48.1000,844.0999,1060.4310,438.1098,747.6117,497.8175,857.7551,616.5350,669.4523,509.5206,416.2984,606.9435,338.6496,826.3351,250.2065,315.0447,296.4803,662.5484,581.9401,498.8453,710.9639
48.1333,843.2874,1029.6077,426.3207,771.0696,520.4314,858.7903,631.3206,635.8861,505.4608,433.5377,608.9862,400.4480,792.9515,243.2172,302.3565,286.8059,688.1423,581.1845,509.5219,725.6271
48.1667,829.5956,1019.1024,415.3339,731.1715,506.7036,837.5717,606.4835,618.6350,500.2588,435.8921,597.0780,426.1232,779.0490,236.0942,308.6334,286.2684,655.0420,578.7036,513.1240,709.1756
48.2000,833.1948,989.0019,427.7138,747.5955,511.8772,823.5624,657.5660,632.3506,503.8585,428.5087,610.2197,432.4761,795.8970,247.1597,292.4867,305.2779,696.1682,564.1270,491.7927,690.3037
48.2333,849.1106,963.0230,408.0718,742.9289,496.7748,831.9562,627.8286,628.9206,509.2310,436.0063,600.4785,425.7974,752.8723,240.5072,301.4876,291.2780,666.8069,575.2250,490.5992,698.6411
48.2667,827.8325,969.5087,414.0344,757.0563,525.9473,822.5780,591.9251,640.7465,507.0891,449.1845,595.1621,420.4457,783.5980,243.2353,316.3506,299.1947,674.6331,561.1839,495.3715,725.1128
48.3000,794.4023,931.9729,402.1918,743.1591,493.4053,825.1379,622.2661,630.9218,504.7028,428.8371,599.0512,411.7228,742.0043,248.5288,311.1987,309.1587,645.7709,562.7381,506.5366,697.0177
48.3333,813.0090,932.7421,420.5489,741.5786,504.8945,803.0757,613.3407,641.3184,502.8412,429.4536,607.4588,406.3567,769.2297,245.0661,299.4510,279.7861,696.4118,561.9034,498.8730,714.9122
48.3667,805.0956,1138.7526,401.0136,752.8777,499.0587,791.1069,590.6293,645.7978,515.1506,440.2011,596.4418,459.4352,739.9270,242.1430,311.8180,294.3876,674.9983,542.7922,493.7404,698.0300
48.4000,795.7097,1212.3927,420.6903,729.0793,511.1226,784.9084,600.8155,609.6190,496.6142,436.0362,583.8785,481.5211,767.0382,237.5159,296.2282,295.4145,685.6484,556.7237,491.4676,701.7984
48.4333,835.7223,1220.4511,402.6018,755.3958,508.2875,765.7517,612.6441,638.2017,512.2619,426.2438,604.8943,488.0658,721.7608,242.3072,310.1690,294.3413,655.6287,556.9664,500.4734,713.3264
48.4667,839.9564,1237.0318,397.5100,760.2016,506.4769,793.5427,618.8881,644.0817,496.3498,446.1604,612.1313,483.0906,751.6123,244.8043,317.2651,290.8404,682.2138,540.3647,487.0125,671.2075
48.5000,810.5197,1210.4431,389.0346,752.4656,509.7598,762.5881,621.1661,645.7397,515.1212,431.0465,613.9593,478.5346,727.6750,243.6754,299.7353,299.7762,692.8862,530.6527,489.3255,676.1084
48.5333,817.7952,1204.4836,402.6242,718.7575,493.8879,801.2245,623.5582,644.4826,514.7480,433.5261,588.9863,459.5779,734.2523,241.4986,308.0465,297.5680,672.7894,533.7252,503.2182,680.9675
48.5667,854.5456,1168.5249,400.6445,740.1062,519.9694,757.5875,619.5461,623.9758,498.3990,434.8631,596.4753,443.7021,743.0858,237.3626,306.3541,296.9738,674.8549,537.6699,481.7359,710.4307
48.6000,820.3897,1149.1117,401.9617,735.4446,518.5447,757.7303,610.0432,633.8378,508.1693,437.5368,601.2870,429.9716,727.4729,244.4287,302.2310,298.0901,674.6876,522.0757,483.6433,675.8413
48.6333,821.5484,1114.4019,397.4956,735.9825,508.2398,770.6876,612.5211,649.4842,497.3978,432.2713,623.7326,421.3243,724.5878,246.2541,310.0778,291.7092,671.8387,524.3366,490.9466,684.1838
48.6667,827.9435,1135.2378,393.6009,759.7831,506.7980,777.4535,593.4178,620.6686,502.8675,430.5923,576.3858,417.3171,733.2167,246.4225,298.1012,300.8960,667.9404,522.8974,483.7282,648.1337
48.7000,843.8019,1111.3292,378.3458,737.1136,503.6186,753.1128,609.3639,636.3286,492.7599,427.6237,585.8611,410.1545,724.0909,236.1540,292.9201,293.8451,679.3230,538.9221,481.2025,676.7422
48.7333,831.0331,1057.9437,390.5497,717.6589,494.5299,749.7160,596.7272,662.6698,509.8923,418.3890,614.1007,401.9367,708.4970,244.7301,310.3948,302.0322,668.9714,533.4964,466.5711,674.1538
48.7667,840.1693,1045.5029,397.2505,765.1761,510.5527,743.6417,591.3499,648.1991,518.7940,431.1353,596.2761,383.1408,705.0315,242.7514,310.8851,296.7927,695.6273,535.6361,479.0823,684.8994
48.8000,807.6125,1053.1472,402.8788,742.8603,508.0625,745.9020,791.1404,630.3577,495.9029,431.0262,612.5661,382.3569,694.4558,233.2850,313.2151,299.9379,671.4380,494.5088,469.8222,669.7800
48.8333,836.8651,1003.0598,395.7916,743.0474,508.6223,725.2240,854.0823,632.4653,499.1212,425.9440,602.1118,377.4620,692.4989,237.0711,299.6268,303.3240,655.7487,517.5812,476.7207,671.5641
48.8667,821.7493,1019.2713,393.2545,736.1917,499.3221,715.1793,873.8479,629.4193,500.4389,438.7616,602.7080,363.1323,711.2843,231.6033,300.9128,300.6344,653.8872,519.9621,482.9660,665.6317
48.9000,810.2913,1002.3715,387.2229,691.0422,504.0722,723.0601,877.5037,657.1103,493.7303,431.7422,578.0646,356.6291,707.6529,244.5512,294.6208,298.1043,654.0903,511.8867,474.1506,660.5255
48.9333,831.9988,970.5897,384.4215,739.6073,495.1398,731.0675,899.3544,628.7381,496.7377,440.7543,588.3506,357.2834,685.4175,243.6298,309.8048,294.9220,691.0580,520.3155,473.9520,644.1986
48.9667,863.7774,980.0917,365.3365,735.1972,499.3502,711.4397,884.8703,641.3608,508.7200,438.7377,610.2987,349.8275,697.2657,244.3885,307.2799,301.9471,674.6009,525.1264,476.9856,658.8217
49.0000,826.6929,957.4524,392.6234,753.5474,502.4708,718.1739,857.9755,618.6310,517.7395,444.6152,591.5173,342.7929,694.5692,241.3046,316.3254,293.8973,654.4444,532.1470,465.5360,653.4520
49.0333,839.7478,943.0207,390.2397,748.3870,513.3624,734.2034,867.3371,637.2177,480.9712,431.0565,590.6624,330.9097,688.0326,245.6767,311.0295,295.0044,688.6109,511.2422,474.2009,642.5268
49.0667,819.0575,934.3028,386.9678,740.3398,493.9744,713.0191,810.5786,646.3799,487.9546,429.0630,576.6883,336.0034,680.1053,247.2763,307.2801,295.9416,666.3509,517.2373,471.1582,666.8340
49.1000,798.5067,923.2098,381.9467,742.6378,499.9613,711.8962,811.9363,631.2098,498.9310,433.5870,578.9177,328.8163,697.0107,235.4690,308.0190,289.9049,662.3252,518.4638,457.2670,668.8485
49.1333,832.0440,893.7464,389.9237,750.7205,514.5453,709.7223,817.3053,623.7507,490.1924,444.3470,589.9024,321.3819,688.9157,245.5897,309.1615,299.7509,709.4543,496.2204,472.5477,666.9910
49.1667,807.2155,901.9761,385.5924,727.5058,483.3709,713.3592,777.0076,626.0075,502.4961,434.9987,598.3814,315.9518,710.0734,236.4660,299.1407,298.4986,678.6230,512.8293,480.1839,648.4540
49.2000,819.7571,889.4210,378.3186,746.0892,511.4341,692.1076,780.1154,651.1774,507.0976,425.0222,582.0587,313.3746,677.0537,247.0500,305.9824,302.6481,661.0010,526.7380,480.1135,644.6546
49.2333,854.7193,880.3440,379.6503,741.4448,511.2299,706.5895,768.8777,639.3310,487.7972,429.2317,596.1654,311.4043,671.6030,247.6868,298.6565,300.1178,658.3448,501.4576,460.2884,666.2902
49.2667,794.5827,882.5477,381.6900,747.2178,500.6117,696.3789,771.3917,618.1867,509.0692,443.0505,597.1013,311.0758,707.0211,240.9943,298.5831,304.6698,686.0077,492.4805,472.3842,650.1929
49.3000,829.1286,863.8930,380.7161,768.6110,513.2481,694.5946,767.2883,639.5335,503.5900,428.1143,604.6939,291.3909,669.5616,240.5715,300.2317,300.8282,660.3016,496.0479,481.2728,617.6936
49.3333,831.6165,864.3612,366.8070,776.2386,510.4822,682.7683,750.5390,656.3694,505.9033,435.4969,589.0746,297.0824,700.0608,245.6232,307.3195,293.2250,672.5601,503.5562,486.9494,641.3220
49.3667,828.5522,864.1483,382.2081,750.9051,494.0468,709.8351,747.1359,669.6126,495.5603,422.1705,592.1206,292.0280,683.8626,243.5381,295.4373,299.6560,663.5649,506.9499,468.0963,655.1343
49.4000,1041.3777,838.5810,377.1173,772.7902,514.3416,688.1006,736.6199,647.6943,485.9513,444.6620,603.7561,298.9676,660.7459,240.6464,306.9580,297.7069,659.4548,504.6505,485.1861,632.2253
49.4333,1151.8729,841.7241,387.3186,731.0163,492.7801,697.5418,731.4211,648.0136,514.8066,439.0502,604.6101,290.7484,656.9696,246.1796,309.1801,298.3696,688.8682,501.6641,488.4103,660.7896
49.4667,1169.7057,824.3316,396.5962,739.0807,507.0880,720.2610,711.8127,640.3928,502.0835,415.3659,615.9104,282.3396,694.5278,235.8869,307.5553,303.7841,682.6149,480.9118,476.0597,648.5489
49.5000,1216.2213,828.6338,361.7847,749.9097,487.6164,699.5495,706.6208,652.3455,513.0068,428.1239,613.5461,288.5310,648.7259,242.6110,299.3400,299.8171,662.6627,480.1347,486.4726,627.0387
49.5333,1186.8167,838.5451,386.9706,749.3160,502.3444,711.7367,689.1487,648.6273,505.9284,428.6300,591.1831,288.8964,667.9039,244.2711,301.9308,295.8301,668.4327,494.3865,468.0064,635.0906
49.5667,1191.9380,829.1054,375.1560,759.1325,504.7849,689.7512,712.0287,638.4914,512.0243,420.8183,604.6820,276.6704,666.5291,243.5150,311.7337,294.6617,662.6264,511.4884,470.4703,655.1919
49.6000,1150.4850,792.6914,372.8848,961.6426,512.6795,696.9084,686.8240,622.8867,500.2970,444.7376,594.3021,279.7763,670.6235,238.4344,308.7260,288.1768,655.7804,489.5503,477.9662,655.6373
49.6333,1152.5526,800.3899,372.5072,1058.5480,508.9972,699.1185,702.4565,643.0924,501.1429,425.2480,577.6169,275.0286,674.9542,240.2459,304.7680,300.0163,683.6256,499.2733,458.7913,657.2691
49.6667,1133.3954,814.9543,379.8687,1057.3692,504.7469,699.7289,689.5853,637.6735,517.3510,436.9384,590.1319,281.9099,663.3124,246.1469,293.2486,306.8965,661.6183,499.6402,465.7413,654.1518
49.7000,1088.2898,766.8974,381.2636,1106.6159,501.4745,884.5526,681.0804,631.1560,502.8939,423.7234,600.8164,271.2299,673.6058,247.1201,314.0502,302.2705,673.9595,498.0117,474.8617,639.2898
49.7333,1116.7889,795.6160,396.5527,1089.4940,502.2502,961.9989,671.6534,636.9678,505.7140,434.3685,589.9732,271.0150,670.7679,243.0964,300.4245,295.4025,653.6241,489.7595,468.6573,654.9119
49.7667,1120.2879,782.3201,373.0650,1042.5972,509.9338,985.9741,664.4086,642.2293,506.8349,446.8087,601.8542,269.9428,658.4724,244.2539,309.0736,305.2506,663.6430,490.5841,476.3045,636.4416
49.8000,1080.4642,794.5000,370.2628,1038.5376,516.9755,981.1279,678.8909,646.6298,509.2310,439.4510,602.8925,267.4068,655.0062,243.8534,306.9270,303.6012,676.1813,493.1897,472.9437,665.4972
49.8333,1029.0237,760.3170,362.8733,1023.7962,495.4459,987.4311,656.8641,637.9612,503.3884,432.5686,581.6400,274.9282,675.3340,239.6908,303.1528,307.9511,691.0964,494.7143,459.4370,634.0944
49.8667,1024.8172,783.4666,370.5756,1020.0613,497.5993,987.8218,647.2199,633.9716,498.1450,429.1838,587.0029,263.6725,651.0229,244.1417,304.0871,302.4137,679.8374,485.5948,453.8853,655.7122
49.9000,991.0839,784.3898,377.7091,991.6938,505.7662,943.9165,688.9052,616.4073,489.8602,418.1158,599.0322,263.2322,678.2268,234.8754,301.2143,288.2498,655.7967,504.6063,468.3004,649.3445
49.9333,1002.7549,757.4740,359.8423,988.6718,495.2899,919.5930,673.2934,640.3615,525.2115,433.0759,592.2066,261.4802,676.9860,245.1395,311.4191,307.0973,671.7101,634.2663,471.7876,646.2688
49.9667,1033.6745,787.9232,368.0381,992.5435,487.1755,926.4330,640.0646,630.0142,497.2916,419.5457,605.4914,263.1042,655.2568,239.5416,313.1002,290.3156,677.2308,690.2161,472.6440,629.8569
50.0000,1012.0669,783.5133,374.8926,960.0182,498.7079,910.0122,661.9292,649.4866,504.8440,430.4465,590.5713,261.4326,667.7862,239.0206,314.9611,300.8565,672.0744,735.7816,473.1873,658.7168
50.0333,970.8395,786.4132,367.6519,950.2336,501.8906,907.9663,665.2940,660.8274,502.5816,438.9496,575.9003,258.3956,686.0745,243.5533,308.6360,304.9216,656.5061,725.3013,486.5252,660.5210
50.0667,957.2429,758.8134,383.6168,917.4515,517.9459,908.9743,649.7194,639.4623,506.0590,437.2075,594.5151,253.8094,667.7813,243.5368,303.7032,294.0364,679.5888,719.9172,473.9278,637.1032
50.1000,958.7706,776.3316,374.7517,962.6253,503.8295,875.5122,649.6934,623.5324,502.0872,432.7675,591.5213,253.5224,668.0036,243.8290,291.0378,304.2701,668.0819,699.3683,457.9522,642.8363
50.1333,978.6147,768.8132,375.6822,919.3192,511.7879,882.6386,648.4613,631.5792,488.4135,438.4245,593.3674,253.8448,665.5757,233.4475,314.2552,290.6391,688.6787,674.6226,466.4726,646.2647
50.1667,961.7350,780.2382,369.3309,916.6966,505.3518,858.3046,635.6713,639.5082,497.6709,438.0979,598.1046,246.5293,678.0396,236.5430,312.2385,301.8830,682.0219,682.7306,461.1718,612.8642
50.2000,970.7177,776.0836,367.6378,897.1818,494.8835,843.1992,642.9497,660.8857,497.5156,424.1363,591.2356,259.1552,649.1853,243.2886,294.8454,302.5507,685.5505,657.4402,477.1229,645.4473
50.2333,929.8936,757.3556,384.5849,893.7523,512.0032,847.4199,637.1014,616.7487,518.7502,432.9846,601.8660,258.6586,679.1026,245.9468,305.0267,303.5482,664.2153,673.3073,454.2558,640.9201
50.2667,935.8565,765.3559,371.1523,890.1013,494.7705,835.1589,624.0730,625.3694,502.8472,421.8762,615.7987,254.2526,675.9907,232.2759,312.8762,296.4336,659.4341,648.8776,455.7103,629.9551
50.3000,916.5365,771.3862,362.7506,863.6190,515.2538,825.1578,618.2776,625.2727,508.3256,445.7995,586.0084,245.9876,677.1594,239.1502,297.7400,292.7493,688.8342,647.5556,486.7297,665.0930
50.3333,919.1450,758.9397,371.9052,891.5734,502.8367,808.5371,635.1304,635.5435,493.6703,419.3844,604.0866,251.3808,670.3525,247.1289,318.1762,299.7529,657.7694,659.4121,482.4199,642.9228
50.3667,912.0069,771.0657,376.4232,863.9860,501.1235,825.5181,640.8229,645.1959,506.1017,443.3546,586.4040,260.3938,655.7055,253.4778,307.4047,313.5391,680.7213,621.3403,452.7998,644.2930
50.4000,907.1956,763.9847,383.1493,880.3701,514.2435,808.7374,616.4328,633.4380,504.9217,441.7331,600.5486,244.5292,652.4096,241.0136,309.1461,289.5154,679.4383,625.4880,470.8597,638.2467
50.4333,916.5855,760.5145,383.3478,853.2761,497.6566,813.1031,633.1691,635.6233,492.5618,444.2599,611.1366,244.0398,688.9123,248.0915,304.4053,279.7358,693.8078,599.7032,468.1264,631.0198
50.4667,895.0973,748.5129,380.7075,874.7208,507.1115,781.7558,653.8923,649.1220,513.6351,423.5351,607.3807,251.1459,660.5875,238.9192,299.5869,308.6236,676.4469,610.0964,488.4560,630.3813
50.5000,896.1113,743.5825,377.2033,859.0679,504.6382,805.0395,646.1024,622.4060,484.6266,446.4637,617.9576,244.7758,683.7924,240.6075,297.1581,294.4493,679.6043,613.4910,466.0750,641.6469
50.5333,880.1402,725.6274,373.0553,852.2619,493.6135,776.3803,776.4695,633.0469,479.1464,441.4184,587.9262,244.7707,658.5348,239.3067,305.6836,303.6906,654.8127,595.4810,469.1031,656.6875
50.5667,909.8327,725.0610,367.7445,831.9071,490.5254,776.8381,867.1337,648.2251,499.6377,419.7575,596.6181,251.4133,674.0704,237.1925,286.2442,296.3176,672.6449,580.9455,468.1123,653.7809
50.6000,914.5102,732.8666,386.0805,849.8133,499.8951,745.8990,905.7911,659.4376,497.9640,424.7859,593.5950,252.8532,647.3522,238.4112,306.6808,296.3919,668.7130,583.4755,464.7247,652.8926
50.6333,914.8361,752.6619,371.8497,842.6968,503.8185,778.1976,904.2664,644.9426,508.9751,404.5954,586.5035,249.6411,654.2885,235.4867,307.5024,299.9712,660.2315,585.0151,484.1449,634.3511
50.6667,893.3691,739.8451,379.6409,844.6283,497.5811,753.7349,895.0238,609.8668,500.4963,429.8741,590.5410,244.3323,653.8466,242.8433,295.7899,297.8688,659.3380,565.9876,472.7343,671.4020
50.7000,876.7280,745.2359,380.5586,810.8870,500.1272,763.2962,880.4080,619.2986,490.7259,429.4608,600.2397,246.7893,639.1076,248.3480,295.5321,297.7855,711.0960,561.3178,461.8797,651.7154
50.7333,859.5372,752.0345,363.3361,831.4103,492.8589,721.7018,859.7202,639.6080,504.5399,437.8471,591.5935,247.6416,623.3195,248.8942,303.9413,290.5091,694.3744,566.6228,460.5356,648.5491
50.7667,854.8484,714.0887,376.8468,825.2802,499.5867,742.4696,860.6706,647.5747,507.9505,429.6483,593.4173,242.8577,670.5647,236.4029,303.9220,298.9595,696.3293,554.7981,465.6982,631.7835
50.8000,867.8633,744.6747,368.0627,838.4128,502.3828,738.6369,849.3107,641.0751,505.5401,565.4112,595.9058,244.2340,652.1935,245.6953,298.0791,292.6355,687.0307,543.0994,467.3727,633.5597
50.8333,846.8245,772.5493,362.6092,808.6491,501.7961,749.6759,833.9996,629.0561,504.0781,612.5137,623.0798,242.2424,664.9245,252.3727,296.5439,297.7068,645.9309,537.7655,478.9088,653.3471
50.8667,876.5252,742.0428,366.6970,784.4803,478.3394,751.3443,814.3856,628.8844,495.8306,612.0673,608.1433,247.8686,643.8694,247.6948,309.1509,300.3637,674.0270,546.5222,459.0764,652.2590
50.9000,866.1794,731.2908,374.5639,792.4745,499.8146,732.5677,838.7818,626.2677,493.0057,635.0073,600.2479,239.7586,650.8277,251.7782,305.9996,307.5102,652.8805,565.6276,457.4703,644.3159
50.9333,838.6334,735.8587,384.4436,790.6783,497.5668,740.5292,812.8332,648.8645,507.1977,617.3601,590.6185,246.1352,691.1139,248.7003,309.8433,299.4606,683.0041,529.8248,463.6739,624.3018
50.9667,854.6674,725.3403,375.9230,780.4530,504.7680,738.6893,779.8588,619.8559,503.2874,613.3804,591.6747,236.8651,659.2733,243.6214,310.6388,298.9377,676.6741,541.3205,466.1242,636.1213
51.0000,869.8608,745.9811,378.3736,777.2719,490.9099,737.0137,787.9458,647.4116,507.8271,605.7917,618.2198,245.4069,657.9734,242.1844,310.4639,301.2559,671.1348,532.9381,465.3920,654.2569
51.0333,873.0068,771.7075,371.4149,796.1786,495.6308,747.2864,768.0882,628.6554,504.9884,598.1076,616.0017,248.7375,643.6406,243.0730,302.7350,301.2411,664.5657,529.7037,470.5751,655.6667
51.0667,856.3972,770.2047,370.4122,794.9613,507.3068,740.0008,773.0909,624.8249,505.6921,595.3731,609.6876,241.8720,678.0617,235.4958,305.2146,297.2310,683.1957,534.9907,482.0293,641.4397
51.1000,861.5607,714.2224,364.5656,789.4723,506.8375,713.6208,749.9871,634.5197,510.4001,589.6360,617.0694,241.5812,675.4558,240.1230,305.4373,297.3535,682.7367,531.6237,475.2910,632.5171
51.1333,855.1157,733.7839,364.7231,788.7964,486.0455,723.6392,742.5909,648.4514,501.5221,550.0565,598.2060,241.0338,663.0719,246.4813,287.7670,300.7538,664.7097,530.3619,477.9999,644.2786
51.1667,841.3601,751.5844,369.2136,772.5657,493.9203,701.5870,741.1419,648.6774,511.4801,572.4624,586.2835,238.7379,682.7210,235.7762,292.6286,292.5901,673.7877,528.4079,456.0009,639.3613
51.2000,849.6708,732.8210,370.7898,800.6788,508.7276,693.4407,727.4270,625.5381,490.2490,563.0718,578.4837,239.0479,680.8909,246.5047,312.1777,302.0758,665.1761,523.6801,477.0120,662.0274
51.2333,848.0442,769.5998,356.2578,760.1316,512.6871,716.2984,726.2148,629.2865,509.0450,553.1961,611.8379,242.0167,678.0925,242.8875,304.6334,299.2787,683.5867,515.0917,474.3708,648.1536
51.2667,835.5885,725.3347,365.9593,974.6932,525.5211,726.4322,708.0333,640.1939,502.7615,548.8851,586.0244,244.0077,651.8411,244.6066,294.3705,310.1109,681.3308,654.2925,469.0237,635.5486
51.3000,847.6951,750.7270,363.7335,1096.1178,495.6718,713.7639,727.6735,649.4754,494.2310,557.4795,597.6458,241.6819,680.7824,246.1813,286.7640,299.0751,693.8691,717.6933,463.6125,634.2958
51.3333,842.3554,732.0052,382.7477,1105.3984,511.3178,690.5039,696.8217,645.3221,518.7407,538.5974,604.5442,237.6127,648.3193,240.7287,301.0385,298.8755,675.7620,750.9752,482.9732,607.9116
51.3667,847.7712,725.1534,370.3372,1117.7481,496.1897,706.1904,704.7642,638.9138,505.4585,531.0395,602.5419,238.2392,870.4150,246.6128,318.6329,296.3682,665.7051,728.5380,452.3839,631.5432
51.4000,840.9348,706.6770,380.7111,1116.2220,512.3340,693.7299,705.2815,632.0708,494.9653,517.5600,577.7282,245.0331,949.7193,239.9814,309.8000,290.2166,663.0999,716.8159,475.9764,627.7062
51.4333,839.6789,738.3922,373.4721,1077.7330,504.9048,685.9281,684.4609,627.2997,503.2782,520.0400,582.9181,236.9595,965.7261,247.9360,310.5946,288.6569,687.7034,731.4900,463.8962,640.5167
51.4667,810.1950,748.7422,364.2415,1078.9393,509.7943,688.9144,699.7330,647.9303,514.8003,505.8246,603.4749,239.3879,955.5851,239.3833,300.0110,296.6744,671.0368,708.8801,475.4568,649.7580
51.5000,875.5998,745.8199,378.4366,1087.4023,498.6715,709.6537,673.7710,645.6044,513.3504,512.0820,612.5572,236.1217,958.0168,259.1358,314.3588,312.8837,689.8972,698.1230,463.8255,614.8304
51.5333,848.8703,747.4892,354.3244,1031.6938,486.6603,697.7931,694.5784,634.6782,495.0376,495.1424,612.1395,244.4331,928.3343,241.9354,310.5578,298.1445,680.5080,684.0544,476.6678,643.6432
51.5667,843.6214,738.7391,375.5228,1020.7425,511.6793,685.9969,688.9284,624.7772,642.4563,496.4597,582.3782,248.2336,920.6623,250.9726,295.9302,301.0902,678.1014,662.6579,480.7918,643.2071
51.6000,864.0361,739.7985,373.1849,1000.6336,491.2513,722.9744,687.9771,649.3117,695.8476,481.6320,592.1581,241.1748,910.5432,250.3636,309.4083,297.0561,676.1123,675.0274,469.3459,629.5258
51.6333,851.2026,754.4252,380.7710,1005.9308,498.2317,685.7926,665.3606,640.4104,714.3874,466.9827,592.6207,244.3626,905.5544,248.9828,305.2814,299.7113,667.2774,668.7921,478.6353,647.8234
51.6667,842.3478,707.7422,382.1967,992.0273,481.0264,704.2152,657.6770,633.8996,716.9800,494.6266,594.7841,236.2718,880.5409,237.8063,308.5353,302.1475,692.3278,642.8402,471.1568,654.7360
51.7000,844.6187,751.5826,360.6751,977.3453,495.1413,703.9620,650.8334,651.6324,720.9564,477.5202,590.1800,235.0017,902.9001,248.6365,305.9742,292.4994,674.8608,624.6149,453.4824,640.1786
51.7333,860.1407,736.3938,362.2184,965.0237,512.0058,682.4822,659.9009,650.5682,705.3067,481.9190,589.1438,252.7288,855.9931,236.5649,301.5445,295.7195,677.5662,632.9906,461.6458,638.3230
51.7667,837.2740,716.5778,359.9420,927.9121,492.5325,672.1461,645.9096,639.3395,696.8087,489.2113,596.3477,242.5839,844.6541,238.8335,305.0337,297.2498,689.1824,623.3103,458.7239,674.8711
51.8000,811.1460,739.8627,368.0482,940.5662,496.9632,683.5568,693.0104,655.8888,694.7199,469.5813,593.4383,237.4529,866.6685,249.7077,299.1590,298.3156,679.2998,617.3304,474.0252,676.0948
51.8333,808.1183,708.6143,367.3071,934.4093,489.6494,694.9222,662.3288,647.8334,686.9112,483.0725,599.5269,235.8466,825.3335,241.9430,310.0749,295.2842,666.4318,620.3860,477.2394,655.2496
51.8667,853.6836,745.8035,371.9702,902.1747,498.1406,681.5856,650.2484,658.3585,681.6778,478.0946,574.1186,246.4875,834.5241,239.6793,315.8842,299.5169,704.7780,607.8068,475.5670,644.1435
51.9000,828.0998,732.4747,379.1341,891.9771,501.6946,694.7622,658.3759,647.8695,676.7720,466.0239,591.3253,234.5395,799.7968,238.4874,311.2112,288.7262,676.2365,605.0084,456.4923,636.3462
51.9333,839.4150,722.4875,368.7695,894.1278,494.8985,694.0238,649.9884,668.2190,671.0507,475.8586,616.7091,243.7087,799.7833,240.8244,303.4134,300.1178,673.8367,575.7787,472.8651,667.7927
51.9667,829.0963,759.6409,371.0109,902.0308,495.5290,713.2512,633.6817,642.3533,634.4558,459.6553,599.8497,244.8074,791.8857,241.0323,296.9612,293.7333,690.8711,607.9162,469.4694,625.0300
52.0000,837.2208,706.6240,359.3526,899.0282,486.4512,681.3157,642.3507,639.2540,613.9684,441.2119,601.2650,243.2805,796.2151,245.2021,296.8250,302.7257,681.5743,566.0539,458.6376,658.2713
52.0333,816.2901,757.5512,378.7399,859.6316,506.4480,682.1398,661.3807,642.8600,627.3212,463.7468,597.7926,227.5214,780.9667,240.3450,300.9284,292.1165,655.2065,561.7299,472.4577,665.6552
52.0667,836.8898,748.5616,372.0060,872.8129,500.8281,690.5496,642.6286,636.0211,614.3929,470.1518,610.2264,244.2261,767.7727,245.8642,306.1895,298.1418,698.5498,566.9809,462.7979,655.5831
52.1000,792.9361,717.1961,371.1625,871.5749,495.3476,682.2904,638.9207,638.3164,599.7208,453.0222,589.5674,243.8302,761.1459,255.8010,301.7188,381.2431,648.1426,567.1897,467.5850,620.2758
52.1333,824.4078,730.9413,378.3184,864.9110,501.2660,672.5444,624.0834,634.5984,603.8005,463.2341,617.5285,243.3873,773.1682,239.4827,309.0578,413.9922,680.6951,573.3450,474.7532,638.6892
52.1667,806.9223,717.0182,370.8445,874.7498,507.2269,686.4044,607.1020,628.5597,595.2670,451.7369,605.1176,239.2718,768.6562,251.8274,294.6160,424.5033,682.4256,564.3815,445.5654,639.6924
52.2000,828.2587,718.2095,378.0870,835.3889,489.4523,676.8690,641.6384,644.1921,596.2081,453.5638,603.7944,238.5229,765.1246,247.9178,292.7329,436.3004,677.6872,568.1483,460.7111,624.6010
52.2333,829.4205,770.0991,371.8075,837.2255,511.9683,683.9757,623.0403,635.8394,590.9179,446.7297,593.0831,252.6195,764.3043,237.2273,308.2042,430.0853,678.7289,558.5992,460.7590,647.2305
52.2667,825.2109,721.6868,382.0228,832.7757,486.6030,687.0297,624.0113,648.1948,585.7268,465.8484,606.3225,240.9018,750.9278,244.9155,302.0930,424.8034,693.8791,555.5955,493.9520,637.5725
52.3000,829.7828,736.4074,363.9279,829.4675,488.7714,681.3500,623.2769,630.7471,587.3873,457.7236,605.8066,242.8580,745.6968,247.4371,309.8382,420.5109,688.8033,545.7718,473.9576,646.5451
52.3333,1026.3479,748.1562,376.1276,806.0949,502.3524,682.3759,639.2620,639.0312,585.6911,454.2175,578.5583,248.1186,737.0002,254.3535,304.9446,417.4667,697.1047,543.3901,469.7958,656.9427
52.3667,1131.7484,729.7689,363.7240,850.9349,504.2492,676.0008,660.5028,664.9418,582.7639,442.2126,600.7365,234.2765,757.1311,241.0076,309.1453,402.5165,664.2115,550.9577,480.6690,628.5717
52.4000,1181.4449,724.3497,371.8301,847.7137,474.7456,677.8208,637.0128,631.0336,581.7114,435.1412,607.7375,240.0993,741.4091,248.4934,306.6248,395.0623,696.9004,548.3252,470.1662,632.1583
52.4333,1197.4218,736.6133,366.7328,807.7448,487.9795,684.0594,630.2114,647.5675,565.7813,458.5031,598.5924,244.2542,708.2258,240.5015,303.1435,390.2853,676.5861,528.9726,452.3004,631.2116
52.4667,1188.1446,734.0574,370.2578,822.1928,514.7341,694.2177,624.7626,658.3764,565.5527,452.5356,588.9421,244.8837,728.9794,241.9070,304.7008,387.2991,663.7347,525.8445,472.4063,658.7838
52.5000,1143.3775,719.8135,367.3600,812.4746,497.4340,685.1632,633.4864,653.2063,571.2486,447.4775,585.6884,245.1135,740.5710,240.4262,309.6797,386.0580,667.3871,536.4714,471.8439,625.9953
52.5333,1175.4843,735.5714,375.7088,828.6926,504.6421,680.8370,634.4296,617.1779,563.0385,440.2407,614.7302,244.1689,712.5998,233.8469,291.9115,375.1230,689.5789,526.5837,476.0609,649.8088
52.5667,1136.4632,718.8135,380.1056,819.4162,509.3057,669.1837,627.5375,648.3525,552.6673,452.7145,597.0070,239.7860,704.4504,241.2787,294.5888,381.0194,683.6185,532.6418,463.4745,637.6714
52.6000,1147.6411,728.5282,380.2219,810.0667,489.0565,666.9639,625.5834,652.2470,559.4049,445.8941,610.1396,247.0181,731.9186,243.3067,299.7885,370.8373,680.6740,527.1447,466.1067,638.9338
52.6333,1116.8601,736.8991,380.6459,820.3720,503.3928,672.3729,626.5563,650.5863,558.6080,447.4998,575.4624,247.0699,726.1039,242.6087,304.3836,362.7499,677.8837,542.6535,456.4310,639.3331
52.6667,1109.3091,749.5772,365.8479,799.2668,494.9495,665.3232,634.4458,633.1346,557.2956,435.9563,586.6475,238.6530,688.9170,247.8917,298.9799,357.6474,671.4364,509.6371,461.1844,645.5541
52.7000,1084.8960,725.6562,370.4159,787.3217,502.6562,667.0636,604.4649,640.9940,556.4699,448.6867,616.2119,244.8889,684.0199,241.8682,299.1565,348.8952,675.7255,511.9932,464.2890,645.2223
52.7333,1055.3886,714.9419,358.5048,771.1790,486.1822,667.0623,625.5117,648.7469,540.3665,455.2579,575.4522,247.7910,691.9665,246.6120,321.9955,341.1891,661.0204,519.4339,482.8813,660.2164
52.7667,1045.6069,732.2924,367.8309,770.0823,517.3595,665.7048,620.5680,625.8646,534.4477,443.8474,596.0114,243.9130,712.6383,245.2125,311.0555,354.8023,687.0377,521.9325,482.8403,639.9313
52.8000,1051.3722,739.7667,359.2285,790.3886,511.8605,681.3161,628.3291,642.6367,507.1101,442.7385,612.1025,243.2735,733.3165,252.0583,301.2928,345.1349,658.8236,521.7066,473.8113,653.7399
52.8333,1020.1665,747.3673,370.9712,777.0359,493.8177,674.5513,614.5700,637.8933,543.0373,443.8240,596.4622,235.6771,712.5127,247.6377,305.3264,349.3065,657.1773,505.3251,460.6046,659.5327
52.8667,984.5670,733.0713,371.7213,791.9127,490.5034,684.7635,622.8332,625.4579,537.8266,453.9378,611.9043,252.7499,716.4829,254.0874,298.7253,348.7157,669.7554,520.6240,464.7086,625.2046
52.9000,1004.4113,718.2663,367.5247,798.0803,501.8148,687.4441,619.9839,650.0872,537.2856,439.1649,582.5542,243.0789,708.5174,248.2926,301.4080,327.2475,689.7848,507.6463,476.9667,645.7032
52.9333,998.4276,717.7046,373.9449,765.3563,493.3923,668.1697,627.2843,624.3405,542.9828,449.7631,593.6349,241.3022,677.6155,254.4738,307.7935,326.8437,702.1237,503.9919,477.1852,672.3900
52.9667,992.4445,713.3014,371.3124,798.6358,499.6193,693.6629,633.3605,619.1870,532.0814,460.3400,593.0850,247.5476,677.8865,240.6142,302.8945,328.6581,683.7818,489.4962,481.6746,648.8436
53.0000,987.5954,733.1054,366.7890,762.1829,497.8136,677.3211,626.4731,644.8638,518.3877,452.9309,606.1228,243.3716,678.8368,236.9408,307.7941,341.2211,666.4092,505.1540,478.5748,633.9548
53.0333,1000.0266,717.3524,355.6653,784.2343,503.2656,688.6446,623.8026,648.0401,538.5544,436.2167,614.5081,246.0643,681.6299,246.9545,298.8291,336.0114,675.0544,509.6409,479.3615,641.1688
53.0667,936.3393,725.9290,369.9786,782.4796,499.1627,683.2330,598.9837,624.3032,527.2522,430.3786,613.5869,245.4476,697.5439,250.5401,305.4240,342.9180,690.7590,497.3164,472.2997,643.9865
53.1000,980.9687,745.0011,373.4587,766.3386,490.5105,677.6645,598.5595,661.7389,532.3227,446.5587,617.8074,241.6068,688.0180,248.9482,313.7280,321.6695,664.6953,503.7793,469.7901,650.0643
53.1333,957.1378,725.9353,364.7814,791.7058,508.9967,677.3767,612.5064,617.1096,531.0961,449.8041,607.8717,243.4699,682.0355,241.0930,312.3250,312.6758,683.8040,484.3477,471.2661,629.3765
53.1667,938.8398,733.4190,377.6675,1210.7068,497.3679,1087.0488,609.9910,637.3126,529.9932,439.3135,606.3008,240.2481,679.6775,249.6890,313.2845,316.0904,676.5633,499.8318,460.9503,636.8969
53.2000,911.0946,734.6060,520.2237,1426.5193,487.8535,1264.2900,591.9518,945.0309,522.2545,426.0692,596.2461,242.0330,664.5911,255.8754,303.2400,315.2022,676.1580,506.7706,477.4340,644.2850
53.2333,927.8373,718.0733,604.4987,1495.5124,506.1053,1303.2562,618.1722,1105.2751,528.1089,433.9253,598.8954,244.6848,669.3189,246.4309,305.0190,314.1275,681.3453,503.9836,473.4229,661.6741
53.2667,1354.0708,724.1180,628.4372,1482.0195,756.2764,1309.5163,603.0620,1168.5202,517.4024,429.9153,576.6985,241.6350,667.9663,250.3571,309.1445,320.7719,683.3496,500.3031,468.6619,637.6950
53.3000,1521.2339,1113.9729,621.6851,1476.2651,856.9286,1303.4754,619.0188,1175.7486,522.3740,428.8787,591.5645,243.0525,664.1089,239.9836,309.1134,321.8291,693.7809,507.6916,475.0414,651.6300
53.3333,1576.4936,1249.0481,631.1495,1454.8902,893.0790,1260.6224,597.3221,1153.8654,502.7332,448.9733,580.9967,244.7409,686.9866,247.8095,303.9382,318.6749,698.8043,497.7574,478.9043,662.7641
53.3667,1581.6348,1343.7508,624.8427,1414.6205,870.7450,1250.0519,632.7067,1131.4512,518.4557,442.6521,607.6301,251.2442,681.1013,237.6692,312.6535,316.4778,680.8151,488.0280,477.3603,618.4301
53.4000,1560.4748,1344.1286,621.2079,1400.3369,890.5108,1245.0837,617.5337,1124.7164,520.3424,434.7188,614.0522,240.6757,681.7044,244.7499,310.0547,308.7499,684.6447,493.4608,490.6064,627.3032
53.4333,1554.2097,1334.5065,591.6555,1338.5257,888.0808,1200.4799,631.6047,1093.2607,512.5094,438.0606,620.5440,242.5261,685.7825,246.8790,306.1366,312.1372,668.5898,493.8201,461.6872,637.5082
53.4667,1519.5993,1295.6556,582.0052,1303.8072,845.6112,1165.0603,654.8538,1077.1080,491.9942,427.0988,582.2128,248.5172,676.6387,249.1619,301.2014,303.7113,668.1214,496.2950,490.5197,631.9981
53.5000,1491.2162,1264.0933,559.3367,1294.9964,846.1082,1140.0684,637.4026,1039.8547,506.0214,465.6979,603.7922,237.3943,661.4545,238.0397,294.9049,316.3793,656.6877,518.8889,473.4786,633.3701
53.5333,1429.4463,1256.7658,556.4529,1236.6971,825.4483,1113.5805,616.2411,1033.0189,498.9055,437.4419,622.5334,240.9529,687.2325,256.7713,288.7658,312.4565,679.1484,511.6626,485.3105,638.9349
53.5667,1430.2842,1252.7038,552.1535,1244.4923,805.5072,1093.2275,629.3797,1015.9469,519.3385,429.8775,609.4012,240.7110,685.5021,240.5026,293.4126,304.7519,680.6003,493.9519,478.6739,624.2739
53.6000,1417.1461,1208.1053,542.1356,1196.9965,799.5526,1088.5572,619.2399,992.1496,510.1928,440.0590,579.8427,234.5315,672.6448,242.0140,302.7403,311.0156,687.8979,498.4760,457.8769,666.4227
53.6333,1349.1564,1161.4415,507.0659,1179.3750,783.9911,1052.9273,618.8428,959.7202,502.7593,429.4992,581.0397,243.1808,673.1154,259.3095,312.3298,314.1053,674.7723,498.8553,480.6997,657.6579
53.6667,1337.5035,1120.3791,506.1644,1165.5568,758.7587,1035.0900,603.8401,972.4644,506.5361,446.2777,791.1190,243.1288,660.0899,243.8964,299.2747,308.1916,663.3239,480.0608,463.9213,647.3383
53.7000,1271.1824,1120.0413,531.4690,1162.7626,741.3139,994.1854,599.0029,939.9238,498.7160,436.4603,832.1218,255.5596,671.8091,249.5287,311.0967,313.0172,674.9582,486.1253,471.2292,611.4020
53.7333,1304.8943,1096.1746,512.7597,1147.7191,749.0308,975.1395,595.0925,896.1825,492.3976,559.6395,902.0645,245.4655,690.3503,236.8118,300.4866,298.5351,690.4882,511.2457,456.8124,646.2196
53.7667,1252.8264,1066.6946,498.9510,1100.9409,714.8882,968.3887,644.4806,925.4156,495.5807,628.4963,858.2445,249.4711,662.1100,233.9275,315.6977,296.3358,671.0641,513.1047,471.6304,661.9877
53.8000,1239.7050,1054.3888,493.6601,1098.5390,695.6505,970.1443,626.1722,884.9915,511.2586,635.3786,877.9297,239.4633,697.9170,249.1590,317.2664,304.2265,667.2569,504.8552,473.8505,646.0483
53.8333,1203.1396,1065.3460,477.6554,1056.5020,693.2325,944.7145,610.7893,879.4332,499.2768,629.5694,836.7529,242.3939,650.1492,239.7911,306.3580,304.0320,684.0486,495.3884,468.5600,645.7016
53.8667,1152.7596,1018.4092,481.3163,1034.7932,694.6007,935.1305,620.8459,876.3757,508.0327,634.2614,856.7101,244.7207,675.8298,246.0321,295.1765,305.9631,668.1581,502.6836,473.0123,644.3882
53.9000,1166.6540,1016.1185,460.5315,1056.9075,673.6645,910.9021,630.1585,847.6732,501.6496,622.5385,839.4671,242.0505,685.2133,250.0544,307.4531,310.0525,682.6347,494.1760,482.1333,628.1075
53.9333,1140.4028,1013.5092,458.2563,1015.9506,662.4095,912.0391,621.5917,826.9430,497.8066,610.2075,847.1343,244.4621,689.3362,248.2045,293.6083,301.6259,676.8167,503.5831,460.6459,651.2734
53.9667,1137.9913,996.8921,466.6883,1018.7660,656.1178,893.4270,631.0567,817.6686,491.0650,595.8636,793.6773,246.1651,647.1276,239.8098,304.9060,300.1023,685.0399,492.4413,466.7405,630.9627
54.0000,1093.5269,1182.9498,452.3577,993.7842,652.4469,901.3794,601.3903,807.2281,514.0357,597.9881,813.2397,246.4406,673.1167,247.6567,302.8076,294.3172,689.4102,491.0686,477.7710,634.3659
54.0333,1043.0365,1230.7420,463.2127,979.7912,630.0578,878.7809,614.2110,834.8077,491.1762,588.0349,779.0125,240.6013,677.8129,249.1169,306.1464,298.7177,664.7993,492.5115,467.9463,642.2055
54.0667,1075.6653,1273.1865,436.4512,957.2510,642.4387,853.1858,613.1631,784.1822,500.2089,578.7991,787.0271,248.7746,669.2091,245.7678,309.5178,297.1504,663.7041,495.3436,465.3430,642.1285
54.1000,1057.6192,1228.0376,438.8417,969.3242,611.5496,848.0171,620.2297,804.9827,519.7004,551.1723,764.3983,236.3473,670.3275,241.8271,297.1808,299.6460,681.1251,500.6791,479.0410,672.4173
54.1333,1061.5717,1223.6152,428.8000,920.7073,611.4988,847.7731,620.5438,795.5759,503.5907,570.3359,760.2240,241.4784,677.8439,241.1076,295.7206,300.4354,683.6777,510.6048,459.8679,655.1166
54.1667,1023.7701,1229.0510,444.0008,955.0614,615.0701,838.3283,612.6918,772.5997,644.3320,552.8950,753.2067,244.8964,682.1996,245.1473,310.4170,299.4351,671.5396,491.1929,460.6678,665.9327
54.2000,1019.7132,1208.3212,434.5506,934.9644,615.1160,816.1684,636.1809,743.4848,700.8832,546.9124,726.9266,243.3645,859.9018,254.7726,307.0476,300.1687,670.6443,484.6071,467.1880,644.5056
54.2333,1008.7897,1185.2607,438.1967,933.6104,599.1057,819.2514,628.3181,925.1352,725.0509,556.8237,755.7950,243.5030,920.2937,243.1509,306.3199,304.3679,662.2771,512.7460,476.4209,647.8323
54.2667,992.4686,1151.5495,411.7936,892.5001,619.0883,817.7148,612.5756,992.5883,732.5882,540.0157,717.3736,244.4189,961.6428,245.0430,310.7960,295.8615,671.9054,483.5869,466.9474,648.0680
54.3000,1003.2811,1136.3782,421.6698,897.3954,579.9297,806.1935,605.3399,1032.7198,719.8697,533.4465,736.8327,239.9401,985.9706,237.5345,300.4886,301.8248,684.2170,508.5989,482.2615,643.3288
54.3333,980.4454,1099.6180,415.4096,900.7200,601.2243,780.2585,640.2719,1009.7642,720.9546,515.5382,714.7833,242.3232,957.3081,242.6717,316.9526,294.4609,675.8556,488.5053,478.3831,651.0812
54.3667,968.1688,1067.5098,411.7578,894.6803,583.3769,773.0406,637.2914,1019.0350,684.1838,501.5283,705.7477,248.1025,956.8726,246.1698,305.5479,300.8047,681.1400,501.9859,489.5634,636.7591
54.4000,956.7009,1069.0241,420.3784,862.9954,565.9430,777.0437,590.2161,980.1603,688.9572,521.3111,724.7046,241.4920,930.5040,255.2654,295.9718,304.3665,675.8134,484.4351,472.1499,621.2464
54.4333,954.8243,1066.7776,405.7824,841.1768,550.1787,757.2638,611.5533,982.9432,676.9476,524.7869,681.7666,243.5995,931.0197,247.5087,304.0134,297.7438,677.1853,490.2882,465.6550,632.7284
54.4667,976.7377,1055.1064,411.1835,878.2185,567.0343,778.2700,612.9243,968.3862,670.7302,518.1234,685.7267,248.4974,907.8646,239.6259,313.6718,299.4916,687.5743,484.7404,488.6660,671.7405
54.5000,941.2598,1022.2654,411.7662,873.2793,547.9520,769.1922,607.4334,953.8466,659.1881,508.9919,703.3785,251.4794,911.8949,242.2811,299.5277,300.5765,672.8172,492.0024,483.2835,645.8489
54.5333,927.8133,978.1499,413.6531,879.1186,544.8626,782.7370,602.4797,929.1912,643.9404,501.4023,680.9953,243.8417,857.8981,246.7032,301.3059,300.4932,669.7677,505.0741,465.0813,680.3618
54.5667,933.6555,986.2651,386.7545,864.3517,557.6910,742.1561,613.1217,904.5360,640.3306,503.3894,680.1389,251.9832,867.1142,252.1867,312.5449,304.6831,680.9369,497.0362,483.3282,661.1901
54.6000,938.7130,968.2424,395.8565,836.7623,550.6088,746.8499,641.0824,909.4125,630.1244,503.4280,674.0013,250.0326,855.3080,245.5165,311.8465,295.8458,690.3572,495.6596,487.6590,659.3450
54.6333,920.3828,947.4739,394.0433,854.2955,556.9112,750.4178,612.6989,893.9196,634.4683,489.2404,651.7019,242.7251,860.2238,248.5650,305.9771,297.5543,684.5669,498.0721,455.0746,644.1973
54.6667,921.4806,947.3722,395.2284,812.5383,529.7473,704.7224,626.1018,876.4280,626.9678,480.6659,674.5271,245.8551,839.4215,247.5152,307.4402,300.5501,678.2113,477.7739,476.6945,657.6165
54.7000,919.8608,921.3873,397.5220,854.9548,546.7546,728.9654,598.7285,856.2485,611.0895,497.5990,651.1775,242.6338,838.0430,244.3359,313.3603,295.0976,666.8580,499.4666,472.6952,651.4112
54.7333,916.9918,917.8942,391.6408,801.2522,562.6812,722.7709,636.4136,839.3207,602.5922,496.5626,666.2222,235.7841,801.0017,241.4021,306.7738,297.4171,676.4595,502.5057,471.2829,640.4008
54.7667,903.9447,924.4895,399.9786,816.3845,536.6023,750.4286,601.3006,851.8659,603.0436,494.7427,655.8583,253.1699,805.2005,250.4701,322.6979,297.3709,678.1176,489.8578,477.8255,646.9217
54.8000,873.8924,884.1950,400.0528,802.5481,518.5350,727.8915,626.7031,848.0098,604.0567,474.1688,648.4765,249.2118,794.9845,250.6305,293.5383,292.7741,659.0353,499.7909,481.3401,633.0094
54.8333,890.0292,904.4203,381.5576,818.4900,534.6102,718.0424,621.6392,825.6290,592.9659,469.2246,655.1491,247.7419,821.3452,246.1743,304.1536,295.3509,668.4663,489.1825,469.2920,689.7187
54.8667,877.6380,876.0426,389.3643,823.6107,537.8840,703.9149,604.1325,807.1667,582.7367,472.0619,654.3130,243.3593,773.1788,249.0987,310.6875,296.8072,692.7988,491.2047,463.0430,638.6354
54.9000,896.0068,878.6737,397.6839,787.8884,543.3156,739.4671,638.0462,782.8282,583.3969,478.2653,652.5494,251.8844,779.2788,239.5459,296.4149,307.1828,693.0609,500.6931,469.2551,619.5057
54.9333,901.3676,893.1394,372.4904,818.5316,521.8876,698.3968,616.0415,802.9678,568.0845,475.1754,657.1238,251.2287,767.4906,239.4910,298.0804,299.5311,660.0227,492.4967,474.9623,622.2555
54.9667,871.6002,850.2683,372.4199,785.2978,534.1410,703.1731,614.1116,797.9938,582.2123,458.6476,641.8071,242.8649,784.7791,246.2404,305.0432,302.5503,684.8004,478.0689,494.7825,629.9551
55.0000,886.2762,849.6132,375.0789,796.8716,525.1550,711.1148,636.8840,778.2669,561.2498,471.6562,647.4878,241.4502,771.4728,248.5251,311.3134,293.8058,706.8830,483.8990,470.9257,661.4126
55.0333,877.4845,858.5444,383.4387,822.8785,534.2639,704.0864,617.8824,758.3694,573.7285,479.6288,632.0109,243.6866,753.4492,246.9117,305.6231,300.6522,677.6619,479.1720,474.9014,659.3313
55.0667,865.0598,847.7006,370.0145,798.4181,517.8814,710.4812,602.7109,746.2323,566.5507,463.4463,618.3970,243.6105,745.7964,245.1603,295.7908,299.8948,683.6590,494.6577,476.9772,630.1143
55.1000,888.3587,868.6894,374.9633,803.5480,502.3628,706.0079,624.5220,774.5989,561.6557,468.6338,641.9539,239.9802,769.7963,258.2630,297.6466,294.7813,677.3292,491.7567,465.4359,639.8411
55.1333,856.2366,839.9327,385.2734,803.7311,515.6675,708.0975,623.5941,728.0232,561.3762,438.8904,623.0254,245.4869,738.8702,243.5081,306.4476,293.7057,662.8186,483.2878,460.3146,623.8149
55.1667,850.2660,823.1707,377.0971,819.3383,523.9772,711.9267,624.6059,738.6092,539.6475,456.6105,624.4432,243.3422,717.4428,242.0077,308.4520,302.0535,686.1672,504.2241,477.8515,637.2077
55.2000,845.0572,804.1282,374.6195,801.3019,508.7266,719.0073,639.8914,766.7871,560.2620,450.5315,640.4557,246.7888,718.4603,247.4321,310.4154,289.7318,681.6984,503.6267,459.5172,661.7376
55.2333,873.6118,816.6432,386.3096,801.8310,504.4811,694.9590,621.5298,704.9941,554.2860,447.4144,625.8334,240.2181,726.5001,250.8786,308.5090,293.2562,651.4500,492.0893,456.6067,641.2764
55.2667,842.9110,839.7255,366.0209,786.3783,507.2990,667.6963,626.6200,719.6775,565.2117,451.7399,641.4577,239.3392,731.3916,247.2245,316.4590,288.3000,662.7970,498.1203,476.7851,661.7842
55.3000,837.4856,809.3219,374.8348,765.4693,512.0362,688.5088,622.4910,713.2030,534.2287,448.4703,653.1783,246.2498,754.7264,239.2195,302.2788,297.4927,678.6478,481.6957,454.5074,645.6145
55.3333,865.0092,781.9117,383.6644,773.6536,506.4422,707.7617,645.0055,724.0392,540.2014,442.7454,630.5816,249.0298,727.2904,240.8909,301.2681,301.5237,694.1546,488.7498,470.5050,651.0291
55.3667,851.9716,791.5956,370.1912,784.4910,506.1851,688.8698,616.2367,718.3267,542.8704,441.5740,631.1410,237.2128,711.6459,256.1959,302.7486,300.5612,676.6174,505.5970,473.3381,652.6137
55.4000,842.3932,782.8278,385.1796,807.7086,502.0816,690.2533,613.1961,717.2819,527.2264,441.7094,616.7949,249.2604,729.1853,250.6454,305.1569,293.7445,660.0331,493.1778,450.5917,637.1621
55.4333,829.9040,792.5214,359.6130,778.5850,512.9562,695.2965,626.8468,712.7713,527.1581,446.7602,646.3166,251.4013,715.9556,247.3107,316.8367,292.0767,680.3915,493.6384,467.4806,636.1426
55.4667,845.9097,781.6358,381.1385,755.5267,512.1531,706.6447,618.3645,700.1683,534.2381,457.8699,602.4006,245.8717,703.4976,240.0082,300.2194,289.6102,654.6913,492.4929,479.3986,682.5336
55.5000,823.9972,772.8938,368.5552,806.6574,514.0396,686.2673,639.7377,673.3149,539.5910,463.5739,630.0084,241.6316,717.3224,262.1853,310.7499,291.3746,660.4292,497.6401,483.8578,652.3404
55.5333,842.8500,763.7691,375.8420,791.5577,530.5151,688.0356,641.6318,693.7596,528.8575,439.5611,608.3198,244.6973,718.4234,238.4745,301.0995,299.9280,694.1846,488.7280,471.6122,632.2028
55.5667,840.9505,772.3827,382.9597,781.1411,490.6342,687.3810,632.3671,714.9305,546.2753,456.2419,616.8461,246.9682,686.0077,246.5772,303.9912,291.4509,678.6401,510.3961,472.9966,646.6914
55.6000,836.4208,780.1238,380.6370,759.6332,506.0930,694.5211,609.1500,693.0208,528.1152,448.5759,606.6102,240.0685,695.3538,246.8848,306.9671,287.8802,682.9494,477.1127,462.1976,645.3506
55.6333,839.5779,785.8112,370.0718,757.4479,496.3622,701.5080,604.3797,698.0277,520.5486,448.9172,625.9068,249.7812,700.9832,235.4269,304.1896,296.9987,662.7939,514.4381,489.5439,658.6487
55.6667,845.3540,761.4472,373.6201,768.3059,510.9074,710.9763,630.3586,705.8613,503.1734,461.3086,622.9234,250.4156,679.1585,248.0241,299.4786,293.7009,688.4842,493.4350,472.8907,636.7455
55.7000,805.9881,783.0411,372.0401,788.8435,506.3097,687.9707,621.1900,694.5976,520.1529,447.4475,615.0351,248.0375,688.0503,243.3812,310.5188,285.3727,691.4644,480.2085,471.8808,655.9670
55.7333,817.1718,734.3689,362.4408,782.2456,516.8723,672.7264,622.8177,673.5837,506.5280,452.1238,607.3850,248.7263,698.1404,244.4588,306.4762,282.7665,656.7124,498.1876,466.7829,639.1981
55.7667,844.5566,786.0099,383.0035,782.0898,515.2688,688.1336,618.6481,663.1731,525.8405,459.6242,623.0195,253.4990,696.6516,252.9668,303.8626,282.0932,687.0107,495.0287,459.9052,634.0302
55.8000,829.8224,736.0332,354.3029,795.3544,510.5735,648.5578,630.2322,677.0217,531.0106,447.7418,612.4991,240.1276,705.0855,238.4114,313.3242,291.8235,662.7369,492.7398,492.2291,658.0047
55.8333,845.0232,748.3800,370.0959,789.2153,513.9087,647.7238,622.7037,689.8838,519.9409,453.3980,611.9180,235.2925,688.5242,247.0685,303.6634,287.6339,678.9882,507.8575,456.7648,645.9232
55.8667,857.8318,754.2768,376.4441,797.2169,499.8329,667.4282,613.9313,681.1410,512.6564,450.3727,611.6755,245.9902,676.4204,244.2097,306.4801,293.7495,687.7813,490.3625,482.2646,618.4390
55.9000,854.8799,746.2766,364.7318,790.3112,489.3171,680.0377,628.9933,667.5518,505.6058,435.9140,642.3984,244.2866,698.1004,246.3285,298.4149,298.7033,677.6665,481.1755,485.5104,629.0872
55.9333,845.2885,782.6872,371.5062,774.5670,516.7855,668.6507,611.3938,649.4734,516.1989,430.0403,601.9909,245.5691,673.9210,253.6076,299.2476,297.6924,682.7961,502.4572,465.3098,650.9114
55.9667,830.5976,742.8887,366.4862,783.3096,492.4377,695.5203,617.4049,685.8032,514.6570,458.8755,616.6684,236.7607,688.1992,247.0726,312.8459,289.5906,668.7754,491.0199,466.2716,633.3569
56.0000,847.2878,778.8571,368.8078,784.6941,518.0759,699.8516,608.8984,673.9910,517.4941,453.7365,599.7679,246.9766,672.5612,245.8173,313.1197,295.2719,671.9627,476.7311,459.6604,659.2841
56.0333,818.4016,691.7921,369.9479,790.9272,502.5623,688.1749,618.5477,656.5599,507.7377,457.3081,638.3737,241.0486,666.5141,237.2311,310.4428,291.5862,655.2392,501.0479,479.5006,665.7453
56.0667,830.5603,716.4080,376.4225,766.8885,493.9481,674.3606,609.5575,667.6879,489.6100,433.2902,618.4647,244.8812,672.3016,246.0197,300.2072,299.2312,673.5412,499.5160,472.3858,645.8422
56.1000,822.8748,748.0574,383.2956,758.4994,498.6003,670.5181,608.1385,682.5226,503.1912,433.7242,617.2283,239.8834,686.9956,249.9143,309.8817,280.0853,667.5878,500.2150,494.2633,677.9277
56.1333,819.0569,728.1575,359.0067,794.6473,497.3298,672.9983,616.4148,673.4056,514.0264,442.4993,616.1305,243.7759,698.7658,244.6978,301.6003,294.3351,658.6873,510.5859,466.8311,647.7919
56.1667,814.3352,721.2666,368.8976,776.9285,493.5726,693.5230,617.8206,639.6571,511.7388,438.5834,580.1540,245.7578,680.5259,249.9786,318.4164,297.0500,671.7164,486.6701,472.9853,636.7430
56.2000,832.3928,737.3613,374.4336,748.5535,501.4240,652.5374,622.1352,641.5590,493.7402,455.3119,627.4332,251.2251,840.5991,242.3084,304.2987,286.3344,696.8474,504.2460,473.3819,649.5103
56.2333,794.7093,734.0650,362.0067,741.3154,495.5123,664.3117,608.1686,638.3168,521.6024,446.1352,606.4809,243.4595,952.2440,242.9085,303.9341,287.7220,700.4165,482.9224,469.3430,661.5046
56.2667,788.2036,725.5003,375.7932,761.4897,508.1370,674.8337,624.1240,650.9870,511.3012,443.9338,609.0981,250.4162,962.0291,247.4711,315.7284,293.5893,687.7280,489.6251,474.0351,642.4734
56.3000,834.8244,726.2064,339.4469,775.0815,497.1677,675.2429,632.2104,668.1008,496.3161,426.2745,613.4714,248.0569,975.5577,244.0380,310.8872,292.8988,673.9264,504.0350,473.4855,639.5623
56.3333,825.3546,734.7214,374.9336,752.4477,485.2838,660.0087,608.0640,661.0258,506.6637,452.8184,630.0800,242.7198,958.2550,245.9827,302.6309,288.3338,681.4432,484.6685,480.3692,640.3057
56.3667,831.9264,742.2379,365.0702,778.3671,490.0905,669.0844,598.2183,688.8384,497.7389,444.7786,625.1627,232.2211,967.4546,243.1697,288.2554,287.0386,691.6834,483.0822,479.7479,653.8122
56.4000,816.8914,745.4120,363.3930,769.1248,485.9173,672.7078,619.2025,653.2615,508.3713,441.0201,616.8230,242.1010,929.2604,253.0441,312.0943,286.9423,677.9011,501.6972,464.2006,630.2718
56.4333,826.2345,733.2607,365.3851,755.0349,505.7306,662.0683,623.1905,659.9391,519.3377,441.9238,622.8869,242.4017,931.1803,244.1778,308.6832,292.0609,696.9916,481.5666,473.6037,656.8912
56.4667,810.8729,712.2264,375.1428,754.0048,501.1614,681.3562,612.9528,674.9169,514.8562,432.5349,622.8276,248.1632,890.7309,240.7817,298.5151,294.3575,682.1116,491.1296,457.9468,659.4936
56.5000,810.3570,718.9458,362.7278,773.7422,485.3224,669.4061,616.6233,644.7422,509.5889,442.0949,600.9243,246.2423,899.3782,244.5685,306.3878,288.5712,670.4629,506.1674,473.0904,639.1030
56.5333,800.8078,723.2391,355.8062,752.9563,489.5071,872.6788,633.9069,675.0494,507.4452,451.3497,601.4313,243.4631,902.6596,255.2557,302.6942,286.7662,683.1690,480.9957,478.8748,655.3564
56.5667,846.9444,741.5832,353.5863,756.3899,488.7579,935.8408,613.7622,640.3641,513.5890,453.7001,629.3888,244.6326,847.0269,248.8823,304.0929,288.3979,702.0039,487.6168,472.7127,650.6089
56.6000,803.2376,714.7548,360.1794,769.7017,487.6269,979.0914,622.1374,665.8469,500.4018,437.3816,606.0067,239.9909,895.0019,244.3619,301.2119,291.0192,684.5503,490.9837,473.5642,623.8587
56.6333,843.3407,744.6511,362.5907,762.6236,514.1828,964.2561,642.1543,663.9226,497.0960,449.1116,620.0137,239.8003,860.0130,246.9012,314.5478,293.5994,679.5322,478.9627,477.0353,650.1272
56.6667,799.1508,709.9334,357.7903,737.9125,488.5486,970.7282,624.1333,636.0356,499.4994,452.2993,607.1139,254.8393,845.3637,247.5086,298.5730,290.2444,672.3143,484.4939,483.5149,679.5874
56.7000,803.9463,731.2327,369.3489,780.5854,487.6018,924.1974,633.4841,642.7679,494.5293,450.0926,604.5591,245.5555,853.8789,246.2702,290.2239,292.7472,673.7407,501.2093,469.5293,661.8099
56.7333,837.5894,724.4460,360.4445,983.8420,482.9427,934.3679,628.7190,642.0143,501.1364,441.7746,607.6850,243.9151,836.0596,252.7224,310.3589,295.6510,684.0190,489.4210,474.3064,671.2770
56.7667,827.3866,739.1264,366.3430,1092.2539,479.2720,913.7434,604.8884,643.4850,492.7611,458.6864,598.7059,239.1158,810.8272,250.3116,314.2129,301.3515,667.2106,477.0927,461.6133,677.0071
56.8000,824.6681,744.0427,359.9276,1313.1131,497.0279,928.2614,616.3616,677.8863,494.8323,453.6029,629.6598,234.0000,823.9057,253.1280,303.8338,305.1991,678.6045,513.3504,483.0103,668.4218
56.8333,803.3480,726.5128,364.5479,1409.5111,469.2941,907.2394,633.9537,649.8988,504.5340,457.6694,589.5903,242.0120,801.2959,242.3786,320.0945,313.9028,685.9270,499.3372,475.6853,652.9545
56.8667,833.3396,720.9184,362.7363,1410.7118,498.6322,892.3085,621.8859,656.8548,505.3506,433.6250,608.9854,246.1324,798.7699,241.3311,303.6790,288.4496,644.9650,502.9563,474.2050,639.2967
56.9000,804.3084,740.5769,366.2525,1416.2867,482.3025,857.0266,619.2625,630.2357,493.9672,440.6466,585.2019,248.1672,774.6480,246.5041,309.9418,294.6343,666.5296,494.5493,479.9206,655.5737
56.9333,822.7102,718.4472,365.8863,1421.3257,518.5877,869.0524,611.5158,619.8510,496.3140,436.5892,608.0132,248.2056,804.1274,250.0015,310.2867,297.0852,696.4853,504.5148,476.6523,648.8777
56.9667,806.4127,729.2557,372.0653,1363.6325,494.2978,854.6889,611.3224,657.6163,506.2813,423.4232,620.9847,242.9148,754.8840,252.9623,311.8843,292.0440,685.2874,491.1175,480.4113,634.3779
57.0000,842.3479,727.4658,363.1286,1340.5201,490.8328,829.0379,631.8309,679.7028,501.8602,451.6397,589.1480,249.0959,760.1943,248.4050,310.5103,286.6149,655.9940,508.7853,462.5649,664.3338
57.0333,824.0738,718.3246,368.8151,1338.5437,492.6971,839.1862,625.1127,654.3061,484.6792,448.2420,607.7531,241.2400,762.0849,245.4711,309.8762,300.8603,683.5759,497.9215,470.7985,643.6789
57.0667,839.0045,714.5016,365.1794,1298.9636,480.3851,840.8756,649.1185,653.9589,487.4995,435.4039,628.2224,313.7850,744.4905,238.4860,310.5315,296.8054,676.8698,507.3030,480.1656,655.1236
57.1000,815.1736,736.5996,370.2999,1280.7272,499.2489,813.3374,613.1021,648.6968,491.5853,430.1801,607.0203,333.8590,770.0409,248.4413,318.3989,286.9702,691.0064,487.0732,489.9008,639.5485
57.1333,806.2665,729.8560,371.3510,1246.2780,487.9655,821.6162,622.1453,656.2444,485.6089,449.3696,593.5047,352.6426,755.9529,250.3505,307.0378,294.8320,687.8617,524.3253,462.7126,643.8172
57.1667,795.8138,709.3570,378.0996,1225.5940,494.2264,805.8106,623.4362,643.3844,496.8826,449.6259,609.7171,357.3392,713.2973,244.0667,302.7772,295.2259,687.0693,501.0294,475.9040,669.9200
57.2000,821.4739,706.1517,365.1233,1203.1248,501.9529,796.1975,636.4166,648.6376,512.1672,453.1052,621.2420,348.0453,719.0539,242.8868,311.4390,306.0300,669.2031,489.2212,482.2038,649.7924
57.2333,836.3156,740.2106,370.0618,1177.5783,502.2734,779.7858,623.4817,621.3781,620.7791,449.8694,596.5830,350.3619,723.1873,243.3429,301.1628,285.9512,693.4974,496.8755,461.1906,653.5759
57.2667,825.8219,753.2653,362.2920,1153.6390,497.5783,792.9769,601.0244,651.0160,696.0577,449.9822,612.7512,352.5202,720.7704,251.5033,302.7921,287.7399,690.0287,473.8532,479.0027,817.0614
57.3000,806.0021,723.0775,355.0441,1122.1472,503.5292,757.0940,643.9440,633.7076,708.6128,442.1415,630.0978,336.2525,708.6571,242.3087,302.3547,303.6210,670.3245,503.0124,485.0375,901.2340
57.3333,810.0968,722.1884,364.9211,1104.4824,491.1861,779.1680,611.8950,645.6526,726.3168,444.9700,601.7928,326.1212,716.2078,246.9792,392.5051,291.2056,670.4348,488.9811,471.4252,931.5311
57.3667,810.0501,736.6074,369.1708,1105.7969,500.7946,758.0533,622.3405,644.3534,699.6780,450.3504,616.7994,326.7431,723.1362,241.6485,429.2592,290.7050,677.2202,489.2483,476.8002,946.9377
57.4000,816.6480,715.8125,375.0416,1085.9801,485.8697,751.9461,612.6412,640.7598,696.4756,442.0835,598.4575,331.8698,710.0997,242.4849,446.5606,278.2537,691.0794,488.0281,493.4593,944.7112
57.4333,828.0986,705.7623,366.0265,1059.3866,475.9729,752.2222,607.1391,656.4845,694.0154,430.5414,617.7007,318.7554,695.8820,242.6468,436.7639,293.6510,666.5463,488.6145,501.2903,954.1339
57.4667,819.1980,734.7068,366.5125,1027.4849,484.6263,737.3714,633.4513,653.8819,690.1970,444.6198,597.2764,320.3151,713.8988,245.3971,447.9973,295.6103,677.4588,495.4372,488.8266,889.5424
57.5000,828.2537,721.4822,358.4296,1026.0357,495.3236,765.6822,633.2588,633.6973,671.0754,462.7400,593.8230,315.4021,707.8847,245.7075,440.5556,291.2060,677.2151,491.4522,472.0762,911.3394
57.5333,823.9032,743.1446,378.6106,1010.9365,509.8134,730.9222,617.4615,659.8626,661.0047,436.3610,610.4508,302.3556,714.6900,244.5536,428.2124,294.3273,674.4063,506.6535,495.2205,898.6194
57.5667,800.6836,727.2682,358.0290,982.8903,500.2398,765.6409,600.5510,628.0647,661.9780,442.5848,609.7073,308.0157,709.1349,247.1971,420.7345,290.4908,679.1130,485.2571,490.8835,871.6867
57.6000,818.2481,735.4385,364.9268,988.3492,493.1318,732.5431,628.9264,653.3252,632.2598,440.7935,628.4206,301.0658,713.0811,251.7207,422.5854,294.1862,688.0013,506.5398,475.6083,867.4446
57.6333,800.8043,714.7708,370.7448,935.6239,481.5141,712.9100,611.5813,653.7011,634.0409,442.5486,592.5067,299.4630,700.4255,241.3120,401.5030,282.1539,676.2730,491.8056,473.4175,854.1899
57.6667,818.1661,732.0790,361.7117,959.0052,493.4461,716.0895,609.7072,655.6191,632.7401,436.3040,608.0200,302.0571,686.2084,250.3735,399.2634,281.3800,660.4689,495.0789,486.3431,821.9522
57.7000,823.5157,718.2064,369.4710,922.7321,508.7451,717.0577,645.5264,633.9676,624.0119,444.1395,615.9706,294.7941,697.3947,247.9852,401.5561,297.1738,696.9792,476.5483,492.9123,832.6268
57.7333,804.1705,737.6555,350.2605,948.7092,482.5129,711.9399,624.8411,662.4879,615.8706,464.3149,608.8344,284.8801,694.9970,252.5265,394.3644,297.4262,694.6038,502.3826,496.3811,822.1101
57.7667,795.5150,745.1289,362.8585,926.4768,478.9869,693.4447,636.0712,654.5739,610.0352,441.9204,623.7268,283.6508,703.0096,243.4202,384.1814,290.2489,687.9179,505.6432,491.3959,791.7217
57.8000,819.7884,721.9825,370.1260,908.5510,506.7305,708.8901,630.3892,658.2565,606.5361,445.8106,607.3463,288.1915,675.2562,238.5734,391.5764,294.5695,677.0426,491.1449,475.4703,811.9796
57.8333,814.4847,720.5292,338.6898,925.6759,488.7982,738.2879,790.4741,643.0839,585.9001,447.5051,601.3852,279.1913,681.5631,249.7956,388.6355,290.3275,676.3295,481.1585,468.1149,782.5958
57.8667,834.7981,697.7830,350.2710,925.9344,486.4395,686.3447,879.9531,631.7300,578.9395,455.0279,609.0667,341.9537,679.6293,246.8348,378.8172,291.7659,694.1747,495.3817,477.0525,784.6682
57.9000,805.8568,750.3311,367.0104,880.6656,492.8283,704.3566,915.6808,629.4529,585.2882,460.4783,608.0638,377.5071,698.6384,235.3938,373.7455,289.8725,718.0093,495.3858,484.7501,757.1185
57.9333,842.1860,753.1373,349.2502,899.3655,488.1098,710.9510,907.9428,658.1192,571.3483,456.4952,600.1333,390.3161,677.8733,232.9603,376.2620,298.4287,685.9942,478.0994,472.6960,773.5974
57.9667,826.5771,742.0147,359.0005,876.0009,482.5283,702.5801,879.7011,645.8493,578.8330,439.7482,599.9543,383.9666,664.4079,247.8042,367.5768,290.8710,675.5475,508.9700,469.5502,737.9733
58.0000,792.1183,705.6183,372.8784,863.2696,491.8584,709.7035,881.7833,660.5347,565.9469,453.4272,598.5813,376.7629,701.1411,248.7751,361.7767,292.8390,666.0250,478.5469,474.4245,760.4332
58.0333,805.3256,722.4774,349.9211,867.2525,495.7488,687.3666,880.7699,673.5487,553.0983,454.6580,630.8287,375.7714,674.5288,252.4701,357.7801,290.9776,667.3344,514.0962,510.2032,749.0448
58.0667,816.4326,710.9239,372.0784,858.2773,486.7337,701.1805,874.0888,654.1400,559.6334,453.2147,616.7122,378.5697,659.0277,243.9072,361.6812,290.5141,692.6239,507.4184,472.2764,752.2289
58.1000,814.0078,725.7203,365.1473,882.7816,493.0099,697.2312,864.8922,646.6760,555.9931,448.2865,596.2382,361.5955,662.5964,244.4474,360.3844,294.4575,665.2958,510.9417,477.5350,737.3098
58.1333,801.7281,717.9639,363.9877,869.3224,516.3521,694.4903,847.7586,672.1347,553.4460,438.4674,609.3030,361.1794,701.4332,243.8450,352.8450,296.7749,695.1297,506.5638,487.3222,753.4887
58.1667,786.9128,719.4635,346.8294,1046.1727,479.7139,669.6416,835.1317,646.1854,564.4270,435.5401,610.7174,354.3033,688.1976,244.9796,347.1866,284.6286,663.9738,502.1367,485.7010,720.6818
58.2000,810.7949,691.8909,368.9650,1159.1506,498.8238,693.6266,824.9389,633.2049,540.0342,438.6646,601.5193,347.4422,682.7568,247.1923,353.8210,292.7824,697.7878,507.1749,492.1959,732.9991
58.2333,812.0731,722.3127,352.9245,1192.8258,484.5903,714.1087,793.2740,662.5564,546.7453,453.5154,604.4201,342.9726,678.9878,247.6698,348.9903,282.2618,690.3523,508.0794,474.4669,737.3554
58.2667,824.7088,736.0878,360.6485,1158.6048,495.0288,690.4938,795.9148,665.6171,536.7010,457.6273,605.7334,340.5134,653.9864,245.4865,344.0048,290.9966,652.5564,499.3845,485.7823,731.6247
58.3000,818.5503,716.5942,375.4941,1161.8176,487.2132,669.8302,775.3072,645.1153,541.0043,441.1803,618.0238,333.6867,665.9726,242.2748,339.4214,291.3297,692.2643,495.9769,476.0211,719.0390
58.3333,798.3678,707.6323,354.9324,1187.0537,493.3730,711.0622,782.5186,662.0705,549.2927,436.4859,607.4053,330.9707,667.6511,241.1990,344.5682,285.6258,664.7815,496.6335,490.1991,716.8655
58.3667,827.7165,709.1477,358.6126,1125.7128,488.6457,686.3138,772.7862,621.2873,555.3963,436.0373,605.3065,332.1647,678.0176,254.2418,342.8767,288.8302,673.5135,500.6365,474.6064,724.5307
58.4000,805.8980,713.3292,352.1545,1104.2886,482.0861,690.9682,772.2305,656.3029,527.4742,429.8998,605.9786,315.7715,655.9457,248.0675,338.4183,289.9110,702.2382,501.6911,477.4966,715.8029
58.4333,830.4536,714.5542,351.5248,1092.9764,504.5043,682.7343,783.9448,653.0242,531.0201,432.9402,611.0520,319.7567,651.9172,242.9957,333.0120,296.0776,652.2412,483.9420,491.9997,718.4723
58.4667,807.7497,714.1924,362.7321,1092.3857,510.2237,646.9327,746.6634,659.9436,529.7518,438.9880,617.4498,311.1934,664.2098,252.6298,338.6632,289.0543,681.5634,486.1803,483.9851,689.6319
58.5000,806.4086,753.6783,368.3041,1081.6457,481.4627,682.6504,737.8502,651.4129,523.3687,451.7331,614.8473,306.4349,663.0196,241.6668,341.7022,288.7922,683.3724,502.5230,481.8751,695.2330
58.5333,814.9434,712.6926,361.8034,1036.7456,488.8138,685.3441,733.9292,670.6543,520.9137,450.8704,604.9363,304.8223,653.3902,251.2609,319.5032,280.6094,669.1207,506.6920,479.1071,702.7452
58.5667,827.2222,718.6468,360.3591,1050.0811,495.1866,704.0167,744.9944,635.3334,500.8984,426.1232,602.4248,304.1407,668.6015,258.5899,324.7674,281.2961,685.8204,509.2691,473.3177,697.4925
58.6000,819.0763,733.7286,363.9774,1008.5901,480.4073,693.7299,878.7842,629.8923,519.6837,438.8875,619.0482,301.9766,683.4888,244.5291,323.0295,291.4969,683.7297,493.5595,484.9411,661.4224
58.6333,794.2351,724.5712,371.2418,1013.0513,488.7019,690.2388,950.5001,670.7272,531.6311,428.8816,602.0107,292.6271,659.6071,241.6333,318.7159,285.3517,698.7933,504.8945,475.4851,711.9660
58.6667,830.2304,707.9327,356.2225,1009.4724,501.6963,665.8495,986.9380,649.0566,512.1178,444.2497,606.1237,292.6239,662.6261,254.9655,320.8025,295.9962,674.7125,493.4792,490.3477,680.8183
58.7000,804.1021,713.6953,373.2571,968.7188,497.2117,675.4349,982.5585,641.3400,517.6547,435.3891,593.8499,293.0379,659.3682,236.1491,323.9305,290.2529,668.9933,501.7398,484.7934,688.6224
58.7333,791.7334,720.5641,354.8258,941.2516,486.0095,665.7389,974.7437,633.8895,501.4734,445.0531,600.6562,296.0539,642.7041,240.9598,321.1073,286.9745,663.5908,506.3611,482.7925,682.2440
58.7667,787.5876,726.9518,358.6749,944.4424,494.4414,666.6181,974.0646,623.0823,514.9549,438.5184,604.3757,274.8530,675.2061,251.3535,321.2574,285.6098,674.7040,504.5150,478.3636,671.1302
58.8000,835.2282,703.8681,371.7441,960.3963,490.8307,684.0591,971.9270,647.0308,521.5464,434.5014,607.0359,287.2263,688.1662,260.3718,311.0553,294.3254,688.0094,520.1592,490.3515,692.4807
58.8333,838.6679,734.1905,364.5391,930.9429,488.0683,687.3309,949.4421,647.6691,516.8922,459.1807,614.6737,278.8847,690.9613,248.2006,328.8706,289.7115,696.5753,494.3820,475.5706,675.7477
58.8667,805.7447,735.2509,364.9335,957.8563,492.5096,673.1900,917.6931,650.2186,508.0236,437.4441,630.6747,279.5930,644.7805,252.5957,325.0772,295.7093,663.6094,480.9182,471.0956,679.3354
58.9000,809.6998,711.0785,352.9338,937.1898,509.6506,655.7130,883.5243,648.1124,500.0673,437.5425,615.6897,273.2749,643.0719,248.5075,319.1596,293.4759,714.2485,500.3633,486.1165,680.5159
58.9333,1038.2621,719.5979,367.8837,941.6733,483.7008,676.2942,897.9497,646.5035,509.3410,426.8650,604.6953,282.9259,646.3078,251.0706,326.4505,295.3159,716.0301,501.7434,490.6789,654.3135
58.9667,1116.0688,731.2461,372.7884,929.2105,494.9355,685.3272,888.4639,664.3982,512.9541,453.4101,588.3740,273.8963,661.7679,240.1400,326.5197,278.9023,686.3752,503.7899,467.3131,659.5046
59.0000,1173.7411,715.1282,362.4015,892.6779,497.9110,674.1481,860.1538,622.1549,502.6191,434.0505,628.1117,274.7264,631.0882,253.0498,307.0980,300.1271,661.0951,516.0274,481.0721,683.2173
59.0333,1186.7337,687.6974,371.6223,902.6551,496.9604,669.6275,849.4833,645.4887,501.9459,434.3111,617.6600,273.5667,682.6028,247.5390,320.4863,293.2146,690.3285,501.1276,484.6001,674.1453
59.0667,1163.9652,708.3078,362.8589,883.0701,497.1757,676.8215,832.9656,639.8909,516.5222,440.8626,615.5491,269.9308,673.3423,249.3625,309.1540,295.1970,677.2378,497.3792,481.9388,669.4377
59.1000,1161.2082,759.4824,351.9647,899.1533,485.9741,675.6021,826.8289,657.8744,514.0700,439.9265,601.7770,270.4959,677.6420,237.9683,316.8147,287.1678,683.7563,498.7378,487.1349,652.9437
59.1333,1135.0917,708.0996,362.7866,883.9124,491.7284,681.4494,833.1819,676.7200,501.4951,434.0169,605.5002,266.3655,662.4044,245.8929,317.4360,290.3666,672.6093,501.3140,490.5672,665.0238
59.1667,1141.5402,717.3335,367.0910,858.7014,492.4965,670.4852,824.1044,649.2424,508.8744,445.1123,602.4357,266.7411,641.6286,241.6928,311.2213,301.3171,677.1304,490.5235,483.2316,669.7210
59.2000,1094.4620,750.0219,367.6903,864.5665,496.3743,685.2895,806.9046,627.2692,493.9889,456.4081,601.4826,259.7079,654.2134,256.6354,319.4351,292.4735,704.5493,504.6739,479.2047,655.2344
59.2333,1085.9045,712.9047,364.3051,878.4721,500.1187,690.5026,816.4259,654.7955,515.3083,450.6424,581.1754,264.2021,656.2655,252.3119,317.0891,289.6779,676.4618,502.4911,478.5566,654.3701
59.2667,1101.0825,711.8225,362.7535,811.3663,501.5019,661.1537,785.2738,654.6500,493.6562,448.7001,641.1338,269.2295,689.7184,254.0084,321.4560,292.4413,682.1283,505.3847,485.8451,678.8896
59.3000,1066.9119,706.8167,372.0829,865.5292,500.1382,671.4128,771.1691,664.2293,487.1746,436.3153,617.4184,257.7654,639.7125,243.0858,307.9072,301.6702,662.8718,508.7579,483.8103,695.2891
59.3333,1088.7993,728.1695,370.1582,867.0253,485.6857,667.5987,783.6530,650.5270,503.5881,450.3151,625.6823,267.8734,661.5993,314.4081,317.2872,295.7002,687.5647,505.7713,478.1079,667.8802
59.3667,1049.3409,706.8114,356.7333,842.4430,477.8288,683.9752,746.3807,653.3002,483.3776,466.2758,608.1649,262.7513,652.0550,341.3308,317.0247,286.3145,649.5547,484.7183,476.4855,655.3406
59.4000,1043.8983,733.9736,357.2628,868.5642,488.4539,659.0961,758.0874,637.3031,509.1204,440.3068,616.9644,254.9192,691.1205,364.9276,309.6108,288.9467,670.8257,508.0802,481.3229,657.5332
59.4333,1024.1576,737.7399,367.7769,841.2253,482.2321,662.8494,740.4229,625.9416,506.7364,436.0913,616.5085,257.7397,826.5379,347.3859,308.6250,285.2613,682.8729,502.7476,485.0755,690.2443
59.4667,990.8265,743.4098,352.5156,825.7084,489.3683,653.7314,749.2742,635.6161,493.2935,455.9850,608.1873,251.0786,911.2455,355.9991,310.9329,296.9026,650.1464,492.2327,493.9556,685.5704
59.5000,1007.4876,738.9626,360.2384,857.6969,500.4061,665.9216,748.7276,642.6811,496.2661,447.6684,599.9652,258.3965,963.8819,349.8387,311.3326,296.4479,666.2352,518.1288,479.8884,660.8751
59.5333,966.9433,716.4319,360.0607,853.4907,506.5973,665.9508,718.9685,650.6331,504.0612,443.4134,598.4220,255.9090,942.1142,351.4954,316.1846,294.4088,657.4398,503.9296,461.4569,672.3000
59.5667,947.3476,697.6604,356.3868,834.5947,489.8231,668.3929,720.6783,634.1322,506.9127,443.9564,625.2881,254.8622,929.3619,341.8543,303.9886,283.9877,662.9468,507.0011,484.1643,658.0612
59.6000,970.9699,706.6611,375.8664,832.8973,494.3406,663.6445,688.1292,655.7329,503.6331,456.9094,632.2430,262.3061,939.1724,330.1421,313.2942,292.3601,701.0668,496.1044,479.6647,657.6200
59.6333,972.3827,753.7746,365.2477,811.6781,506.3024,659.1165,709.7934,656.7513,500.2025,440.3314,620.2435,259.4498,969.4998,331.7827,306.8949,286.5653,680.3659,489.1448,484.8161,674.9016
59.6667,968.3801,720.0393,357.4385,808.2346,499.7900,681.9353,696.1011,645.8428,480.6979,449.5381,601.3356,255.1818,916.2108,327.2220,315.9538,291.1421,701.8681,505.5445,462.8359,662.9823
59.7000,947.7891,729.5778,351.1601,797.3749,500.8185,656.5102,701.7400,677.1868,499.2608,453.2286,596.8458,256.2213,907.7529,325.2925,306.3259,288.2787,688.7136,513.7536,463.5545,663.5835
59.7333,933.0416,698.7147,356.2430,833.5646,480.1496,656.2565,713.9363,633.7239,494.8111,456.0206,598.5622,248.5220,884.7037,320.0488,319.5846,284.9403,701.1624,511.1242,477.7719,657.4242
59.7667,925.3292,736.8734,367.0046,799.2176,481.5511,644.5638,693.3947,666.3099,489.2252,465.4121,632.4057,254.7593,889.2282,324.6349,306.0793,293.6586,683.0905,491.6248,487.6160,692.3606
59.8000,929.6838,723.4867,359.7161,824.0482,467.5704,665.6608,674.8741,638.6296,507.7291,437.5039,636.8397,254.2588,875.0280,314.7703,304.0405,301.3382,693.2445,495.9988,490.9445,635.3338
59.8333,931.2672,708.7151,361.6839,807.4393,488.3991,647.3233,671.2733,644.6903,490.3857,447.6682,620.4518,256.6403,840.5790,314.8044,307.2737,283.7155,670.1758,458.5713,487.4735,646.8391
59.8667,910.0373,734.2463,362.2379,829.6974,492.2653,660.5742,679.9964,654.5864,491.5688,446.9973,627.3991,250.5094,829.6447,310.7459,316.2626,293.2252,682.2972,510.6660,485.9644,664.3739
59.9000,914.4283,726.0794,352.4925,825.0974,496.0315,654.1818,687.7582,625.2433,498.2250,449.2424,610.1051,251.3594,824.9636,305.6701,307.6142,290.5053,697.7488,475.8866,481.4776,646.8000
59.9333,917.7151,687.8709,366.6643,794.7630,509.1032,655.0544,680.6762,651.8441,490.6908,459.0138,594.0539,253.7735,821.0673,301.0276,315.5121,280.9024,664.7747,486.6991,493.0222,657.1463
59.9667,913.6278,729.3148,367.6267,781.9243,484.8809,682.3940,677.8800,646.5696,490.8939,468.8096,639.6253,255.2767,788.5135,299.3828,311.5621,293.9018,697.8649,492.0033,475.8222,672.3375
