time_s,cell_01,cell_02,cell_03,cell_04,cell_05,cell_06,cell_07,cell_08,cell_09,cell_10,cell_11,cell_12,cell_13,cell_14,cell_15,cell_16,cell_17,cell_18,cell_19,cell_20
0.0000,716.9775,323.9355,297.6631,677.6613,389.6591,736.4182,468.6786,430.7631,387.4599,355.6323,703.5824,360.7396,390.3534,813.3081,409.3172,225.0491,492.1633,750.7329,578.0657,755.9483
0.0333,742.9674,324.8145,292.0119,738.3861,393.7432,731.2109,482.0757,439.3173,393.6342,365.5830,689.4773,364.9746,404.6209,823.4996,415.7736,218.9584,498.3128,797.2847,578.7507,767.3559
0.0667,715.2050,336.2882,300.7556,736.3053,389.4575,729.6303,474.7934,437.7864,397.0388,363.9700,720.2177,365.9936,405.6027,802.9383,416.8695,216.0708,478.7279,757.1394,547.4655,775.3799
0.1000,721.7678,323.9753,380.8353,728.2188,399.4865,720.3124,492.2852,442.1398,406.5815,356.2604,690.8686,368.0883,404.5746,839.3258,436.5017,216.9120,490.0970,772.2993,563.8558,773.6951
0.1333,720.5170,335.4153,413.2007,726.4571,389.0523,722.9163,487.1141,436.7259,389.9126,375.9964,718.5382,368.4308,386.8133,818.2200,427.2278,218.9516,492.0692,793.4062,570.1550,761.8682
0.1667,714.7337,325.0872,433.4124,711.3550,393.1731,739.5198,484.3248,437.6360,385.7396,366.7082,695.5299,366.7426,413.6320,809.2511,426.5687,220.0114,497.3662,752.2559,583.7100,751.5317
0.2000,708.3500,338.5999,427.4902,728.5717,403.8609,724.7364,498.7671,431.9243,393.8742,358.5633,691.5738,376.1761,397.3663,820.9766,420.7802,217.6707,490.7371,746.4531,561.3644,760.7658
0.2333,727.2606,325.8054,433.5640,731.1574,397.3162,744.9844,469.3831,449.9526,388.6322,374.7129,719.4056,369.8590,402.5196,828.7756,419.3471,218.0838,496.6591,773.7053,556.3726,782.4445
0.2667,733.4263,334.0419,429.5548,714.7461,387.5309,719.9077,480.9658,434.7947,399.4181,362.3743,687.3980,363.5077,411.3881,811.1801,435.0501,280.5090,481.4388,771.9261,577.5007,763.6508
0.3000,705.9462,332.8274,409.0041,744.8204,393.4569,709.7774,476.6276,438.9789,388.1219,358.6054,689.2016,373.6498,399.9754,854.6861,424.1302,306.0689,509.7968,759.8355,582.4479,759.9207
0.3333,724.2118,321.7080,403.7637,723.2125,378.9516,727.9899,496.0460,427.6296,401.0703,356.9890,741.7167,377.7515,393.4996,809.3279,445.5967,316.3820,478.5114,768.2342,572.7907,756.4531
0.3667,692.7020,317.1205,409.0337,725.1576,393.6422,747.5610,485.9003,448.7376,394.3912,351.0627,703.1385,359.5503,389.2872,830.3958,426.1628,310.8270,491.8525,749.2952,562.0876,761.0178
0.4000,701.1356,326.8646,402.7792,714.5833,384.6933,714.8477,483.9325,430.3808,397.7477,362.0948,718.6326,370.8140,406.4399,802.8955,543.3944,313.9590,487.8038,986.1952,583.0743,765.3001
0.4333,711.8622,312.0758,395.6311,725.4426,391.2098,724.5231,475.2622,451.6249,385.2755,358.3175,713.2283,345.6450,421.9527,830.0847,603.9776,311.5830,507.9842,1035.4763,571.4768,734.5871
0.4667,727.3217,331.9287,391.0349,714.4508,399.1202,732.2943,503.1712,440.1699,385.4091,367.4910,710.5548,384.2811,393.0303,829.4393,607.1446,307.0152,511.4236,1105.0898,558.2817,758.9343
0.5000,717.7527,325.3517,382.6206,720.5665,395.4946,720.0628,491.6432,442.1790,390.1987,458.4142,699.1365,372.2952,392.5749,786.9093,617.8159,295.3152,495.7246,1106.7971,558.8274,750.0254
0.5333,726.3729,344.0539,376.3457,721.4352,394.0972,723.5189,481.7667,443.5179,382.9242,494.2939,706.0312,374.9762,401.8049,825.2261,605.4201,302.4638,490.6386,1099.5963,558.4436,781.1759
0.5667,712.6166,328.8235,377.8619,694.0000,387.9740,739.8752,474.3907,444.9680,380.7504,514.2903,700.3806,369.2894,402.5361,837.0580,581.2059,291.7779,484.7303,1116.2171,558.7780,743.0167
0.6000,717.4043,324.3273,366.7400,690.7587,400.7635,723.1111,480.9327,439.2726,384.9087,526.5832,715.9655,363.5301,407.9306,809.0640,602.9171,290.7906,499.9988,1062.6556,565.2214,760.3114
0.6333,708.6425,330.9782,360.1459,717.2137,398.7135,737.9013,479.6772,432.4383,403.9871,520.0428,703.1671,367.6852,402.6048,818.0888,601.3924,289.3954,492.9462,1064.1223,576.6794,773.1553
0.6667,717.0982,415.7793,367.2811,740.3603,402.5108,711.5111,498.1244,433.4122,388.6549,510.9989,707.5274,381.4100,406.8844,828.9968,576.0113,276.2417,481.0568,1049.3057,566.5141,751.1729
0.7000,721.6732,458.5697,360.2615,719.1547,392.4211,708.2705,492.6287,448.1407,386.6370,513.9835,695.6728,365.2551,382.2311,826.1970,568.3923,279.7183,490.0131,1020.0275,570.9825,756.1881
0.7333,732.6566,485.5759,368.3840,706.0458,396.2445,727.8094,494.5684,432.0286,404.8128,500.9984,717.0909,367.5438,407.4014,826.9252,560.8553,271.1183,486.0356,1023.9247,556.0970,748.0686
0.7667,697.3711,477.9298,359.9333,711.1311,391.9042,739.3694,492.0234,429.0535,385.5234,492.3115,699.8659,368.7682,406.3958,816.8264,567.4873,268.0662,494.3224,994.7318,586.8566,766.5211
0.8000,708.2121,468.1894,350.5076,732.4279,388.7996,711.3862,477.4102,442.7622,391.2060,478.3059,680.0788,360.7708,403.2305,833.2380,546.6455,262.5051,485.9510,1010.2535,554.5467,775.3845
0.8333,716.2514,469.1696,351.7366,746.5997,392.6196,750.2629,469.7167,455.0810,386.9823,467.5654,688.1544,364.1375,404.8104,860.8298,543.8380,271.0878,491.9914,1001.4721,566.5575,758.1853
0.8667,722.7192,459.9647,355.5677,729.5154,392.0702,718.3432,491.5309,446.9002,387.8853,474.4228,708.3799,376.6207,402.1086,795.6596,550.4395,261.7479,477.6581,965.6285,572.2956,774.5021
0.9000,703.8701,461.6220,346.3226,725.3585,411.4869,723.5819,504.5343,437.0053,403.9334,464.0480,708.6759,366.9240,394.7449,833.2287,535.0274,261.4720,490.8065,959.1403,549.3257,767.6969
0.9333,722.9117,445.4029,339.7139,727.4182,403.7199,706.6782,484.0743,428.1935,389.2649,462.8992,697.8002,368.7756,376.7551,794.9366,520.3221,255.3237,486.9782,927.2463,551.0786,786.7426
0.9667,701.1702,432.7933,340.1982,750.2726,398.2740,721.8390,472.5883,423.1101,397.0370,455.4335,712.7162,373.3180,396.1279,798.1744,516.3338,260.9469,498.4085,914.2492,556.2103,753.6105
1.0000,699.9335,438.2367,335.7764,695.6685,396.5217,726.2250,484.6037,436.1659,406.3612,447.8997,695.3348,375.9123,414.4480,804.3681,516.6877,254.4407,498.2295,914.7138,565.3986,742.5909
1.0333,704.0562,430.2654,324.5411,709.6006,371.9970,731.5612,502.0416,451.7425,394.2767,433.7137,710.7575,368.6297,409.5859,811.4074,511.4044,248.2335,480.7699,914.3501,565.2350,777.1191
1.0667,713.8919,437.8989,330.0962,766.0464,396.1903,726.8841,479.5642,431.0895,392.2251,548.4208,705.4848,367.7872,391.9367,828.6431,513.3069,244.5635,486.2249,881.3897,584.7843,749.0390
1.1000,733.4936,409.6344,328.9711,722.9275,385.3041,726.0467,487.9557,438.1467,398.3528,575.7888,683.9734,369.8388,388.0839,787.1058,499.3113,241.0586,487.9873,897.3855,578.1678,769.0428
1.1333,708.5846,408.1083,327.3573,734.7625,392.1585,737.6111,480.4135,452.7147,377.5816,584.9459,721.8835,361.3488,402.9992,855.4145,494.4902,304.9440,483.2023,882.4543,569.0498,751.7625
1.1667,718.1181,409.5119,331.0682,724.1661,390.4083,721.6963,494.5292,443.1931,406.1583,583.8239,697.2348,373.4629,406.6408,803.8221,490.5901,333.4001,483.1642,878.3396,578.3236,760.2348
1.2000,714.9882,404.0081,323.9886,719.3816,397.7364,726.9170,457.0216,437.2310,391.0213,592.5409,706.3542,368.9029,404.6789,853.5540,493.9061,346.3570,487.4458,896.9319,555.9392,731.1662
1.2333,894.9476,406.3526,329.4979,711.1542,395.9820,740.0015,471.4952,437.7037,375.6684,566.2526,714.0563,368.1092,393.0462,827.8039,483.7613,339.8644,492.7567,858.7705,574.1096,767.7937
1.2667,1009.6504,402.8310,328.2254,717.9282,394.1722,730.0473,477.2380,424.5377,399.7095,559.6424,711.1452,349.6840,406.6354,795.7922,481.7374,341.0563,487.4825,876.1309,519.7551,764.1795
1.3000,1027.6217,389.5120,317.1603,746.1181,397.1757,712.5441,475.2225,436.2916,392.0302,560.1540,727.6210,367.3899,400.2397,806.2983,468.4519,334.5490,485.3542,849.5304,575.2802,752.4344
1.3333,1029.4693,390.6304,322.3609,713.8975,396.2051,730.9741,483.0547,444.2328,392.3297,549.4164,692.1789,380.0090,388.8863,798.9189,465.4155,330.9048,478.3089,850.0565,567.7752,772.0351
1.3667,1058.6165,378.9549,314.2450,692.2510,384.7967,722.8329,497.2449,440.9953,395.8645,532.5549,711.3812,360.5792,386.7360,853.5231,486.3290,321.3116,493.4210,859.8067,570.8194,764.2124
1.4000,1031.8829,389.4794,321.4570,720.2864,390.5252,717.8289,478.3015,425.0908,395.2210,533.9117,715.1171,370.7626,407.6878,815.7871,465.2115,316.8782,494.3429,841.1746,576.9483,773.3687
1.4333,995.2543,385.5116,318.9752,722.3302,399.0477,750.6758,475.6194,443.8505,396.6986,519.7826,704.7998,371.9462,512.2233,809.8139,479.9909,324.7049,506.6328,827.1649,542.8055,770.7141
1.4667,998.0944,376.8058,307.8040,715.2731,389.3491,731.9152,487.2351,428.8478,389.8644,495.9566,713.8786,368.9961,553.7062,795.1224,466.5682,299.8070,488.2608,827.2359,577.5381,769.3828
1.5000,1010.8252,383.2667,312.0706,715.5504,396.2037,720.7588,460.6887,441.2396,386.1936,507.6753,716.5216,370.1724,564.0958,795.8650,478.5342,302.5282,486.7974,828.2234,550.9374,771.8405
1.5333,954.5462,385.0558,314.8120,729.7753,401.4858,723.5497,480.8931,454.8226,390.4961,484.0423,732.8956,364.4184,567.7667,825.9552,448.1430,301.2556,477.1306,811.9419,559.0931,783.2023
1.5667,918.7766,371.3055,303.4058,738.7846,387.6658,743.1897,491.2749,443.8032,389.6709,481.2868,723.7563,375.7485,576.2736,825.0429,461.6772,291.3188,495.6776,816.9163,565.0721,775.2990
1.6000,957.8264,369.7328,323.1710,732.4803,385.9832,743.8272,475.4183,445.7204,405.2219,478.7449,717.5337,369.6586,562.7497,822.3469,461.3375,289.6126,502.5467,807.6813,549.1144,742.2490
1.6333,905.7087,368.4270,308.9280,747.1125,386.7109,730.3241,467.9449,431.0993,401.1422,482.3156,729.9469,378.9563,548.1576,832.6984,450.3146,287.7577,489.6214,826.7866,562.3547,746.1272
1.6667,907.3088,358.8721,307.9912,715.7993,390.3804,709.4020,489.8425,416.8458,394.1546,471.5737,707.5656,357.1907,539.7324,822.7616,462.9149,287.9866,485.7661,807.5368,549.7926,766.8101
1.7000,879.5859,357.4812,307.8535,729.5214,379.4552,711.9760,492.9734,430.8363,406.6213,454.6666,706.6738,358.2084,544.8518,831.3922,570.3792,274.0073,481.7885,816.1102,564.0595,746.8492
1.7333,876.3586,355.6795,311.9208,727.5326,396.9380,701.7272,459.6043,442.9016,384.2307,460.7534,704.0662,364.7759,545.1496,826.6790,610.7120,272.9591,479.8283,778.6483,559.4302,759.6927
1.7667,880.8083,359.2889,313.6608,732.0233,394.2129,718.8948,493.1645,439.8157,393.6640,450.6703,699.1955,381.7955,536.8257,817.3501,627.9464,276.1542,490.2783,809.6534,584.1586,768.1919
1.8000,869.7362,366.7890,308.6964,742.0574,393.9207,731.8899,486.4811,440.7706,402.8420,449.0985,695.5254,376.4063,536.3494,823.8627,641.4014,270.8581,490.3100,790.1525,568.7298,720.2424
1.8333,852.8152,359.9087,304.4211,727.8760,394.2766,718.9264,616.7861,433.5028,387.6155,432.6303,690.5697,372.1537,513.4884,832.6919,650.7463,266.1960,478.3986,781.1493,558.3813,746.1224
1.8667,841.2448,351.1204,309.1909,712.9367,389.8060,732.5896,682.7218,433.6989,393.8508,420.9528,709.9063,365.1132,504.4469,815.5174,622.0594,259.1121,500.0881,803.2004,573.7061,763.9152
1.9000,849.5978,342.6475,300.6608,750.9384,395.9851,720.7425,690.3062,440.5110,392.3732,439.3079,727.1131,362.1241,505.8306,787.5724,609.9114,256.3706,480.8743,828.0908,580.4760,761.5035
1.9333,847.1012,360.4114,299.5201,723.9292,394.8120,709.3872,686.4092,429.3642,404.6351,426.6453,715.2261,365.3726,499.3935,820.2959,611.1831,266.2480,497.4099,794.8700,556.8237,766.6897
1.9667,820.7913,353.7735,303.6019,751.0492,395.3429,747.7458,700.5866,443.3893,390.6648,418.0548,716.2436,361.1460,480.7017,823.6950,594.6922,255.8577,502.1326,773.3070,544.3235,776.6268
2.0000,808.5725,353.4823,309.4332,722.5645,380.7085,735.9792,689.1545,434.0851,398.3290,417.1201,695.3317,370.0960,484.2964,789.6532,576.5006,260.3310,508.2950,807.7623,560.2266,766.5196
2.0333,816.3671,347.2915,305.0982,714.7964,387.3928,761.1448,668.8092,420.3274,399.1285,415.4570,713.5267,373.1849,473.2175,811.8395,581.8394,262.4672,494.9186,787.8153,560.1696,751.3646
2.0667,831.9894,339.2747,295.3442,743.3689,392.4760,730.1385,645.9519,431.8252,400.0686,411.4268,713.3040,385.2462,472.0961,826.7004,569.5874,249.1780,499.7463,795.4260,542.1043,755.2541
2.1000,788.7849,337.5654,298.2531,754.3501,383.1778,713.3712,655.6529,429.0954,392.1883,419.5594,697.6823,371.1909,464.5521,794.8449,559.6048,245.0096,485.4585,775.7783,548.7432,754.9289
2.1333,794.4802,343.8811,311.3366,714.9058,404.0897,732.8368,642.8099,444.5341,402.7874,413.1451,739.4230,366.4792,487.3098,824.4848,559.7193,250.5134,480.9169,800.0998,554.9543,757.2231
2.1667,803.3980,339.1402,306.4980,716.5689,377.6272,730.6558,648.5916,450.7213,403.9438,394.4454,726.8464,358.7806,472.3104,824.3851,550.2782,250.4317,482.2340,781.7787,583.8555,759.4751
2.2000,800.3590,337.7525,299.4056,733.9809,381.6981,746.9218,633.5365,430.6077,391.3538,418.4121,714.6069,360.0848,468.5623,827.3955,558.6157,242.0021,484.9203,803.9809,573.0810,764.9754
2.2333,779.3347,336.3337,304.5703,758.7156,397.4725,704.9620,636.2928,436.7101,390.7318,392.3227,704.7596,358.8527,456.5026,784.4206,543.4919,247.6769,493.2276,774.1038,556.0522,748.3648
2.2667,788.4798,341.1434,313.1753,700.1504,386.3301,719.4974,609.7655,440.4603,381.2636,411.7882,692.2884,370.4631,448.2369,834.9273,523.1544,239.8799,494.3598,809.7487,559.1697,769.0225
2.3000,765.2282,328.1401,311.7036,745.7811,393.2670,728.7675,603.5884,445.1478,393.1441,396.5940,695.6896,362.6192,444.3451,826.8541,528.1386,239.2622,502.7726,777.5437,540.9197,767.8746
2.3333,793.3282,334.4289,301.8353,718.6347,387.5696,719.7652,605.4064,437.2565,391.3497,385.6212,704.0301,356.5420,434.6785,811.1893,528.9075,245.8251,481.7163,777.7064,560.2057,736.8678
2.3667,765.1831,348.6563,296.5719,739.7752,387.8640,735.3207,598.7270,453.4256,390.3762,397.2971,703.2409,363.5465,432.4426,806.0668,511.7039,237.7395,485.2985,770.6900,559.9216,769.3943
2.4000,801.1654,353.1741,297.5443,733.5107,379.4745,739.3661,579.9976,436.4989,404.1985,403.6546,713.3640,362.7975,442.9969,822.2182,500.6654,230.8050,481.9672,780.3897,565.2834,762.4548
2.4333,786.5602,336.7400,303.8175,732.9886,388.6209,722.5047,585.5063,444.8687,392.1132,388.8406,707.3488,366.9347,439.6311,809.6892,505.8865,236.4525,492.3576,802.9654,571.2161,752.9172
2.4667,765.9839,347.4927,301.4616,700.0759,403.9091,742.7740,575.0400,442.6571,386.0531,382.1779,716.6309,358.0558,427.0568,809.4248,501.7484,238.5625,477.7825,762.3954,579.2623,751.8429
2.5000,757.4281,339.2136,295.0174,747.0079,383.2189,718.3558,593.6031,421.7672,389.8662,383.3509,702.2285,364.8423,432.2743,815.5575,496.0742,232.1104,504.1717,779.4203,579.6655,763.8735
2.5333,762.8408,340.5572,299.4879,737.7042,397.1045,727.2880,564.1800,438.0410,393.1578,394.3645,729.2855,367.8086,435.9494,802.9787,503.5005,230.1616,494.7257,751.8909,574.2242,772.0019
2.5667,763.9728,330.0301,296.1334,718.6141,385.4707,734.3320,557.2967,435.8741,380.2290,381.4996,734.7459,381.7446,441.5035,816.2269,495.1201,228.8864,498.9770,771.5460,563.2011,754.0067
2.6000,757.1000,330.5217,294.1923,741.2403,391.9892,729.1533,542.1636,425.6839,397.8188,493.5631,692.1187,358.7754,437.8921,797.2350,500.4704,229.1521,492.0959,780.5088,567.0952,762.4049
2.6333,754.0021,342.4009,296.0501,727.3908,378.2068,738.8118,573.9954,426.9772,395.0388,526.6770,691.5854,376.6891,428.5246,795.3379,594.4458,227.7194,458.2894,799.1452,587.9829,749.9997
2.6667,776.0059,347.1738,297.8315,717.6527,390.5060,720.6929,561.1803,441.4495,391.0898,547.0489,690.6416,361.6039,432.0901,806.4608,648.5985,227.3023,494.6292,745.6478,574.5421,767.8534
2.7000,796.0199,328.5834,299.2035,724.8946,392.0287,732.9997,541.6184,433.0562,394.6401,543.2742,718.2330,371.6760,426.3621,816.4858,658.1975,229.0476,487.9416,775.8488,574.4685,765.8699
2.7333,757.5219,334.5890,283.7173,713.3367,385.3971,755.8602,550.4734,426.8927,401.8509,547.6712,745.4819,365.0690,424.8172,816.6074,676.7221,221.9833,507.4196,765.2604,545.3971,767.5524
2.7667,749.3000,327.9013,297.0815,722.0966,395.3580,737.1181,543.2665,417.5360,392.6641,529.0618,708.5089,360.5450,423.9420,821.0564,663.6180,230.8377,498.2056,781.1819,554.8322,758.9553
2.8000,742.2150,346.3482,297.3845,738.6256,401.6752,725.4422,532.3647,420.8302,393.3223,521.8183,750.5743,364.4192,415.4745,821.5842,650.6141,230.6838,469.9833,766.6165,562.1578,740.8048
2.8333,748.8475,320.8894,300.3779,717.2115,386.9549,694.5723,530.3647,435.4893,396.1468,514.1183,699.7558,369.1258,421.9872,829.0978,633.7902,228.4943,488.2352,792.7400,566.5704,745.5280
2.8667,716.1152,339.6682,299.3082,737.2252,395.4040,724.8776,528.7416,447.4427,388.7762,504.0729,693.9608,368.4571,420.6656,824.0120,631.9676,225.8466,470.5702,758.6119,563.4147,768.5662
2.9000,749.6460,328.8431,309.7075,749.4797,379.6649,735.4725,512.3735,443.2290,394.5283,494.7967,705.9903,365.2493,429.1877,809.9789,634.0216,289.5731,482.2276,729.1246,552.8036,750.6538
2.9333,704.6150,335.5555,295.4339,733.2013,385.6919,740.4378,521.0606,431.7276,394.5199,485.8059,707.3514,372.3389,414.5679,805.3080,618.8404,306.8299,499.2535,762.7997,562.8365,745.3524
2.9667,749.5193,333.0686,287.1792,739.6135,395.2894,730.6032,527.1893,432.7334,384.7863,479.8080,730.4205,360.0330,415.6678,825.8110,599.5826,323.0802,489.4627,775.3759,566.1463,761.9246
3.0000,722.7508,333.7384,301.7815,714.0333,394.2560,748.5244,524.8142,438.4492,399.6876,483.5483,728.6050,368.7552,405.2961,812.4796,608.8735,321.1527,479.7941,752.2629,577.8184,768.9035
3.0333,763.4251,327.7737,284.8918,730.0774,396.1276,712.9819,538.0584,440.2692,382.2186,452.9960,722.7908,361.4679,413.1455,816.5716,589.9296,322.9171,478.5066,753.4975,564.5704,754.5688
3.0667,750.9602,322.8637,295.3132,707.5316,390.4531,736.5557,524.8296,434.4677,370.2462,467.7136,713.9679,361.4449,418.7881,826.1389,560.5369,315.2554,473.6076,766.5723,568.6855,760.1513
3.1000,755.1948,333.6209,304.1856,722.6443,395.3444,724.7696,508.7035,426.1005,401.6980,454.4081,717.7233,364.0259,403.2238,778.5389,574.7972,317.4200,498.7212,763.7941,570.1578,786.6678
3.1333,760.3699,339.0302,293.8363,730.5887,388.1445,741.2319,487.3560,443.1835,398.2313,463.5503,691.3821,366.4512,403.4701,806.4293,563.6251,311.2060,485.6368,765.5824,562.0937,772.6349
3.1667,724.6674,329.3311,304.8256,710.3570,382.0342,724.1909,515.7492,436.3293,371.5783,449.3204,681.6607,388.7076,403.8780,805.5111,547.3517,306.9638,490.3435,776.6305,559.7295,763.2301
3.2000,721.7278,324.5407,294.6916,714.6214,377.3880,737.1309,511.4976,438.9525,391.0543,452.8061,715.7989,364.2809,396.9491,812.6767,544.2747,299.3048,488.1560,762.3208,561.9774,764.8905
3.2333,731.6024,335.6962,290.1874,700.8921,396.6651,740.6671,520.4970,420.4602,391.4989,437.5686,718.6435,388.4256,404.5466,821.7443,548.2135,291.8037,489.0582,746.0794,563.0034,781.2937
3.2667,717.1801,313.7983,293.8919,730.2797,395.3118,726.1024,496.4611,440.0324,390.5616,434.8547,728.1422,355.0046,393.5787,799.4661,538.4313,289.8605,501.3993,756.7889,548.8509,756.5024
3.3000,710.7387,333.5431,292.6454,719.0654,378.7978,755.0589,513.4215,544.3586,390.7618,423.4693,695.5592,379.1937,403.8548,841.7009,534.4728,280.2548,495.4018,788.3168,575.9658,738.7603
3.3333,732.7026,340.9223,285.0150,725.2033,389.4416,727.1713,502.9610,593.2136,381.7930,429.9574,721.1292,369.8595,397.1039,846.3191,520.0697,284.5016,499.2715,771.3832,569.8562,748.7675
3.3667,733.8151,336.1026,291.0976,733.9834,384.0046,738.2907,501.3671,618.1675,396.6422,431.7674,716.6911,370.2095,390.6217,818.4310,511.2585,276.7700,491.1629,777.8659,559.3883,743.6050
3.4000,748.1825,320.8093,291.4336,733.1193,378.7387,712.8201,485.7008,628.3394,398.3641,434.2649,720.7591,368.0541,407.1430,827.3631,507.5797,273.9976,487.4207,769.3910,531.1935,746.2844
3.4333,735.4018,338.6829,299.3371,741.4710,383.9621,733.5551,501.0193,631.1512,402.0714,430.1789,698.4763,379.4266,394.2740,845.9874,520.6308,276.1586,492.5480,748.7482,588.3458,762.9955
3.4667,750.8460,325.3462,296.0985,714.6105,401.1400,727.3610,501.0535,620.2871,394.5582,413.5723,745.2454,352.7772,408.6597,831.2114,507.1756,275.4427,489.3033,760.6233,580.8871,749.3622
3.5000,732.4681,329.6773,290.2822,699.7849,398.2018,742.0596,515.4758,614.9501,389.2447,412.2406,710.5214,368.4969,411.6893,799.7681,485.6359,272.4896,491.8638,741.5004,569.2288,777.5676
3.5333,707.6840,346.9439,294.2932,727.7588,395.2831,937.1075,480.6525,600.4449,407.1503,408.0099,718.2462,379.5150,415.1540,813.0899,490.8336,258.0398,473.7032,746.5951,545.9919,766.1121
3.5667,744.0695,331.4526,297.1615,718.4544,383.9071,1046.7474,498.3343,599.7660,389.0633,393.5218,706.6994,371.6160,411.5492,820.6486,493.4381,254.2159,474.7893,759.9334,557.0009,739.5462
3.6000,726.6936,329.2919,292.6139,723.4397,395.9247,1067.6783,500.5633,584.2859,397.1429,401.1776,723.4822,364.4900,407.9329,826.6531,480.8708,264.5831,466.5416,740.7484,557.9531,777.1238
3.6333,721.2569,311.1061,295.4748,740.3913,389.8274,1044.5080,501.9763,585.0753,401.2956,398.9165,694.1421,372.4389,409.2946,809.7035,485.8905,260.3576,511.8327,777.2604,570.5406,761.8806
3.6667,724.6773,323.6204,292.2914,738.1094,383.1754,1030.3729,494.7563,560.3907,405.3167,397.4187,700.1746,365.2763,409.6698,808.4858,498.7756,253.6136,492.3131,769.8365,580.4754,752.1076
3.7000,713.7571,331.4134,285.5481,693.2699,385.1709,1030.6685,483.7618,571.4072,398.5512,396.4450,714.2370,373.4592,400.2197,797.1177,477.6264,245.4280,502.3315,742.4606,570.6228,791.0675
3.7333,688.7670,316.5502,295.4262,748.5936,384.3248,998.9712,501.2368,551.9517,404.7705,397.7899,687.3161,374.4456,402.5576,856.9554,469.4926,252.3433,490.0943,762.8517,575.0639,753.3523
3.7667,728.5617,322.9687,295.7517,746.9464,385.8299,1015.1350,496.6592,545.0089,401.2320,388.2401,716.4797,352.0603,400.2002,824.4205,478.6413,243.5930,481.1226,765.6536,575.3762,759.3640
3.8000,707.1271,333.8904,289.3154,754.2306,387.7402,1012.1754,484.6086,564.3128,388.4315,402.4117,721.6034,373.8019,397.5806,800.6335,452.2538,248.4019,494.2092,782.8107,580.3578,786.6900
3.8333,717.0581,330.4703,289.3488,745.9213,391.9487,977.2907,489.3689,531.0109,386.1913,386.1268,716.9946,372.6489,393.4774,810.9426,475.9772,245.9348,484.4291,756.4679,561.4586,765.3252
3.8667,720.0066,330.5877,286.2485,741.5258,392.2070,995.1717,483.1920,523.4625,394.4367,387.9906,691.7936,360.3598,397.7942,823.7909,481.8692,242.3075,505.9603,784.4846,577.3418,763.6450
3.9000,725.5441,327.2620,291.2053,730.6683,389.2693,943.9096,488.4828,519.1124,394.2539,388.1649,726.7795,365.9342,394.9966,809.4228,465.8121,246.9375,493.4859,760.2819,572.8895,760.8488
3.9333,733.6767,332.1620,289.5371,748.5161,392.2873,958.9765,488.6439,515.2471,391.4707,389.8650,722.6664,359.9017,394.7035,825.3026,462.6277,247.8032,486.1608,765.6524,539.6731,778.3780
3.9667,725.8901,331.8622,295.5341,733.3109,397.4416,929.4014,501.1541,511.7760,393.1604,383.8587,685.6490,354.2282,407.8792,831.3293,458.1283,239.9398,487.8102,732.2311,543.6064,759.0608
4.0000,709.5079,330.4816,303.8676,709.9538,389.4379,917.2315,479.1411,521.7111,387.0934,391.5724,732.9960,366.5442,409.9715,812.2919,468.5114,228.1716,488.0268,776.1561,563.7360,782.0997
4.0333,694.6667,323.9420,290.0594,727.0333,380.6525,915.1062,490.5674,508.0759,379.6600,381.7788,720.5074,377.3065,409.0224,815.8441,443.6877,237.9493,496.1143,727.7333,564.3640,747.3938
4.0667,744.8625,322.7446,295.3668,729.3631,395.1655,900.2111,507.5207,494.8892,395.4208,390.5861,703.7932,374.7393,385.4663,835.0223,453.6182,234.8157,486.8139,783.9161,572.9853,752.5604
4.1000,721.5184,319.6524,290.5331,722.0680,381.7227,880.8725,499.3446,493.8702,392.6766,376.0200,704.0730,356.5594,401.2192,797.2310,466.1750,229.4762,491.8679,752.4007,569.2820,769.3650
4.1333,697.5494,322.8100,290.2883,732.3609,373.2464,883.6410,480.6205,498.4425,379.0435,375.1317,705.5778,378.4813,395.3388,788.6967,444.0104,229.8531,498.2975,720.7179,703.4359,767.8561
4.1667,729.9163,323.9158,296.9324,759.2700,386.6217,908.4927,482.7610,479.8034,388.2443,380.9293,692.3102,367.8641,390.9520,814.0628,462.6816,228.9600,488.7482,737.6837,788.1094,751.2694
4.2000,723.4318,317.0178,300.1966,713.2050,396.3787,847.1425,473.5441,485.0749,403.5878,376.3647,715.6300,359.8651,401.9810,852.8164,448.9428,227.4784,500.7671,775.4620,851.9944,793.3356
4.2333,733.2714,326.8861,293.5052,724.8107,381.1894,836.9067,490.0243,492.3873,393.8217,379.0041,702.6585,350.5808,386.4658,794.3106,458.8204,225.5755,478.3528,768.6535,814.9853,788.0134
4.2667,700.0867,318.1972,299.5310,735.6004,388.6631,859.1135,474.7340,485.1717,382.1083,479.2867,726.6260,361.9463,394.9449,812.8415,453.4586,232.3815,473.7224,757.6787,826.7903,761.7186
4.3000,713.6983,328.5521,295.2485,745.2932,385.4689,863.9582,477.2941,465.2905,385.1113,511.7890,705.8679,367.2115,375.1366,821.0212,449.7369,223.1958,500.7511,736.7150,809.6549,771.9622
4.3333,713.7309,328.9567,291.2541,729.2206,383.8301,860.9188,466.1455,486.5412,393.4095,538.4059,703.6142,379.6614,394.7378,803.9788,436.9389,224.1821,501.2447,751.6741,783.0860,772.3145
4.3667,704.5856,324.4617,302.0383,754.1157,385.4066,833.6618,475.2749,482.3717,385.6037,533.0501,707.5124,372.2344,394.3666,796.2984,445.8800,234.1248,472.5054,742.1981,781.9351,778.0033
4.4000,703.8770,315.1578,293.3902,726.4901,395.2821,822.0917,466.1883,472.6158,381.6705,527.8900,699.6552,370.2448,407.5996,804.3656,447.8067,233.7243,482.4269,739.9641,765.1893,765.7408
4.4333,718.3715,341.7808,299.4338,739.4094,377.8270,821.4441,493.3424,464.9257,391.3963,525.3664,720.3890,383.9667,390.8312,808.2322,446.4667,232.5640,493.7395,764.3922,759.3417,771.5526
4.4667,701.4968,327.8454,290.2048,712.7826,393.9632,824.6053,477.5659,489.3490,392.2745,511.1916,718.7880,367.0748,396.1060,793.7628,458.4275,227.1128,483.8018,732.1519,732.7144,768.4376
4.5000,724.2573,321.6480,289.8166,737.5278,375.2554,832.6746,482.4244,462.8441,390.2579,525.3874,687.9487,362.9164,391.4643,799.3162,438.6813,225.3510,482.9944,774.5843,752.0645,764.1179
4.5333,713.2485,335.7020,304.8019,723.5322,391.8560,799.9505,497.4776,451.4764,393.6411,493.8800,711.9426,364.8006,412.9853,799.3723,453.1048,231.7006,491.1990,741.2896,717.6824,769.3922
4.5667,713.3965,325.8806,289.9406,724.3464,404.8037,819.7060,484.0376,460.2172,397.3778,495.6796,721.1060,364.0952,396.6377,771.0844,445.0964,224.8749,478.4213,728.8476,712.4469,802.0965
4.6000,733.4165,329.1147,287.8566,734.3671,382.2341,808.4096,501.9799,463.0523,389.7129,491.8929,713.3727,369.0008,392.2202,794.4649,444.9349,220.5987,476.2059,736.1906,707.1403,775.5132
4.6333,724.0944,329.8836,296.1687,744.5496,383.7752,821.7945,485.8400,452.3101,389.8797,480.7077,718.9036,371.2272,395.4974,803.7422,454.1686,218.5095,488.9917,764.2772,705.8834,773.5945
4.6667,717.1698,329.8411,297.5740,752.7365,388.0838,791.4077,485.5971,447.6840,378.0518,474.4126,713.8468,362.4551,406.5176,810.0810,453.7313,218.2386,497.2933,763.6581,687.6608,780.9228
4.7000,721.0691,333.9212,301.2354,741.3537,381.8927,797.6954,482.1754,453.5356,399.5540,486.3276,706.9222,376.3657,380.6446,796.1321,433.8998,224.5452,489.4767,751.5319,698.3514,781.8232
4.7333,696.5310,325.3093,282.7669,750.2408,379.7983,799.5486,477.9351,457.6101,391.9804,459.2664,721.7651,364.9607,386.6034,804.8897,437.3097,221.9475,496.0631,715.5307,674.5863,750.0816
4.7667,729.5091,342.7193,286.6680,757.7584,397.6400,784.6405,491.0966,460.9499,405.0686,456.0078,715.5614,362.2260,389.9038,805.4189,447.0535,216.3241,488.4800,743.4036,652.1271,776.4518
4.8000,716.2670,327.9608,289.4988,733.0436,381.7224,800.4320,468.3465,581.9453,395.7840,442.1036,714.2580,359.8760,398.3266,773.4054,447.2959,227.4079,481.1124,748.5030,679.3724,787.8030
4.8333,718.3569,332.0954,291.1084,725.9902,395.3429,769.3172,482.6594,604.2622,389.9893,443.4031,686.7249,368.1264,395.3086,821.5764,435.8712,216.6601,498.1778,764.7112,672.8489,736.1522
4.8667,738.5836,325.5440,295.0461,735.3896,378.2838,801.1265,455.2329,645.3409,394.7819,440.3214,732.5676,372.6271,392.9214,800.6080,425.5144,220.3616,483.6629,755.7511,649.8237,772.7756
4.9000,724.8734,327.1644,286.9634,757.5467,391.6454,791.3711,485.0938,652.5511,389.3503,448.7702,726.5465,359.4190,395.7004,804.8394,425.7510,223.2634,479.1928,767.6036,656.4071,760.1623
4.9333,748.4429,332.8731,302.3708,721.5710,391.1823,765.5470,508.4055,638.2653,389.9925,439.6848,705.8081,369.4645,393.0646,813.9720,443.9841,226.6983,487.2485,765.8761,668.4699,760.1105
4.9667,718.5788,319.7701,294.6503,721.6785,401.2116,778.4891,485.3479,628.1040,389.7411,417.3666,704.0236,369.9842,384.1518,816.1804,436.4490,218.3230,481.3885,740.7964,646.4942,766.6654
5.0000,709.9552,329.0709,283.2647,737.3470,397.2498,793.1614,472.0114,615.5220,387.9825,424.0944,730.1331,360.4717,388.0281,799.0202,421.0363,225.7742,478.2315,743.6978,662.7354,780.9249
5.0333,733.7547,342.1462,293.5009,716.7719,389.1867,797.0072,482.5309,624.2282,398.2621,422.6826,700.9966,351.2933,396.1728,824.0997,429.7606,222.1517,497.9679,740.9151,630.7578,774.9844
5.0667,716.0900,318.6791,302.4428,720.1706,379.4221,761.3325,484.7584,605.7114,404.0550,419.6269,707.4728,375.4053,399.8233,822.4651,441.5613,223.8252,512.6091,751.7687,659.3639,757.7047
5.1000,729.7989,332.4946,304.0687,742.8050,364.8133,755.9321,461.8496,576.1104,388.3855,404.4998,738.9674,364.0088,386.3439,842.8121,439.0001,214.2039,490.1984,732.3707,639.7484,759.7496
5.1333,705.7682,333.5752,286.1805,728.4588,381.8194,755.4664,503.6026,576.5337,385.6545,411.8833,708.2349,366.7470,401.2004,793.1383,442.8204,210.8106,494.8978,792.5787,629.2943,773.8472
5.1667,736.9826,331.8288,471.7840,723.3882,388.1852,737.3587,484.4651,577.6264,388.1720,421.3605,697.9140,361.0438,380.4984,817.5323,442.6684,220.3051,475.4759,750.4312,625.1477,770.3835
5.2000,705.7040,333.8861,552.8008,743.6404,382.5851,748.9739,481.3726,565.2625,387.8081,414.0199,697.2632,381.2330,399.5929,810.2978,446.4341,218.8190,501.0612,755.8538,627.4195,743.7242
5.2333,729.8658,319.6694,572.2390,1074.2587,391.5091,797.4246,707.1954,562.4358,392.1116,418.1398,709.7498,359.4701,384.4172,819.3613,440.8257,225.8399,480.3419,759.5896,609.5361,779.2912
5.2667,1052.0229,328.9100,589.1011,1205.1162,400.7728,770.1510,803.5917,800.3030,387.9321,411.0077,719.0476,369.8336,387.9430,803.6812,429.5516,221.3969,486.4745,769.7669,609.1465,754.1435
5.3000,1180.9631,335.3833,577.7487,1270.1572,397.5446,756.4374,833.6598,886.9803,380.8397,406.9855,694.5915,366.8520,401.2624,805.2880,420.4920,221.3110,493.8635,772.2689,609.8313,715.1765
5.3333,1255.0237,329.6176,562.7579,1257.8833,379.5023,767.2450,846.3643,907.7925,400.4806,398.7741,718.5797,364.1605,395.0283,811.3390,413.1189,215.2505,498.9821,956.0315,589.8306,761.1257
5.3667,1260.3628,319.5221,557.2223,1280.1966,382.0707,746.1929,823.7649,930.6855,398.4406,381.6736,708.4324,365.2171,408.0888,835.5299,422.9049,218.8908,493.5167,1074.5250,614.2358,760.0106
5.4000,1259.9159,329.1146,532.7194,1225.9076,371.3431,735.7189,808.1943,909.7717,390.7332,390.8625,733.6390,358.3425,383.2295,784.8066,556.6792,215.9016,487.6874,1091.5040,626.0423,765.6537
5.4333,1255.3833,328.9291,528.5479,1218.9081,388.8384,733.5734,785.8906,896.3918,374.9916,389.0388,695.6184,347.5706,397.6334,820.0899,617.6680,223.0542,497.4638,1102.4237,615.0044,771.9479
5.4667,1192.2321,311.2123,518.4787,1214.5670,380.7283,725.0570,791.7178,877.0030,391.0361,394.6231,711.8635,360.2925,390.7738,808.4430,617.3468,213.7358,471.0806,1076.1812,592.9375,744.7469
5.5000,1166.1319,328.7240,503.8321,1162.0240,387.7233,748.4141,773.1888,839.1399,376.4865,391.9364,681.9854,352.4979,401.0038,833.9623,622.3374,223.1609,477.5593,1093.9919,582.4488,774.4513
5.5333,1144.0281,320.4942,483.3982,1159.0290,396.3279,720.7227,768.8418,827.3076,393.1804,384.8442,710.0266,361.6037,404.6274,809.9421,622.2945,222.5927,515.0850,1073.9954,612.6840,770.6342
5.5667,1135.4749,336.5609,480.5551,1133.4938,370.0355,718.1605,740.6397,806.8971,376.2016,374.2413,710.8846,366.5414,391.0466,796.8661,613.8229,217.0704,484.3800,1041.2207,581.1580,785.8865
5.6000,1096.3135,321.6061,470.2032,1097.8989,395.0047,727.3962,738.4393,772.5219,389.5219,389.5214,707.6283,351.3894,399.8815,781.0839,617.1791,214.7560,484.9834,1038.8180,592.7581,773.2675
5.6333,1087.9918,312.1897,464.5760,1074.0295,376.1498,769.8150,724.6077,772.6074,390.1421,373.1324,722.5624,374.8098,399.4688,832.8590,602.8793,219.3315,495.1390,1017.5569,577.5119,798.3470
5.6667,1085.9093,330.7779,460.6860,1059.2890,386.3019,713.8974,703.3092,746.1805,384.8646,383.8531,708.9609,352.8211,396.5502,797.5028,586.7379,214.6210,485.1913,986.9015,609.7149,797.5512
5.7000,1054.4168,319.2568,449.4157,1048.0475,382.3092,764.1418,675.4882,719.4905,396.0532,364.5903,684.3392,363.0360,398.0096,823.3119,578.2363,217.7673,484.0370,1213.6217,570.5106,744.0912
5.7333,1003.2467,314.0104,433.6708,1036.4406,385.9364,731.8297,676.9126,703.0033,388.5712,393.0881,712.5499,371.0152,388.1862,815.7250,584.2667,218.3805,484.7353,1270.1762,591.1882,751.8489
5.7667,1027.4386,321.8258,435.3323,1010.5794,491.9082,729.9892,655.7494,692.9950,381.9783,381.6170,740.5744,361.3635,393.7366,810.6606,557.2649,214.5979,484.2118,1291.6662,582.2239,764.9689
5.8000,1012.1825,328.7956,429.3775,1001.3259,538.9052,750.8286,654.5825,676.8923,391.4518,372.6500,721.0547,365.6267,410.6863,795.3892,554.0709,218.9036,478.6618,1281.2467,589.9621,746.3886
5.8333,1004.9588,328.1567,416.2913,984.2909,546.0134,740.4475,639.5416,666.5405,390.0092,370.3729,718.9908,383.3140,383.5501,790.2322,546.4710,222.8292,488.0096,1278.8833,588.5167,764.8345
5.8667,968.7441,327.4779,410.3748,970.3805,569.5513,730.5049,654.7200,651.8777,385.7617,373.1210,733.3618,359.1768,403.6572,789.0423,537.7525,214.6061,491.7093,1256.3284,562.1446,754.0591
5.9000,954.0796,321.4420,394.5754,996.0513,560.8256,739.2560,633.5257,627.8941,386.8378,379.7241,710.6733,373.5156,390.6464,812.4779,542.2652,218.8455,485.0397,1216.6119,577.4990,768.2808
5.9333,935.7546,319.3668,394.6950,954.8391,558.3915,743.0040,629.9835,635.2316,381.2605,373.7801,722.9706,365.0322,380.8422,811.7028,523.8727,217.3574,478.8365,1190.9592,578.3688,767.7267
5.9667,949.8367,332.9162,381.9343,953.4780,550.3875,731.3676,612.2519,622.3497,390.0488,370.7187,697.5380,359.4305,393.7525,780.9742,517.3108,218.7564,492.5092,1196.2895,574.6682,780.2407
6.0000,933.5142,337.4464,377.1781,924.7693,529.6654,733.6614,608.1247,596.8292,384.0896,375.7900,699.4357,365.8119,382.0156,815.7500,532.2714,216.8370,488.2037,1184.6918,570.2915,786.1515
6.0333,914.3857,321.6348,365.4284,916.3830,517.0358,716.9276,596.9527,586.9414,385.9453,372.2210,718.7570,354.4971,400.2873,797.0911,511.1141,226.8641,487.3736,1130.4844,575.4519,747.8078
6.0667,902.8014,336.0515,373.2914,883.7715,519.5433,727.3689,580.1191,595.7695,384.7515,377.1339,908.7664,366.1782,398.4543,792.4164,506.4150,216.0069,479.5350,1118.8427,593.1224,765.6228
6.1000,882.6028,317.1309,369.9532,898.7077,514.4061,746.2049,585.0688,572.2941,389.2432,371.2896,1016.6498,363.4437,397.2728,795.7672,618.2784,210.2926,486.6090,1091.1412,571.0965,780.3293
6.1333,894.8829,341.2946,365.6327,886.8189,496.9743,749.7239,579.6191,575.1507,387.7542,384.3733,1016.1241,358.6061,403.6515,784.2147,670.9958,216.0294,483.4008,1076.2240,558.0860,778.9249
6.1667,857.3183,316.7550,362.7342,890.0097,504.1676,747.6652,575.0685,560.1472,372.5512,376.9395,1025.8931,365.4900,385.6419,812.2430,686.1966,210.9060,484.0914,1037.9665,591.2640,759.5576
6.2000,875.3488,320.1365,359.0126,892.7913,489.9386,757.6210,562.9646,541.5086,391.0725,365.2391,1033.6721,370.8330,401.2883,788.8267,687.1671,220.5547,507.4984,1063.2767,570.2603,777.6543
6.2333,857.1285,321.0722,348.4999,881.4838,478.3520,759.4401,557.0092,553.6792,379.2468,385.3496,1034.8910,368.7497,382.7801,797.5329,674.4830,221.7058,470.8312,1011.5413,582.8097,781.9471
6.2667,853.9667,324.8084,346.0423,859.8058,473.9877,730.2572,554.3763,540.0327,386.4784,384.4527,995.5168,375.2844,392.6325,799.6476,684.6617,215.7015,481.8758,991.5581,569.8532,747.5117
6.3000,868.2500,322.1389,345.8260,852.2100,466.0217,755.5672,556.1052,533.4917,392.9346,378.6252,984.9884,358.2054,404.1414,829.8990,651.5526,222.8886,492.7847,1010.4242,558.9159,762.1287
6.3333,833.9853,319.5376,342.8807,845.9390,478.7243,727.1247,563.1994,530.8062,390.3996,365.8873,975.8918,356.3658,393.0604,812.4290,657.8559,224.8777,481.6499,994.5397,567.3631,768.1274
6.3667,853.0357,330.8734,336.2597,837.9275,458.8294,730.3252,542.9988,516.7340,397.6656,366.1663,997.1448,356.1995,390.6898,815.2892,650.0602,218.5643,478.2154,989.7014,569.2696,779.2389
6.4000,792.5000,315.3807,342.7600,850.5316,465.0041,717.3943,535.5823,529.5019,384.1529,365.9094,927.6210,366.8356,401.8355,824.0311,625.4730,207.1510,487.0107,942.8867,590.4624,761.6050
6.4333,836.7974,322.9708,340.1554,833.4364,464.2880,948.5841,546.1461,499.3482,386.5402,374.2972,927.4870,361.0544,381.5817,819.0044,632.9861,219.0809,487.7815,937.8597,584.3450,766.0489
6.4667,824.1596,329.6765,334.8056,826.6410,460.6789,1010.2695,532.1244,504.1899,368.8157,370.7416,923.9783,372.5106,397.7937,794.7664,617.0905,209.9379,506.8460,927.5060,566.3423,775.8780
6.5000,780.5923,333.1269,319.7958,822.7803,450.8158,1057.4144,532.1038,500.0558,388.7566,374.5182,912.4920,354.7808,405.6235,793.8390,598.5118,215.0900,478.8862,911.3346,550.3230,756.3545
6.5333,815.0022,324.8808,339.8005,828.3524,451.9090,1068.0111,534.6494,492.5407,383.1521,370.4681,908.0538,347.1151,391.3616,802.2508,595.4292,222.1605,465.9961,911.3739,571.8187,748.9501
6.5667,812.7058,316.9098,338.1812,823.2598,435.7161,1068.2475,538.1321,488.8982,389.1023,361.8295,911.4995,361.6318,387.6445,797.5870,581.1092,212.5237,459.7386,908.0860,567.8222,755.4573
6.6000,798.6584,328.0562,325.6740,802.9540,433.8980,1043.9835,552.2392,499.3387,395.5771,378.6043,883.6077,388.3149,404.5923,803.8741,561.3673,219.6653,497.2123,918.0435,563.4030,775.6606
6.6333,797.0616,316.3198,316.8880,809.1002,435.2126,1032.3919,491.7470,507.8750,386.9368,379.4931,862.7836,362.8551,392.2634,837.8680,563.9610,220.0482,478.7678,873.6713,585.5072,779.3857
6.6667,779.1468,334.5080,333.1503,781.8310,420.4882,1001.6632,494.4005,485.7179,394.4715,368.4750,871.4778,363.5010,394.2042,827.9506,557.8600,214.4486,486.5756,894.4074,584.0048,765.2379
6.7000,792.0274,324.3321,324.7345,793.4788,445.6572,1055.6016,511.7600,473.0497,392.7406,363.2599,852.2969,364.2480,394.4009,808.8268,547.5560,221.0732,489.4780,897.1452,579.3988,764.5675
6.7333,785.4831,329.1214,317.5688,813.1028,418.7014,996.7599,517.6841,472.3478,378.9151,365.2994,847.2645,372.8875,389.8455,802.1330,554.2614,224.8442,478.7799,879.4134,577.3951,748.4909
6.7667,776.5146,319.4815,318.5343,777.1159,412.3358,1002.3259,508.3204,486.0497,387.4818,354.1919,867.7558,356.4531,388.8831,798.8230,537.2736,219.1582,477.3465,836.6769,576.6404,775.5164
6.8000,762.9602,325.8356,317.9467,795.2907,428.6956,968.5403,512.1131,477.9902,367.0898,371.9735,829.3670,358.8428,406.6250,795.3884,532.4192,212.5010,482.4363,853.0880,563.3726,760.7555
6.8333,754.3118,324.0052,314.2387,760.8868,429.1252,926.4421,518.2962,471.4058,385.1352,357.6802,828.8775,363.9484,400.1580,1039.8116,530.4463,212.9430,471.2369,870.5143,575.6559,753.8277
6.8667,764.6127,327.6595,317.1213,793.7568,415.9085,935.8025,507.0398,471.9866,391.4795,369.7588,845.0858,359.0515,393.5381,1156.5928,523.0615,217.2030,499.8638,826.9036,564.1254,755.6944
6.9000,771.6484,326.5926,313.5816,784.6041,409.9852,937.7345,507.8392,444.9377,384.3357,364.6443,809.4226,367.6139,417.9318,1140.5811,538.2010,213.0555,474.4319,837.1214,565.8176,762.9533
6.9333,778.6555,334.4065,298.2221,764.8894,415.4491,906.1886,497.4764,471.0178,384.6165,366.9342,804.1015,366.3679,389.9743,1154.8074,521.2869,211.7460,489.1572,823.9422,580.7191,776.3642
6.9667,786.8855,331.1431,322.0671,774.1798,417.7408,919.7249,513.9148,463.1264,381.9886,377.6412,811.6954,361.8145,389.1784,1165.7377,519.5501,215.1641,474.7379,834.4784,578.2745,790.5415
7.0000,770.4652,324.5506,306.0391,765.6064,409.0631,899.8189,504.2928,468.6386,392.9827,371.9664,812.5813,367.3820,381.6648,1144.2952,492.0006,213.7850,473.3748,834.9458,544.0640,813.7472
7.0333,775.1496,325.6408,307.4241,787.0366,402.3373,877.8400,492.3919,469.2557,393.3296,364.2708,766.9721,369.4590,400.6858,1103.6388,506.5413,216.1459,482.1688,806.3481,580.3827,790.3590
7.0667,773.6692,332.6839,309.3654,796.0546,423.3251,862.2821,509.1652,446.6729,388.5096,371.6524,811.7968,373.6589,405.6515,1071.7998,484.0308,211.8999,469.8689,845.3597,563.4043,761.4537
7.1000,757.8979,337.5542,311.5661,792.8863,394.1258,886.7446,490.8978,475.5332,383.9726,370.3459,785.0241,355.1630,393.6140,1109.5231,486.0050,212.3358,477.2505,796.2744,570.3998,794.5404
7.1333,748.9642,320.3097,312.5662,772.9910,407.6151,869.8126,488.4752,457.6096,399.3149,358.7385,755.8841,363.4459,395.7519,1060.9459,480.1153,219.7102,484.4120,811.5850,560.2663,766.6123
7.1667,753.0028,318.4673,303.5184,769.2366,394.3176,859.7297,486.9520,458.4099,387.5455,378.2777,771.0280,371.5180,388.9069,1023.5751,489.1746,214.0544,493.7980,805.2161,553.7526,756.0958
7.2000,739.5257,317.3132,304.7772,742.2388,403.8199,836.1406,511.9559,463.7010,383.4182,367.5468,790.6044,382.8617,390.4470,1064.0248,466.6188,221.0249,469.4149,830.9965,553.9273,760.4283
7.2333,738.2919,329.7308,299.1848,762.1602,408.1314,840.8255,491.1862,450.5115,379.9731,356.7552,769.5205,356.8353,399.4802,1002.8168,486.8365,218.9756,489.6952,823.8043,559.7477,755.9939
7.2667,758.9963,322.9476,306.8930,752.1015,397.6020,859.2060,501.8000,471.1787,387.4695,347.5598,773.4075,366.7208,395.2097,1002.2255,487.7146,212.9919,486.8342,796.6308,565.7851,786.8503
7.3000,724.0238,319.7150,299.0402,754.8757,419.3926,864.4933,503.3159,456.2869,388.9535,369.8038,777.2556,360.1631,387.4112,1012.8904,479.5539,219.4823,488.6054,800.7856,555.8768,768.1764
7.3333,747.9630,327.8329,295.5918,776.7048,401.6651,852.8258,477.8624,446.7198,376.5766,355.2913,792.1518,365.8033,401.1458,992.4631,483.0134,223.7806,468.9985,781.5000,568.3802,755.5028
7.3667,730.2247,336.5720,323.9410,765.7365,400.1466,841.6357,480.1560,444.7227,396.0993,361.9895,772.5610,356.8419,391.0316,985.3737,467.3352,219.3543,471.9209,776.5330,555.0490,761.5432
7.4000,735.7228,331.4018,296.5113,779.9907,401.6766,806.2228,475.3614,452.0696,384.1642,363.5243,756.2259,367.9457,403.9641,966.3299,474.9353,217.7691,482.4473,781.5527,555.0707,761.8902
7.4333,769.3795,325.0420,290.8398,749.0040,396.9784,814.6540,493.9265,446.1331,390.9971,360.3153,773.1672,370.3747,386.3428,971.9556,482.0731,226.3143,489.0972,789.1375,559.9422,775.1962
7.4667,723.1071,322.9911,293.9721,775.8192,393.8122,825.9609,494.5325,444.2406,390.2511,370.5505,777.9233,364.2543,393.3920,943.8339,465.4158,217.6697,490.6183,775.6415,576.0266,763.2034
7.5000,762.9175,336.8161,290.5856,766.6038,397.6058,802.4338,497.1670,440.7875,401.4713,371.8669,751.2229,372.1036,393.1906,955.1088,462.4738,221.1528,493.5501,784.8691,568.4885,766.7259
7.5333,725.5221,328.2748,295.6909,761.8021,392.2296,818.0018,487.9269,448.1842,386.3120,369.0113,754.3176,369.4791,396.1772,937.0252,591.2478,209.9212,500.0329,789.8302,560.1366,749.3838
7.5667,743.8840,319.5736,295.6200,769.9411,386.8907,798.4076,492.6109,442.0805,389.6878,364.7843,741.1524,373.3740,396.0491,963.4424,650.4965,213.4457,497.2480,785.4738,564.8682,773.6889
7.6000,733.2229,323.9665,300.8776,749.4756,396.4483,838.8725,493.3338,442.1418,390.8822,352.1014,750.8591,369.8392,393.3405,958.9365,643.2946,212.0193,463.7002,790.8808,574.0324,770.6411
7.6333,738.0357,326.6349,303.9474,764.4005,402.6090,812.0938,485.0875,442.1249,375.9973,365.2624,765.6640,369.7162,380.7617,911.5631,667.2333,224.2216,478.6387,781.5158,572.0091,772.4400
7.6667,749.6998,325.8608,305.3540,752.2646,387.7817,783.4851,481.0035,433.4043,382.6852,373.5849,762.9946,352.4345,384.2643,930.7003,652.9787,217.0722,471.9954,777.1554,564.0074,772.2242
7.7000,751.8593,327.4064,301.4348,783.7302,400.2456,788.3998,486.8023,427.9549,379.9444,373.2939,718.6040,360.6752,398.4403,897.8907,658.3934,212.8825,477.6737,766.0384,573.4675,773.3388
7.7333,711.9086,331.2567,299.7022,761.7061,395.9412,791.6822,492.8287,423.6353,384.2160,369.5173,753.2960,358.4405,377.1521,907.6697,624.7164,214.1848,482.7218,785.8605,573.8852,787.1399
7.7667,722.9286,322.5088,298.4171,787.9060,381.1379,776.5158,497.9018,434.0465,387.4372,362.5228,734.5394,372.4371,377.1648,902.4214,624.2573,205.8401,492.1341,787.9825,598.4794,754.8588
7.8000,743.9137,318.9495,301.4790,789.0893,387.8690,776.2457,506.9374,430.0715,402.4262,366.2061,748.0875,351.5482,377.3105,893.2486,603.8756,214.4826,477.1156,755.6829,565.7821,766.9660
7.8333,752.6022,322.3716,282.5103,739.5117,379.6171,802.4981,478.0970,434.5771,383.2569,357.7248,748.7044,357.1998,380.7670,893.7516,596.9214,215.9459,469.0435,787.2503,584.9484,792.5442
7.8667,735.8736,320.9068,290.4964,752.6787,381.0906,770.8660,487.6457,426.4764,388.7394,358.4243,937.1241,362.2892,394.5562,892.8229,585.4433,223.2678,490.5692,748.6745,561.9406,763.6803
7.9000,720.1146,322.5108,296.8755,746.8483,382.7553,769.8049,489.9988,430.5164,403.9842,360.3155,1052.3336,372.8645,403.4702,828.5915,578.2598,215.9690,482.5707,767.6638,581.0319,777.8957
7.9333,728.0118,317.3906,301.6446,742.2669,400.6271,781.2094,460.4429,429.0927,397.0573,362.5922,1058.8219,372.1456,396.7663,857.9383,584.8733,215.3855,494.7223,753.7458,574.2743,759.7572
7.9667,751.4811,326.7833,298.6111,730.9138,394.4204,777.6591,476.2043,424.1925,381.7115,368.3513,1063.1606,377.1196,393.5101,861.9590,576.6461,219.0934,486.9387,761.1467,569.5433,748.8506
8.0000,737.5536,330.4466,292.7443,723.8074,395.0818,756.6835,478.2880,454.6181,375.2493,368.6194,1075.4854,391.0307,392.5625,860.1991,542.1354,216.8969,507.6855,769.7569,557.5136,770.9956
8.0333,732.4250,325.0929,305.3239,773.5487,390.1449,768.3462,485.7376,440.4324,396.1512,360.4737,1068.0382,363.3573,398.3471,861.9362,550.6602,219.4620,476.0387,771.7369,574.2797,775.7772
8.0667,743.1141,329.1586,295.0829,733.2125,388.1200,774.7323,501.4734,431.1990,378.8642,348.6093,1003.5834,361.1897,376.8444,844.7745,532.5906,212.2250,493.8545,780.3980,566.0956,771.6448
8.1000,745.7649,327.4970,298.7817,759.7118,388.3428,775.1498,478.5691,435.7560,386.3401,360.3493,1003.7265,362.6526,393.9105,843.5933,536.7066,213.8832,493.9909,732.7389,571.6371,762.1044
8.1333,731.0259,324.0891,289.1942,754.0210,380.9337,767.2900,487.5785,434.6991,385.1244,370.6514,1004.1214,367.7955,376.9395,857.7480,542.6970,217.1017,476.7790,767.3877,558.7259,745.0207
8.1667,734.4540,320.5575,294.5909,745.4953,384.4707,781.3992,488.3879,438.8322,375.9117,361.4174,992.9820,362.4502,380.5716,853.2116,540.2138,209.0446,473.7760,757.3857,553.5552,763.7563
8.2000,714.2825,313.8691,286.8398,736.0093,388.8470,765.5007,456.2859,423.6401,388.4357,361.7681,967.5577,365.3828,396.7778,846.7441,519.6112,212.9996,486.7947,795.1475,590.4725,763.0688
8.2333,707.0380,324.9108,289.7144,744.8223,386.3940,768.2781,468.4840,414.6024,384.7913,366.0628,968.5012,359.4006,383.4070,863.7004,516.5289,219.8588,481.0563,750.6411,569.4277,799.8120
8.2667,724.1937,316.6996,294.3589,756.9451,380.0555,766.5236,476.4746,434.3214,395.1533,361.2476,933.6903,353.6598,394.1888,843.3055,510.6340,207.2914,487.6733,742.1252,589.3970,773.0906
8.3000,729.8082,315.6741,283.0485,735.4171,376.2601,768.7962,482.3674,433.2940,383.3981,355.4329,923.7748,363.2920,392.0828,844.4377,514.6972,222.7225,488.3350,783.1382,599.0253,756.2812
8.3333,759.3618,320.8981,295.0626,747.9760,381.0781,774.2084,483.7079,421.0744,379.7754,358.2736,904.6932,359.2866,394.1507,843.9861,500.1962,213.8471,471.9894,750.1256,551.0509,771.7109
8.3667,704.9197,327.3487,276.0520,743.1825,377.6946,759.1290,478.6462,415.6118,391.5653,356.8938,920.6880,377.4902,405.0528,860.8140,506.6581,208.8896,488.6290,738.3118,561.8107,761.9756
8.4000,708.0202,311.8704,286.7818,768.6121,375.9160,757.1673,474.7719,412.8208,379.8632,366.2337,881.0281,363.8682,391.8249,818.3492,490.7502,216.3267,479.8507,747.5057,579.9320,760.6450
8.4333,702.7412,324.1942,293.7872,741.4442,378.0246,748.6606,483.8783,414.4446,390.9576,371.4435,879.7397,364.0214,388.3285,840.8534,507.1739,208.6061,482.9176,783.0243,545.6395,780.5983
8.4667,696.3976,321.6963,296.1257,764.8563,378.0127,761.8783,501.8615,438.7651,396.4233,359.3641,876.1240,377.5069,394.3501,832.2717,476.2231,217.5542,485.3279,750.9187,574.4527,749.0615
8.5000,746.2188,330.6098,298.9037,758.1151,390.1170,755.2022,479.4970,436.3854,373.9945,362.8502,885.7807,349.4073,390.2858,824.7030,490.6288,220.5621,485.7914,780.7139,545.4854,759.8275
8.5333,755.3767,325.4433,293.4433,746.9003,385.0329,757.8114,488.0584,421.7387,396.5122,362.0101,869.5951,364.7501,392.0376,827.5131,486.4103,217.1911,489.5329,748.9888,569.3518,764.1738
8.5667,723.6406,323.6084,287.6077,758.2506,391.8118,758.0103,479.1545,435.8400,380.1797,365.4432,845.1994,361.3467,396.1508,835.7152,478.6318,213.0515,483.7018,747.9489,564.6043,749.9591
8.6000,717.3532,330.1335,283.7345,727.0681,384.0449,763.5593,482.6272,415.9416,389.9838,357.0977,865.9957,365.3374,402.0560,823.0852,472.4292,219.5991,477.6343,746.8884,572.6477,759.7030
8.6333,715.0826,320.0163,290.5380,734.0600,385.0185,761.2596,472.7219,423.4055,388.0084,357.4084,852.6278,353.0324,409.5560,810.0523,485.1501,214.7175,485.2139,741.8161,583.9644,752.4695
8.6667,707.9632,320.8569,284.1863,746.9617,387.8804,746.0348,482.0349,435.1185,378.3168,362.2348,867.8907,371.4464,398.0201,824.7653,474.8821,216.7882,479.1237,770.9808,565.9913,782.0046
8.7000,721.1431,323.1109,296.7695,725.9319,364.3804,761.3863,481.9882,430.7539,390.3146,360.7862,820.4799,365.3029,389.0395,813.1403,498.0014,222.8965,480.6251,749.4415,580.3066,723.5949
8.7333,740.4615,317.1776,289.8875,765.6604,385.2160,759.7425,476.2725,431.7912,381.5651,360.2736,820.4039,361.7531,385.0331,828.2895,481.7654,220.0032,489.8308,751.3697,557.5364,763.6073
8.7667,720.7092,326.4527,292.0669,775.9482,389.8195,773.2266,481.3201,437.6576,380.2981,359.6995,833.2863,364.9492,378.0966,827.9530,450.9160,215.7206,484.8354,740.7580,567.5724,778.7368
8.8000,725.2304,321.3641,280.3611,758.1494,377.6981,740.8073,477.9805,426.4290,378.9513,373.7627,785.7170,360.1188,392.7273,826.2262,470.4961,214.6691,501.1486,754.4304,567.2474,761.3814
8.8333,740.5452,327.5187,294.0000,766.9273,362.9481,753.0136,490.6223,430.3325,376.2243,379.4714,793.1153,355.5230,401.6316,788.5285,456.0978,214.5710,492.0770,750.8261,570.4403,761.2579
8.8667,711.2573,325.3410,287.4472,727.4578,388.2442,765.5956,483.0545,422.6855,380.7661,363.1018,790.9643,373.9212,400.3372,852.0229,455.7579,218.7175,486.5384,763.5623,555.4542,749.3570
8.9000,734.7766,329.8065,270.1180,753.3591,391.9802,735.5517,479.8526,434.4643,385.3617,371.7195,798.1424,372.5376,389.8331,815.1473,489.4103,208.0150,487.2272,757.2291,565.7317,765.1294
8.9333,696.3596,318.6359,291.6657,734.3917,385.4051,734.7643,486.5065,430.2558,403.0415,362.5067,779.0901,375.4334,388.6703,813.9994,459.3005,220.4847,483.0262,748.4917,554.0516,776.2234
8.9667,718.3968,319.6530,289.8570,734.4879,375.9060,761.2285,480.4858,419.1414,378.1273,367.1467,782.8742,368.6714,392.2111,850.2569,457.3408,217.3879,476.1410,729.8765,583.9545,751.4043
9.0000,700.7991,314.9072,285.8325,745.9436,380.1292,731.7059,490.3411,423.1945,381.6038,371.4644,774.8465,375.1294,390.1120,802.2061,461.3494,215.5630,466.8120,746.0621,569.9694,771.0417
9.0333,732.3192,333.4991,288.6760,743.1448,372.7526,731.4377,476.4866,436.2427,383.2402,374.3701,806.8847,387.9651,381.0521,821.0851,458.6606,216.8030,491.7797,758.7845,555.0632,762.2435
9.0667,709.1376,323.7204,289.0089,732.1685,383.2683,738.5214,467.9141,437.2579,390.9127,373.4502,774.9325,370.4760,398.8415,821.2708,449.5449,224.1463,475.1784,755.2547,552.9599,769.0391
9.1000,728.1726,335.2472,286.2147,756.0870,387.4953,746.1314,470.6299,420.7180,381.0092,367.4485,750.3694,356.4210,399.2820,808.1340,461.3581,209.2080,476.7408,737.2031,561.3553,750.3495
9.1333,710.9629,321.1845,285.8219,738.8388,384.5325,757.0422,474.8588,413.0052,380.9446,365.3589,802.1323,340.2599,395.6943,794.0670,440.5513,214.3357,459.7136,746.7834,554.4952,965.6298
9.1667,735.4297,322.4617,291.1756,741.4992,393.4270,724.3821,488.1173,421.6822,397.2424,355.0065,762.5451,356.0539,393.8890,805.1364,461.3812,224.1284,471.1359,754.3255,562.2233,1064.5339
9.2000,719.1084,324.4838,287.8446,740.0142,397.8124,723.1146,486.7586,427.5130,384.4743,366.8293,778.8152,358.5178,388.8239,797.0700,442.6410,209.9628,466.0317,744.4117,564.5682,1108.8833
9.2333,747.6369,327.8058,290.5774,739.4322,383.5550,733.1335,466.4821,429.2855,382.2900,372.4908,763.1715,366.3081,393.0329,775.0659,443.9427,210.4777,462.7158,759.5681,564.9514,1096.5685
9.2667,759.5852,323.7255,282.7176,772.5703,391.4848,752.2650,492.2457,425.0739,372.8229,362.2239,779.9561,371.5823,385.0840,801.7783,460.3047,209.2942,484.1552,753.4740,576.1909,1118.1541
9.3000,725.5014,330.4840,286.6413,768.1713,392.6315,769.3216,472.3933,427.3372,391.1549,360.9941,762.2900,371.4397,403.9379,790.0972,453.5988,219.9024,492.7222,743.5781,568.1298,1090.7612
9.3333,711.6067,327.4718,290.9330,730.6555,388.1498,734.0892,471.4281,423.0008,381.7734,377.7411,755.9714,369.3801,404.1825,812.8056,458.5705,208.5952,471.0282,753.5806,542.8254,1085.3987
9.3667,740.4881,316.0447,294.6594,745.1114,377.5974,755.4279,473.8800,414.9566,378.6442,355.3137,732.9222,374.4196,386.9104,809.6208,467.2458,219.8902,487.4948,748.1841,575.3559,1069.2562
9.4000,725.7840,313.0493,290.8567,744.9563,393.0750,772.2573,469.4033,416.5177,389.2071,353.8207,757.4429,339.3305,402.4676,818.8247,439.6730,213.2801,472.7787,756.7418,554.5324,1037.2228
9.4333,725.3463,325.2952,294.0664,764.0694,378.6819,749.9485,477.7379,424.6114,376.2868,371.4391,776.4666,361.3926,401.6573,798.2080,445.4321,210.6827,464.6050,740.5357,575.3004,1043.6553
9.4667,736.5561,316.8669,301.4085,734.5305,389.9586,739.8578,464.1847,436.9102,394.7139,360.4215,770.7689,361.1409,408.7700,828.2671,432.7332,216.0579,482.3150,778.6879,554.5754,1015.8668
9.5000,741.1786,317.3785,281.3594,743.1717,379.8813,742.9638,476.7503,434.1706,386.4002,354.3303,762.5117,352.9329,405.4870,816.2638,444.1696,221.2336,494.6203,747.6328,569.6755,1013.3725
9.5333,723.7982,335.3870,278.4730,740.6261,380.5021,739.0743,480.5457,443.5664,396.1988,366.0693,748.6309,358.9522,385.7411,806.2109,427.2331,218.7366,481.9814,749.6682,548.2347,979.3348
9.5667,713.0399,316.6445,285.2422,746.5821,378.6100,746.7031,474.0248,429.7847,381.7343,369.3430,789.5579,359.5355,396.0146,798.4034,446.1950,219.6885,479.6246,749.4560,564.5846,997.7137
9.6000,733.0722,329.1441,283.8141,741.9793,391.2585,719.2266,465.0938,425.0752,396.0283,357.7986,770.5005,366.0454,405.3445,803.6128,456.5581,220.8538,488.6535,740.2472,601.0474,987.3907
9.6333,724.9969,307.4493,285.5492,749.9929,375.9750,736.1236,474.0566,421.2936,387.3350,378.3444,749.4723,378.4668,383.1827,790.5989,448.0319,214.9696,474.0015,771.6840,559.1737,953.0809
9.6667,716.9732,319.0623,286.7222,759.7835,387.3839,723.9082,485.2416,425.1012,383.2381,388.1961,749.7492,349.5747,399.2246,797.5890,441.2316,213.5158,482.1773,727.1431,573.3060,959.6243
9.7000,731.5827,322.8485,295.1104,746.9717,392.5084,723.9225,480.5347,424.5190,384.7904,358.8483,764.8261,365.2595,387.5032,808.2812,464.2150,219.5042,483.3958,718.8527,577.8125,929.6214
9.7333,694.1923,330.3822,287.1590,750.1515,383.4235,722.1728,475.2885,426.8920,385.9260,366.1655,744.9377,364.0322,379.0953,788.0274,441.4655,216.6223,481.5172,729.2320,570.0636,928.6453
9.7667,701.0985,335.1478,293.8450,742.4842,391.3819,746.1645,482.7740,428.8194,391.3823,390.3235,756.1913,375.1186,399.8969,790.0190,430.2721,218.9641,468.0409,765.6461,573.2102,921.9713
9.8000,712.9817,329.0644,296.0138,760.5474,391.8767,736.3505,482.1779,433.5362,399.3428,343.6139,725.6579,372.2443,405.3558,797.2642,455.0860,214.0313,484.4092,733.6397,574.0570,901.9935
9.8333,735.9513,314.0084,293.9245,952.3409,382.2238,732.4274,485.6624,423.7800,370.4686,359.7001,752.1989,362.4758,391.7262,810.6410,436.6876,214.6017,497.8912,776.0012,576.5573,886.7306
9.8667,726.8420,328.4689,286.3106,1060.3998,371.7547,732.6768,472.1677,434.1613,381.7498,469.5766,730.8671,358.8980,391.4320,786.2638,442.8296,215.5084,474.1637,747.3668,574.3705,875.9575
9.9000,720.2752,321.4603,293.7312,1087.7456,380.9761,745.5885,476.6190,418.8412,387.4236,513.6975,727.5631,358.9325,388.8265,812.0514,434.7733,211.6251,477.9937,750.4665,551.8395,869.3094
9.9333,744.9776,313.1664,282.8374,1105.6720,371.7539,750.3876,483.7412,438.0491,372.8758,526.0673,749.7195,376.2832,393.9067,787.3980,438.3589,208.3330,484.6212,712.6130,570.1057,870.0388
9.9667,714.1332,323.0277,284.1833,1057.4343,387.8117,727.4206,469.9281,427.7027,390.3478,528.7768,746.8753,372.6935,497.6042,784.5742,438.9234,217.5064,490.1593,730.8004,575.8954,906.3154
10.0000,742.7344,331.0569,290.0736,1062.0066,384.7991,746.2914,478.7664,431.4589,388.6368,525.3504,730.6352,377.2723,539.1848,779.7866,434.3444,217.3401,484.4765,748.4967,550.3199,863.2276
10.0333,718.7385,313.9412,297.2310,1060.5270,372.8912,773.4105,475.7763,416.2575,367.9172,524.2252,745.6510,365.9205,560.2907,782.3895,435.1799,214.7841,480.5324,738.1175,562.8640,911.6066
10.0667,727.8211,318.6602,281.9186,1019.8332,380.9074,763.5034,462.0671,431.5902,390.2177,520.1749,763.9278,353.1924,565.8071,795.4553,433.4769,218.5044,476.0883,758.9995,575.7740,865.8216
10.1000,699.2110,319.1058,287.4152,998.4041,391.2152,742.7103,489.8496,419.8244,382.2406,492.4330,730.5371,358.5592,557.1032,821.1828,435.0579,212.1025,483.4605,758.6300,558.2853,840.3946
10.1333,707.5367,322.2244,286.2294,1003.6420,393.2707,746.0116,487.0339,422.8007,385.6025,504.6223,747.8096,377.7330,568.6435,803.1964,446.7944,210.9030,475.2743,751.6649,558.8338,852.3629
10.1667,738.8374,318.5816,295.7097,1004.8766,377.9580,760.6020,463.6898,412.5877,383.8999,492.5286,750.4174,370.7022,558.8703,795.4552,443.9870,222.5715,615.1946,762.5509,544.4862,859.3912
10.2000,730.2463,313.7258,291.2985,987.0338,380.8575,746.4272,479.1574,422.9627,379.4773,482.2572,751.2042,367.1124,534.9438,779.3954,576.0351,218.5560,683.2473,749.7942,587.5197,859.4548
10.2333,722.6980,324.2406,294.1570,953.9573,379.1962,761.4209,485.9371,428.5809,392.8835,473.3087,750.8303,365.5098,541.7194,814.2284,621.3500,217.2607,701.8274,758.5086,576.8085,829.3019
10.2667,722.3351,326.5443,286.3872,957.5498,386.8177,774.7960,473.9270,405.3851,383.6682,469.1623,721.8423,357.3237,536.4050,797.2620,647.5930,217.0833,697.2763,744.2749,568.1968,847.1685
10.3000,727.7619,312.7813,282.7452,951.4916,369.3667,757.9650,479.5212,426.6977,382.5210,467.2438,751.7386,362.1689,515.6575,806.3051,630.6384,215.4218,687.8836,748.1109,574.4953,849.2329
10.3333,761.2174,318.6899,291.3621,930.8937,385.7077,744.6847,485.7378,541.6531,378.4644,457.7133,735.2294,366.9730,515.6528,781.5703,625.5399,216.6453,700.1964,732.5707,568.9147,842.9791
10.3667,732.2673,323.7646,287.7162,933.2273,376.6502,743.2698,462.3761,583.0211,380.0167,469.2280,734.8852,359.9495,520.1793,763.7904,635.6867,211.9746,684.8094,735.5334,563.8358,826.4806
10.4000,748.2542,323.6101,275.8476,903.1466,378.2871,755.6625,460.7212,612.7726,393.0642,457.8077,745.1737,365.7895,505.1465,794.3343,623.2157,211.9913,666.9578,766.3505,549.1965,838.8431
10.4333,739.9466,317.4821,288.8628,903.6608,375.4320,752.8755,464.6539,617.5719,385.4052,453.9292,741.9659,375.1257,490.2647,800.5961,599.4129,213.3308,655.1998,752.8880,570.2848,805.7285
10.4667,732.7067,318.0150,292.9207,892.5508,382.5620,748.9556,469.5264,611.7529,387.1665,441.1617,740.0802,366.5615,492.9407,764.8637,602.1991,216.4258,636.4211,737.0970,557.5938,808.8401
10.5000,751.8376,324.4249,293.1410,892.3678,397.8390,735.2817,476.5229,606.3497,384.5775,421.9407,725.0602,361.6978,480.8535,787.4724,599.8082,213.3549,647.7033,747.6255,567.1119,818.8611
10.5333,712.0801,331.8653,290.6049,877.7938,379.7503,757.1736,488.2196,593.6015,388.3606,435.7616,760.8720,358.6731,481.0456,828.6831,570.7684,212.0315,641.8536,742.3387,552.0296,820.5916
10.5667,733.8555,332.8520,277.1043,857.6248,383.2879,729.5306,462.8966,589.6027,384.4241,431.6525,748.9233,362.3775,479.4252,789.7832,575.9514,216.6668,738.1308,754.7589,553.8146,811.6907
10.6000,715.1677,323.2972,290.7790,864.2621,379.5487,749.7963,486.0553,575.1299,378.1788,430.6358,738.4424,366.4792,461.0923,818.8155,558.6899,210.3423,788.0045,765.7842,563.6597,803.4248
10.6333,709.6457,324.9079,289.6159,847.9032,372.8027,756.0383,479.6518,570.8500,384.0416,434.3112,746.8542,373.4745,463.0871,793.7797,550.8384,208.1774,835.8287,762.6265,580.2267,816.2781
10.6667,723.0313,321.2123,286.5641,877.0815,387.0433,736.0515,461.3292,683.9540,396.8189,426.5089,731.4609,366.5229,449.5997,820.5695,562.2720,216.6679,816.8918,731.1818,583.2693,818.2286
10.7000,705.0647,327.5724,287.8280,855.7382,379.5422,742.1592,480.8458,714.2570,390.4097,423.1748,715.7639,376.1683,459.0452,781.7039,551.8665,218.5270,807.1687,744.1282,581.6802,820.0159
10.7333,722.5913,317.8841,281.0767,834.1061,386.4193,741.1882,482.5067,724.0739,389.2262,416.8487,743.3299,365.5930,443.9330,783.8043,551.0831,216.4186,800.0370,754.6221,568.9560,799.2045
10.7667,738.0511,321.4843,278.2457,833.3910,359.4702,716.0157,488.6087,726.6288,385.7284,413.9191,727.1701,371.7112,457.8345,823.8501,533.4707,221.3643,790.1152,747.5544,579.0382,790.6538
10.8000,732.4096,333.4648,291.4167,844.5733,382.1022,745.3436,491.9707,727.2191,372.6177,409.8281,732.2205,362.7207,432.5055,772.2491,530.8663,218.2964,768.6184,755.7813,569.0121,780.0073
10.8333,734.5842,317.5756,288.0248,842.4327,375.4496,734.6699,458.4834,714.8635,379.1048,416.6853,721.5120,377.1313,442.9732,779.3205,518.1737,209.6741,753.1285,745.4935,576.9216,801.7767
10.8667,718.2893,324.5789,292.5951,865.0466,387.7647,746.5532,472.8666,712.4963,370.0326,416.4562,730.6817,363.3122,445.8612,775.9107,520.3922,211.3806,739.9317,739.0536,563.7815,802.2514
10.9000,722.6537,317.1323,287.0495,813.7993,389.1446,740.3499,476.7004,695.1752,394.0621,397.3508,726.7650,372.4119,453.2969,779.9279,517.3087,212.6205,717.0368,745.3716,566.7328,804.2724
10.9333,735.7359,330.5549,285.4113,840.5024,377.1105,728.5665,476.3694,665.4479,372.9280,407.7352,702.0819,361.5410,443.4204,783.8024,529.3350,209.3707,695.4497,738.1157,540.6542,797.8835
10.9667,747.9071,325.8983,291.6938,799.6809,375.2093,750.9988,499.5786,653.3516,386.0050,402.6553,719.1920,364.8411,432.1767,785.2812,495.9286,214.7323,703.9549,735.7260,566.8760,817.0947
11.0000,751.1289,329.8408,289.1595,806.1628,362.5810,757.1820,474.4723,635.3560,383.5522,410.4269,726.9056,357.0201,430.7472,760.0306,495.9931,209.3705,696.6017,740.7913,570.9607,767.0003
11.0333,721.7964,328.1478,296.1860,826.1748,372.3392,746.3461,475.8893,631.8233,379.2369,388.6857,718.0928,355.3278,433.8056,775.3519,501.7856,213.4027,658.8070,743.1857,561.1462,797.8268
11.0667,712.9507,322.5987,299.3137,804.0955,387.7098,740.9838,478.6352,608.5174,370.5648,397.3939,726.5922,362.7324,431.4153,803.5725,500.5596,214.5009,659.2686,767.1626,562.0260,786.7353
11.1000,717.4297,314.4278,298.9854,814.8846,392.6052,748.1036,467.5242,602.9331,391.5033,390.3609,711.3633,363.3751,417.7632,796.3889,481.1887,219.9792,650.5755,759.3481,578.4451,758.2898
11.1333,728.5139,336.1945,284.5624,800.1464,380.2293,760.4954,486.6000,591.1861,369.6450,390.3157,716.6255,353.4106,428.2910,794.5805,482.6099,207.5706,623.8299,736.2551,572.9796,792.6482
11.1667,726.1036,324.9294,286.0217,820.4566,394.6984,749.9404,470.5168,591.1121,381.1227,391.0143,702.8098,366.4733,425.0974,809.5441,482.7583,217.1154,626.2606,712.7859,541.8777,779.2190
11.2000,738.7773,315.9555,277.3927,808.9941,382.4801,741.7915,476.6917,590.3284,370.3936,403.4146,739.2065,371.9925,411.7634,774.7933,481.9711,210.2833,625.2799,704.9922,577.3502,771.4360
11.2333,727.1889,321.2542,296.0185,798.3585,364.2839,750.9268,488.3848,575.5162,396.3404,381.2097,730.0741,370.0429,405.0063,787.8927,469.9567,214.8685,621.8634,759.7352,580.9470,768.4776
11.2667,735.1769,320.6006,291.5531,781.5220,383.4984,771.7087,466.7828,556.5361,370.9126,396.8668,918.5155,350.9969,403.6755,790.6453,481.5175,215.3477,619.7512,738.2792,569.0726,764.4005
11.3000,714.1700,326.8791,294.5238,791.9410,382.8268,768.7497,469.9084,558.9939,388.4114,397.6853,1010.3617,354.0869,407.5191,809.1160,477.1569,212.3900,600.5708,719.4764,576.6355,795.7855
11.3333,721.5023,325.4127,289.7716,786.4231,387.0783,729.1325,465.7306,556.9285,371.1267,374.7788,1047.0199,363.0167,414.2377,828.4550,481.4077,211.3750,583.6934,741.6492,568.7370,779.7017
11.3667,756.7246,321.6367,300.9665,774.3717,388.6149,740.4008,452.5600,552.0584,387.3840,393.9175,1074.6092,366.7746,403.0948,799.3807,464.3396,211.2379,592.6558,719.2926,573.2292,767.0227
11.4000,712.1555,316.0344,288.7956,802.7519,380.6283,763.6839,465.2862,539.8051,378.1506,384.0417,1028.0045,368.9087,412.5772,756.5196,477.8653,214.8326,583.2871,752.9220,547.8571,770.7038
11.4333,738.3189,325.8986,298.1118,785.7386,380.2994,759.9268,489.2871,540.9579,379.6781,383.4761,1038.6163,352.0796,408.6936,776.8428,490.3302,211.4896,580.7064,754.7126,557.7972,754.8944
11.4667,736.4339,312.3630,282.7561,796.7045,364.6859,752.9831,479.6265,517.9868,369.5430,381.6760,1027.3217,361.7974,415.5609,800.1358,465.1258,211.7651,573.1569,752.6266,578.0116,778.4692
11.5000,740.1343,318.3818,291.9527,776.5025,381.1764,730.8872,494.1394,534.5675,386.1137,382.1341,994.5572,461.3898,423.9440,769.0612,464.3346,217.8276,586.5843,749.7506,561.0707,765.1942
11.5333,755.6211,316.7698,282.5588,794.0726,370.0177,738.1345,473.3232,511.4994,374.8963,382.4473,1012.1536,588.6148,410.9843,786.4392,463.9450,213.5953,554.2920,738.1930,565.4885,777.1682
11.5667,692.4376,313.4986,288.6731,782.8604,376.5469,732.8675,470.7739,515.4231,392.9790,379.4832,985.6890,668.7190,400.6603,785.6008,470.3549,212.2422,566.4993,714.4456,586.9091,743.8646
11.6000,712.6722,318.5570,287.7787,785.2701,376.5972,779.6605,469.2502,514.6358,381.4272,386.6627,966.4330,691.0037,403.2657,805.5079,462.9733,209.1899,536.0236,745.8292,553.9374,771.5957
11.6333,734.5874,314.7146,285.6905,770.0069,387.1565,779.2233,481.2881,495.5430,371.7103,384.4761,965.9351,684.5463,406.1406,777.4302,467.6902,214.2150,548.0845,773.5526,579.4496,767.6360
11.6667,718.0849,325.8303,294.2983,776.4910,379.3754,745.2255,466.6854,502.7773,385.9824,378.7448,952.9098,672.4034,401.4917,786.9496,450.4995,214.4387,524.6330,719.5721,554.1407,770.2051
11.7000,735.6871,317.3949,296.5185,775.3923,387.1706,712.0671,483.2950,494.3908,387.7006,373.5362,919.9943,659.2275,401.2584,783.7784,444.2396,215.7601,541.2396,771.8528,573.0598,756.7525
11.7333,714.9683,312.6220,294.0030,749.7119,371.5061,762.0116,477.0213,477.6690,392.8754,378.3564,913.4387,639.5755,398.5661,793.7346,460.6507,217.5703,541.4019,749.3513,574.2509,757.5190
11.7667,737.7097,321.8912,297.6730,764.1542,391.0575,730.7605,459.9538,482.9648,382.9583,373.8155,908.5286,638.2713,410.2809,792.7627,451.9260,217.8393,547.6548,725.2015,568.9034,773.9932
11.8000,732.4000,312.4774,278.2713,767.6719,377.4903,762.3713,460.4697,488.7714,377.8130,387.0150,905.0201,609.3765,389.1506,815.9348,456.5573,215.8711,542.8658,743.8142,573.7541,779.1877
11.8333,725.4889,327.7530,273.6136,799.1538,398.2706,749.8193,473.5240,478.3626,392.2183,375.6899,931.4577,599.5723,402.6151,790.7875,457.4313,213.6109,551.2061,714.2857,572.0052,807.5992
11.8667,739.3604,323.4415,284.1070,765.3518,360.1430,754.9623,494.4263,478.6632,377.8057,367.9854,873.6999,573.5257,398.8028,758.7915,443.5350,214.9909,536.0970,739.9351,573.3215,768.8548
11.9000,738.2273,317.4280,285.2122,752.7832,379.8149,743.3897,478.2959,465.8287,379.6123,379.1750,846.1126,583.6278,398.8501,795.2465,453.2612,215.9593,542.3409,745.7145,564.6307,770.0224
11.9333,735.7841,323.8499,285.8954,787.4204,372.7567,744.5051,492.8467,453.8915,398.5822,368.7303,900.3580,579.2685,396.8744,791.9759,460.4647,212.6399,522.4914,716.6992,558.4438,749.4709
11.9667,757.4635,315.7458,284.5914,779.2437,382.8324,718.5891,481.0006,453.1828,379.7530,385.1261,873.6135,567.0459,402.5997,781.7014,439.8671,207.2388,542.6922,767.1446,563.0895,756.7519
12.0000,741.4556,325.2019,288.8568,770.9523,381.4600,778.6190,482.1470,468.2314,379.0643,362.5702,879.5972,548.2085,394.1644,794.3968,445.2818,218.9422,529.8041,723.3993,556.4002,770.0442
12.0333,748.8341,328.2692,276.7509,784.1097,376.0742,755.4552,461.5739,462.3624,387.8979,380.4160,877.3804,549.7052,402.7796,804.7606,448.6304,216.1965,523.9532,735.9288,559.0033,761.5685
12.0667,746.4613,318.2630,275.9502,759.4021,375.6308,738.2646,482.1904,458.1127,393.0202,376.8034,848.1640,530.9857,398.1242,782.9951,453.3858,217.2798,501.5475,738.6970,570.6119,774.7617
12.1000,773.6958,327.3816,289.1018,743.5335,382.2960,762.6885,476.0945,460.8140,373.4613,371.7508,849.0777,526.2255,385.1787,768.3580,452.5929,208.0650,516.7294,740.1750,567.7657,813.9047
12.1333,718.7978,313.5724,281.6244,780.7564,383.0733,773.3123,472.9238,460.9576,380.0907,356.9700,822.2154,502.5233,396.6060,810.0040,449.1359,217.2602,503.9261,736.6314,564.1545,773.1363
12.1667,722.9729,317.0677,282.1375,786.8721,389.2101,759.3343,473.9901,444.3848,397.1944,367.8024,834.3841,511.3290,392.8163,791.0989,451.1223,211.6614,513.8716,742.3633,570.9397,766.0853
12.2000,729.2548,325.5845,294.0722,736.4986,384.8210,728.1094,472.1145,451.8448,372.3458,378.6672,794.9175,490.8040,399.5058,779.6512,434.8460,210.4210,643.9386,764.7380,572.7636,749.6888
12.2333,726.6514,313.2593,279.3348,758.2188,370.3017,754.4518,473.9239,454.8552,391.2944,367.8647,854.9750,477.4520,392.9078,791.0320,441.6920,209.0259,708.2794,741.4644,581.0320,747.2030
12.2667,722.7521,323.0873,286.7781,772.4523,373.2985,721.0288,496.7604,460.9958,380.8643,381.7983,820.4610,492.8339,390.2594,763.6602,451.9525,213.6450,712.7487,745.3360,597.9118,771.7498
12.3000,740.8540,322.9826,289.8279,748.6788,372.3579,732.8007,472.6054,446.2424,369.0883,364.9832,810.2587,474.3389,397.4589,789.4386,462.3487,217.9505,717.8471,736.0173,579.6481,762.9171
12.3333,721.8036,329.1706,287.3813,768.1621,372.3115,740.4400,473.6900,431.6207,373.1663,363.4866,795.9810,464.7488,409.4866,759.6499,437.8583,212.5780,717.3385,743.5245,568.6467,761.6944
12.3667,718.1211,317.7067,279.8536,733.2544,383.9122,750.3177,490.1307,442.0987,381.7888,386.1414,775.3815,457.0456,401.0857,791.8942,451.9372,211.3512,722.6541,737.3810,546.5934,784.0792
12.4000,753.5787,323.1901,285.8320,750.5215,381.0363,749.6719,472.1551,440.0966,389.2629,364.9773,814.8015,465.0898,416.7095,753.2596,435.4702,213.1345,687.9042,750.7250,576.2971,785.9827
12.4333,725.3138,312.6961,291.9765,748.0066,371.6326,779.7141,485.6423,446.2335,382.4857,368.0145,794.9631,440.4561,399.2410,799.6874,457.6742,214.0268,686.9471,738.7782,575.2744,753.4952
12.4667,736.1919,324.8457,279.9680,741.7206,365.9960,742.9509,485.9467,436.3469,386.8330,357.0373,790.0227,432.4857,404.5857,765.8542,447.3956,216.0973,682.8942,750.3399,581.6630,765.2868
12.5000,743.5567,319.8293,293.1287,745.4472,375.6280,738.2258,476.4326,431.6107,383.4503,380.6245,786.3844,447.2655,396.3321,762.0287,443.2434,213.7207,655.3269,735.5455,579.6245,729.9660
12.5333,742.9555,312.0404,289.0485,758.0446,387.4291,738.1274,482.5811,449.3649,374.1367,377.5504,793.7164,442.4092,399.4965,775.8228,438.2062,208.5130,659.9638,739.2351,571.5621,781.9728
12.5667,729.5005,317.4757,298.7054,779.4885,372.6397,734.3897,476.2584,428.2800,401.1136,369.5129,762.4046,424.1737,407.7816,797.9153,447.7954,213.5747,642.3160,749.8810,559.8136,753.2138
12.6000,702.6891,322.3367,281.2603,759.6860,377.0410,740.7982,472.8166,427.6852,376.1675,359.2571,773.9684,430.2518,389.9308,777.7829,449.2938,212.3046,635.1237,721.1517,553.4409,789.9030
12.6333,723.6118,317.1028,287.4371,798.8944,381.4786,769.8899,480.6085,436.7052,385.7590,383.3888,798.1437,421.8819,388.3297,796.2687,445.7485,214.3504,625.1870,726.3380,559.9052,752.4873
12.6667,748.7675,313.5407,298.1532,774.4412,387.4545,769.5047,462.8518,428.3729,375.2877,375.3825,766.9817,418.2810,383.7658,781.8407,461.3338,211.6895,630.6602,735.1132,568.3123,757.8517
12.7000,726.9042,324.8310,268.9016,761.7272,381.3954,737.6701,476.4047,431.3887,388.5832,358.1840,786.1493,431.0722,390.7689,813.2943,436.9064,216.0405,619.7447,749.7150,570.1421,745.3728
12.7333,733.2233,328.3286,286.1585,731.7596,383.0896,770.6106,473.1962,445.7815,392.0949,361.0621,782.5235,417.6445,391.9955,785.5257,463.7837,217.6697,621.4212,738.6622,562.2035,805.6466
12.7667,725.2332,311.7500,275.1014,763.6901,385.2911,754.3970,468.8250,425.5746,379.2452,357.3281,782.1340,408.7287,404.8150,790.3290,467.0258,215.7445,591.4602,727.7089,576.4114,754.1036
12.8000,740.3861,333.1852,289.6970,764.3531,383.6922,774.7653,486.5912,437.0119,374.1342,380.3079,778.8783,412.0116,399.3105,796.0211,459.3136,208.3923,595.4422,731.6953,567.2155,756.8535
12.8333,711.0797,322.4740,283.1087,752.2852,370.3189,758.1066,466.1739,429.2610,380.9359,353.3733,758.8310,412.4427,404.6744,784.8301,426.1449,210.7311,603.1831,728.9507,559.8165,778.9875
12.8667,743.0000,321.4387,287.0155,773.4728,388.0970,760.3396,462.2052,428.3411,380.8105,372.7831,768.8338,400.0579,391.6991,788.8991,454.8713,211.6732,571.7279,706.3406,576.3195,745.9275
12.9000,699.1257,309.0684,281.8492,744.0861,379.5305,746.1771,470.2067,426.9394,375.1537,371.8778,751.2689,416.5132,392.6003,785.1863,454.3008,208.8419,569.6034,745.9050,562.4502,743.0761
12.9333,756.3298,317.8297,367.4194,757.4459,377.1244,757.2728,486.8749,412.7426,373.6153,461.7842,794.6471,420.7837,394.3809,794.2317,441.6232,206.2813,592.9777,735.8921,562.3376,757.8937
12.9667,761.3574,313.6120,405.5627,758.0046,389.9773,745.0311,454.3377,425.5763,368.3994,521.0053,740.5409,399.7494,404.5768,790.9896,428.9292,218.7166,578.0248,699.1371,694.1262,765.2425
13.0000,711.3767,316.9049,418.1661,765.0595,381.0536,770.4355,482.1055,420.3415,387.9505,528.0333,786.0203,399.8824,382.9254,793.0830,451.1814,214.2699,537.0155,718.2347,786.8762,771.1161
13.0333,729.9304,315.2096,416.1664,765.1750,383.9041,746.0729,470.8561,414.1489,378.1718,527.5222,769.4988,395.1364,394.7594,780.3589,440.2372,209.2906,554.3296,765.1901,814.7010,760.7522
13.0667,745.7569,320.3440,413.2279,746.0114,380.5920,767.7321,462.7513,432.8737,381.6805,519.5823,759.4061,390.9315,389.8111,809.3607,445.7622,210.1231,583.8005,745.5388,790.0112,771.2599
13.1000,719.3680,327.4120,408.0970,751.3718,370.7257,756.8710,481.6559,430.5210,373.9842,515.4100,757.0080,395.2744,394.9206,783.6700,447.5656,213.5657,541.6410,751.2896,805.1499,768.1806
13.1333,725.0938,316.9057,403.7159,751.7605,560.3655,741.8425,482.0910,423.5024,384.1893,500.8076,782.4614,367.3483,389.3067,775.4065,441.1240,218.0605,544.0680,747.8474,825.0982,776.9278
13.1667,737.7007,321.7092,392.3067,734.9781,648.3160,757.6127,758.0161,436.7892,385.5017,508.7155,745.5852,364.5480,389.9908,786.5739,442.1980,214.6184,525.8786,732.3118,815.0616,765.4053
13.2000,731.5772,314.9564,389.4857,741.2699,681.6480,745.3075,873.3950,409.5753,389.8348,501.0123,738.6473,383.5002,381.3593,789.2017,446.4678,207.6574,526.2003,740.9643,765.3906,746.6418
13.2333,743.8260,324.3085,391.0972,763.0806,685.4227,1166.4276,929.5596,447.2106,377.0794,494.9169,757.4925,387.5668,389.0258,787.1774,439.1633,200.8321,533.6886,746.6393,779.1216,763.4738
13.2667,1111.1570,562.4697,531.1502,755.7792,674.7086,1347.4608,941.6586,433.7307,372.7619,484.4584,729.5934,378.4518,389.9421,758.6540,438.8552,207.5231,523.8228,726.5224,771.5077,752.9464
13.3000,1279.3831,668.9832,590.3367,728.7785,660.5239,1412.6181,933.2174,431.5697,375.5984,470.9312,759.1470,380.5333,396.2864,782.7555,435.6753,202.5831,529.4679,735.6889,763.4745,730.5422
13.3333,1341.8674,702.6957,611.6581,744.8070,653.1296,1408.7598,911.3508,421.7838,384.9790,480.6569,749.3682,384.3969,387.9335,774.4890,440.6921,207.7504,531.4659,754.5692,741.1928,774.5809
13.3667,1379.7335,710.6596,602.9837,753.8333,643.2516,1418.7524,887.8512,428.7632,391.1213,472.6331,752.4568,383.2441,391.7189,762.4482,443.2012,209.4251,520.9066,733.1129,715.6470,782.7559
13.4000,1357.5028,695.5284,588.2915,772.6461,624.5574,1365.1575,868.4243,422.1893,365.8051,455.0598,748.7768,380.3434,397.5761,787.6722,433.9002,209.6053,524.5637,750.6636,732.3331,773.3441
13.4333,1318.7641,702.6326,584.8038,775.9858,621.3419,1361.9783,849.4484,417.6795,382.9730,461.5561,728.0365,376.7876,390.1624,757.1649,437.2242,210.6100,515.9217,754.5989,714.4759,765.6739
13.4667,1330.8091,673.3975,570.6688,754.2466,604.7947,1345.5778,830.6348,411.0322,378.9660,453.8660,771.4185,372.2225,385.7731,797.4018,439.2218,209.7475,500.7269,751.5755,696.2985,789.8527
13.5000,1250.3381,659.0983,549.5890,751.6844,582.8774,1309.6806,797.9237,412.2929,376.7999,449.6595,759.7423,386.9335,391.2820,804.6732,432.4013,212.3609,532.0125,744.6283,705.1200,760.4583
13.5333,1225.2763,645.9662,527.6735,738.0305,584.3437,1254.3941,789.2627,426.7621,380.1504,440.8026,729.5127,359.7783,402.0136,771.9625,433.2281,221.1662,500.8924,720.8803,705.6945,770.6428
13.5667,1425.8877,613.7814,519.9095,758.8748,565.9644,1225.8520,760.8042,423.1800,396.9021,426.8007,754.7187,379.5133,392.5717,768.2683,445.9118,211.9519,519.2523,752.0239,666.1460,774.5780
13.6000,1462.0897,596.2388,517.9674,757.1698,552.4185,1225.4508,750.8675,430.9875,371.0739,431.8263,744.3823,371.6654,394.1065,782.4614,440.5216,220.1673,506.1662,733.0040,694.4234,733.5894
13.6333,1467.4499,591.7505,501.4937,769.3355,536.3376,1188.7030,726.6184,423.5048,381.4890,442.0146,740.6736,379.5804,386.6771,794.4037,450.6695,211.6232,515.5365,757.1651,683.1447,783.8763
13.6667,1477.0384,574.2423,489.4407,744.5818,541.7892,1183.9952,715.4911,424.9749,381.6641,425.5894,724.8290,383.6556,403.9371,790.6223,445.0677,218.1474,514.1369,725.7668,678.3878,776.1282
13.7000,1457.7518,571.0184,467.7674,770.8655,522.0988,1135.5321,727.7201,418.4875,378.1753,424.9558,730.0512,367.5662,396.4285,795.8741,449.5032,207.7037,495.8482,748.8189,661.4780,777.6807
13.7333,1407.9016,546.2661,461.6232,796.1568,511.7107,1112.9085,695.8689,420.1957,386.6805,426.2141,741.7064,372.1646,393.3612,786.8090,458.9580,206.1735,487.3290,735.2714,644.6110,749.7630
13.7667,1412.7716,524.6668,449.3671,748.0601,510.8784,1098.0269,687.3925,415.4824,371.6549,405.2673,742.4220,368.9343,392.0387,752.1252,438.7925,213.9304,495.7427,741.2740,644.5549,772.3966
13.8000,1343.8010,527.5678,444.4796,737.2852,517.5878,1084.9181,667.9979,429.6052,391.1721,423.1579,729.9601,372.1405,397.4569,786.1771,432.6256,211.5837,494.1032,758.0998,644.5775,766.4007
13.8333,1303.7581,520.1420,432.9019,755.8064,496.4420,1052.9456,674.4364,412.5142,391.5901,411.7489,763.4234,371.5908,377.6068,788.7324,438.4867,208.5099,492.8028,736.5886,646.7289,760.4642
13.8667,1275.4087,486.1021,433.3800,748.3949,484.6678,1058.4151,647.5507,423.5495,388.5763,418.5607,728.2405,379.3818,387.0905,775.3574,432.4745,206.1474,487.6467,730.2930,646.1788,783.7986
13.9000,1249.8602,497.3364,419.8830,762.0908,489.7549,1037.3877,633.8989,423.3400,378.9315,404.3838,726.3258,360.7492,396.8466,763.5204,439.5028,212.9680,499.6969,739.4851,644.9298,771.2008
13.9333,1234.3175,484.1540,408.5167,778.2447,474.3722,981.9390,628.1789,427.3212,387.8895,412.8091,753.1017,368.3538,392.6596,789.4953,457.4021,213.3123,495.3058,763.2500,638.9035,756.5907
13.9667,1208.4986,476.4386,412.9246,757.0554,468.6345,991.1965,626.2120,411.3114,385.6522,405.3342,751.8880,377.4574,376.4827,779.1554,451.4604,212.0712,490.2842,756.4804,650.2053,786.6017
14.0000,1144.2545,462.8836,397.3103,749.3707,470.7941,987.6408,627.0038,423.1085,372.0851,393.8303,762.8765,378.2050,400.0808,755.7098,439.0292,211.5397,500.1454,746.3888,629.8551,771.5168
14.0333,1149.8835,454.7692,396.8394,763.6974,466.6251,967.1936,603.6409,416.2338,381.2847,399.0624,749.3885,371.4267,392.1348,780.7099,434.7518,206.5346,501.0678,750.4020,611.3693,761.7007
14.0667,1123.1173,448.8161,378.1497,760.9255,459.0052,945.4568,604.8940,418.4427,387.1608,398.9194,727.2307,471.5500,383.8582,795.4624,436.5559,214.1118,482.9680,751.8863,625.0392,768.2469
14.1000,1076.9398,437.9423,368.7818,789.5792,465.0323,967.6621,592.2526,422.8342,385.5654,401.5339,753.5386,505.3414,382.9438,774.3892,439.8946,210.6190,503.2291,738.4214,600.4774,748.2750
14.1333,1093.2494,446.1887,392.0020,736.4771,455.5874,931.7327,604.1853,415.8740,381.4911,388.6230,743.1704,529.3924,390.3676,813.9731,433.9357,211.4335,488.4537,728.3848,620.2039,764.3968
14.1667,1041.7317,434.9901,372.0301,735.9654,447.8878,922.9180,588.0663,439.9394,385.2038,397.8899,728.5182,535.1230,397.0971,775.8206,547.6363,211.1336,481.5742,757.6296,612.3155,776.3761
14.2000,1063.8873,424.8955,365.4697,787.5083,439.0509,914.4175,546.5719,415.0879,402.2634,389.4622,739.9435,525.8723,395.8395,768.5562,623.2821,215.8673,496.3526,743.4521,603.2422,782.8466
14.2333,1035.6129,412.0357,355.7806,778.8723,438.0373,908.5787,559.6479,427.6421,379.8982,379.0661,737.6568,528.3552,405.8362,773.1388,627.7818,212.8207,481.3670,729.5549,612.2997,768.6622
14.2667,1029.7932,408.4094,356.7122,744.5233,431.3382,887.2499,552.5548,434.5406,379.7166,388.0963,744.0096,491.6827,388.6995,780.7347,631.8515,222.2000,498.1428,736.5315,611.8338,753.4235
14.3000,996.7142,408.6371,360.0323,740.7746,415.7804,902.0422,560.7435,425.6060,390.1147,390.5853,734.6642,499.8614,396.5696,756.1605,650.2384,216.7444,476.9757,738.3914,582.2839,788.7997
14.3333,985.7446,388.4710,337.0310,767.8441,429.1010,907.6643,561.1171,432.1064,388.0850,391.5307,738.5294,496.7970,398.9867,800.1901,638.7291,221.8745,495.2820,717.7668,590.8369,782.1508
14.3667,973.2443,407.4755,349.3259,740.5984,425.2323,885.0386,540.6983,409.9946,379.2997,385.8371,743.9635,494.5032,383.8721,752.3108,618.4367,207.2289,481.3913,752.3918,613.4316,757.2037
14.4000,948.6463,384.4890,349.9828,760.0230,416.7334,876.7177,552.4377,424.8519,377.5296,379.0467,738.6406,501.2614,376.1214,786.8799,602.4930,215.7569,476.1095,742.2945,607.2685,770.6842
14.4333,944.6851,385.9994,343.6902,762.1338,428.8284,847.9913,544.5352,424.1654,381.0807,382.3177,721.1775,482.6968,380.5027,768.0037,598.4169,201.5588,493.4674,731.7065,581.7481,759.8211
14.4667,928.2623,373.2953,346.7304,745.1079,430.1707,856.6635,555.5002,426.6202,386.3932,382.1257,727.8319,470.0182,380.5507,775.4876,590.3281,210.9820,488.9426,738.2963,599.0842,750.0580
14.5000,940.7292,386.0197,326.4844,753.7095,417.4470,871.2908,540.8138,427.2772,375.8398,382.8630,764.0102,446.0942,385.9138,765.8297,579.9178,216.9646,494.6363,707.7932,591.4936,776.4175
14.5333,934.7645,385.2185,337.8126,748.4033,404.1223,860.8692,539.3902,422.5941,367.7989,389.4823,747.6623,456.4797,387.7974,779.6038,570.1027,214.5576,491.4230,752.6090,597.9447,772.1212
14.5667,903.4344,372.4682,329.7193,762.4791,418.8068,832.3230,511.0982,419.2117,400.4436,380.6348,780.0761,445.1824,398.6390,825.7543,578.7489,209.7178,487.5577,736.7672,593.7568,774.7962
14.6000,880.5055,378.9309,336.2571,761.8123,421.0121,827.0507,532.5081,412.5683,380.3846,373.6831,741.6640,436.1729,399.8912,789.4782,557.2299,212.4261,483.3359,745.6950,577.3656,781.4355
14.6333,908.5093,368.1895,326.4958,759.9275,401.8767,829.5879,526.8782,415.4144,378.0792,367.6784,714.1754,445.0724,382.5858,765.2799,565.7767,210.9701,480.5490,745.6747,565.8731,760.5224
14.6667,875.1649,375.5152,327.3473,746.3793,397.3932,820.2998,514.2537,429.2317,376.5207,384.9495,734.5716,430.3793,397.7387,781.2449,554.6179,214.1868,469.3760,753.1566,596.7363,742.9488
14.7000,868.1356,366.2658,326.5042,757.9389,409.5750,826.3589,506.3141,422.9691,379.7846,387.4513,730.6149,420.7903,394.3741,805.4950,537.3831,210.9210,490.2025,727.0551,575.2049,761.2052
14.7333,858.2422,376.2067,312.4559,782.1709,408.5190,818.2230,495.4980,419.4888,375.2498,385.8154,712.6125,441.1785,390.8189,800.0499,542.5708,210.6140,500.2119,758.9843,602.3553,777.2241
14.7667,859.0678,352.9013,308.3221,780.7456,379.6924,809.3526,525.9635,419.4184,384.2134,364.2553,720.8531,440.3272,402.4683,777.0463,523.0804,212.2218,491.5873,756.6070,567.3328,756.3987
14.8000,860.8028,348.2942,317.6606,759.4822,407.7815,791.8713,512.5753,404.8014,389.0628,377.3210,960.6521,427.2136,384.9521,757.5822,528.4371,215.7496,490.0432,726.9543,585.0401,757.8556
14.8333,839.3225,356.4336,319.3247,772.2250,395.6939,820.0046,510.5131,410.3689,385.9823,374.0716,1014.1605,425.3063,393.2895,779.3395,532.3886,209.5980,472.3592,729.1590,577.5881,761.8541
14.8667,857.2569,354.5743,314.9027,753.2580,382.0299,813.0096,524.8022,421.8407,380.9806,367.7952,1050.9876,404.5974,394.4410,777.2292,506.2797,209.5355,485.6598,753.9364,595.5113,786.6800
14.9000,793.9502,355.0897,306.5447,770.1693,398.2103,803.6077,489.3414,413.4275,379.9775,368.3053,1069.1791,418.7921,486.2920,801.3226,513.6025,217.9426,478.2091,745.8661,583.8256,768.9596
14.9333,848.2089,353.0442,309.4915,755.6033,390.8740,795.6394,505.2786,429.7830,376.6815,373.7175,1063.7954,417.0583,556.4175,771.9702,510.2262,212.4127,479.7644,723.0670,564.6804,757.9602
14.9667,818.3750,343.3959,316.5296,765.6134,385.8834,777.5028,504.9571,439.4635,371.4327,368.0890,1057.9751,407.7534,566.1587,768.7686,504.7147,210.2298,489.1285,700.1265,588.3365,764.7748
15.0000,815.4676,347.3349,293.4850,730.1765,385.6337,808.2404,498.4212,421.9487,393.1115,365.1684,1042.2485,399.4412,571.7070,759.4220,515.4210,218.5952,476.3293,727.8170,574.3310,778.9937
15.0333,815.3127,345.5374,312.3651,778.7386,384.1208,796.8683,485.6866,421.5638,391.3253,388.9095,1057.0847,403.2977,566.6551,799.8030,498.5027,208.2367,486.8375,753.1283,569.3387,760.0976
15.0667,809.5246,337.2546,296.7574,766.4932,399.2672,790.9401,510.9319,414.6788,384.1460,364.1929,1011.7531,403.2295,554.5491,741.3606,501.0647,209.9932,489.1704,740.2734,607.7822,783.4590
15.1000,807.3212,338.7832,306.7711,777.7579,394.5279,790.1319,496.1248,414.6829,376.0148,371.1183,1013.3423,400.5408,539.1271,809.8668,485.3257,201.8110,495.0769,700.6685,587.6959,749.8534
15.1333,801.3264,343.4495,304.8732,758.7425,379.7658,799.6242,497.5859,425.5295,371.6834,381.9623,968.0061,401.2170,543.0346,783.6869,502.1372,209.4080,481.5405,743.3703,576.5025,767.0097
15.1667,800.1422,333.5375,306.1970,748.7772,389.5756,797.7063,509.3123,436.4092,380.4494,380.2384,962.9590,390.3332,541.6518,782.5010,491.3722,208.0942,468.7296,747.5823,582.5039,771.7431
15.2000,812.4759,321.9515,288.8564,765.4310,378.5776,788.0767,501.3222,415.4759,360.4725,382.5261,961.6350,392.8161,521.3356,782.3267,482.6464,206.5502,474.7294,745.1878,566.7362,755.8304
15.2333,785.1963,337.8357,302.7304,792.3248,387.5741,802.8787,495.7183,427.4313,376.6310,374.4236,930.8176,374.3751,521.0334,791.5271,475.0070,211.9729,499.8467,710.8232,578.2367,774.7923
15.2667,781.4193,327.7245,291.1778,756.7808,380.8160,799.4277,479.2192,423.9277,375.3142,367.1522,912.9969,398.7323,514.7282,785.5182,497.1642,203.0790,462.0568,715.6199,580.5342,766.0213
15.3000,798.0041,335.7087,301.5931,761.0487,406.1264,785.1207,469.8412,416.7682,371.8329,377.6180,948.1943,395.4277,500.5940,765.5486,476.1636,200.5991,478.7418,744.4135,577.8950,776.1593
15.3333,794.8101,318.2406,303.7344,777.9134,391.8855,784.2183,488.9272,408.2549,375.5076,377.4200,904.7482,381.6036,516.2275,780.4736,481.1839,206.3363,478.7418,758.6302,591.9307,761.7226
15.3667,814.8286,337.6105,305.4193,770.0441,382.1847,786.1294,501.3753,425.5064,374.4287,363.2417,932.3921,390.0319,495.4862,783.1687,470.8165,212.6125,482.3539,709.6967,565.3902,766.0952
15.4000,772.7372,336.7812,291.7115,748.2831,392.8399,790.6738,484.1274,415.1976,365.2615,372.4240,925.2176,388.5779,486.4828,806.7789,484.6583,212.6503,473.6044,760.7877,578.3674,733.5818
15.4333,780.6242,306.5818,298.6621,745.0457,382.0498,783.1553,497.7522,426.0273,379.2057,374.9853,892.7434,385.5411,484.3931,766.2793,484.6742,215.9176,491.7625,779.4499,578.1510,771.5198
15.4667,803.2275,322.8931,296.0739,768.5383,390.6017,790.7700,499.1129,403.0748,386.2838,353.2606,901.7079,363.0943,460.2987,781.9651,468.3043,204.1115,494.1543,770.2842,566.4774,750.7385
15.5000,798.2087,330.0074,293.6161,752.6407,383.5286,767.0943,475.5688,412.3651,383.2367,374.1285,864.6213,384.6330,467.8537,760.6328,478.3732,206.2311,494.1940,742.6840,573.9942,749.6250
15.5333,765.5498,324.4804,290.4957,748.2251,385.3137,738.1416,485.6064,420.4891,382.6248,374.0181,861.9239,397.0352,493.4262,767.9615,463.7447,208.5487,466.1010,709.6305,560.3950,752.5689
15.5667,752.0850,323.4871,294.1577,742.9619,390.2536,753.5252,492.0071,431.3396,372.0910,366.9174,849.6761,383.9543,453.8784,768.2806,467.6426,208.6672,469.7013,747.0108,586.1913,739.7808
15.6000,769.0460,321.5353,289.8166,751.7261,394.7934,771.3768,486.3380,425.7193,377.3786,377.3397,845.1597,370.2352,455.7195,767.1429,467.3031,210.1405,488.1157,737.7786,586.8440,772.1048
15.6333,772.6971,320.0711,285.1239,776.0036,375.8331,755.5465,494.8810,422.5771,384.8918,368.8829,844.1371,377.5447,466.8769,784.1761,475.3015,210.7392,474.3350,751.3150,567.1230,737.0659
15.6667,760.6887,325.1132,289.5664,751.4079,379.8977,773.8571,492.0379,419.9713,382.1122,363.3704,832.6492,379.2164,468.7585,788.8678,447.4109,205.8136,459.9785,759.8980,564.8937,802.6395
15.7000,730.4307,319.2667,287.8126,769.6710,380.5701,783.9899,475.3278,437.0962,374.2406,380.5813,857.7347,372.1521,445.9456,788.5463,466.4278,209.5686,491.4874,737.6130,595.5446,770.8554
15.7333,779.4654,314.2098,288.7484,753.9001,370.2908,770.2681,479.7804,415.8988,374.8555,356.0110,825.0116,371.7364,432.5842,791.6464,436.7087,208.1024,476.0410,756.9365,571.0583,768.2814
15.7667,765.5104,308.9054,292.6252,760.9932,370.6683,766.0248,486.1824,422.5069,384.0146,362.8266,842.5323,371.9337,456.0126,784.8991,457.4711,203.6226,473.5728,734.5794,579.2674,744.9519
15.8000,739.0655,329.0678,292.6468,727.3102,372.1343,782.7527,500.7093,419.2878,380.4572,361.7102,823.0553,383.5719,440.1176,780.2818,461.3147,209.1823,477.0274,749.4278,592.7866,751.1822
15.8333,753.3809,319.4794,296.4735,771.8604,378.8747,777.0691,475.0885,422.9229,390.4748,357.8986,829.4636,366.2529,438.8791,799.6642,430.5510,212.3004,489.9097,709.4472,575.9026,755.9768
15.8667,757.8590,325.3567,296.0857,776.4389,371.5976,763.9820,473.9066,436.2393,384.0440,372.6145,806.0485,374.4900,421.6218,780.9148,450.7836,205.2455,467.1622,717.5906,584.9989,736.6042
15.9000,745.7540,322.5647,289.3397,763.2230,391.8238,780.2688,467.3199,428.9038,373.3786,366.0976,802.4833,374.5400,430.9641,766.8985,464.4487,206.7929,487.9889,757.9008,590.4296,757.5682
15.9333,767.8842,330.0847,290.7332,753.1075,388.7698,752.5246,483.1016,415.9316,376.0239,361.5556,811.9989,374.7718,434.5773,776.5321,463.6212,206.8879,483.2928,728.8542,553.5772,750.4227
15.9667,762.7860,333.4721,289.9814,740.9217,371.5065,777.8952,493.3266,423.5845,373.5511,364.4796,830.6888,359.0376,425.2789,768.3674,459.2367,212.8851,461.4640,751.8920,582.2755,784.0311
16.0000,752.0419,319.3145,280.3618,779.5464,373.3732,789.0121,490.4604,417.1254,388.7538,367.6575,800.3195,359.8012,421.6778,763.7113,455.9088,205.9713,482.0344,727.8733,568.8433,763.8782
16.0333,762.8419,310.4150,284.9831,750.5142,389.6879,753.5309,492.1298,417.4093,386.0942,382.6439,774.4049,375.8894,416.0012,811.3669,458.1620,204.7507,490.5272,747.5513,561.9185,741.8448
16.0667,787.5638,314.4553,295.4439,721.9620,362.5459,757.3747,484.6795,443.2552,380.3235,366.4203,788.8675,367.2694,428.1444,811.4880,448.8497,214.9491,485.8867,746.1399,565.0280,754.5182
16.1000,749.6202,402.4573,288.6799,738.4853,368.0199,776.7000,486.1177,420.3747,364.0111,362.4134,795.0900,372.7202,419.3691,790.5834,457.9658,205.5291,615.2195,738.6286,582.9352,770.3238
16.1333,744.6464,445.5936,288.4930,752.1714,382.8255,779.9984,478.2533,420.9225,387.5297,363.9835,774.1392,374.5833,412.3222,763.4807,461.7892,210.9214,679.3257,749.9958,583.6622,748.2098
16.1667,773.7500,458.7866,294.7485,761.7032,384.4733,761.0561,460.1278,432.5375,361.7098,366.6959,790.3963,370.4163,434.5279,785.7694,457.0075,208.2141,680.1979,755.4261,565.9437,784.7481
16.2000,757.1069,457.1962,289.7244,744.0416,382.0546,745.9670,475.8011,421.1135,365.8422,369.6048,779.9101,366.4857,419.0484,777.5609,441.3592,202.0096,696.7953,735.1244,577.3281,778.7345
16.2333,722.6396,449.4251,296.7320,772.6136,367.3234,745.0801,468.9018,432.9028,372.0989,370.6698,783.1483,365.1308,418.7563,785.9649,441.1608,209.6295,703.2177,733.0950,574.8298,762.6953
16.2667,738.0055,449.7798,278.1611,768.7567,363.4296,749.4191,464.4548,419.7303,366.5349,377.1614,777.4252,370.7519,410.2979,784.1691,439.7790,209.6227,694.0392,795.2360,572.0906,770.8889
16.3000,743.2774,436.6293,295.6075,729.6537,381.2605,781.3746,473.5139,415.9418,395.9834,361.3036,799.0440,353.1733,419.0771,771.8741,440.6635,203.3471,674.9134,711.9593,569.2426,756.7901
16.3333,734.7842,429.2695,285.3550,783.4190,373.6520,755.8408,475.9011,426.9803,370.0480,365.5484,792.5577,365.0849,428.8285,784.1606,461.8791,208.0035,680.4476,713.6326,568.0165,786.8865
16.3667,732.9244,430.0377,287.0797,727.9575,376.9968,768.2604,469.2212,428.5272,375.5993,364.4864,773.5339,359.6720,417.8741,788.6269,435.8565,218.0049,636.5525,748.3468,586.5609,772.2037
16.4000,747.3610,418.0163,275.3321,742.3062,372.2125,737.1535,481.8563,421.5770,378.3277,366.1841,778.2520,351.3965,401.9500,737.5928,438.9281,215.3491,639.7363,752.6695,586.9955,761.9108
16.4333,713.0830,412.7856,287.9064,743.7921,377.7811,752.9861,469.0819,404.0508,377.6887,359.9296,768.1438,373.7660,423.6506,758.7675,451.7952,208.4170,640.6138,738.1943,560.2254,772.0419
16.4667,743.3366,402.9912,290.1349,758.8540,381.3584,765.3587,470.2916,412.7198,371.5438,373.5580,787.4278,360.3046,413.5564,761.0909,451.7249,209.9894,627.5091,734.5645,546.6410,780.1299
16.5000,742.6271,416.2910,287.2131,755.4493,384.1780,763.7588,477.9174,418.5637,376.0697,364.2379,760.2320,365.5485,402.2892,791.3908,431.3778,210.5629,625.9345,742.0509,580.9562,749.5892
16.5333,744.3581,402.5482,291.4623,745.9246,368.1923,741.8232,494.6177,428.9877,381.5855,366.5724,756.6126,369.7190,406.5400,795.3877,436.7719,214.9245,612.9916,738.6292,574.8547,738.3845
16.5667,750.1661,394.8719,278.1790,752.0218,379.1625,766.1988,484.8374,422.6674,378.8510,379.0237,775.6164,350.7459,409.8408,769.3541,455.9605,202.1456,598.4774,721.8792,571.5536,769.3045
16.6000,729.3176,393.8044,289.7267,783.0482,367.3458,757.0110,481.5806,420.1939,386.1538,366.8526,784.5901,361.1772,401.8638,767.6043,447.8074,204.9201,568.6542,709.5719,586.5241,787.1394
16.6333,746.0502,385.7568,285.7378,745.9571,382.8528,776.2966,474.9066,431.3051,375.2298,379.6260,781.0179,367.6026,426.3689,756.6319,434.0581,204.3243,573.6829,732.3093,564.9871,729.0530
16.6667,733.1583,388.9717,296.3292,775.3917,379.4541,749.2153,475.8466,432.2823,370.0223,372.4943,777.5387,371.5323,390.8995,782.0242,441.8470,220.5656,589.9241,712.8330,571.2171,773.6104
16.7000,742.8527,378.2795,281.1794,802.8589,378.3956,769.8534,493.2196,426.3825,366.4178,364.7068,742.7621,365.8454,400.5042,766.5764,444.4597,205.5624,571.8518,733.2664,569.0744,747.8096
16.7333,959.8906,369.1813,295.8196,785.1756,368.9295,741.2691,469.9414,418.6374,382.3801,351.3900,717.1599,355.5317,400.7372,801.4144,436.4646,217.0826,573.5502,735.4327,571.7479,753.8118
16.7667,1022.9119,376.6187,284.4426,751.3240,383.5913,795.3313,479.3732,412.1776,383.5111,376.1471,750.9666,360.2343,403.2716,772.1910,425.6302,206.6445,565.9149,764.2197,576.3641,770.7277
16.8000,1063.8656,366.7942,277.7900,770.8920,372.8290,756.2727,478.5124,433.4818,384.7176,365.9012,771.4030,366.2594,399.5364,791.6959,438.5518,203.1065,569.6758,725.0980,568.6858,751.8248
16.8333,1083.5891,379.3612,286.1202,748.2626,365.1001,759.9564,478.3634,408.8477,363.9136,369.1123,769.8370,361.4079,399.6174,751.0256,452.0700,215.4821,553.4284,721.2728,589.0542,743.9797
16.8667,1059.7377,354.9856,291.7000,756.5160,384.4690,786.5911,481.8266,423.5565,382.0934,358.2336,743.3973,356.7899,402.3927,779.2855,442.5782,210.3517,572.9004,739.0808,567.7141,760.6738
16.9000,1068.5740,354.6818,280.9483,776.4920,374.8514,771.0682,483.6210,424.1004,396.8384,372.8154,752.1254,360.0211,393.6169,779.8953,452.7985,202.4019,562.9381,755.3975,578.7394,761.5262
16.9333,1011.4446,356.4286,288.2092,796.6163,384.8650,764.0194,497.9175,422.6576,378.8070,367.7248,741.7203,366.1263,400.7438,758.7695,442.9830,206.7909,543.6021,731.1217,562.7164,764.6322
16.9667,1008.1712,358.0629,275.2837,780.4669,364.0189,767.2348,464.9551,438.2200,377.4376,359.0879,764.2689,361.0119,381.7299,776.5668,443.8072,202.2211,535.6045,737.1016,562.9681,753.0086
17.0000,997.9376,346.5833,290.0553,749.3389,387.0308,739.0336,484.3468,409.3598,375.3457,370.0734,763.5795,374.1406,385.8415,782.0787,454.7663,214.2385,539.7025,729.7400,557.0827,768.4897
17.0333,995.4197,357.6878,294.8545,752.7087,373.0376,772.9263,490.3316,425.8022,371.6930,367.6149,740.4166,366.4193,409.4854,781.5186,430.9821,211.3943,517.6428,716.2089,570.6102,759.3206
17.0667,984.8844,354.0002,285.9731,745.6370,360.1084,740.2044,471.7496,413.9297,375.3653,363.7687,759.4718,361.4473,406.9012,766.0470,442.1256,214.6262,535.0545,744.9637,565.6051,732.1838
17.1000,966.2197,341.8413,283.4266,778.1047,382.9911,753.1780,478.5748,422.6450,374.0837,349.2639,754.1177,369.0008,385.9956,798.9202,431.8853,207.9575,527.7373,723.3316,563.8674,759.4213
17.1333,938.3638,350.5163,286.6977,760.3412,378.0569,788.9301,475.3776,423.8380,369.8682,359.3737,763.2222,358.2250,401.8274,763.9857,447.8922,207.1739,529.7542,738.5974,584.8129,751.0100
17.1667,954.2060,340.2608,284.0887,755.8028,368.2744,746.7203,479.8114,411.8244,392.9233,362.7722,747.2625,352.1844,387.4496,746.1902,445.2239,220.5710,519.7149,739.3922,574.5292,760.8186
17.2000,942.8605,340.5010,284.7513,757.2793,379.1481,760.7903,474.3706,410.6346,368.5180,367.1453,755.3072,362.0658,411.9753,770.3557,444.7652,210.4034,507.8913,731.3710,552.0253,772.2415
17.2333,918.5660,338.5928,287.1353,797.6043,372.1421,757.3478,446.3785,421.5055,398.9428,360.7366,754.4772,367.0630,401.6776,758.4882,446.7858,207.2298,537.5363,705.4575,562.2469,737.0534
17.2667,899.1706,337.2747,295.0750,793.2708,378.1363,775.2340,480.2532,419.1762,393.1595,362.6611,745.4673,356.3904,392.5286,792.5321,447.8317,209.9059,523.2951,760.1401,581.8483,770.4933
17.3000,927.9745,335.9575,282.0396,766.4488,369.6809,739.0992,468.4897,408.2123,365.9243,367.0827,736.2473,361.2508,403.4060,793.1708,445.4144,207.1503,522.7251,717.2299,565.8809,779.1305
17.3333,880.1371,337.5829,278.9543,768.4845,374.8574,757.7117,481.9826,427.4230,378.8562,365.4664,744.5837,359.0349,405.3072,772.0348,448.4379,208.5654,625.5393,738.6289,569.8624,764.0619
17.3667,887.7747,332.3791,286.1926,761.3362,391.1723,779.7535,472.6610,417.3670,381.1333,376.4544,730.7456,371.9425,397.9842,795.8329,444.6573,207.2404,716.1831,723.4720,563.8241,750.8417
17.4000,887.2663,343.3373,284.1338,787.3442,377.8279,767.5767,479.9635,414.7989,374.0626,379.8750,762.2873,359.1769,410.2281,726.9569,426.9260,210.7819,694.4482,747.2589,583.1924,758.3618
17.4333,878.6064,334.6467,283.9764,745.2249,369.6049,752.5790,472.3165,423.4793,375.5999,369.4757,763.0245,358.7250,395.0022,763.1470,447.2838,212.6349,742.7537,733.2649,586.5547,768.7062
17.4667,859.1590,333.5620,287.5188,753.0145,373.3757,752.0732,475.3957,424.0603,396.9409,355.8670,749.1946,452.8874,378.5026,772.6636,442.6898,207.7028,709.8423,727.7807,585.1740,758.4596
17.5000,877.7642,335.4073,296.4393,764.5630,369.9868,768.2363,477.8458,432.6123,382.2417,366.7536,756.1520,496.2699,390.3478,756.2903,425.4783,207.7341,711.2525,747.3501,576.9533,755.4252
17.5333,854.6535,334.2162,283.6463,757.5988,383.2745,778.2301,478.3124,423.7343,376.1849,369.3315,733.2973,511.4630,394.0216,756.8387,426.1060,205.5058,727.2929,737.6587,560.9280,739.5040
17.5667,856.4542,338.5120,278.6590,744.7324,378.6354,731.7961,480.5110,427.3341,382.6250,355.9822,742.8750,524.4216,396.6719,773.4860,446.9958,208.5711,689.8580,745.5458,573.4376,739.6575
17.6000,839.4942,323.3151,291.3952,749.6994,375.9610,765.8467,471.4325,417.4311,367.6149,359.8972,748.3480,510.2966,401.6626,772.8366,439.3485,208.6253,668.6722,708.2616,561.3105,782.1726
17.6333,863.8760,323.8573,287.8936,779.6404,373.2313,754.0495,480.2946,411.1885,375.3556,354.1762,765.5749,522.5939,391.8297,766.4587,450.1202,212.6854,676.5282,733.0130,556.1929,736.2527
17.6667,840.1915,323.2887,293.9226,758.7710,367.9657,726.2066,467.5160,418.6363,374.1925,378.2782,758.8913,515.9537,385.1251,750.5883,441.0417,204.5771,652.0378,747.1374,570.9937,784.5651
17.7000,808.4929,334.8319,285.8276,758.7546,376.9930,771.7101,485.7340,420.1022,379.7132,371.4599,753.8273,503.9324,390.4450,775.1881,435.2249,206.2377,662.7724,706.0059,564.5950,747.0962
17.7333,801.7417,319.0282,291.3450,754.8272,370.2048,773.5595,485.6636,425.9829,378.1832,368.0018,753.1320,491.1636,401.4445,761.8592,445.3980,210.2081,646.0382,733.2403,564.3562,782.9906
17.7667,839.7435,323.5993,285.1625,754.5727,379.5228,785.2661,457.1729,397.8085,381.5373,364.4930,765.7697,488.1118,393.2055,789.5352,441.2118,207.4130,605.8891,764.9511,570.6209,772.4134
17.8000,805.8177,314.0433,287.1747,790.8785,385.2208,760.8345,462.1561,428.4804,371.0242,353.9598,770.4462,486.8617,385.5275,775.6484,438.8709,208.3218,615.7574,737.9007,594.6387,728.2134
17.8333,811.8604,332.5348,279.6074,749.3459,379.6809,745.4805,495.4140,405.2638,370.2897,364.8001,763.6127,469.8578,389.2873,775.1673,448.0837,209.6162,612.8621,730.2282,561.0678,781.0932
17.8667,791.1507,334.2979,277.2098,770.3658,378.2439,742.9218,488.4742,410.6287,370.0279,372.4951,739.1147,459.9264,407.8241,767.9299,433.1229,213.2581,613.5067,725.3789,566.0171,727.6530
17.9000,803.0775,313.7565,283.0854,781.4959,381.4370,791.7850,476.8236,416.9817,381.4976,364.2898,760.7256,451.0918,392.4063,787.5752,414.1744,205.5573,589.2667,715.5551,587.6017,743.4556
17.9333,777.9356,316.9074,292.3463,768.7213,361.6222,791.9533,472.1346,424.8544,374.8861,366.7857,755.7141,458.9129,396.7724,765.2062,445.4504,206.7160,600.3017,727.3832,564.4253,735.3680
17.9667,819.7105,316.4277,276.2539,763.9099,374.5028,790.8105,465.3072,422.8486,383.3728,364.0826,735.9901,445.0633,378.7997,788.9223,450.1121,208.5757,598.4810,754.1914,575.0522,771.0856
18.0000,1016.2582,321.7978,287.8925,784.4851,372.2828,739.9177,474.4643,413.4367,374.5680,377.0869,723.9057,441.4180,391.0439,819.2744,441.3875,204.9263,572.4626,723.4495,596.8583,770.9977
18.0333,1081.4512,331.4711,280.7654,755.0391,363.9726,753.0976,466.7905,429.0369,375.7371,366.9505,760.5410,436.9470,401.1142,805.7482,455.1821,210.7122,587.4124,723.9845,572.6411,766.2090
18.0667,1110.0310,313.5363,295.3032,747.5915,369.8418,748.3001,487.2860,429.6583,387.2324,471.6174,719.1948,439.0152,367.0195,774.5932,436.4104,205.9426,561.1983,715.4314,591.1066,759.8124
18.1000,1103.1747,317.5510,280.6537,753.1110,374.0552,756.5268,477.0290,411.9147,387.4300,506.5075,741.6089,427.5452,393.5739,770.2386,421.9961,208.5266,568.8600,709.9418,586.4879,756.3651
18.1333,1107.2630,310.9287,284.0010,758.3571,389.6384,777.2707,469.2164,419.6258,393.5067,534.8611,763.6769,424.7256,413.0960,763.4572,450.2369,209.9911,549.1415,715.6178,564.4548,778.8315
18.1667,1070.4730,324.6694,292.1243,756.3841,373.2850,734.1992,481.0600,420.2239,374.5643,542.4333,725.0229,433.1404,376.2001,761.3049,435.6573,210.2855,563.0833,740.5847,564.7129,764.1920
18.2000,1081.6355,313.7371,284.1014,755.0833,371.7331,750.2449,476.7892,416.1113,362.2802,520.2912,747.5404,414.4049,384.2692,741.3982,440.5173,202.3231,549.0348,753.6491,577.8888,759.6576
18.2333,1057.4039,307.4417,295.5135,739.5607,371.7378,765.0829,462.8887,415.2472,377.5997,514.0324,717.7988,415.6903,408.6290,806.9892,442.9018,205.5779,541.7540,760.1088,559.8970,725.1011
18.2667,1057.0054,307.9763,287.2081,779.0437,370.7454,756.0587,475.5962,416.9670,392.3931,503.3546,754.2427,419.4853,393.4306,770.3959,454.1267,205.7069,555.5249,730.0945,558.0299,756.0401
18.3000,1044.7528,313.9930,285.7523,751.2825,377.5467,746.3768,466.6853,427.0924,367.4960,512.1297,755.6582,412.5837,403.2052,794.5437,437.0910,212.0674,543.6596,733.1574,599.5361,758.4869
18.3333,1007.8970,317.3537,288.8652,748.5058,380.3610,760.6223,477.1774,427.9841,379.8407,500.7010,739.7928,424.0275,388.0451,789.6281,447.7526,207.7588,553.9206,721.2921,550.1123,765.6583
18.3667,1007.4386,317.3381,274.9998,757.2222,388.8557,759.1503,477.9735,415.7623,375.6420,477.3895,759.1553,404.1111,404.5342,794.2455,438.7140,207.1745,653.3370,718.4835,576.0048,744.2951
18.4000,981.3368,316.2973,295.5982,763.1947,390.3229,733.3234,473.1976,416.5319,376.9567,488.0688,754.2858,405.7209,389.6646,791.5543,439.6574,208.0546,734.8114,742.3002,553.5768,727.2856
18.4333,960.7135,322.4064,282.1403,782.2236,369.2940,771.9639,463.7864,416.0100,362.3220,476.8521,745.8862,408.6859,376.4398,785.8800,430.8935,203.9702,730.1577,756.8419,592.3796,763.1307
18.4667,952.0823,314.5029,285.0263,748.5474,384.1544,751.2902,470.2688,426.9483,377.0896,470.8676,740.0583,394.6077,383.4824,806.5738,433.6075,202.9747,745.7048,738.7199,578.4410,752.5273
18.5000,970.7508,308.3644,283.0134,777.6841,367.4161,768.6326,475.4369,410.6000,374.5003,469.5095,750.6124,412.2457,404.8904,766.8461,446.4792,211.5546,726.0236,735.8671,571.2372,757.3132
18.5333,942.2085,318.0670,279.7323,792.2713,373.1552,756.7273,470.3001,418.8729,383.7348,450.0668,750.4488,395.0533,381.3319,792.8497,436.8079,208.3631,729.8772,720.1943,582.2798,751.7193
18.5667,949.1095,314.8772,279.5099,761.8925,375.1625,752.1201,478.4226,422.1934,362.8063,455.8127,747.2117,386.6623,393.9090,771.7490,444.7270,204.8169,693.7578,713.4036,571.9686,722.1914
18.6000,925.4359,313.9992,280.3562,771.9287,376.9216,753.5560,493.7107,427.3406,381.0800,456.9043,725.3989,401.2927,380.4922,789.8668,455.5035,208.4807,693.5744,712.2897,568.9616,770.0597
18.6333,883.0633,320.8089,279.9297,741.0988,373.6459,755.6752,479.8813,417.5304,390.6945,459.5330,729.9930,385.0997,401.2905,795.2343,450.2272,202.2365,685.2495,723.5887,566.9306,749.0151
18.6667,866.5312,320.3595,279.7042,739.5615,372.6781,767.1731,461.3682,417.5507,360.6095,442.1216,747.3111,387.0530,381.7095,994.3260,436.5876,208.8834,701.4702,735.6399,574.5030,743.7683
18.7000,911.2162,314.1507,288.2205,771.1115,372.0471,744.6544,476.3623,428.2510,384.6432,438.1908,758.8877,380.1533,395.0327,1088.9881,449.1255,202.9071,666.6432,723.9913,570.2996,757.6657
18.7333,871.2614,303.2163,286.2266,765.8866,369.1447,761.4051,480.1509,414.4904,373.5802,419.8197,758.5472,394.6776,383.7077,1133.5223,447.2402,209.5437,664.5619,736.6203,565.7932,750.1507
18.7667,882.4563,311.9106,276.9943,751.1717,377.6745,757.5353,470.7617,426.9985,367.9817,427.8563,764.1867,385.4420,385.8222,1107.5553,445.0077,203.2315,651.5401,721.2283,583.3785,760.5864
18.8000,849.5713,316.5035,287.5471,748.9695,378.5385,741.6990,471.3043,428.6524,353.9005,430.3347,747.1381,379.4241,399.6626,1102.7723,440.1473,205.7216,647.0117,718.5675,563.9289,761.3987
18.8333,870.4552,319.8338,284.6609,759.2843,376.1466,772.2328,479.0814,418.6554,393.3597,436.7855,755.9193,381.8410,391.6975,1093.2469,424.3414,212.5588,624.2307,740.1980,552.8304,755.4261
18.8667,839.9892,317.1885,281.0419,772.1720,367.0730,761.9014,470.2614,415.3094,363.5507,425.3900,757.1276,371.3251,385.6337,1096.7993,454.5166,204.3226,616.6092,707.5925,578.6056,753.2568
18.9000,867.2427,311.2955,291.5108,761.8526,380.9815,748.0918,487.1601,406.0240,380.6022,417.3729,758.3421,377.0906,390.1187,1064.7395,441.0878,206.7407,609.0137,734.0150,581.1236,780.2133
18.9333,844.5947,302.5009,285.4208,752.2060,387.3699,749.1999,464.8628,415.3598,377.3209,401.9243,753.0858,373.3942,383.9196,1082.9208,433.4135,213.6832,611.0952,728.3039,557.7665,765.9710
18.9667,831.7505,321.3373,286.7912,777.0143,354.0128,768.4020,504.3512,423.4264,376.0609,417.9533,721.3950,380.3894,389.5628,1034.4594,444.3374,205.0428,609.9971,741.6399,569.7579,783.1172
19.0000,837.0995,312.2929,296.4831,755.9028,385.0345,780.2626,475.1552,415.9953,378.5583,406.0800,759.3819,386.6177,397.5505,1061.1026,437.4384,208.4186,589.1060,734.4891,592.0609,747.4481
19.0333,821.2275,308.6984,284.6702,726.3452,370.1961,753.3293,468.9773,416.9285,366.8719,402.6307,753.8692,376.8857,399.6600,1003.3657,436.7295,208.4990,567.4782,712.8712,580.3663,766.5063
19.0667,808.1215,312.0112,278.7128,790.3696,373.3226,755.0062,466.6252,427.4772,374.7524,406.5402,968.7889,477.9445,383.9453,1023.3512,433.2196,211.2059,582.9536,734.3636,582.8076,752.9822
19.1000,833.8014,309.8083,295.5209,746.9566,371.3310,778.5962,478.9686,421.3873,373.1054,399.3032,1049.5822,511.5695,394.8344,971.0804,443.9756,210.6071,570.4935,739.8644,574.1854,758.7621
19.1333,790.2528,320.4529,288.0448,743.9774,372.3830,750.1782,466.8815,430.0446,373.7998,401.3328,1083.2268,517.0433,401.7798,975.9244,431.7251,210.9944,569.5570,727.9689,555.0101,754.8543
19.1667,816.1548,319.8567,285.2414,765.4778,378.9331,751.9645,470.5756,424.2180,362.3464,411.2108,1098.6759,523.5598,397.0531,979.0204,455.9563,205.0858,555.9468,743.9649,553.4974,769.3784
19.2000,805.4768,311.7155,288.8403,736.4968,377.2621,739.9779,485.5394,407.5443,369.0464,391.6556,1121.8511,534.8802,392.3895,973.6472,459.6957,206.6891,553.8010,736.8638,583.4626,740.3343
19.2333,803.5684,313.0833,278.9643,776.8082,382.0935,755.2935,463.4244,428.0343,384.9016,394.2933,1062.1367,517.1531,386.0388,972.0258,437.8358,209.7596,574.6786,707.1683,574.3035,736.2307
19.2667,778.9490,323.5812,292.9020,777.7043,382.3546,787.9385,495.9260,423.8021,362.5638,389.6316,1016.1468,521.2699,408.2929,932.1774,430.2826,208.5017,559.0977,726.5935,573.4820,758.1104
19.3000,786.0736,301.2913,286.0114,732.4129,370.0524,773.0396,494.8243,417.5733,371.1953,486.8938,1019.9821,501.1944,395.1408,937.4104,442.7803,207.6893,545.5588,697.1236,555.0172,754.4557
19.3333,770.8839,307.9073,288.6576,767.1390,383.4340,754.8556,479.4807,410.6092,382.0340,543.3290,1011.1435,500.2008,383.3925,931.0953,439.6094,207.7434,546.0847,717.3183,592.7288,747.6449
19.3667,755.1685,311.1204,290.2164,753.0113,373.0659,757.3077,466.6693,433.0262,369.9917,562.6534,1002.6159,490.3099,406.1804,890.5627,432.0145,212.5602,546.1511,743.1254,568.0697,745.8765
19.4000,774.1071,316.1428,288.4556,771.0425,367.6463,787.3198,478.2224,408.7295,373.4988,544.5632,980.0921,481.4849,396.8958,917.1995,452.7861,207.3975,523.8229,714.4486,576.9874,792.7454
19.4333,793.0269,307.6801,286.5921,777.1722,382.1050,760.0269,488.4923,405.0012,380.4511,548.3314,971.5879,490.6266,381.0894,883.2667,448.6937,197.1721,545.4499,727.5738,580.3166,741.7310
19.4667,804.1242,320.8759,288.4831,754.1106,375.0385,760.2077,480.1063,409.7447,389.9278,537.0670,966.5039,465.0210,402.5534,887.4636,446.2601,206.8096,541.8561,721.9841,591.2366,751.1198
19.5000,787.3991,307.6600,280.8132,764.8395,364.3180,750.5675,481.3384,417.2346,377.6442,541.2559,942.2910,461.2330,416.8883,920.2273,432.3839,267.9773,541.2214,730.7457,563.0232,749.7003
19.5333,763.1433,314.8488,290.8012,778.9018,372.8509,748.9929,482.8298,405.5483,381.8290,516.3739,948.5681,464.2459,378.8800,867.5886,429.7882,288.9021,516.9018,715.0587,578.5723,733.8484
19.5667,771.0572,304.7282,279.2014,772.5678,380.6279,758.6668,491.6375,408.7701,378.1694,506.8282,925.4014,462.5942,402.8905,877.7218,444.8409,288.9518,523.0325,744.6463,597.2515,728.2650
19.6000,751.5352,303.1313,293.1804,762.7426,374.3341,717.5373,467.7774,426.1521,368.5498,507.5843,928.9839,463.7493,400.1753,862.4431,453.3838,297.4859,514.6352,710.1957,579.5556,761.4467
19.6333,773.8780,316.8991,281.9553,773.0696,378.3737,779.7972,466.7764,424.6878,372.3992,491.6914,924.7960,457.7698,389.8254,860.6805,449.2475,300.6890,525.6009,726.3821,564.0215,739.0782
19.6667,764.3720,305.2099,280.9804,752.2687,377.2918,770.7077,472.8281,409.1556,378.6588,492.4452,893.7933,442.5117,381.0575,844.5570,444.9729,302.0507,528.0364,711.1151,584.8513,747.8325
19.7000,977.7349,305.0657,282.9387,780.6713,367.0583,759.6790,472.8743,427.4307,380.8817,476.1884,905.9306,437.8311,387.6179,865.0903,437.9449,290.8284,523.2418,725.5913,557.0549,779.1497
19.7333,1044.5024,319.9980,280.9506,794.4461,387.0176,750.0496,461.2693,427.0558,373.9127,471.4959,900.7029,431.8240,393.2486,833.7299,447.9254,283.4244,513.2341,733.9549,575.5207,761.9827
19.7667,1092.8910,314.0612,285.9300,753.9816,378.3883,760.6712,474.3318,402.2683,375.9214,458.2109,884.1488,421.6602,401.5475,878.4466,459.7184,290.5925,515.9288,718.0604,580.2430,749.3270
19.8000,1084.3814,317.3193,279.2162,770.1448,373.7165,763.5600,500.5656,417.9038,368.8830,456.7956,870.1929,419.1740,394.0400,836.2022,441.0684,279.0567,523.6135,739.9589,586.4430,744.1043
19.8333,1085.7111,315.6320,291.1717,800.8850,371.7552,771.1127,495.6031,421.9178,370.8628,457.2489,879.7047,417.9537,399.3373,864.5054,434.6585,274.1372,502.8127,735.1153,575.9370,763.6801
19.8667,1065.9405,316.2238,277.8582,762.5444,364.6023,725.2189,479.8466,412.5463,369.5396,559.3095,859.8950,436.6475,392.6462,827.3348,434.3409,266.2205,510.0768,723.2196,564.0572,745.9046
19.9000,1067.5796,315.9869,282.9085,763.7338,386.2218,746.4345,482.6972,420.3505,379.9755,595.1542,851.2086,404.7826,387.0178,848.5966,433.1100,265.5006,489.5783,728.6389,572.9902,756.4675
19.9333,1050.0386,303.7887,284.6478,771.5140,377.7473,756.9340,474.1559,422.3575,365.3216,611.3673,860.7544,411.8034,374.4149,815.6259,456.1502,266.9721,501.4192,721.7907,563.2747,750.2341
19.9667,1017.8069,317.4710,283.9907,771.5500,382.4902,741.1822,467.4527,407.3274,384.0045,599.8533,825.2326,405.5904,406.9416,809.2023,424.3332,268.5300,510.0612,758.0577,600.1311,766.8620
20.0000,994.4810,319.3336,274.0242,760.7143,371.6809,739.7381,485.8873,416.2188,376.8354,597.2135,806.3301,389.3262,391.2453,834.1482,432.8356,262.2469,508.2502,727.4356,583.6366,732.8883
20.0333,1016.6986,318.2302,283.6362,741.4551,373.7037,750.5243,482.0542,406.8110,378.7661,585.2473,828.5139,388.0948,395.5754,826.6799,442.1951,257.8658,498.1353,717.5001,572.4106,764.5660
20.0667,1019.2924,309.8568,290.0547,804.6194,381.4534,753.7455,468.6722,418.5916,391.6874,583.0336,837.9757,401.5543,402.3960,800.2548,429.9779,251.8688,502.9480,725.3773,567.0060,740.1343
20.1000,957.7047,311.8017,277.6263,734.0298,371.4004,749.9883,480.3059,424.1280,375.8336,568.8171,825.2100,409.2235,388.8977,784.2067,443.5889,253.3445,507.9507,714.7177,585.7847,740.5228
20.1333,979.4722,321.0083,279.0135,761.0589,383.0365,743.1928,462.8157,429.9599,384.6449,551.3207,826.0469,382.1091,392.1317,824.9686,420.3725,241.8435,494.2814,718.7319,573.8362,745.2235
20.1667,949.6871,306.3076,284.4392,769.2034,378.9251,752.7480,463.7589,424.6691,368.3483,527.9704,805.7573,400.1594,402.1167,801.7384,440.6612,240.1274,505.3995,718.6048,584.0365,725.0067
20.2000,932.7819,318.2563,290.1379,755.1854,380.8037,733.6245,490.3068,411.3093,378.3315,535.0378,825.4939,393.9384,384.3470,828.8844,432.9375,249.1340,495.7316,724.3583,573.5420,729.1634
20.2333,924.1776,305.7525,271.9336,762.2451,375.3918,746.0701,474.3980,425.6547,370.1168,516.5754,814.1067,395.2624,375.9867,801.7662,443.1926,235.9828,511.4038,725.0636,561.8577,740.5390
20.2667,906.0110,313.4548,290.0392,757.6862,379.5154,747.4650,462.2817,415.7945,363.6477,507.5829,808.1371,395.6535,393.3403,790.5095,443.2957,238.9588,504.5257,744.6692,594.7221,759.7948
20.3000,919.5594,314.3590,294.8859,760.4228,373.7377,770.7432,495.4095,423.6954,379.9015,514.5849,824.8285,375.7580,389.1609,813.5145,452.3684,237.8934,502.2632,744.3204,575.2400,760.0877
20.3333,907.3370,307.8866,279.7326,762.5203,376.8341,771.7218,481.8467,424.6937,383.2112,495.6145,775.6778,382.7132,398.7915,791.9536,435.3256,241.1059,488.1764,751.8954,595.4576,758.2146
20.3667,902.1539,308.7047,288.5731,772.7819,370.8129,784.6407,475.1626,418.9948,381.4656,495.9356,781.8068,380.9498,399.5503,790.7217,443.8665,233.2419,500.2487,732.2004,587.3022,753.9168
20.4000,900.3190,305.2416,288.5613,773.8257,388.1346,765.4908,473.1247,411.1874,387.9210,487.5380,793.4360,389.1489,385.3580,809.4664,438.3320,234.3771,508.6082,729.8074,565.7676,759.5650
20.4333,882.6477,320.8982,276.2904,770.7990,385.0438,756.9066,463.4780,422.2763,367.5435,473.2492,794.3022,382.4392,505.4061,779.4715,442.3933,231.4990,490.3648,722.2467,585.2813,782.6663
20.4667,872.4546,320.7823,294.1524,749.3643,392.9626,746.7905,487.3067,413.6360,382.1617,473.0092,792.6603,388.2464,544.2660,799.5161,434.0315,232.7582,503.0580,735.5272,570.5260,732.7383
20.5000,849.6357,318.9012,281.8018,764.0343,366.0619,767.8496,474.8430,436.3983,364.9354,467.9590,777.7560,380.1245,568.8316,833.9023,443.9940,234.8000,492.7476,743.2897,577.4600,774.5368
20.5333,875.5908,318.2628,273.9353,762.2078,385.7823,747.5342,481.7912,412.6065,376.5963,471.0568,767.9604,388.8688,571.1061,795.2124,445.7528,231.9203,501.1036,735.5923,584.4426,759.6627
20.5667,854.7196,314.4997,276.3581,750.4662,360.8699,761.3230,471.8805,422.6235,374.5034,453.5005,756.9150,380.1767,560.5990,773.3359,429.4460,229.5748,470.4364,719.1483,569.1616,749.7409
20.6000,843.1926,323.7743,301.1427,760.3230,370.5993,771.2936,472.3000,412.9864,368.5647,448.9277,781.5239,370.2374,558.9195,796.5727,439.6614,225.2165,491.4415,700.3488,586.0143,784.1085
20.6333,833.0939,312.6089,276.4660,759.2889,379.6866,740.9960,471.1522,406.0430,372.1014,447.5821,789.6510,380.9606,542.5676,789.9893,444.9200,227.2735,486.8686,732.9879,569.0982,734.3181
20.6667,831.2671,322.6921,273.1121,752.3201,381.2899,733.2039,477.8947,424.1208,371.2776,438.3728,774.1203,374.1684,537.3172,789.3956,441.5618,225.3461,484.8893,723.7554,606.3316,773.3213
20.7000,844.0388,319.8511,270.5406,778.1328,371.5713,745.7158,491.6513,425.2690,368.9042,436.4844,747.3510,367.9209,538.1295,774.4078,443.0145,216.2187,486.6462,712.1361,557.8666,762.5783
20.7333,816.0721,301.1227,282.1971,771.0335,382.2390,757.3768,480.1015,422.8113,368.0799,442.1329,790.4208,359.5180,536.9527,773.1726,440.7313,222.3326,493.1530,695.0463,577.6203,763.1847
20.7667,810.2467,303.9922,283.9688,750.6619,382.2524,743.1193,484.0309,421.4051,374.5163,422.3428,758.8450,378.1710,514.2626,777.3223,438.2018,227.5832,484.3030,741.1988,563.9817,742.7792
20.8000,828.5565,325.1388,298.0076,766.9142,359.6879,755.0251,479.3202,420.3823,363.2306,429.9233,783.6813,370.3110,516.6611,765.5963,443.3955,212.1416,494.5251,693.0680,565.7769,770.7478
20.8333,820.9106,318.9857,290.3087,784.7869,362.4642,766.3519,473.8683,416.7895,371.6325,424.4322,757.6970,367.8638,493.6474,792.2155,452.0153,223.9324,482.1686,712.5509,558.3435,743.1831
20.8667,792.6163,317.0420,285.3159,766.7936,362.8716,727.2460,460.6243,417.1119,376.1279,418.3756,775.7856,371.4803,488.9870,782.4048,440.2490,218.7171,489.1547,720.4043,568.2502,739.8115
20.9000,801.1748,314.9511,279.6505,763.7588,372.9754,759.7860,476.7132,430.6748,381.2466,397.8302,753.8993,363.8460,490.3693,776.1027,440.1562,210.6269,491.2367,930.7763,575.2819,748.9716
20.9333,828.9684,306.2389,296.4659,756.5817,365.1480,749.9276,475.5392,416.9192,379.5845,420.5438,751.5743,366.4053,474.9099,762.0674,431.7748,217.7490,486.1113,1000.5431,589.3067,740.7215
20.9667,774.7157,308.7507,273.1060,757.6695,372.6388,780.1364,489.5388,413.2580,367.7395,409.3023,736.9959,359.2796,471.3911,776.0105,439.3179,213.4279,476.7555,1048.0810,587.9351,758.7576
21.0000,774.8726,304.4681,277.5129,782.2337,394.2015,744.5343,489.3819,416.5722,366.6086,404.5160,755.6861,369.2039,469.5040,772.5882,447.2866,214.0494,485.5373,1039.0157,586.4983,757.6215
21.0333,795.9697,310.8909,286.5871,742.5540,390.7713,776.6743,481.8937,426.0404,371.0979,410.5294,759.0803,357.3857,468.3443,752.0821,441.0451,210.2400,489.7223,1026.6776,575.3184,748.2149
21.0667,786.6278,307.0048,285.2761,739.9803,373.5089,759.9970,481.0662,427.3116,368.5461,406.5749,759.8638,366.8539,471.9189,778.2398,439.6651,213.1627,489.6918,1029.5122,582.4429,781.5254
21.1000,783.7399,311.7125,286.7503,757.2137,382.7279,749.5940,482.7711,411.0031,374.1284,393.8250,721.7644,373.5781,464.7339,804.1651,441.4172,220.4406,489.8218,1033.6910,586.7242,743.9788
21.1333,1241.1787,544.7972,295.6938,747.2166,388.9202,1332.0529,466.4395,427.5804,360.7843,393.5979,762.6849,380.0428,460.3750,762.2313,434.8818,212.3695,490.2641,998.8233,585.8131,749.2238
21.1667,1434.6635,643.3870,288.8553,734.5301,370.0106,1577.4690,464.5894,684.8601,374.6628,393.0842,756.7605,347.8923,462.8755,797.9037,454.9226,215.5750,485.3339,1004.1328,583.9149,750.6274
21.2000,1488.1941,681.9841,284.0793,1309.2742,383.9848,1671.3528,486.9636,807.3829,376.5465,395.3221,737.4862,379.4633,453.8805,758.1624,422.9858,222.2200,475.4652,970.9375,559.2236,732.8678
21.2333,1508.1464,706.4928,281.8589,1557.9956,672.9857,1688.0383,485.4504,846.1771,375.7051,394.9391,768.8730,345.8494,448.0772,805.2678,445.1605,206.0874,488.5648,988.8350,590.7722,763.1111
21.2667,1468.8132,691.3951,285.7805,1658.4940,803.5670,1666.7450,476.9414,855.8335,364.1397,390.5890,740.6479,372.0453,451.8186,761.5799,446.6999,217.8789,484.7562,970.7580,592.1351,756.6867
21.3000,1467.9522,660.3343,445.0553,1666.6215,845.2781,1650.4957,740.9750,850.4572,385.3377,387.1137,756.0521,352.4681,438.2054,769.7919,443.0401,218.9102,485.5127,913.9113,564.5510,748.5152
21.3333,1423.4779,654.0251,500.1096,1643.1095,848.1352,1591.7254,864.8448,826.9544,388.7150,395.1443,776.5053,360.6085,422.6467,780.1728,443.3110,214.5154,483.4742,898.9725,564.9061,747.7172
21.3667,1384.2857,635.7297,530.6626,1587.2025,848.5748,1556.6970,903.1149,812.4799,361.7386,376.1631,761.9318,358.6650,460.5798,799.9295,429.6796,208.2289,501.8056,930.9079,562.9688,723.0536
21.4000,1357.1281,625.5321,533.5514,1559.1197,827.8688,1519.8860,901.3747,787.9359,384.6187,394.0955,751.2890,357.6778,426.5612,789.1205,447.8652,209.6596,480.2535,917.8941,580.8407,751.3125
21.4333,1333.0751,601.9643,530.6831,1540.3876,789.0798,1475.8884,907.8633,781.2594,377.7759,373.0424,734.0188,370.3376,434.5923,782.5811,446.9629,214.9388,484.5110,906.5120,582.5747,727.3066
21.4667,1321.3064,587.3172,518.3255,1529.6603,786.7268,1456.2618,886.9242,745.9863,372.1192,381.6338,744.3190,368.9152,419.7692,783.6776,444.7277,212.1905,479.7467,878.8488,591.0171,754.6951
21.5000,1232.6258,565.2967,508.4374,1467.1646,753.8221,1418.4100,852.0776,721.7135,375.9190,374.9614,758.1892,361.7836,423.2066,764.5494,429.0327,207.7980,478.0820,873.6363,577.6750,733.4146
21.5333,1250.0754,556.8333,495.2185,1429.7114,744.5131,1385.1353,841.5624,722.1323,368.3436,382.7029,774.1168,365.7193,433.2599,783.4304,446.9874,212.5450,486.5922,887.9744,593.4831,762.7810
21.5667,1226.9778,544.6031,494.5641,1385.0176,726.3495,1366.0310,836.0914,710.2522,356.7322,378.8540,758.9149,359.0950,427.0641,773.4152,434.3849,210.4160,483.9369,875.1192,586.0162,755.9320
21.6000,1222.9709,519.4360,470.0529,1357.5009,702.9367,1297.2945,820.4094,696.8231,372.7355,369.2040,756.9125,360.3179,420.6361,802.8021,451.9896,209.1950,504.3565,871.4672,573.1518,742.9902
21.6333,1170.5381,522.3664,462.2311,1320.3278,687.4984,1290.9222,791.5338,677.9447,378.4378,384.6664,759.1549,360.6324,442.7973,764.6520,441.3150,202.5126,473.1580,825.7773,588.0157,767.5778
21.6667,1147.0051,511.3760,451.7269,1295.2219,660.7014,1274.1594,780.7369,652.7614,371.6300,366.7372,741.2760,371.1238,430.2906,776.1282,433.7307,208.4908,487.8534,838.1522,576.2294,764.4162
21.7000,1105.9216,497.8621,443.9335,1247.1784,642.3342,1228.7510,765.6375,631.3872,363.8000,362.3743,749.3076,368.8300,420.5601,759.7567,436.4345,206.3162,472.9095,831.7562,588.0214,736.5258
21.7333,1113.0633,483.3056,431.0366,1264.0447,643.2907,1183.1625,759.8853,652.6724,383.5557,378.6922,768.1415,363.9800,411.3066,746.1140,435.0257,214.8769,477.9737,828.3850,569.1573,747.5869
21.7667,1065.6032,488.8836,421.5253,1184.9626,611.3233,1187.5356,715.7897,625.8812,376.5527,378.7887,714.7650,353.3328,431.1758,759.6388,439.3254,211.6459,477.8877,831.4508,573.9730,741.7389
21.8000,1048.9588,459.9331,426.2401,1202.5300,608.7337,1134.2094,735.9358,618.2600,374.1793,367.2607,779.3193,370.2670,416.5776,807.4621,436.5569,207.5510,474.2608,835.0043,572.8238,752.6255
21.8333,1031.7980,454.4997,410.8331,1149.1331,596.7157,1132.5562,690.2464,608.3717,382.4409,380.0688,758.2961,365.0675,423.4521,805.8770,448.7249,208.1069,467.7888,807.9978,572.9122,741.1583
21.8667,1016.7537,457.5141,410.4468,1149.0893,580.7105,1101.5750,682.9700,612.7895,378.9288,362.2773,767.4893,366.6758,416.0559,757.4014,461.4508,205.1924,471.1541,794.9000,566.2248,757.6026
21.9000,1016.6076,436.4270,402.7520,1145.6477,680.0965,1089.0341,691.4514,576.7982,367.4843,375.7036,717.2852,362.7630,394.9587,801.6478,447.5978,210.1432,487.9600,799.3193,572.4123,761.4442
21.9333,1007.5096,450.9277,395.3890,1110.0688,721.3249,1063.9548,671.8873,580.2498,361.3736,383.2109,756.9118,352.1833,418.6092,778.1740,441.1542,214.1245,522.0545,804.6155,593.1949,757.8050
21.9667,971.1745,428.2571,386.4532,1107.2382,725.8784,1039.1343,671.7585,558.6752,363.6565,372.7363,728.2820,360.4578,419.7128,774.8972,438.2406,209.7243,491.7261,783.7728,544.3730,782.3335
22.0000,998.7471,430.7392,391.4553,1085.7902,726.1840,1030.8974,644.4862,555.1357,377.7406,373.4801,771.0637,365.7458,394.4856,776.2888,454.7993,208.1637,477.6830,779.1137,578.6854,766.9919
22.0333,964.7368,413.4876,380.0189,1072.4710,698.4959,1021.7753,645.6114,554.5104,379.9822,372.4599,759.6040,373.6660,407.1908,762.0941,428.1239,208.6126,467.1150,766.5096,593.1169,764.0771
22.0667,942.4740,403.4855,367.8945,1052.6203,695.7670,1037.6409,626.6507,544.8663,373.1707,359.9167,739.8946,351.3536,422.7507,783.6032,438.0505,204.4614,491.9940,809.4490,580.5400,752.0720
22.1000,942.1038,413.0296,361.4448,1013.6570,673.9894,1007.7522,624.8681,540.6045,376.9264,360.8841,772.1495,352.5949,412.7684,777.0666,429.1723,208.8597,482.3136,787.7514,582.3910,752.1414
22.1333,921.9223,404.5360,357.9524,982.8554,663.0673,987.3976,763.5721,528.7691,379.7014,368.9567,749.6224,363.2429,404.9798,772.6496,436.1773,204.4454,486.4681,764.5427,583.8882,740.6161
22.1667,946.2203,404.9042,370.5222,1023.0026,630.9820,952.5042,813.6402,500.7824,375.4350,364.1981,759.5115,361.0806,412.3199,787.7605,422.9278,205.1658,485.6945,780.9384,585.8731,748.4905
22.2000,919.7552,392.2043,348.3536,979.8579,622.7881,947.5928,815.2736,507.4162,388.4013,365.6845,746.3889,357.5014,397.0969,778.2164,441.6479,213.1413,480.6739,772.0608,558.1605,761.8842
22.2333,900.6546,381.0466,359.9462,986.2968,613.5598,957.5540,808.3947,507.6602,370.5453,368.9060,739.0780,354.2192,417.7618,795.3710,434.5242,201.4441,483.2292,766.3186,553.3103,741.9355
22.2667,893.5997,383.7089,337.9767,956.9793,595.0761,947.7888,806.7258,492.7926,377.6166,357.4484,741.3441,349.3651,390.6634,748.0501,440.6627,203.2934,488.2930,785.8984,561.7262,746.8308
22.3000,877.5483,378.5450,353.4024,915.4023,592.5928,931.6914,791.5437,499.9707,371.7907,368.9607,770.1560,358.8090,414.0927,786.6201,444.5665,204.2476,485.8718,769.9018,572.4657,735.3626
22.3333,867.0071,384.6979,334.8955,929.9808,580.9882,909.0814,764.7836,499.5585,378.5862,364.4829,743.7654,365.7992,405.2373,744.1891,446.2184,210.3615,467.2732,785.9627,580.3850,727.0387
22.3667,870.7319,369.4420,326.0481,903.6839,563.9409,918.5128,745.8849,496.0649,372.5295,361.7346,751.3922,358.7931,389.8125,785.9192,439.3884,202.6122,464.8123,775.8698,583.3684,747.5315
22.4000,857.6673,371.3870,335.6979,924.2942,559.7477,893.6951,744.9302,481.3050,364.8586,362.0384,710.4855,355.8548,384.2967,776.4976,446.8764,200.4220,479.9772,769.5249,581.9443,734.3733
22.4333,854.7516,359.6382,329.4384,891.0615,542.1773,926.0212,717.0451,483.9382,379.6899,381.0638,760.1782,358.9889,387.6317,755.7326,453.0190,207.9876,489.5286,768.3261,579.1134,753.9412
22.4667,838.3880,365.7727,326.9903,905.4744,535.2780,901.4009,711.3453,502.8305,368.3957,363.4082,746.2622,347.2141,398.7474,772.6958,438.0230,203.0671,469.3233,752.0528,579.3960,720.4451
22.5000,864.0696,357.9991,333.5282,919.7501,521.2194,868.6647,699.8735,478.8061,377.6953,369.2737,752.1512,362.3729,393.4323,789.0867,438.0074,205.5998,481.2542,771.2277,585.4720,739.1010
22.5333,846.2093,354.8351,332.5431,887.4324,519.1362,877.2193,692.8656,469.0374,374.8691,372.7837,728.2150,367.6442,398.7692,756.5171,440.8748,195.2641,498.2026,759.2000,565.9883,762.5609
22.5667,817.8876,348.3281,332.2478,872.3640,516.0648,865.4670,668.7417,484.4281,376.7524,365.2428,745.3437,372.1242,405.2676,765.3420,437.4939,205.2207,500.9644,751.6240,587.0334,756.8834
22.6000,812.7844,332.5068,323.1772,877.9169,515.7153,833.8121,661.5874,481.8315,365.6497,366.6654,761.2504,337.7905,403.0164,790.8586,448.1418,207.3957,493.9472,959.4752,575.0423,761.2256
22.6333,812.7900,353.5275,328.9340,847.6714,498.4275,858.0964,665.0273,465.1813,383.6150,360.7594,736.7353,373.8100,392.0388,761.0441,465.1604,207.7327,489.6926,1037.7101,570.7193,737.2492
22.6667,798.0144,340.5966,307.7823,842.4166,495.6676,841.6008,647.7212,460.3184,384.2050,365.5416,737.3268,351.1854,402.6172,798.1598,438.4787,205.9900,483.7709,1089.8859,576.9892,763.7687
22.7000,827.3614,342.5200,316.2403,844.5246,479.5385,825.7699,637.7784,457.1859,377.9678,367.1036,765.9306,347.1685,404.2124,782.6516,457.5026,205.2913,480.8039,1080.8883,566.1281,738.9523
22.7333,820.1503,349.9586,315.0312,853.0361,477.1122,859.6719,623.0352,469.9421,367.9042,359.3455,739.3303,366.4680,409.5700,806.2646,440.4163,211.5915,475.0349,1052.7136,588.6485,750.8166
22.7667,805.1951,344.3959,303.1463,842.1694,461.0386,847.4854,607.5860,448.4578,378.1693,364.2567,751.4330,362.9492,382.4795,754.9261,441.4424,206.3997,480.9003,1052.3339,555.2624,757.9703
22.8000,791.7971,344.5097,315.0524,830.0430,469.2672,847.0918,611.0413,470.0301,379.3852,360.8123,735.3840,371.4002,391.9199,744.8776,432.4765,204.0182,485.2407,1021.2198,574.3928,744.4748
22.8333,774.1048,337.0593,319.1009,805.6838,452.6857,810.0174,594.7426,456.6692,374.0705,373.0575,757.0417,366.1508,398.8668,779.2696,439.7180,205.0376,478.1073,1009.2672,585.7052,731.0805
22.8667,819.5649,346.2664,314.7710,821.4240,445.7138,823.9490,598.5308,462.6536,364.8091,362.4981,752.0596,369.3504,382.2615,797.0862,436.7512,201.3797,490.2713,1005.6110,588.2416,736.4238
22.9000,795.8073,332.7710,305.1051,819.0046,459.7564,819.7237,615.8088,454.0293,375.7510,376.9268,736.0857,361.9390,404.6847,785.0877,438.4030,202.4226,492.1731,989.4186,587.7015,725.4086
22.9333,774.0460,333.9103,318.0802,798.7078,458.5959,811.7261,600.0843,454.0256,362.2029,354.0772,937.4213,376.6059,401.2461,802.5559,443.4107,203.3497,479.6563,954.9776,581.0438,765.5930
22.9667,799.7428,348.9876,297.6169,811.0680,450.7866,792.4892,569.8879,448.7288,361.9230,355.9680,1037.0433,355.6981,410.4879,756.4735,440.6852,208.1739,478.9746,960.7980,576.8147,770.7467
23.0000,786.6694,329.8876,301.2120,785.9484,431.5294,802.9500,572.6861,443.5012,362.7944,360.3986,1079.8891,355.7095,406.0477,758.2701,438.8690,201.1243,488.4454,942.8805,602.0025,777.0626
23.0333,780.7264,326.3372,302.3537,815.7839,422.5481,814.2511,577.5588,447.6765,379.0998,358.9495,1037.2476,356.5854,394.4039,787.0670,423.9332,209.0352,490.8783,939.3796,591.2828,758.2813
23.0667,795.9362,326.7526,307.8689,826.8666,439.5615,812.5784,567.5115,447.3980,379.3811,364.1091,1078.5369,354.0831,399.9837,759.6071,435.9736,212.4999,479.9127,959.4160,574.1908,721.8642
23.1000,790.2895,329.2086,290.0751,794.3786,434.7025,812.5043,561.9872,458.9892,379.7408,353.4366,1065.0735,350.6768,386.5166,776.1980,436.1758,205.0459,469.4300,911.1091,577.7211,757.9811
23.1333,798.0482,335.1381,298.2787,817.9160,434.6382,817.0420,543.3121,437.8371,385.8083,360.1306,1045.8851,366.7490,397.9266,815.0637,440.6540,211.4497,472.6927,905.1754,581.7185,731.7620
23.1667,774.0107,320.3668,300.2855,812.5681,423.8541,803.8981,565.1112,428.1931,383.0174,362.2900,1031.2021,361.6118,399.2305,787.5524,430.8614,207.7173,486.1951,875.8385,564.6791,752.5385
23.2000,751.8640,326.5866,293.1274,818.4529,426.1428,789.4749,548.8692,435.4751,374.1473,366.4780,1020.9017,371.0888,398.0914,780.5393,445.3243,207.6116,483.0641,868.1444,562.4918,731.1553
23.2333,774.9241,324.8396,299.9539,801.6974,421.0329,772.7089,548.5137,434.5241,366.8565,359.9647,978.2626,368.9544,411.7677,800.0048,442.2637,205.4274,490.5260,871.5818,561.8001,728.8098
23.2667,814.4627,309.8549,291.8103,778.9926,422.0167,803.0885,535.7149,444.7527,382.3827,372.1465,984.1166,374.5052,391.1361,784.5305,427.8700,207.4547,493.8225,855.5582,585.2994,744.3799
23.3000,768.2285,315.5855,295.0530,791.1393,409.4544,786.2513,537.9427,442.8971,380.7921,359.3698,972.3129,366.2491,406.6214,791.8857,434.5993,199.8089,480.7268,892.4111,579.6210,757.5598
23.3333,763.4323,319.9644,290.0474,798.4025,523.7348,777.8369,526.5718,428.0783,368.4044,360.9980,976.6401,334.8646,393.3519,768.6215,456.5548,213.8837,495.7632,868.6258,556.5949,735.2310
23.3667,767.8929,317.6607,306.3949,787.7489,564.9784,812.0777,534.8796,439.7913,481.9733,368.9964,953.8799,358.8482,393.8729,789.4315,444.3188,203.7403,493.9860,854.2095,588.9715,766.7618
23.4000,783.5322,318.4765,292.0499,788.6015,580.4059,824.5406,521.0742,429.5316,512.4323,360.9507,962.6455,351.0179,371.6222,786.6666,439.6262,207.8630,497.1625,841.8564,584.2616,758.4761
23.4333,789.3189,316.8799,298.2089,804.7907,574.7917,793.5646,536.5775,439.9222,536.1789,367.2825,919.1563,349.5274,397.0520,783.6318,444.2893,212.8978,486.9640,854.7286,588.9417,740.4409
23.4667,744.0761,319.1869,292.9196,772.0965,571.7399,787.2658,518.6531,422.1637,543.5819,364.8531,918.7553,447.4051,404.4474,775.5517,434.3267,202.9808,486.2451,821.2981,568.1674,754.4600
23.5000,773.6099,318.6402,294.9829,764.8973,561.1672,769.6164,504.0398,422.5871,529.6374,370.9746,899.0637,512.8386,390.8000,776.5359,439.4040,207.9299,487.2375,796.1177,554.0627,728.9884
23.5333,773.3927,331.9781,298.8233,791.2764,568.2416,771.7590,521.2211,429.3470,530.6900,354.3796,913.2921,514.9581,394.9455,783.0676,436.1904,202.1227,487.8408,831.3528,583.8626,767.5303
23.5667,774.2661,312.7076,300.4897,776.2032,553.4451,769.4784,523.8693,436.5212,522.6526,366.4234,901.6381,531.3244,403.0577,773.3942,431.9999,207.2282,487.6999,798.8450,570.7825,750.7480
23.6000,773.5647,322.8687,287.4425,776.2070,532.5205,789.4864,531.8720,422.7044,531.5751,350.0496,868.3381,512.5898,399.2078,789.9087,441.1822,211.0445,471.2241,813.7928,571.3812,714.5889
23.6333,746.5362,312.9038,296.2823,771.1963,514.9071,791.4185,509.9436,421.4874,503.8302,351.6254,881.5609,515.3924,397.5025,780.1188,435.3678,209.5964,473.4390,793.3487,582.2218,966.2055
23.6667,742.6854,310.7068,288.0463,766.8020,523.3039,751.5535,512.4676,436.6190,510.7861,353.1927,867.2492,505.0587,380.1821,793.3889,439.5275,209.7344,478.2227,787.0714,744.7277,1057.5954
23.7000,757.7566,321.6108,291.5550,776.3065,510.1884,792.4135,511.2861,432.0586,493.1004,360.5006,888.0399,504.4264,381.7399,762.2813,449.3689,200.3922,472.8472,801.4436,809.5069,1072.4697
23.7333,759.6312,319.5584,287.6496,790.6484,519.5176,771.3299,500.5268,430.9154,488.4882,359.7184,840.2304,498.9987,394.0045,789.7080,435.3652,209.9189,477.8554,835.7003,844.2469,1094.2407
23.7667,774.4259,313.7556,293.8461,763.6674,503.7813,753.4852,518.6452,419.1609,475.0656,356.7467,847.4918,495.8248,380.7703,794.4008,438.0542,208.2608,493.0309,821.4545,845.0258,1068.6119
23.8000,738.8419,314.8963,290.2814,763.8947,498.9592,759.4778,499.3572,425.9330,484.2348,356.9149,839.5857,466.1852,385.8111,783.4472,421.0042,207.1578,477.5640,796.9135,846.2971,1081.0876
23.8333,755.9751,319.5916,299.8810,772.6380,481.4174,785.3491,507.4479,431.2811,476.5087,360.8190,856.6476,485.8385,400.4053,763.5267,431.8529,202.4469,485.6637,792.0460,818.5576,1055.1851
23.8667,775.2476,321.6136,289.4339,772.8421,488.7585,770.2610,494.2408,431.9719,484.5590,360.5750,831.4338,458.7050,383.1887,773.5475,434.2682,204.7689,460.3964,797.5563,808.4901,1015.4652
23.9000,739.5547,304.0395,299.9594,795.0375,474.6509,776.9704,502.9788,438.7841,453.2497,365.3026,814.2027,460.3409,400.9246,765.9539,441.9807,208.5462,477.1015,754.2411,804.9304,1022.4665
23.9333,743.2289,309.3757,289.6875,788.8445,471.5912,762.6250,498.6029,431.8849,464.2539,358.7441,821.8700,468.2675,406.6606,776.2536,433.1839,200.6832,491.7631,748.5419,816.0142,1004.2226
23.9667,769.6591,312.5462,289.6616,771.7540,474.7815,761.5702,637.6141,413.0319,445.5813,364.2419,829.9226,456.4752,402.8546,778.7002,450.0812,207.9070,491.5717,763.8129,769.6679,997.8204
24.0000,746.5919,317.6715,276.4001,768.1271,462.7920,776.9110,675.2336,441.7910,454.5848,357.8353,828.5463,435.0051,387.7214,810.5790,441.0316,202.5074,488.4798,964.6270,775.2764,978.5173
24.0333,734.9531,314.9533,277.6828,770.9960,453.6803,775.4430,711.2595,429.4567,445.7971,363.7181,841.0034,435.5124,391.9815,814.9702,438.9738,214.3396,483.8462,1048.3924,754.2102,955.5222
24.0667,743.5370,302.7226,289.3086,765.0668,441.3636,756.0899,702.0049,409.0132,431.3725,364.2198,832.9732,428.6920,390.5898,778.2791,450.4214,205.4770,484.9829,1077.5684,733.2608,947.6093
24.1000,747.9266,316.3783,287.4624,770.4277,446.2087,759.4282,711.7635,413.6869,429.1858,366.6732,822.4812,438.0371,393.2691,775.4853,438.1628,203.5298,476.1704,1061.9402,738.5684,952.9309
24.1333,768.2776,307.7708,282.4587,752.9303,429.2526,760.8896,699.5714,416.7724,449.1798,357.7959,814.0296,516.5642,403.2374,760.9788,432.4288,205.9674,476.9551,1072.8114,727.2913,931.2120
24.1667,721.2450,311.8531,297.4924,748.6136,435.9626,751.5619,687.8688,423.7475,413.5994,354.6912,795.4853,568.8523,403.5700,767.6093,440.0876,201.9423,482.0555,1080.7478,709.7601,939.4673
24.2000,760.1489,312.7274,285.0642,736.9542,437.2317,929.6057,667.7893,416.5460,429.4622,370.6936,800.6541,579.4410,405.8842,793.3527,424.7222,204.7135,488.0833,1050.7952,732.3507,924.7025
24.2333,746.9778,309.9516,285.2996,765.9926,431.9714,1067.2933,667.9117,417.3445,432.4422,362.9932,809.1795,583.4892,396.3123,986.0757,426.1579,203.2241,484.9420,1053.9251,715.2482,886.0663
24.2667,771.2872,312.6986,282.3670,775.7621,424.7173,1104.4874,654.2842,418.3431,422.5551,348.2242,802.6230,568.2427,386.4704,1063.7903,443.0920,208.9462,496.8175,1042.9112,687.8399,874.0772
24.3000,730.5235,307.4113,293.3127,760.7080,428.1799,1095.3036,648.9479,409.5882,424.6773,357.1846,787.3330,560.5291,389.8983,1104.4375,420.7757,209.0046,488.6899,1005.0906,707.5318,880.8077
24.3333,729.7832,313.7321,282.5761,750.9258,421.3719,1111.3620,627.6313,430.7181,414.2100,348.5344,778.3990,553.2778,381.4183,1145.4308,445.8985,199.9729,492.0306,981.5770,679.3873,902.4817
24.3667,761.2333,316.4182,281.7294,766.2667,425.9077,1088.2565,622.3037,430.4601,426.0922,357.9975,788.6317,546.8242,403.5009,1153.7685,442.3359,204.2080,473.5162,931.0992,691.4783,857.4211
24.4000,766.3734,315.6913,289.5264,744.5292,412.3657,1063.3952,613.9592,416.1161,420.4764,372.0922,781.0674,535.8548,391.8318,1117.4638,439.0129,208.7422,494.1097,957.3088,647.3583,846.5568
24.4333,732.6363,302.8842,286.0987,744.5175,407.7420,1086.6315,615.5609,426.6413,409.8016,373.8627,790.2413,524.0814,398.3825,1109.9115,444.1684,208.8712,497.4285,958.9087,678.0842,863.8733
24.4667,741.2182,305.9193,279.4354,764.9300,414.0623,1032.9652,750.2112,423.6733,414.8188,358.1567,777.1637,516.1411,383.1280,1063.2855,423.6651,195.8877,488.6501,945.8225,628.9958,873.3824
24.5000,730.6916,306.8351,285.5716,773.8711,414.3655,1037.7802,793.0549,428.5966,408.9598,355.5013,795.6816,515.5420,407.7631,1057.8407,451.5397,203.0712,486.8000,929.5772,670.4070,828.3444
24.5333,734.6118,313.3622,283.5438,719.6699,413.9157,1024.1838,816.5435,420.5578,408.5877,359.3827,770.0287,500.5239,392.9968,1046.4029,442.6424,205.5690,481.3523,896.0566,655.6037,844.4901
24.5667,769.6451,308.0287,289.9210,782.4395,412.2944,1011.8623,806.1425,432.9659,398.7268,367.1595,740.7719,492.9197,404.0722,1023.5508,439.6354,210.1736,492.3475,873.4756,652.6747,842.4762
24.6000,777.4727,314.3567,285.0135,776.0104,413.5180,978.6031,803.5362,427.3461,387.5426,368.0433,782.5508,490.1499,408.3227,1041.3011,427.7022,215.7534,490.5445,902.8270,639.5436,819.8572
24.6333,754.8075,305.8117,293.7153,765.5697,412.0785,985.1733,772.8678,422.3934,419.8993,359.0150,767.6371,484.2368,394.2738,1001.4961,433.8033,207.3770,502.0495,893.3413,645.8347,839.8409
24.6667,742.0715,319.8869,285.2761,730.0551,392.9745,960.2702,759.0799,407.9734,405.7118,357.9154,756.9726,469.0596,406.9899,965.1627,426.2099,203.5702,493.8616,887.7205,649.0363,825.7579
24.7000,753.6816,315.1950,285.8382,746.7418,390.5115,953.3478,758.4327,417.7974,408.5636,368.4399,786.0967,463.0068,394.9708,977.5860,451.1566,208.5722,485.0157,849.9862,626.6782,819.5812
24.7333,763.5342,319.0178,284.6716,759.5014,389.5586,933.9860,749.5291,429.7456,400.3957,363.9672,758.5329,475.1549,404.5553,983.5835,441.3359,208.5035,475.9249,875.6052,632.5675,802.1726
24.7667,733.9712,317.2559,279.4907,767.6584,390.8410,932.4913,727.3203,421.7253,396.2828,367.9626,764.9431,458.9348,394.1288,980.1503,443.2188,205.4618,492.9054,834.2468,624.1109,809.5789
24.8000,752.3461,308.8266,286.6524,761.7861,396.2496,922.0322,705.9803,413.2306,407.4036,369.8811,760.4152,459.0999,385.5791,949.4550,424.3533,208.3197,481.9351,824.5963,611.3439,826.9658
24.8333,738.6058,303.4871,285.6467,727.6427,399.2291,902.0667,692.4647,429.2293,392.2245,360.8286,772.2788,450.2096,395.5974,929.2069,439.1817,201.3471,480.4706,821.5677,622.5903,813.7124
24.8667,754.7865,312.3421,270.8079,761.4619,387.8289,886.8827,662.0316,423.3128,390.8455,353.4878,782.2373,440.6998,400.4941,944.3440,434.8581,205.7278,496.9224,841.6208,608.6510,794.9459
24.9000,775.9276,298.2949,283.5059,750.5836,397.9781,900.3368,683.9492,410.9876,391.5146,351.1920,762.5207,422.6661,395.3157,926.7751,446.5423,206.6498,489.5040,810.8504,608.7071,802.0063
24.9333,746.9475,303.9068,281.7503,750.9254,397.9339,903.1754,656.8139,416.7735,398.4965,359.8085,760.9058,436.9627,391.2535,918.4905,447.2371,217.4819,470.2649,806.7060,618.1073,780.7780
24.9667,734.9493,312.7434,291.1572,771.2156,393.4183,879.9070,653.1902,413.7809,390.6688,362.2208,763.1174,436.3380,396.0544,937.5851,434.9089,208.6874,490.7073,802.3955,623.6887,783.7499
25.0000,776.2175,296.6323,289.2891,754.8485,392.0619,858.6114,632.8770,422.0433,391.3970,350.3572,765.4159,427.9185,390.2936,897.1711,436.3115,207.3732,484.9251,817.7519,604.9568,778.9028
25.0333,727.0900,306.4660,286.4155,773.8129,389.4654,868.2980,626.3930,429.0282,388.3684,363.8706,751.2304,419.4778,386.9410,882.6632,432.3405,204.2282,488.0880,825.7688,646.6129,802.9842
25.0667,747.6604,318.2667,290.0406,755.7674,401.4838,855.5114,622.7248,427.8157,391.2359,361.5962,732.7996,414.0742,394.5633,900.6815,450.9158,204.6436,485.5228,798.2268,621.9904,789.8356
25.1000,756.9758,303.3216,280.5405,746.0316,384.4526,849.7784,622.0057,429.1105,390.2778,359.9336,752.0621,407.4650,388.1467,876.0713,439.0282,212.0787,485.8519,816.8556,610.4261,772.8665
25.1333,757.0733,314.8824,282.4300,776.0209,380.8764,869.5934,605.4644,419.0843,389.9872,354.4333,749.1124,415.4329,414.2568,886.9769,449.3250,204.1163,499.4363,808.0333,613.9126,764.4535
25.1667,735.8583,306.7157,289.5472,736.6177,392.7741,865.9803,600.1729,427.9037,393.6163,353.8042,740.6753,410.6644,402.8162,869.7379,443.6741,198.8948,505.7104,799.8865,625.2326,778.6177
25.2000,757.6606,322.0425,281.7120,723.2669,382.5303,839.9254,596.3266,407.3891,375.5704,359.7989,746.9283,403.8724,386.6581,887.6358,440.0513,203.4199,477.3357,958.5653,611.2666,791.4839
25.2333,737.3251,314.7771,286.0802,771.1427,386.0378,851.2469,589.7197,429.7996,386.1619,361.3558,760.6448,407.9231,380.4159,886.1731,432.4648,211.8217,490.5795,1062.6416,593.7049,771.9627
25.2667,728.1680,303.6865,286.5301,783.3310,383.6494,822.6392,571.5208,418.0119,385.4568,358.8726,761.8657,407.5820,388.8779,873.1913,452.2052,210.1780,479.1265,1068.1556,596.2232,766.6318
25.3000,722.5277,302.0831,273.2729,744.7113,389.5632,839.5092,589.3207,416.5318,369.5697,354.3615,736.3617,404.7075,379.7389,826.0904,427.2894,211.3577,491.0850,1112.1049,596.1948,786.0262
25.3333,756.3895,301.8041,292.4526,764.7157,382.8303,828.4114,569.3019,436.9700,374.4803,371.6862,740.0927,409.2331,384.8775,864.1317,441.1131,201.6489,485.8945,1074.4670,577.0912,768.2981
25.3667,767.1323,313.5491,291.4049,739.7336,398.6526,837.5766,563.6779,432.3612,374.7219,363.4209,753.9651,401.8309,393.5302,869.2500,437.2677,197.8531,489.5763,1057.6744,609.1352,743.2569
25.4000,751.8259,304.4784,295.1923,748.8434,381.7727,810.1954,571.7732,433.3523,374.2303,346.4228,760.7598,389.1528,399.3100,836.8905,439.1036,203.3428,477.5209,1087.9618,578.7020,760.8589
25.4333,770.2332,312.0597,283.1723,769.0959,387.1141,839.4947,551.8159,424.6054,375.9310,339.9226,725.1488,386.6749,393.2080,847.0361,433.0782,210.6650,476.7578,1046.7478,613.6778,798.4321
25.4667,745.8956,301.4476,287.7347,737.3266,385.9213,800.8212,561.8517,414.6628,378.2331,354.8570,734.8035,396.3295,403.8809,858.9224,441.2914,198.7976,481.7759,1213.1686,618.6534,754.7066
25.5000,735.1074,309.9687,282.6978,744.3032,385.8629,781.4643,551.1404,428.4685,383.2952,360.3969,754.5277,392.2575,397.9333,824.4788,435.5317,209.7576,502.5515,1290.5405,587.2209,759.9997
25.5333,725.4848,306.9550,280.2802,766.1283,373.3267,803.8250,554.5073,427.6605,372.8823,366.7047,768.2443,391.4283,401.6642,834.1960,444.3756,206.6697,486.0837,1311.7356,601.1744,748.1040
25.5667,748.9981,307.0111,286.4789,748.6356,382.2576,808.7603,543.6019,421.9449,378.8046,366.6545,746.2983,379.0756,397.3900,822.0769,432.5283,201.6946,489.3025,1271.2126,603.6384,761.7062
25.6000,772.7195,319.0055,283.3407,759.3864,387.1098,801.1539,551.4486,416.6437,359.1897,358.7466,743.1142,396.5856,388.8825,799.4449,453.8779,196.1158,475.0512,1277.9418,598.3909,745.2358
25.6333,738.7873,309.5182,282.7797,755.6800,376.5733,794.8160,568.4775,420.2599,377.0252,360.7599,754.4492,378.9870,398.4043,806.5986,431.6316,209.3522,491.9695,1260.8185,571.9598,773.8924
25.6667,740.1760,315.5867,289.5761,732.5279,384.4640,788.0758,523.0579,415.7201,372.6696,360.7552,747.3681,373.2797,404.5633,834.6122,430.4172,203.0154,469.8346,1213.0244,590.6188,753.4294
25.7000,781.6547,302.7882,287.9665,756.3292,388.8019,762.7320,543.7303,416.6518,365.5470,346.6393,757.4357,370.1471,397.0202,809.0562,423.9290,207.5120,491.7673,1198.0868,615.0229,733.0812
25.7333,750.1701,312.4144,284.3210,762.5839,386.2283,802.0596,531.1725,430.8310,385.7664,355.9905,740.6393,381.0592,396.1502,814.4048,439.1220,206.7875,485.6685,1189.1989,611.2330,743.4210
25.7667,725.8312,317.9954,286.6809,763.6604,383.8450,771.2667,508.3964,420.3981,380.3148,353.1418,742.6470,389.2883,396.2437,833.7883,433.8973,209.9591,478.4986,1152.0532,588.2333,758.8425
25.8000,748.8603,306.5638,278.0124,766.0219,376.8929,791.5099,531.4002,427.7868,375.0552,362.1694,749.8783,389.7007,390.3982,789.6902,429.3203,201.6770,500.7307,1136.3470,582.3106,724.3305
25.8333,782.0349,302.9529,279.6620,762.8077,382.7199,776.1930,508.8878,409.3324,383.5921,357.2953,731.0971,366.7596,398.8468,806.4353,441.0733,207.8741,472.9796,1088.3177,591.0639,745.1375
25.8667,750.6954,309.5725,289.7016,775.2905,381.1066,778.3847,518.1288,421.2235,390.1099,352.9429,745.5176,377.6172,386.1453,801.7770,430.4710,205.5624,482.8386,1081.1069,591.6815,769.5489
25.9000,768.0369,311.6839,273.1512,763.4062,377.9922,776.6338,499.4344,413.4027,377.7921,350.8395,764.9357,381.0176,401.1891,800.0035,440.6020,207.4575,475.7525,1057.1640,580.3590,747.9797
25.9333,748.0782,301.2233,282.1884,750.3777,383.8630,774.3868,530.5137,420.5431,373.3210,345.6286,724.5655,363.1568,391.2765,820.7164,450.1992,207.3076,490.6710,1038.5036,591.0551,767.0540
25.9667,733.2716,312.6096,276.9868,773.6754,382.3792,782.9274,532.7550,424.6074,372.8179,364.4219,751.0368,372.6672,390.3664,823.5610,445.3746,206.4219,483.0134,1030.2934,601.9323,777.1887
26.0000,735.8946,298.1888,280.8532,781.4608,387.4057,781.8548,500.6288,428.0830,374.2811,359.5373,757.8995,373.4285,393.3557,825.1898,441.5713,200.2564,490.3004,1017.3982,599.3148,769.3739
26.0333,753.4031,304.0714,291.4863,955.6482,392.3723,806.0171,514.4570,429.5238,382.4577,369.4735,772.9494,374.0744,384.5541,800.0953,442.8666,207.7188,489.5154,1020.6592,596.3295,748.8006
26.0667,726.9183,318.1207,286.2421,1070.5869,390.0788,760.9728,512.3021,435.0776,381.4193,373.2682,737.0757,368.7729,403.9822,1020.1750,434.8826,212.8023,481.5711,966.5481,590.4930,731.9797
26.1000,750.3312,301.1949,284.3059,1086.5567,371.3696,770.3179,519.1333,416.3764,380.7368,359.0910,741.3460,372.3729,397.1124,1113.9227,421.2129,198.3041,474.9279,979.2686,586.0608,718.1606
26.1333,757.3863,310.7699,286.6640,1075.4830,382.4109,780.7721,515.8524,416.6171,376.7278,364.8752,747.2400,379.3482,397.0182,1129.6892,440.4531,203.4427,487.7364,940.6572,568.7864,724.6135
26.1667,742.7391,314.0601,292.9790,1101.6418,383.5258,779.5714,508.2774,426.7881,385.1223,354.4542,737.9636,376.8769,389.5790,1139.7263,433.2339,205.8125,489.0187,941.1723,599.1380,728.6625
26.2000,747.8238,316.4679,287.1504,1069.5142,388.2815,779.8522,504.3358,419.4704,377.9687,349.7859,754.5517,371.7262,394.3269,1152.9067,443.5235,208.5922,479.6239,927.4568,574.3777,737.0024
26.2333,755.8057,304.8396,282.0793,1056.8475,373.5876,769.5692,500.6852,434.7047,383.5760,367.3679,735.8090,361.4434,391.4554,1159.3659,427.9629,199.2145,492.1591,960.7154,565.3768,731.8264
26.2667,739.5441,316.3791,295.7800,1039.5959,384.0877,765.3181,493.1630,430.4234,366.7722,364.1577,751.9825,368.6824,384.9909,1101.4433,428.9175,212.5712,486.2691,924.9254,573.0456,740.0712
26.3000,730.3993,309.8613,273.3960,1026.6678,369.9874,768.2962,524.6440,413.8943,393.5900,360.9155,740.1565,359.1698,394.8085,1118.1164,558.8222,200.7768,480.6143,917.4047,609.2422,745.4547
26.3333,726.6808,311.3002,292.7116,1019.9535,363.8651,776.6631,516.5594,418.9530,373.2594,365.6118,739.6171,367.1464,376.4065,1077.5731,609.7634,206.6683,481.7613,891.6906,582.5196,753.5623
26.3667,734.7575,314.4564,287.0049,996.6006,376.4207,771.1321,502.8400,417.9946,372.4856,351.9719,745.9550,362.1166,407.7460,1046.5632,640.6987,202.2300,486.2323,881.1690,604.8305,756.0929
26.4000,758.6301,315.7548,281.8941,972.5140,372.0323,763.0789,485.3582,424.0618,382.4163,345.4361,743.9872,353.4372,394.0518,1056.6103,625.0114,202.2033,484.4482,847.8463,574.2630,735.8882
26.4333,765.7629,302.8635,288.3102,974.6725,377.8139,781.6514,492.8094,425.9463,363.2229,355.5700,723.7247,370.6628,396.2828,1085.4403,637.9373,214.5063,488.3147,894.5854,593.5565,758.9821
26.4667,742.5852,304.1426,290.5501,956.2725,389.6756,790.7727,504.4341,412.1952,389.0519,358.9926,775.1689,381.8222,401.2780,1030.5033,618.7390,204.1864,483.1968,849.0698,588.1524,734.1872
26.5000,755.7640,306.8293,277.3845,965.6544,391.8090,765.0194,504.4703,416.2521,369.6041,364.0686,733.7839,374.8666,391.2771,974.8650,621.5128,214.4398,500.3207,858.9202,594.3767,733.3356
26.5333,749.0284,305.0966,293.2887,940.0849,378.3672,772.2004,502.0880,421.9929,374.3688,354.6720,748.2581,369.0708,400.7937,999.6767,598.6208,205.4603,492.2606,830.8810,577.3766,724.2510
26.5667,760.1835,309.9261,276.9722,921.2278,374.4459,745.4043,497.8987,433.2025,385.9435,362.6135,733.8915,383.9322,388.4069,950.0904,592.8138,210.0484,489.1722,848.2774,588.1255,743.4971
26.6000,756.8885,312.6593,292.9868,895.4352,379.1386,768.9235,500.9366,411.5832,367.6655,360.9597,750.4997,369.9397,392.4345,949.4467,577.6596,213.0631,484.9975,821.8597,584.2179,735.5433
26.6333,739.8888,327.2552,292.6970,913.1879,370.3002,772.3168,490.9440,428.1648,376.8633,372.9010,708.5246,374.0185,392.4679,937.4013,584.2152,203.6093,477.2721,820.8036,588.7883,738.4613
26.6667,752.3979,310.4500,283.4975,871.8291,371.6842,756.3045,501.0508,423.5411,393.2947,368.2440,747.0572,365.9707,396.3620,946.5968,576.5648,200.8295,481.3475,864.8154,567.0939,734.4954
26.7000,738.6260,309.1783,287.3347,891.6588,388.0165,770.5013,496.2694,429.0834,374.7865,360.9911,762.9141,367.9236,391.8406,955.0557,565.1902,210.2908,491.8352,813.1331,580.6235,717.2861
26.7333,736.0746,303.9168,289.6162,885.2657,382.4774,750.2995,487.3818,419.2503,377.4221,351.8997,743.1742,361.8470,390.9162,955.2895,560.0425,213.2504,490.3070,810.4455,576.2976,729.9674
26.7667,718.2821,311.2619,291.7846,871.8913,370.5163,759.3849,490.7868,430.7070,377.5841,364.5169,770.0547,355.3716,395.2377,929.5768,558.3735,205.3619,497.1386,816.1037,582.6910,726.7327
26.8000,743.6836,299.1830,288.1334,893.2571,377.9703,768.7348,505.1286,426.7526,369.0704,352.0112,760.6347,366.6065,385.0313,877.2506,534.3433,211.2976,481.9641,811.8241,579.5835,719.1225
26.8333,735.6839,312.4882,290.9653,884.3705,379.6517,736.8924,505.6175,417.5996,365.1752,352.7101,741.2414,360.8925,410.1803,943.9353,538.3338,207.3601,502.0690,810.8740,589.2859,728.8876
26.8667,755.1095,311.4636,291.7378,861.5114,382.2767,759.2046,489.0018,419.3309,376.0401,359.4207,714.6533,375.2384,386.8090,913.6619,535.3153,207.4435,483.8299,812.2189,586.2600,735.5861
26.9000,738.5204,320.7824,286.6127,877.1520,380.3399,748.0974,489.4522,420.8022,387.5340,362.2282,739.8040,375.1355,385.9312,915.6071,524.3045,200.8948,476.4903,793.9496,579.1537,752.2803
26.9333,768.2310,302.5118,280.6417,825.7384,386.5546,742.6397,490.9004,435.8117,379.2282,358.3704,737.4484,367.2696,407.0953,885.9479,526.9931,206.3395,494.9355,800.0389,587.2937,753.5392
26.9667,752.0228,316.0251,290.9111,843.1229,383.3632,763.1326,476.3621,428.4926,375.5959,362.2321,727.3319,365.1701,405.9122,891.3022,532.7485,204.7977,485.5543,768.6286,599.5295,744.4832
27.0000,727.3645,312.0008,291.1839,830.0883,383.9243,765.0708,491.4750,421.6838,381.5568,357.5446,715.1349,358.4280,398.8126,886.4192,533.7210,202.8016,502.9546,793.0526,570.7685,741.6951
27.0333,738.7289,310.8824,272.6697,828.2066,482.3478,754.3544,489.3366,427.8888,370.5191,373.3168,733.2284,360.9780,404.9429,915.6545,526.2080,200.4902,487.3065,783.5753,568.3257,747.6626
27.0667,727.3128,312.0971,287.0265,843.3289,534.9658,759.4000,482.9090,419.0114,377.9073,361.5099,761.9052,364.5093,392.7882,843.7500,508.5843,207.5760,472.0351,771.7657,594.5233,720.5993
27.1000,764.8214,310.1792,293.2295,811.8753,551.6855,744.2963,484.3948,424.7615,371.3484,347.1179,732.6080,366.4147,396.2513,838.8570,510.2036,199.0461,485.4910,779.1088,574.5023,735.2881
27.1333,764.4781,303.1109,285.7694,815.9042,550.9758,771.1892,490.1776,429.1061,373.3246,359.9910,746.0232,350.6710,403.3943,871.1408,499.0712,209.7834,480.0223,771.6168,586.4296,726.5515
27.1667,734.2693,307.2209,284.0487,799.3495,560.5962,767.0501,496.4548,423.8616,375.6501,370.2889,713.9794,354.4312,401.4583,838.4391,508.3762,212.6577,490.5605,775.0333,585.0338,726.8588
27.2000,729.7970,300.8818,284.3155,811.8583,551.1265,738.1272,509.2136,454.5653,379.2303,356.1116,730.6672,368.1702,412.3484,834.3244,502.0990,203.2691,475.7383,770.0913,571.0496,744.0311
27.2333,756.7724,318.1777,291.3516,810.9293,522.2506,747.7786,501.5249,440.7390,368.3572,351.9883,748.2266,359.8309,401.2370,838.0143,500.5557,203.2893,486.1184,767.5877,584.2855,711.8926
27.2667,748.8463,312.5231,286.2150,803.7943,525.9437,730.7318,501.7059,426.1276,397.1225,371.7451,737.3356,363.5516,391.4542,841.7607,485.1473,213.0866,485.3917,747.1938,566.2540,731.3635
27.3000,759.4379,316.4794,291.3496,797.8943,516.7108,761.0580,485.1344,440.4360,364.4350,357.5087,751.4606,361.0341,380.7696,841.0547,493.9709,202.7881,493.8366,773.7508,579.6894,736.0007
27.3333,748.5545,315.2818,283.1034,794.5533,504.7655,760.8294,490.4863,425.7634,375.6691,358.7948,752.5030,365.2372,398.0927,860.0039,474.5458,208.1850,486.0247,757.4309,565.6405,726.0373
27.3667,764.1825,313.3007,272.9858,794.0580,508.1332,750.8950,472.7671,432.9138,375.9591,355.8342,757.5264,362.8178,390.9787,842.7219,460.6193,207.4819,475.8717,754.9785,586.7305,753.6428
27.4000,735.7536,324.1122,285.2109,780.8705,493.7611,739.4128,476.3600,438.7061,367.7925,354.8648,737.6983,364.4955,414.2666,821.9110,490.5805,209.8048,480.7538,756.5156,582.9006,749.4049
27.4333,740.7852,319.3502,287.5701,785.3573,494.2514,755.2190,480.3509,405.1512,369.4219,359.3587,740.4693,369.6382,412.5006,829.9216,473.4873,202.5002,488.8847,757.9175,580.2845,748.5328
27.4667,730.9002,309.8741,285.4199,801.1099,498.0789,741.2958,483.2156,436.3459,372.0437,354.0543,725.2960,353.7150,397.8457,826.0052,483.4469,210.9105,491.0697,775.7868,595.3226,725.9689
27.5000,739.3049,312.5721,294.2657,794.4276,494.0710,753.1321,484.3433,424.9228,375.1732,366.4226,749.8443,377.7543,395.1878,825.8291,463.0796,210.0638,483.3388,744.2370,596.1523,746.9938
27.5333,749.3597,297.0626,289.9821,758.4412,481.5589,745.4727,481.1584,422.5231,375.8327,355.6270,724.9711,360.9941,391.6443,833.6477,456.3098,205.0329,499.4688,758.9823,589.5345,754.0593
27.5667,751.3994,309.7627,285.6412,784.9821,476.9789,733.0958,462.5830,432.8225,386.5105,352.6496,757.3409,359.9686,396.4521,803.8805,460.8620,212.4828,505.4870,704.3460,570.6948,751.5232
27.6000,735.7821,312.3499,292.7788,801.9407,480.6700,722.8843,479.0158,422.6883,369.5895,350.2774,722.7461,368.1141,386.7468,828.9781,468.5814,208.6777,492.1929,764.7638,567.8728,711.6915
27.6333,767.0775,302.5695,296.9651,757.3744,471.0815,748.9765,477.2718,421.4253,379.0941,366.0426,730.0286,348.5145,404.5180,811.8385,462.3468,214.2347,485.3952,731.0920,586.0040,730.0728
27.6667,752.9425,299.7808,293.5269,796.0247,456.7088,750.3204,496.0040,432.5056,377.8769,361.2536,755.2613,360.7962,393.7224,824.6244,462.0992,202.5874,501.5453,733.2489,756.6292,728.7017
27.7000,739.3960,317.0650,288.8773,792.1134,444.8301,723.0714,475.5610,434.3127,383.9320,354.7353,739.7216,362.7472,401.1656,802.5337,460.4593,206.1480,481.3805,736.0045,821.0727,723.2819
27.7333,735.7701,304.4129,294.3260,779.7793,441.1079,762.4728,494.8825,423.6676,380.1202,344.4446,745.5921,380.3181,407.7684,786.6218,459.0855,210.3631,467.6189,745.1470,829.9928,712.7872
27.7667,737.6495,307.7409,283.1527,780.2799,451.9615,755.0450,476.7783,438.1182,368.1967,360.3038,718.6033,358.6172,384.9744,787.9202,462.1494,206.0184,506.3870,745.7168,832.3970,758.2641
27.8000,749.1941,308.5924,276.0666,747.8299,437.8703,748.9328,493.3839,419.6098,370.4981,355.7525,721.0859,357.9027,387.8007,831.4998,463.5258,206.1050,481.2777,766.1643,844.9381,745.5264
27.8333,736.4051,319.1764,291.7912,770.6365,432.2594,760.1215,484.1392,437.3066,381.2763,356.8715,731.4455,370.7103,397.6701,809.8468,451.0611,208.0880,473.8171,728.7853,810.5088,730.2172
27.8667,731.3847,309.4551,281.5485,755.1673,441.6703,755.5701,483.8195,425.6362,482.2348,335.1938,718.2798,358.2307,407.2139,811.9870,451.2955,198.7102,497.4718,723.3439,832.4352,729.5653
27.9000,754.1444,304.6434,297.1574,778.9585,421.3405,748.5985,495.7282,411.9254,514.2638,356.1378,734.5115,368.0044,395.2103,791.3073,452.8396,211.9521,487.4551,723.4632,804.8572,729.5352
27.9333,766.9316,296.0863,279.5925,754.2994,428.1084,770.3823,491.7819,435.2867,546.2331,360.7030,714.6454,354.2694,390.1213,812.3405,440.7440,209.1396,511.9834,740.6582,803.6664,722.4784
27.9667,729.7686,313.4520,281.3661,968.4062,433.0829,742.9212,486.9366,406.1445,530.0982,361.3752,747.7601,361.5623,412.0933,804.1310,470.4540,202.9734,489.7519,746.9026,777.3537,710.7863
28.0000,730.4727,320.5008,286.9636,1043.6254,424.2905,761.1041,502.3242,431.2549,536.5070,357.5682,730.1338,367.6556,395.8582,808.9627,450.5123,201.5608,489.6338,754.8762,783.6605,748.4465
28.0333,728.6698,312.9944,285.0734,1114.0677,425.9876,764.0544,612.2011,436.2922,530.5969,370.6571,752.5829,341.8906,394.9843,830.7437,463.3050,198.9024,484.8717,739.8988,764.3610,746.2841
28.0667,752.9301,316.1965,293.6164,1110.7160,408.9720,743.2739,664.7914,439.3829,514.2032,346.8011,743.7031,376.9831,379.5025,815.2304,458.4481,205.0025,460.7996,743.7757,758.7251,747.8147
28.1000,748.8163,298.0040,291.9016,1090.1587,410.1090,768.2512,702.9557,415.0881,521.3435,354.7594,727.6408,367.4184,398.0302,817.4499,434.0483,213.0399,483.9507,721.5498,755.9337,758.2418
28.1333,735.4472,313.5698,293.8539,1099.8123,418.6780,762.3478,702.5143,415.6193,511.3319,359.0602,736.0227,365.4647,405.1626,790.7302,456.8081,203.1273,473.6711,758.7423,714.1995,730.1361
28.1667,726.9774,307.1683,293.4069,1042.7051,408.0251,754.5081,682.9852,449.6367,509.9367,363.8317,704.0749,356.6774,399.5344,820.4297,459.3769,199.4257,492.6222,743.3876,731.0503,741.6627
28.2000,744.7706,312.1730,285.4559,1043.7560,408.8251,774.7182,682.8810,435.0834,503.8158,355.1701,746.6643,371.4950,395.4507,788.8477,445.6568,208.6989,498.9749,725.6928,717.0808,716.3111
28.2333,723.7675,288.7813,283.4889,1021.4161,418.9149,738.5922,672.7543,434.6117,483.4265,351.1181,731.5557,360.3458,386.3393,828.9651,445.9929,210.3111,486.3292,708.9630,710.0693,746.8675
28.2667,744.7492,299.8125,294.8336,1018.4432,390.7663,730.6886,671.6628,414.8082,484.3406,380.0227,747.6122,352.4499,402.6450,817.9129,433.1843,213.4700,471.4512,728.2888,701.0745,722.3791
28.3000,765.0910,311.1135,285.3007,982.8773,408.7175,767.1347,670.7641,427.3592,483.0063,357.5078,745.4437,368.1029,394.0639,823.1102,446.5539,211.2015,485.7432,730.7120,692.7737,728.2823
28.3333,760.9234,314.7793,281.7104,977.3001,412.6470,749.5861,661.3354,414.1665,479.5234,354.9637,741.8497,371.2380,387.0143,822.9862,454.2730,208.9559,498.3611,732.9635,673.5294,730.1324
28.3667,795.8655,300.6448,276.1922,968.0076,399.8157,747.2711,638.2337,419.9444,474.2849,368.1932,942.8229,366.2867,400.6088,780.1495,440.2396,214.1684,502.3972,720.8167,680.7567,737.6266
28.4000,758.4566,316.4393,285.3773,957.2861,402.2436,777.1519,627.5201,423.9956,463.3647,362.2230,999.6992,357.2267,394.2409,789.5511,444.2920,208.9860,456.7605,738.9434,689.3348,710.0070
28.4333,729.4919,302.6706,286.9083,949.5472,400.9440,769.2794,634.1965,442.8624,469.1911,350.7103,1040.5751,360.0793,400.4633,793.7475,444.2990,210.8725,477.2214,712.9218,670.1150,735.2361
28.4667,760.0704,302.1633,288.4440,921.8209,401.4480,753.6388,634.8225,432.1065,456.7977,352.3580,1051.8748,363.8794,411.3053,830.2820,442.1556,208.9662,472.7260,724.3200,687.3834,748.7430
28.5000,791.5232,324.4879,295.7091,927.7625,504.1089,735.4685,605.7785,428.4292,456.6159,358.5300,1050.3229,350.3733,399.6324,814.1592,445.1180,205.5619,478.7927,733.6761,646.9439,733.6683
28.5333,770.8793,311.1303,289.9457,913.5821,544.9837,758.1988,601.8200,427.2835,437.7222,347.4881,1046.1842,343.2519,391.1816,783.8712,458.4036,209.5358,503.5835,738.0288,677.0929,736.6422
28.5667,754.7457,302.2852,293.8165,925.2030,555.5949,745.4553,605.8153,434.2092,444.7422,358.8134,1032.7275,359.1352,388.9671,802.2341,437.8041,206.4382,511.4933,751.1643,655.5016,740.0255
28.6000,757.4041,321.3272,291.5109,881.1481,578.4431,742.5451,594.6278,431.4576,429.1600,366.3903,1035.4064,360.6262,395.2401,802.6915,431.2755,204.7413,479.5970,733.8461,655.2725,748.4795
28.6333,738.2903,306.1205,293.3533,900.1998,567.7840,746.9054,586.4204,434.6963,444.3564,363.1048,987.3076,359.5539,396.5857,773.8026,438.2395,198.3731,482.6781,725.7864,653.8208,759.0443
28.6667,733.6396,313.7317,290.1566,892.1579,552.0322,745.0933,577.2530,443.7028,436.4040,362.5454,962.0816,360.7777,386.5204,790.6423,440.8964,201.2838,486.5043,713.6438,655.8241,755.6840
28.7000,760.3406,312.4893,276.6399,875.4492,547.5538,737.8743,570.8125,432.6231,424.8821,365.7699,973.5333,362.1052,395.9708,768.2696,449.3691,207.3240,476.5156,731.0299,639.3607,718.1634
28.7333,727.8422,304.8813,294.2309,874.0933,537.9510,727.5433,577.9945,427.6273,428.2907,358.9873,960.1807,357.5693,399.2425,777.3297,448.2649,206.6389,483.2281,744.6295,646.8572,714.6253
28.7667,755.8568,311.6975,285.2836,844.9689,527.2314,734.9038,568.2583,429.1902,414.6624,360.7262,962.8882,354.1242,393.4350,787.6347,443.2926,203.1794,474.9560,732.0020,648.9806,757.6887
28.8000,763.1993,307.3133,291.2529,887.3830,531.1559,766.0263,573.6923,422.3752,423.3353,346.2038,928.0588,362.1491,390.1008,802.5105,440.5631,198.9865,473.0358,719.8198,620.6710,726.8069
28.8333,742.8494,305.4544,280.3118,858.0773,517.7163,750.3340,574.1552,435.8021,431.6196,356.8195,931.2184,358.9755,405.4809,750.8356,423.9648,214.3281,495.6573,742.9732,597.5601,739.0937
28.8667,741.1449,304.1639,297.0314,857.0379,517.6484,730.6773,563.7759,423.8595,406.3579,350.3762,921.2109,361.4461,399.9832,812.5104,439.9887,205.8179,496.0967,716.3146,629.0905,704.6744
28.9000,776.4462,309.9155,286.5308,846.3746,502.8260,753.6906,555.8401,429.1495,412.9521,363.5472,912.9159,358.7000,404.7072,817.5111,453.1371,208.5455,498.4284,714.2529,602.5093,706.6120
28.9333,761.7379,314.9362,288.2291,857.9319,498.9731,730.4641,558.1772,427.9739,416.9101,339.9795,860.6571,360.6771,404.5280,774.1408,456.9274,205.1072,485.2155,743.3779,624.3698,725.6433
28.9667,761.9731,314.6774,285.2425,822.2633,489.1127,755.2929,541.6873,416.4166,415.3345,364.2207,869.5864,360.3517,386.1669,790.3530,419.6090,207.5558,479.1430,920.5541,619.8940,750.3907
29.0000,752.3132,321.0078,292.2913,826.3950,472.8678,749.8383,529.7043,434.9024,412.9900,347.1830,892.7304,362.0822,395.7055,810.1656,432.4838,215.2312,467.4325,1020.3515,629.7522,718.9944
29.0333,741.9395,317.7857,286.7667,819.6577,493.2861,762.0458,548.4729,427.3829,405.3642,353.8342,875.7187,360.8066,497.9462,800.8214,430.6111,200.9017,489.9512,1051.4435,622.6068,737.2375
29.0667,742.0208,301.5859,288.1592,810.5460,484.4490,756.1514,552.0413,431.7756,414.6287,353.1986,880.9466,355.0943,557.5559,789.3601,443.8971,208.6101,484.7696,1036.0285,612.6355,727.0603
29.1000,953.5688,310.2782,289.9039,816.3683,464.2543,749.3953,545.6901,420.6000,416.9421,348.2884,854.9727,352.2976,555.2274,781.8056,438.7030,208.9886,497.0862,1038.1721,602.8272,713.9551
29.1333,1498.0246,299.4604,296.4803,804.0858,456.5611,1193.3871,514.7431,614.4904,394.9568,364.8676,837.7709,359.6410,576.5362,791.5038,441.7160,206.9408,486.4754,1031.4160,634.3785,730.3177
29.1667,1728.1465,322.2263,286.7375,805.2540,475.0872,1405.1762,530.0158,701.4347,401.5548,353.3428,868.2732,358.2959,587.6596,784.1861,444.3248,200.8091,467.1524,1025.7153,609.6674,727.3450
29.2000,1786.9952,305.9137,287.1305,1315.1173,459.7068,1447.9890,514.8102,735.4014,400.9505,357.6415,819.5828,374.2768,569.9283,793.5665,439.5921,201.0510,503.2298,1018.0931,607.0224,712.9624
29.2333,1799.9558,301.7431,449.3860,1568.8484,449.1993,1448.7096,539.0638,728.7098,401.1654,357.2898,834.4132,365.1509,552.3333,810.7729,434.5601,211.4001,471.7096,997.5336,626.9628,727.5719
29.2667,1811.3047,314.7810,511.7942,1636.1607,436.7508,1461.2138,530.2468,741.9252,406.8961,354.9782,799.6938,361.5322,545.4792,793.4068,434.0176,202.8071,481.1678,990.0957,605.3265,731.7123
29.3000,1754.5471,305.0655,540.9797,1664.6924,607.1923,1407.3451,503.5720,720.2188,377.5204,363.3519,839.0320,365.8881,538.3435,786.7479,440.0565,209.8509,497.3057,941.9432,610.2337,746.8218
29.3333,1701.2973,300.3798,543.6688,1607.1005,686.5468,1407.9627,550.8071,715.1170,392.3472,352.5024,813.2048,355.5686,553.0096,773.2293,441.3790,203.8079,485.2328,949.8092,625.3234,704.4689
29.3667,1659.2358,300.8450,537.1109,1588.4073,707.2535,1349.2652,510.9149,702.9599,396.6019,367.0623,824.4518,377.4505,518.9511,783.3596,434.9497,212.8699,484.2896,934.1146,580.6859,741.2442
29.4000,1614.6520,301.2537,527.6971,1536.9525,707.3392,1339.7946,506.5272,672.1966,390.6605,352.5403,796.3671,366.6777,519.6042,794.9006,446.7661,207.8129,490.9862,956.9256,598.6676,741.7346
29.4333,1564.0334,309.7903,520.6917,1495.4596,711.2760,1293.0394,527.1855,663.2096,390.8105,358.0043,784.6626,362.7307,504.6949,796.5345,441.5461,209.2426,498.3596,902.2522,602.7040,924.2717
29.4667,1518.5685,309.9081,510.1301,1487.9615,682.3801,1252.0103,521.3047,658.6950,394.9074,358.7547,783.4937,372.6385,510.7440,799.0480,432.8706,209.9025,503.1350,897.4795,609.9206,994.1909
29.5000,1483.0378,314.2411,492.8954,1421.4127,673.9643,1235.3506,514.1968,660.0492,385.4242,351.3917,799.2118,365.9028,503.9465,808.4218,440.1883,214.4034,476.3092,880.8552,587.1649,1055.4132
29.5333,1446.7799,308.0070,489.5957,1382.5031,670.1043,1219.2196,524.4366,623.7859,394.8563,357.5641,804.6593,371.2942,512.5098,790.4364,426.4379,205.6044,487.9193,882.6931,590.6887,1066.1660
29.5667,1388.6617,321.3984,475.5675,1387.2859,652.1438,1193.6856,504.5507,622.1304,388.9804,361.7931,758.5083,372.9810,488.0614,785.8728,428.7140,206.6933,486.9386,875.6112,590.0802,1056.1185
29.6000,1354.6514,311.7497,462.3800,1311.3682,649.4662,1170.0619,497.6279,621.1227,400.2232,363.1393,775.5916,379.2304,488.3667,773.0193,424.3650,209.6170,499.5546,865.0090,590.7036,1074.6951
29.6333,1298.3845,298.6585,457.9301,1309.7017,629.3388,1131.4866,499.0781,604.1130,401.2758,375.2093,771.1631,364.3820,478.4339,774.8934,437.7895,213.8476,501.6163,831.6801,596.0405,1038.8078
29.6667,1283.0723,311.3949,440.2782,1288.0492,618.7165,1093.3878,528.5035,607.1242,385.3714,354.7513,774.6617,367.5165,477.2034,800.8337,417.3944,199.6329,487.3528,875.6920,608.0476,1007.5850
29.7000,1275.6029,317.2502,431.6204,1244.1934,584.5409,1094.6800,522.6756,595.0030,382.0575,360.8362,760.5438,364.4389,480.8842,813.5924,430.5524,212.3412,475.1059,850.4658,603.2691,1005.5251
29.7333,1213.4289,306.2985,426.6335,1201.4690,578.2247,1070.6213,505.9744,560.3331,393.7364,346.8803,773.7521,364.8402,473.8659,774.4412,434.9584,202.7526,480.8318,840.9565,591.8070,996.6847
29.7667,1212.1726,309.8705,420.3852,1203.3616,567.8189,1092.6759,505.6836,575.1392,384.7129,351.8942,765.5972,370.5927,460.8471,774.7704,429.2503,205.7196,493.4488,846.7721,594.6152,992.6788
29.8000,1165.9906,315.0467,403.6438,1161.7350,556.9493,1064.4496,502.4938,560.2335,376.1985,358.9326,794.7233,361.8206,455.4595,797.9196,415.5055,207.0092,498.2496,806.9456,623.8955,959.0716
29.8333,1154.0884,321.4642,399.4581,1136.3692,564.2334,1025.5534,498.4273,547.9506,380.3905,349.9499,776.7952,376.9360,470.2368,788.6290,434.5423,210.9900,479.9318,826.1484,618.2829,968.8958
29.8667,1131.1996,316.6340,400.2433,1148.6321,644.3940,998.3439,511.8427,560.9546,371.4880,360.7815,744.3799,360.1862,450.4357,793.4590,421.6214,211.4718,493.1677,797.4033,591.3456,917.4134
29.9000,1093.6632,302.1764,376.9121,1100.9075,690.4489,993.5485,493.0796,531.6550,389.3984,357.5830,772.4675,363.0552,450.3731,784.3856,451.4477,216.6479,497.0846,804.4834,609.0165,916.8962
29.9333,1113.1105,307.1810,380.2972,1071.2820,692.4789,985.8127,517.5356,514.5522,384.4343,352.7362,761.5871,368.9748,449.2029,774.0126,436.3336,210.2398,475.2699,833.6925,612.0989,898.8281
29.9667,1059.4864,310.9376,377.8982,1075.0702,697.5808,979.3982,497.9150,531.3934,365.6336,362.1567,763.0064,359.6328,443.5459,756.7382,437.2879,212.9723,491.2175,813.3375,572.9390,919.1970
30.0000,1043.7894,323.2880,379.0178,1044.3797,789.0815,972.7353,496.4634,514.6885,400.8388,350.0386,750.6411,363.7424,450.4119,775.1717,437.8692,206.6452,480.1047,814.8103,579.7218,878.1373
30.0333,1076.4661,309.3829,362.2398,1032.6776,819.8975,966.8533,490.5219,511.6413,364.7827,361.2504,744.5654,370.9758,421.0927,773.0433,441.3358,204.5194,488.8360,796.8207,575.7012,860.1783
30.0667,1040.8931,313.4489,379.3538,1023.0417,824.0524,962.9881,483.6990,500.2545,369.4822,373.6897,757.4415,359.7493,443.5660,832.4560,435.0556,204.3465,495.1878,988.8597,580.6811,843.9348
30.1000,1017.0975,311.5530,356.3919,997.0169,817.8915,924.0567,496.7070,513.3462,386.1214,351.0811,728.7053,352.5907,435.0199,824.7928,440.1386,204.7917,496.9215,1071.4317,599.3442,873.1605
30.1333,1005.3787,307.3535,360.0860,982.9537,792.3901,926.7850,502.9775,500.3949,383.2253,352.6874,768.9828,372.2179,428.3417,791.3894,423.9160,203.6949,477.7616,1109.0397,607.8954,861.4782
30.1667,999.1304,303.1261,357.8623,952.4007,765.3670,896.7121,488.4032,505.2276,391.2721,364.2749,728.1636,359.5372,432.5387,800.0566,428.8527,204.9669,496.3342,1122.4167,588.1223,858.9626
30.2000,977.9876,315.2169,364.8725,945.6116,771.6902,926.7073,501.5612,482.8168,388.1617,356.5553,748.6074,355.1133,433.1608,805.9712,445.5269,214.6261,504.3198,1108.1011,591.1290,850.5249
30.2333,960.7581,318.4808,365.4077,990.2741,736.5249,871.6729,507.6410,488.2877,381.7005,356.3452,745.1830,364.9552,429.2949,793.1832,424.8019,205.3773,489.3722,1066.6085,597.4650,858.6725
30.2667,938.4020,315.5039,344.4562,942.4099,726.7239,871.8871,502.9431,479.9950,365.1923,362.7448,757.3005,359.1798,422.6539,810.5470,443.2298,197.4705,498.0066,1082.5824,595.5960,834.9321
30.3000,950.7280,308.5803,348.0543,943.7047,685.3731,851.5552,494.6564,481.6750,368.4911,355.0265,747.3874,371.4786,415.2513,817.8280,422.5150,207.2090,491.3151,1053.8835,581.8745,804.6313
30.3333,916.4537,315.9825,340.9070,925.4771,678.9020,870.1496,498.9731,480.5628,382.4025,363.5502,741.0550,350.1439,416.8286,809.3373,443.8592,204.3698,488.5331,1026.6500,562.6409,837.3581
30.3667,945.2263,306.9360,329.6659,893.8569,677.7513,875.5126,481.3803,482.0905,376.9909,335.6398,758.4051,358.1327,415.2143,792.8243,445.1220,200.4001,482.8636,1002.7088,579.2465,829.2067
30.4000,908.2852,318.6106,336.7118,922.7439,651.9604,867.9531,480.9123,469.8205,386.0446,364.0058,750.9769,369.0638,422.9806,784.0419,440.0009,213.3884,475.5122,1009.9898,579.4105,805.5659
30.4333,888.9863,319.5369,346.6222,896.6391,634.0431,847.9663,482.4370,478.8625,382.0448,356.2859,744.8015,362.9843,428.2610,791.7674,434.3358,207.4942,496.3697,966.5353,618.3525,789.2001
30.4667,922.0625,312.4349,339.2839,880.9912,626.2150,844.0615,476.7839,477.9100,376.7515,344.9848,714.1388,356.6250,416.9356,802.4358,445.1402,213.0338,484.0551,970.1726,584.5864,777.2605
30.5000,903.8237,313.7526,329.3680,873.5831,601.1251,847.7421,502.3822,479.5977,384.3832,374.4163,746.6752,355.8997,410.2742,806.1512,434.3276,207.7700,490.9510,952.9227,589.4714,806.3018
30.5333,884.2900,307.6267,331.2928,865.7653,600.5845,835.9365,499.4523,481.9776,376.4324,344.6100,751.3678,348.5124,428.4662,818.7637,427.2450,209.0459,491.4838,941.4109,578.5132,801.4636
30.5667,858.6094,315.1610,323.5678,862.3014,577.4176,832.1131,491.5881,462.3743,383.1797,349.5883,727.5726,355.4103,418.0088,815.2417,432.4125,200.8242,477.7287,931.0903,584.3161,791.8885
30.6000,852.0432,312.9294,317.1713,861.7499,587.9118,818.1050,507.6598,455.3461,381.8118,351.6449,736.7095,373.0472,426.0042,816.6576,435.3815,208.4888,479.1956,898.0399,610.0941,790.5886
30.6333,838.9246,305.4876,313.4371,838.4909,582.5291,815.4902,489.2892,457.8227,376.6199,368.2705,741.5319,376.7354,407.0045,793.8105,438.7478,203.6800,473.7897,917.6975,579.5638,805.2787
30.6667,863.4159,323.4189,319.5256,799.1502,564.3050,830.7237,513.4139,463.5195,385.0537,358.7519,723.0317,366.7078,406.3430,782.4930,445.2265,212.5815,495.2372,902.4477,592.0726,790.2648
30.7000,845.6250,320.2732,310.7445,797.8706,533.4339,785.1145,484.9272,472.2417,386.3243,356.0169,709.0182,362.3938,409.6461,778.3678,444.3873,217.2638,487.9126,901.2205,586.7920,775.6880
30.7333,828.5178,305.4977,319.5729,838.4190,545.9100,808.9699,503.1673,469.0862,387.8717,361.4577,742.5654,356.3440,429.5140,800.3882,416.6237,205.9066,503.0426,877.9891,585.2305,758.8740
30.7667,845.0259,302.6071,317.1870,819.7015,524.5178,794.3845,496.9968,449.4593,377.9609,364.4289,740.6351,353.8927,414.8628,789.5164,435.9569,203.9480,490.9411,864.5844,580.4562,800.2934
30.8000,855.2744,310.4488,318.2771,816.3158,521.2176,789.1202,494.5339,458.8741,376.7179,356.0327,741.9056,378.3857,406.8629,776.2409,443.3593,201.4261,497.3356,882.1036,585.8985,769.1947
30.8333,830.1050,319.5616,318.8558,805.9309,526.5891,807.6179,495.4112,462.4677,365.9576,352.7309,725.9885,366.2084,408.1111,800.5254,437.5660,214.0190,480.2359,860.4820,578.8730,769.3612
30.8667,843.0606,321.4075,309.3358,789.1208,516.7450,799.1027,486.1719,449.3459,384.8585,360.3471,726.0297,358.6903,415.0561,1010.2028,445.5957,205.9638,495.9934,847.4633,570.4090,781.7555
30.9000,800.4715,306.2393,317.9742,814.2986,496.0050,797.0236,491.1793,448.2258,389.4179,353.7025,734.5011,371.7998,413.3855,1115.5673,433.5918,211.1266,476.8704,845.3413,595.2685,772.9250
30.9333,832.6129,304.5203,315.8600,818.9413,482.0800,786.6035,505.8589,453.5604,363.4704,355.6821,732.4320,362.3564,403.3863,1138.9336,432.9676,204.9343,492.4597,808.0201,582.1015,775.3377
30.9667,816.0613,322.6482,304.8895,797.8352,474.2810,770.3624,513.6390,451.1679,384.1130,350.0836,752.4784,350.3423,406.6927,1154.8053,424.7538,213.0367,482.6149,801.7489,623.6828,769.8066
31.0000,824.7104,299.8707,313.8666,796.9106,473.7635,781.8180,492.4387,453.3353,371.8090,343.6134,731.8658,358.8027,404.8261,1153.3256,430.6888,208.4560,487.5201,827.9452,589.8375,750.7205
31.0333,798.0723,319.2548,311.4894,798.6082,482.7318,768.3263,479.3013,568.9482,386.2521,353.4097,937.8004,356.8236,409.2462,1141.3769,434.5205,208.3156,472.5687,819.7047,579.9860,781.7320
31.0667,817.5207,322.3629,312.8969,803.1242,475.6052,759.6627,491.7370,621.9079,367.8764,349.0218,1001.4361,370.1129,403.2471,1123.5430,445.2589,208.8090,486.6799,836.1850,585.3342,740.2661
31.1000,781.4484,305.5854,300.3982,795.7388,466.6461,776.3452,518.7403,650.6007,380.0348,351.0501,1044.2192,348.5867,396.8032,1101.9576,419.1692,206.2384,499.3328,817.5148,589.2259,738.1420
31.1333,812.3901,317.7507,295.0516,787.3588,459.8296,780.6056,475.6183,643.2309,369.7616,350.4093,1057.4620,364.1544,398.0246,1063.4037,438.7474,207.8353,501.7185,792.9442,603.4573,742.7824
31.1667,804.3276,312.4556,290.4556,786.2019,466.9637,787.7534,493.8103,645.9997,382.6537,354.5122,1043.9373,364.8667,397.2882,1057.6856,431.6013,209.7787,482.1020,780.6271,578.3351,758.0207
31.2000,777.7895,309.2213,300.1926,792.3030,455.2641,791.0373,493.8832,627.3550,377.9169,351.2504,1011.6503,370.2086,404.4585,1087.4565,438.6407,211.8043,495.8555,795.2787,593.3454,760.1865
31.2333,807.0188,315.2276,295.9442,776.8476,447.0650,778.2686,484.4694,627.7847,367.6607,345.3311,1017.0431,360.7878,398.9353,1039.5005,433.2616,202.5976,489.9594,798.8847,590.5815,732.8615
31.2667,777.3618,308.3852,297.9864,773.2265,447.6229,784.5198,482.1309,601.0614,365.2290,342.0235,983.5574,353.2565,402.4741,1003.4886,421.4363,208.1917,631.5604,792.0502,593.4399,719.6369
31.3000,764.3300,309.2687,293.3767,771.8748,453.4084,755.8565,493.9701,578.9510,376.1078,354.0040,1003.5599,373.0632,391.5398,1020.8753,420.9928,206.5731,695.1307,793.7324,583.4168,745.0315
31.3333,759.2174,308.6720,292.1577,746.3005,442.4965,765.3580,489.0453,580.3440,384.1430,357.4446,962.7032,364.2358,380.4463,1012.7499,464.4165,204.7166,708.1514,782.3056,584.7952,754.7822
31.3667,762.4851,321.7475,372.4409,763.2747,443.7208,773.5751,468.2945,575.5915,376.6228,362.5749,946.5497,364.6809,403.7347,992.8344,433.5765,207.5376,711.2928,761.1043,579.0435,773.6508
31.4000,805.1527,318.2858,413.9412,765.3408,443.5815,761.6909,492.6862,566.7361,390.9631,347.1424,948.2399,366.1780,420.4581,990.3196,424.0506,201.1267,698.7872,802.6239,559.0485,751.4313
31.4333,807.8456,303.9423,419.5506,768.2769,435.0452,751.9910,488.4335,560.6952,363.1201,360.9790,956.3384,355.6065,387.7636,972.2379,431.6671,207.4790,702.2550,760.8363,581.3544,731.0862
31.4667,769.5948,311.2576,425.9708,778.4365,427.8611,769.4432,467.5685,561.1874,376.4310,351.4730,918.6920,371.4714,398.8203,987.5713,433.6308,203.9787,681.9410,769.1004,590.0124,737.6794
31.5000,766.4156,308.4541,427.2851,764.4809,418.4671,777.5154,479.4670,548.7208,385.8574,371.7129,919.2532,366.8905,399.1434,951.2816,423.5996,206.2207,695.2013,781.8501,601.2447,732.5936
31.5333,770.3332,315.2371,419.0077,746.7126,422.3072,792.3861,494.7988,562.3539,376.7160,352.4829,899.1639,374.1260,417.2671,951.2913,439.7734,204.2739,653.5043,767.0890,590.1051,742.5389
31.5667,792.0251,309.5686,419.0824,769.4023,412.6141,741.5473,497.8971,535.7260,378.7617,348.9962,866.9351,369.1661,396.4149,906.1074,418.3333,200.2163,653.3287,754.6502,605.0057,756.3440
31.6000,765.5189,308.2123,416.8273,757.9618,418.8910,769.5493,469.8389,521.1227,374.1027,371.1372,878.0108,367.8264,405.4592,951.5258,440.5781,206.7809,633.4805,783.6854,591.9275,730.6507
31.6333,770.3501,311.8812,387.8544,771.9589,424.9616,783.7312,483.7851,527.1543,380.0799,350.5759,878.4417,369.0126,403.4303,921.8704,432.5333,215.9783,635.4466,757.7676,599.7220,745.7055
31.6667,751.6518,320.1832,393.1135,764.5525,408.6951,786.4914,491.0355,539.7670,371.3232,345.4230,883.6222,352.2659,393.3652,910.9318,435.8488,208.5805,615.9403,775.7637,603.5539,745.8275
31.7000,765.2083,320.7843,388.1113,766.4451,422.2498,753.2657,501.4457,533.4247,374.9027,349.0002,847.8701,377.8392,394.8999,923.7499,436.5616,207.1038,634.8289,744.2207,575.6476,723.4717
31.7333,762.8478,315.3441,383.8578,757.2878,407.8076,754.7207,500.3500,527.7983,385.5936,353.8726,859.0097,367.4539,395.9325,915.2402,440.5055,206.6655,618.1410,765.5188,573.6066,744.5124
31.7667,765.3824,304.9442,376.0589,753.6220,407.5887,736.4906,472.3538,498.8786,381.6493,365.2326,854.7975,367.4013,388.1256,885.6554,432.7153,212.4503,616.9274,757.3405,586.5292,717.9326
31.8000,753.7939,318.4924,372.6497,782.4108,409.9713,735.1042,485.8352,499.4934,388.1801,354.7220,850.6366,361.9995,404.5393,895.9072,449.6572,214.9131,610.4323,773.0453,575.8808,728.4626
31.8333,772.3552,317.8839,377.4103,744.8134,418.8456,749.1158,490.2279,508.0419,372.5265,350.0653,830.9390,363.3643,416.4037,865.7201,451.1979,208.7916,602.9860,748.0779,594.5815,754.7402
31.8667,736.0898,313.8586,362.0455,742.2417,397.4725,751.6972,483.7923,502.8348,385.7800,352.2046,820.1286,366.4799,407.3536,878.5078,439.6432,213.2872,587.3613,747.1453,583.5799,725.4404
31.9000,777.0657,323.1904,375.6464,734.7212,404.3060,733.8730,488.4238,491.4553,370.7640,358.7937,796.5448,365.0364,398.0685,909.2458,436.4525,202.5265,587.4280,749.4778,583.8255,721.6750
31.9333,769.5794,306.2763,358.1128,739.1508,412.0262,748.8631,477.6256,507.8518,375.5055,357.4646,841.4155,360.5510,401.0079,882.0310,434.8557,209.2029,587.2907,731.5080,569.9449,732.3009
31.9667,740.2956,313.4667,352.5593,732.4038,411.1849,750.8858,487.5625,491.1862,366.3599,349.7358,809.8548,362.9819,398.3012,868.6522,435.8862,199.7828,589.5589,749.9270,586.5101,751.8636
32.0000,766.1247,312.2495,364.0968,740.5185,410.1144,768.6473,489.2681,486.4648,382.5031,341.9144,794.9656,371.3996,384.5505,870.4187,431.8377,208.2294,592.5856,714.7716,589.1314,935.8501
32.0333,760.0888,328.2993,348.8978,763.9066,408.2569,757.9669,492.0919,480.6170,379.7491,354.7948,808.1592,371.9009,418.6677,875.6662,430.3549,205.2913,566.9923,744.7918,582.2852,1006.7858
32.0667,775.4022,312.5030,340.1909,766.3563,404.3588,733.4168,497.7694,471.1451,377.4968,348.7360,816.4304,350.0501,389.9743,827.5211,443.1601,202.6755,569.9787,751.5706,599.5324,1060.1976
32.1000,749.8158,314.8694,339.8040,753.4733,399.9228,743.2848,505.3720,480.1875,378.5800,354.5232,778.1351,370.4232,392.2035,845.5629,432.3178,207.6823,548.3863,729.3309,594.8142,1063.4054
32.1333,736.0088,313.2840,336.4545,747.0385,383.1231,745.0416,485.2123,458.3054,368.5097,357.2403,792.5195,360.8134,399.6364,898.2360,437.1993,211.6579,576.0660,765.3015,582.5838,1070.1167
32.1667,730.2902,315.5959,340.0597,755.1218,399.6990,749.5850,499.7182,475.2794,377.3971,350.3350,770.7179,358.1403,407.5265,848.1905,437.4561,209.7067,546.3065,743.0780,593.3343,1062.6560
32.2000,750.7310,317.5957,333.9924,735.9612,399.5542,731.3523,506.0836,464.2024,378.2059,345.6878,793.0617,355.0151,406.0940,831.3592,443.8490,212.8243,542.5118,730.8296,580.2640,1016.5630
32.2333,738.3152,316.4722,325.2524,728.0193,388.5628,735.3717,485.6245,463.8170,393.8781,357.6844,773.3542,353.7891,381.7241,810.8826,421.8540,209.9143,552.6280,752.3250,589.3577,998.6038
32.2667,957.5305,320.8932,323.2908,728.9243,408.3422,732.2912,501.3530,589.0875,387.5108,361.2521,753.0652,368.3928,390.1709,865.7871,427.1136,210.9887,544.5933,761.5246,596.1178,988.2856
32.3000,1039.1335,308.8478,330.0711,749.0199,399.3385,723.1289,514.4310,629.2497,364.5534,367.7999,770.7240,363.9739,395.6815,852.8393,431.1818,206.9337,539.8597,742.7618,594.0411,982.2410
32.3333,1087.2214,326.7327,314.6426,730.0144,398.0520,726.8625,485.2416,652.8055,385.7385,350.4508,757.9712,361.7344,392.7441,835.3519,426.9351,205.4058,548.5925,738.2221,594.1278,1006.5473
32.3667,1075.9248,314.3033,315.9918,729.8846,395.4282,727.3783,500.2136,639.4507,377.4615,348.5411,800.9975,357.3510,403.4871,807.0456,432.8396,206.1790,547.9770,742.3112,606.3060,949.5501
32.4000,1103.2692,307.4810,319.5737,745.1548,399.6761,744.3303,494.2243,643.9426,390.6117,360.8739,768.2952,364.4043,409.9187,818.2853,428.3643,214.7537,533.4168,704.8813,582.8819,931.2492
32.4333,1019.2348,317.2452,324.2502,712.2655,391.3640,753.3929,496.2262,649.9234,390.3931,344.4410,755.9511,370.7914,399.7578,849.3501,426.0479,206.6923,673.7448,754.9011,578.3132,920.9238
32.4667,1059.0222,308.8984,323.7999,731.5845,381.8522,748.4552,509.6643,636.9060,381.8415,342.6762,772.0832,365.2346,410.3772,844.3921,442.0661,211.5346,710.5597,752.8291,605.9679,926.6496
32.5000,1031.1122,314.2553,314.2458,741.9231,405.5301,754.6068,489.6052,615.2117,380.6630,347.1544,742.5332,358.7720,409.8575,823.9987,433.2664,215.0604,748.5984,725.5646,556.7103,891.1559
32.5333,1029.2647,310.6957,316.4342,740.9265,391.6109,760.2241,487.8079,605.7654,385.8423,354.0422,763.6439,379.5845,390.7189,828.7566,419.1061,207.8719,895.7779,727.0566,588.8722,892.6287
32.5667,1000.3933,320.0709,311.9832,764.9169,398.0417,759.2370,491.2999,611.4179,382.1227,352.4290,762.7108,368.3964,396.4907,854.0021,441.9639,212.5964,943.5460,734.4556,581.8435,919.8242
32.6000,1012.4724,309.1861,306.9502,729.4765,387.5795,754.0302,497.2792,611.4067,387.1778,346.8350,752.7806,352.9467,404.3482,822.1092,411.0187,211.1762,942.6191,710.1234,587.6689,876.2326
32.6333,1000.8925,321.8113,313.8231,744.2499,403.8788,753.8936,484.8693,594.0567,386.1107,349.1250,732.2592,363.8688,381.5727,832.1499,440.1267,213.8595,961.5675,732.6607,570.2127,863.3204
32.6667,936.1607,307.2845,299.9428,743.6039,386.7165,746.2523,488.0685,573.8869,369.5346,350.0525,749.6753,357.4514,397.9112,823.4885,437.4328,208.6563,905.3886,741.0522,590.3828,843.9426
32.7000,955.4672,311.1473,300.7441,738.9610,385.7197,742.4784,481.0521,573.5295,378.2572,351.7206,751.5598,366.0804,401.2105,807.0739,446.2320,202.4507,884.5556,728.7730,570.6295,847.3353
32.7333,959.8041,321.8447,314.0606,733.5639,405.4698,739.2079,483.4704,559.6887,370.7509,345.9701,739.4365,358.4914,402.5351,813.3489,444.9752,211.5993,887.4720,766.9364,595.9484,842.1353
32.7667,936.4042,312.8184,313.9760,737.2371,387.9956,742.1906,489.1818,559.7434,365.8901,352.6839,724.7402,366.1132,391.4445,812.0250,425.2187,209.8017,877.8087,695.0310,598.8254,855.9310
32.8000,933.3689,314.4816,300.7409,723.2426,383.1648,721.5883,500.3165,538.1313,372.2150,344.1786,750.8096,374.7456,400.2364,816.2586,426.8831,207.8982,851.9964,754.9089,592.5445,857.2848
32.8333,908.9693,308.8679,303.6509,729.3763,386.0893,740.2122,484.7444,542.9829,371.0029,346.9134,745.8569,374.8704,382.2023,812.5871,438.7135,212.5954,819.4368,727.6691,596.6003,823.1800
32.8667,908.4874,313.3606,312.7261,737.3229,392.3970,747.8526,481.4703,538.1770,388.3093,350.8845,717.4370,362.7213,386.2175,797.1493,425.3263,207.6024,815.7101,757.2108,601.9916,836.8285
32.9000,894.6659,309.9597,295.9472,744.5617,393.4494,739.2920,489.6746,541.2489,389.5045,348.9603,724.8813,365.2914,406.5253,815.7262,440.2365,202.9524,781.3517,740.8765,589.2087,810.1305
32.9333,865.5995,308.1743,301.4547,744.6453,378.9802,738.9019,487.3004,528.7546,370.7362,355.6183,735.5482,372.9905,403.2798,835.9232,442.3618,207.5018,773.5298,741.9474,594.7591,822.1148
32.9667,887.4764,309.2482,301.4130,741.1398,396.9200,748.1671,488.3088,498.2780,384.5661,353.0791,738.3840,367.7634,403.2074,811.6225,427.2226,212.5236,746.9724,742.9833,584.6106,782.6747
33.0000,867.5467,314.5749,294.8324,715.6378,380.0027,768.9410,473.0392,518.8230,384.7771,349.0448,731.4240,356.8245,402.9489,820.2774,438.4466,208.9713,746.9010,730.4957,577.0697,804.1871
33.0333,853.5097,305.8681,307.1067,739.6286,373.5077,719.5876,472.6032,507.5254,384.9073,342.1385,723.5933,363.9219,403.6052,817.3553,430.1646,206.8401,740.4776,725.9171,577.5089,821.7601
33.0667,874.8725,294.0413,306.2092,728.3341,368.3018,763.9039,485.8080,505.5083,379.4592,349.5183,732.7151,352.1177,390.6064,836.6851,430.8705,206.6200,726.4159,742.3804,597.5742,786.0789
33.1000,859.6524,309.7216,306.8718,730.5311,388.0865,757.1730,497.5158,506.3243,378.0169,349.7335,734.8697,361.4543,405.3981,835.0022,424.6283,208.2467,716.7507,730.0241,587.5690,808.5050
33.1333,831.3018,317.3166,302.1132,736.7361,392.9082,741.7158,479.2949,503.6471,377.5019,358.7846,736.3187,355.5982,393.4413,835.4188,421.4298,213.2119,689.1287,731.5208,585.5835,791.7211
33.1667,833.2430,307.1113,293.5728,738.4055,376.2448,762.9705,485.3842,511.4555,378.5179,350.0213,759.9515,368.9495,392.5434,861.5121,429.9446,210.2773,700.5803,742.3629,573.2517,780.9881
33.2000,855.1540,302.8987,291.8841,728.8595,390.6735,753.4061,496.3195,499.6122,377.1573,352.1611,746.4483,381.8853,398.7633,818.6719,433.3772,203.7344,683.2266,716.8947,602.5622,816.5932
33.2333,850.5823,302.4031,301.5705,737.9352,375.9146,745.2201,485.1920,501.6071,369.5430,352.4026,769.3924,371.3680,402.7669,815.1705,431.9817,205.5487,656.9097,707.1183,591.3825,740.8283
33.2667,842.8379,323.8413,302.6504,717.9952,379.2196,762.4751,471.3225,477.0334,372.4537,363.6192,743.7072,362.0330,405.8129,805.0024,433.7463,205.8911,643.3954,699.2681,603.4839,780.8798
33.3000,820.1227,316.3030,310.1110,734.0952,390.0519,731.9501,488.3145,485.6509,376.3035,359.3911,717.5385,357.0133,404.3497,826.0629,427.5169,213.8572,641.5578,750.7760,604.8861,753.5029
33.3333,826.2273,308.7633,307.6497,724.2927,371.3861,737.1242,489.0315,486.7117,383.0122,345.9095,720.3082,362.4756,385.2434,782.9978,446.4082,212.9677,649.0146,729.0087,606.6436,730.3530
33.3667,794.9272,328.8332,305.8346,730.2399,393.4265,766.3864,486.8821,493.5257,389.9547,354.0062,718.3726,358.8037,407.3663,811.0008,439.8959,201.4052,633.2878,746.7571,588.3622,784.2434
33.4000,801.4228,310.5287,293.0977,736.0346,382.8695,752.8642,497.1758,477.3400,369.1962,355.6437,749.5949,354.6482,392.3881,812.6882,442.3028,208.9147,607.6293,704.7316,595.4705,770.2412
33.4333,817.8562,314.0070,298.1078,721.4309,373.4630,712.6577,490.0544,474.3519,381.0221,351.3579,723.9250,363.4839,392.2677,826.8003,435.4639,212.3680,626.7066,728.4195,598.9085,764.9128
33.4667,809.9915,304.7204,300.0841,757.4487,387.4509,740.6286,475.3622,469.3726,377.8820,355.2005,713.3497,369.9102,393.5466,806.7598,439.1637,210.2815,598.2809,733.6865,584.8274,779.8511
33.5000,790.0789,306.3535,285.3270,734.6220,376.3469,716.9885,506.2876,476.1447,366.3690,351.9298,714.3111,368.4721,404.1245,843.9258,445.2569,206.3408,604.9389,743.6438,602.4351,768.9210
33.5333,809.7433,315.1435,294.8149,748.6009,390.8511,752.1022,493.4360,482.3408,365.1844,348.8712,722.9976,372.9596,399.9818,836.9568,431.0790,207.8059,593.0798,732.3584,589.1150,745.4023
33.5667,811.6975,320.3587,307.0837,731.5772,389.5871,757.7092,507.3971,477.2345,367.3704,343.2481,738.4832,364.0547,394.6387,828.7676,445.8979,202.9633,587.6588,741.7016,587.0090,782.1338
33.6000,803.7949,304.0080,293.5567,732.4201,389.8625,751.7075,504.8818,471.3783,379.7085,346.6476,733.9759,372.3790,398.9866,804.8885,426.9762,206.9599,577.7323,730.0572,591.1257,760.0055
33.6333,813.1533,314.7716,289.6319,718.6208,396.8858,723.3582,483.6103,457.5126,376.7619,349.2841,735.0020,375.7654,392.7974,823.8756,436.3136,209.9369,576.3163,712.9201,586.5262,745.6804
33.6667,801.1200,305.7240,292.2263,758.4948,387.5097,745.0621,483.1526,457.1159,377.3672,353.4269,730.5874,366.7921,399.9923,812.0068,450.1634,208.8763,571.7231,731.1930,566.7087,736.3924
33.7000,801.7295,319.0373,291.6009,720.3052,399.3079,737.0099,489.7226,456.2086,379.1103,340.0605,694.4999,365.3105,402.1277,794.8036,426.9717,207.9407,579.8605,740.1302,598.0654,740.9780
33.7333,759.1504,318.2242,301.9289,718.6125,412.3421,768.5620,494.7704,464.4547,387.0330,355.0850,719.1317,366.3700,401.6607,836.6064,439.9407,219.0930,571.8211,745.0940,581.3541,750.2718
33.7667,747.7285,322.3076,286.3211,727.6765,394.6866,740.2304,496.6909,458.1328,376.1207,355.0048,735.0833,356.7166,408.1598,811.9682,425.9237,213.0210,565.2604,747.5351,742.7931,739.4385
33.8000,751.2015,311.9424,294.0920,741.0182,405.1389,725.0713,494.5220,474.3205,371.6487,353.1299,727.9521,366.8247,394.9785,778.9615,427.3050,210.3597,567.6825,747.3689,828.1876,748.1842
33.8333,789.4847,318.8418,286.3488,724.3170,378.9269,730.8981,477.6547,457.7478,369.5204,344.0225,723.8121,355.2079,405.2007,809.3056,421.1283,214.5866,561.0083,735.2925,850.0931,731.7033
33.8667,780.5945,316.3250,295.3251,725.6378,378.8742,779.4981,493.7441,449.1464,379.3800,351.6716,721.7633,357.3343,392.5356,828.8852,430.2862,215.6051,549.8440,722.2738,829.8272,729.4679
33.9000,777.9639,315.2514,306.9991,749.2296,393.2741,764.1386,496.1852,449.6585,380.6681,358.8419,714.0347,355.9989,410.2765,788.3676,425.2315,210.0194,548.2406,716.2320,867.2791,744.3414
33.9333,783.0460,305.3915,301.2672,711.5045,380.3126,755.6296,493.2045,443.5980,356.5333,354.0407,721.6033,372.5610,411.3204,799.1975,428.5280,212.1661,545.2627,716.7001,829.0028,725.6649
33.9667,792.8656,309.1133,289.4307,719.9823,391.9494,739.7757,501.1092,460.2460,365.3941,353.1141,728.0390,361.7963,404.8255,794.9167,441.3458,205.6896,527.5286,732.8130,832.1374,715.2222
34.0000,759.5888,320.5094,297.6240,724.6647,384.4375,716.4437,490.4452,455.2589,369.4339,357.6549,690.8841,360.6970,405.6596,772.7999,420.4987,213.3430,552.0461,728.7076,820.9586,759.4540
34.0333,759.1422,312.1230,288.8286,728.1361,392.6526,728.3372,493.0379,444.7408,379.3138,346.7586,726.7520,367.1273,405.2809,796.0869,425.9610,217.8117,530.3763,744.6181,809.0652,752.6216
34.0667,776.8736,302.0183,297.4109,755.5867,381.5083,738.9272,495.6770,446.6029,387.4993,358.9877,731.0934,366.9652,391.7616,808.3474,424.2794,209.0376,549.4779,740.2267,790.2272,729.1918
34.1000,739.3371,312.4604,300.1394,723.8801,384.3575,739.0369,487.1251,450.5074,383.1568,352.1481,721.4895,365.3775,401.4420,816.3306,428.2958,214.9184,519.4653,755.1527,792.8376,734.9621
34.1333,764.0454,318.6314,293.3887,722.6557,389.1705,741.5227,503.0731,451.7529,389.0859,366.1661,734.9376,361.0673,404.7115,792.7915,437.3035,213.8119,529.9338,729.2691,769.1477,740.5777
34.1667,761.5847,324.2823,299.5196,758.3579,381.2976,739.9559,479.8429,444.8070,380.7858,346.0092,688.8474,376.4192,391.2253,795.3323,449.7468,204.0061,536.1900,758.5277,738.5046,723.6170
34.2000,776.3134,318.7383,283.1879,719.3548,397.5692,751.4384,489.0774,439.2254,387.7647,347.1090,724.5448,361.4117,401.6958,810.1112,444.9590,213.4870,527.6623,723.8269,736.6693,726.1925
34.2333,767.2096,309.7096,299.3848,730.1152,400.9509,730.4114,507.7373,446.7520,371.5256,336.9296,691.0519,361.4354,404.3531,825.7482,426.7088,211.7661,519.9940,740.8745,744.4095,726.2521
34.2667,777.9221,314.1015,297.8904,701.2498,390.2208,729.8636,498.0270,452.1744,377.1263,356.9430,720.3803,366.0039,399.6009,818.2082,429.1607,209.4899,516.2579,717.8615,733.2363,715.8755
34.3000,786.6575,317.9450,292.2502,716.8337,390.3831,733.4189,480.1524,435.9508,369.5823,349.9921,723.7494,373.9843,413.4343,828.3557,424.4040,211.8856,518.7560,696.3630,714.1002,721.2739
34.3333,760.2208,293.3542,294.2681,734.1373,384.6242,742.7780,498.2060,454.2827,382.6677,350.4340,692.0979,363.5218,387.8904,816.3921,434.9882,209.8860,520.9957,723.7633,718.0438,740.1056
34.3667,755.6585,315.1369,296.4500,715.0498,388.2023,735.3798,484.9655,446.4187,366.7176,350.3210,731.8885,348.8871,389.5568,820.0472,426.5479,209.6623,522.5826,713.0015,721.6687,724.1548
34.4000,746.9813,325.2233,293.8498,738.4675,383.1979,754.0250,489.1791,448.4124,377.0338,352.1216,723.1341,363.2969,401.9773,790.1357,420.6896,276.9828,534.0423,759.7871,696.1985,727.1286
34.4333,732.6157,306.8975,287.3052,728.6912,375.6448,716.1522,487.0353,440.1754,388.9964,348.6294,726.9347,364.8395,401.4417,803.0183,420.0444,305.9085,502.7203,736.3265,703.3396,743.1378
34.4667,771.5939,312.5392,291.1087,727.0766,396.8073,739.9956,489.6893,445.5933,374.5587,351.1941,720.3084,370.4563,402.1688,777.0773,420.8422,299.6683,525.3672,726.0380,708.2331,742.8386
34.5000,770.0634,314.7762,297.2966,738.7248,387.7904,758.5153,512.7883,444.5173,374.4099,344.6022,703.9616,371.8726,396.8067,817.1052,440.9423,303.5846,509.1372,758.3168,706.0205,701.2049
34.5333,753.6291,321.2863,288.9907,753.3761,395.1758,747.6418,505.3919,466.0531,379.9395,353.4628,705.7895,364.3605,399.4384,838.6862,433.2022,298.9047,512.4837,727.3598,691.5073,747.4140
34.5667,783.7661,323.6642,290.2259,732.5151,368.0191,752.5496,487.1662,448.8105,382.4920,348.9695,709.4063,367.4232,415.1696,793.0609,415.2298,296.8428,508.6575,746.3565,684.0190,730.4776
34.6000,762.9664,319.7785,285.0108,727.7164,383.1435,717.6916,480.3011,451.2897,376.6909,358.4506,703.1385,370.4641,392.4506,783.4717,422.3973,289.7752,508.7409,738.9286,693.1141,728.5842
34.6333,765.2300,311.2649,301.6009,706.7915,386.2096,741.3739,495.0825,450.1483,388.1958,344.7028,686.2120,367.5471,406.1679,1037.2078,439.6064,290.0317,528.4363,725.0394,658.8720,714.7181
34.6667,779.1134,316.7393,300.8893,709.2918,389.5235,755.0490,472.2829,447.8030,385.8465,349.6464,714.7115,360.0065,406.0826,1130.8409,432.0693,284.0420,513.6239,730.5660,672.0678,709.8597
34.7000,759.0807,314.0163,291.9218,728.9499,384.0587,740.7395,494.9923,442.1939,381.3802,351.7843,705.8059,369.2272,395.0765,1152.5609,433.9052,278.1727,502.3401,725.4361,661.9310,733.6029
34.7333,757.9342,302.6943,286.6430,744.5020,389.1189,736.8100,499.4970,436.5617,364.9100,349.5654,695.9471,366.8412,412.2938,1191.3274,425.7794,271.1019,516.9820,703.9239,667.7541,729.6999
34.7667,754.7436,308.8538,293.2541,745.9061,384.4283,767.8319,494.2371,430.7925,391.5226,347.0595,724.5193,374.1813,406.4015,1160.9662,410.7284,283.3920,476.3132,705.7945,660.2490,720.2145
34.8000,748.1672,314.6755,282.8566,733.2427,507.7212,747.0937,488.3420,438.6655,374.8826,358.8711,697.2700,353.1494,388.9830,1190.9239,442.7301,270.2374,488.7437,716.9595,653.2678,725.9940
34.8333,746.3493,312.2180,293.9426,699.7644,564.1089,731.4021,504.3057,441.8279,375.3011,344.9718,747.9195,363.1968,393.1481,1137.7033,434.1277,268.2475,525.6847,718.6747,636.3683,736.6057
34.8667,723.8405,321.7369,291.5382,718.0331,555.1800,762.3317,499.1705,437.6236,379.0204,365.2584,718.0718,371.0135,400.1028,1118.3077,420.7505,265.8298,490.5180,722.9296,631.2252,743.5015
34.9000,746.4985,303.9675,293.6544,728.8574,570.6400,744.1393,501.6077,453.8535,374.6300,355.8197,694.1799,373.8922,388.3170,1093.5119,447.5278,266.1527,507.2200,734.4880,634.0778,726.0316
34.9333,755.7279,309.7058,287.0257,733.5068,569.7284,724.2728,511.8135,446.2317,387.3685,343.6716,707.7286,363.1445,391.1240,1100.2598,433.8733,264.9186,504.3006,752.6069,644.3421,705.1206
34.9667,765.5982,315.4487,299.0485,689.2009,543.0900,730.2786,498.8616,444.6762,398.2831,357.3412,708.2082,374.7857,402.2099,1077.0859,422.2784,258.8426,501.8213,753.9072,652.2244,748.6303
35.0000,954.2291,320.5137,306.3770,741.0598,535.9455,732.3760,497.1442,444.4309,394.5009,343.1901,715.5992,367.2954,395.6457,1040.7485,416.7076,262.0011,519.9552,718.5602,635.0077,727.3151
35.0333,1027.3270,321.5089,303.7396,744.0479,532.6057,724.7908,504.2596,429.7671,387.2330,351.9010,736.4741,372.9780,397.9522,1052.7611,425.3774,248.8315,510.1185,743.6683,628.9070,715.8032
35.0667,1059.3795,322.7368,287.1581,726.4713,537.8440,772.1695,505.3382,435.0229,372.1644,349.4990,715.7786,367.6828,398.1643,1042.4088,430.3486,245.8165,495.3759,741.1765,626.9304,747.9317
35.1000,1294.6048,310.5537,285.0320,700.8994,525.0871,737.0241,514.3261,438.1075,376.2108,338.1125,699.8691,376.5811,400.4854,1007.6412,438.4894,246.9964,534.2472,738.3301,638.7064,718.7033
35.1333,1352.5193,315.7760,295.9417,712.2971,500.8340,721.2348,495.3234,445.1589,366.1190,347.8272,733.8598,365.0034,420.7138,1001.9325,428.0990,239.5380,496.7846,714.6700,621.3461,734.6075
35.1667,1398.3692,322.5354,293.2031,734.8121,505.2514,742.6833,490.8003,429.4126,376.2195,356.7055,696.6365,364.3712,401.9065,992.6301,425.0492,250.3811,499.6195,719.6235,628.6247,726.8058
35.2000,1384.4498,309.9480,288.2613,941.6951,509.7393,751.2258,500.9232,440.4470,374.8842,359.0742,725.8787,353.3587,396.0363,987.2165,433.3967,242.7607,504.4789,751.3882,619.2447,728.1733
35.2333,1337.8574,308.9888,295.3342,999.5164,512.4219,716.1085,494.5860,437.8498,385.1268,366.7987,735.1228,363.6311,409.8122,972.8921,426.2086,242.2618,513.1809,740.1095,626.2956,716.4333
35.2667,1321.4153,314.8500,307.7742,1041.7898,487.0279,711.1761,499.9069,451.4666,385.7933,345.8638,728.4928,371.1223,408.4317,962.9867,429.9937,248.5000,506.6657,731.9253,613.7024,726.1427
35.3000,1313.2473,322.4415,290.0526,1046.7808,492.1806,738.5215,496.7896,412.7902,376.4544,346.9232,727.2303,366.4416,398.7807,951.5333,432.3370,241.8700,502.8815,753.6384,613.0429,722.5308
35.3333,1282.5286,309.6569,285.2661,1061.4831,480.9522,716.9929,494.4411,430.2593,375.1625,364.2020,695.0539,375.2939,414.2030,969.4768,440.2959,235.0156,491.7882,726.6361,622.8201,711.0900
35.3667,1235.5416,318.9288,294.3491,1030.7260,474.0940,747.4104,496.6169,436.3833,375.0419,352.6420,694.5089,377.8393,401.7959,968.8809,419.0435,238.4142,489.1921,724.1514,626.2421,742.8870
35.4000,1214.7922,302.5869,296.6259,1032.4383,463.8636,746.3578,488.6578,435.1912,381.1184,359.0223,719.1467,375.0617,412.7242,954.9215,424.5914,240.2167,520.2749,742.2722,620.8472,719.9708
35.4333,1207.4518,311.5211,288.6028,1010.2704,466.9421,752.0879,495.4239,447.8965,385.9882,339.2748,693.9264,356.6770,400.8578,936.2006,422.9575,236.8289,497.9165,712.7753,600.6197,729.4364
35.4667,1189.7141,312.4966,287.5767,1018.6259,455.8246,721.0984,486.1488,438.3113,393.1341,350.4334,714.4169,351.5151,387.1551,941.8207,421.4550,228.2887,493.4024,734.3853,626.9360,721.4678
35.5000,1158.4237,322.6493,283.6453,971.2013,464.5510,737.3984,497.4522,443.5092,378.5979,351.9009,728.7474,362.7695,402.0934,927.6752,439.7416,234.9132,495.6850,729.1085,598.4165,731.3699
35.5333,1129.6763,325.0653,300.1285,946.0745,473.3505,755.2036,492.1222,432.1609,380.6654,336.5266,724.4010,385.8158,410.7279,911.6435,424.7836,225.0142,496.0384,716.1167,604.3599,718.1794
35.5667,1103.1510,310.6134,279.1403,915.9965,449.9121,731.9316,492.9859,432.9488,384.6960,338.5031,709.9159,361.9804,401.9156,913.8540,441.1291,220.9600,483.5960,708.0957,633.1880,695.4538
35.6000,1278.2181,316.5577,289.9399,925.7795,437.2617,722.3172,495.0343,452.3482,359.7205,348.4479,705.0556,374.2911,405.3494,915.7750,436.7519,230.7465,500.5604,733.6342,589.6771,742.9791
35.6333,1362.7218,311.9515,293.7122,937.8460,446.2066,744.7763,478.0324,433.1570,385.7569,351.7781,732.1694,367.1062,402.4581,887.0499,430.0682,237.8309,495.6837,735.0424,611.5450,724.4510
35.6667,1363.5378,306.3639,295.9782,916.2515,455.7122,712.8460,497.9499,440.0211,377.3967,363.3047,708.7662,369.0391,411.5505,907.9993,434.4499,227.4513,494.2201,738.0858,613.9485,718.2923
35.7000,1404.1656,399.6105,294.0579,912.5699,442.7196,753.9346,494.0791,446.4808,373.6698,355.8806,696.8154,368.0902,401.8374,889.3942,434.8062,236.9472,491.2774,732.7120,603.2303,733.8336
35.7333,1348.0603,447.1563,288.6921,889.2661,418.0537,724.9144,500.6031,434.4651,387.3033,349.0700,729.5837,378.6951,414.6856,870.4428,415.4869,225.6696,500.9376,748.7026,607.5656,746.1180
35.7667,1321.6364,452.5544,295.9087,867.4209,447.7883,718.3743,500.7278,430.8771,380.7280,349.3598,707.3193,370.5741,400.4968,879.8832,438.7657,223.5062,494.3214,711.6312,603.5177,737.0312
35.8000,1303.9601,457.8149,295.5492,891.8702,445.9205,738.5078,484.0368,433.3995,383.8785,348.9173,733.1376,364.6263,408.7912,902.1955,424.0472,219.2617,488.8487,720.0203,586.0105,722.8117
35.8333,1250.4369,448.8663,298.8984,875.3497,425.8566,736.3499,490.7850,447.0681,394.7979,341.0829,727.9455,368.3369,391.6933,875.0859,420.8575,229.8509,498.4504,745.7791,614.6782,708.1270
35.8667,1216.2447,456.4594,294.4376,870.0608,436.1124,744.5901,508.4229,428.4422,386.4287,351.4367,712.2316,372.3790,404.7545,872.0917,434.7741,222.5891,515.7110,730.4073,627.8560,716.8175
35.9000,1209.6376,439.7899,290.6025,833.7533,436.7127,747.0896,496.2483,428.2792,378.5347,346.6081,704.0569,372.8478,409.6766,864.9937,438.5173,230.2247,498.5873,724.3530,613.9970,724.6509
35.9333,1171.4422,448.9570,374.9336,875.6076,434.7419,742.4538,470.3149,424.1272,374.6122,347.4817,736.2299,367.6653,382.7198,878.1489,424.2211,227.5795,503.1178,752.2065,602.5207,710.7751
35.9667,1174.6248,441.0181,407.7131,843.7386,416.4716,727.5005,505.0718,443.9603,363.8325,343.1900,713.6376,359.7834,411.4478,852.0217,421.5577,215.4488,483.7755,727.6855,606.7999,718.8081
36.0000,1159.0071,433.8655,429.4893,828.6961,425.0056,737.9187,492.2756,441.8496,366.2738,355.4391,696.9730,365.3992,396.8773,844.6142,419.7752,219.4376,504.3975,717.8255,597.1777,716.7128
36.0333,1100.7662,412.2536,427.4491,841.5549,436.7590,743.6496,507.1021,424.4204,379.7204,348.2848,704.9150,362.2114,390.2505,855.1975,413.6187,224.1421,505.4350,729.5442,613.5665,707.0292
36.0667,1118.2088,407.5707,419.3304,839.3835,410.5349,754.1745,490.0121,441.2489,373.7420,356.4693,727.3078,374.3842,415.4997,852.2079,436.6456,223.5037,506.3802,724.1881,591.3360,723.8041
36.1000,1061.5734,402.7167,424.8626,812.0614,418.9862,739.6461,515.4452,429.8511,385.2572,347.2991,726.3235,351.0757,400.8131,852.6373,441.7075,226.0186,491.2358,761.1174,597.0227,711.3857
36.1333,1046.3476,401.8806,410.3871,815.8111,426.7888,740.0380,470.2626,447.3751,374.7662,358.4826,716.9755,367.7935,404.3569,859.1265,430.3031,217.6164,513.0699,701.8269,611.4650,760.4768
36.1667,1033.4777,395.9911,401.5032,801.8924,413.9033,749.8891,485.4914,443.2080,386.8016,350.9955,713.0707,351.7636,391.6754,857.1859,425.1971,216.5708,505.5295,759.7566,612.2798,717.8546
36.2000,1009.6371,385.5693,399.5437,812.0398,397.3522,721.3638,496.8847,443.2360,373.0523,347.2806,728.7094,368.2089,393.6767,851.6175,429.8538,209.8509,512.5567,742.7284,603.6211,711.2350
36.2333,1010.9522,390.4163,400.5491,813.2215,399.0713,742.8209,506.3325,444.4510,375.1550,357.6446,718.4944,373.9831,412.6430,860.8928,441.5840,218.7925,513.5035,771.0463,596.6382,708.0596
36.2667,1030.0721,390.5842,385.3600,825.1958,409.4050,721.4112,499.5431,434.5789,386.5130,360.3260,717.5777,357.2691,409.6148,859.2171,437.6536,222.3325,500.4751,730.2277,599.1508,722.2891
36.3000,998.7145,383.2440,390.0587,792.8236,400.7430,726.8639,479.0542,433.9155,379.2091,348.2110,726.1013,366.4380,408.3308,871.6438,442.0438,218.4895,514.5683,722.8417,599.2005,734.2506
36.3333,941.3422,373.4065,378.0459,793.7422,411.5626,736.9700,490.0205,443.2510,380.9757,351.9862,718.4737,357.5100,411.5474,870.8265,410.9763,218.1683,516.3161,747.4189,605.8201,737.1723
36.3667,965.2316,379.1851,367.6313,754.4025,408.9112,715.6397,484.5651,450.6370,379.8368,348.8230,719.7801,373.5502,403.6321,822.6845,424.3774,218.4780,498.2764,721.2376,592.0085,732.4485
36.4000,944.3972,366.2641,371.5912,761.6486,403.8413,732.8328,494.6017,440.7121,398.0254,349.6854,709.8116,363.6694,402.6135,870.0251,427.5778,207.7940,488.0315,729.2426,592.6116,711.4496
36.4333,956.2502,364.2513,367.3660,777.5311,402.1785,748.9206,487.7113,440.7206,374.7133,354.7777,682.9903,375.8862,412.3934,855.2248,437.5265,215.0535,496.5368,723.9249,600.1655,736.9888
36.4667,932.9318,363.3653,365.0296,805.2236,415.7423,739.3975,485.5090,427.9593,378.7507,349.8021,700.5858,367.0568,396.4085,801.3435,431.7690,220.9463,498.0924,744.1352,592.3332,706.2405
36.5000,921.7023,368.1336,358.6015,751.0076,411.9265,716.0239,504.8266,440.1071,379.0256,349.4238,682.0258,375.5101,412.0756,840.5269,443.4169,214.8991,497.3498,723.3316,592.2173,705.5012
36.5333,882.8931,367.0545,366.1755,766.1755,403.8260,731.3409,501.8423,432.1157,387.2835,353.3221,716.7308,371.8001,405.0970,828.4248,432.2896,214.4544,490.4326,712.7112,598.0369,728.9652
36.5667,900.9479,360.8510,362.0940,744.2313,397.4302,731.5565,497.7050,438.1258,385.6796,339.0177,702.4416,361.6632,410.9220,806.9414,439.0257,220.4200,505.4983,763.6362,594.7713,722.8369
36.6000,878.9377,439.6467,349.0631,768.8682,402.3215,700.8369,510.6236,431.6402,390.8148,351.2020,723.5899,369.5955,409.1065,848.3617,439.9225,218.8555,491.3176,710.8123,594.4675,734.2950
36.6333,843.4574,485.5924,340.4906,780.3399,401.1712,745.9225,495.8687,439.1829,383.6299,337.6558,720.2255,368.1697,399.8077,832.8287,431.3090,210.7566,478.9832,738.8731,602.1751,726.0440
36.6667,896.9877,488.3293,346.9344,764.9626,403.1727,740.1155,503.1297,441.5984,374.9477,342.2482,720.2617,360.4514,405.1315,843.1847,425.9803,214.8981,493.4805,737.7578,584.6456,714.8607
36.7000,860.0107,500.6577,345.2787,759.4238,389.5172,745.9014,498.8936,443.2131,370.0812,349.1073,703.6417,372.1657,401.4169,818.5093,426.0698,220.5138,467.2906,720.3272,592.7902,733.0961
36.7333,855.2270,484.8999,341.9902,765.0128,398.4853,713.0502,482.7953,442.3333,373.7599,447.0653,731.6575,360.2247,413.8654,845.2378,427.5661,216.4215,493.9715,730.0658,592.3557,730.1061
36.7667,847.0554,494.3333,342.0772,766.8161,411.2662,724.9435,496.9309,448.5541,384.6852,483.5694,714.2812,360.5964,406.2912,808.8393,434.6290,214.8724,502.7182,734.7124,599.8457,739.3796
36.8000,827.6342,474.5256,343.3581,762.1938,412.7005,752.2403,504.9319,438.5607,377.7074,501.9218,742.6096,370.8150,400.9822,816.3127,426.6788,215.7394,498.1124,721.4244,599.7294,723.9125
36.8333,822.3316,465.3512,323.8144,769.9261,415.7476,708.9103,485.2076,433.9319,404.0230,500.2562,717.0979,363.5450,399.8790,822.3774,433.8134,212.2140,494.6688,726.9894,580.6827,743.6279
36.8667,821.4638,451.7715,331.1390,757.2543,413.0847,733.2678,498.7083,437.4190,390.7997,502.1285,740.5160,358.7537,409.1220,818.1055,422.2818,210.9280,491.3794,718.7585,572.2492,717.7683
36.9000,846.5446,440.4686,327.3284,780.0126,402.7782,725.9724,508.0369,443.0833,378.9317,491.1795,718.6351,464.1496,401.4167,808.9767,428.3030,219.3984,505.4237,710.7138,584.4094,684.8527
36.9333,808.7736,445.5067,318.9779,765.2996,399.8412,702.2691,495.2695,438.0673,377.8962,507.7456,716.2043,520.4414,416.9502,812.1925,431.6236,208.7269,490.0812,719.9710,592.9973,735.6786
36.9667,832.7241,432.8860,321.3793,765.9485,402.9341,774.0091,489.4592,436.5036,375.3495,477.6418,708.6526,518.2639,374.3173,822.5457,419.1082,214.8703,491.3589,763.8345,603.4938,730.4982
37.0000,832.7789,427.7760,317.6924,747.2996,394.6928,723.4670,497.7410,457.2147,379.6673,478.3165,719.0704,518.7604,402.1545,806.2108,431.8808,219.3881,490.9067,718.9326,582.0256,719.3651
37.0333,798.2978,425.1481,319.0322,722.3928,393.9138,728.6210,509.1260,439.0257,391.3953,467.5543,707.9974,540.1025,417.1657,821.0204,424.0070,214.1828,501.6902,760.2982,579.5080,723.1187
37.0667,809.6668,424.0724,319.0737,738.8552,384.0169,727.3332,503.3341,432.3902,386.5203,460.5769,699.5052,528.5739,392.9794,815.7427,431.8353,215.4734,502.8161,748.1095,592.5441,702.5749
37.1000,813.1942,408.1667,322.6340,742.4447,388.9826,751.2188,482.0245,439.0336,382.4339,451.0300,711.5359,513.3981,399.0472,819.6396,426.3689,216.8522,499.3675,716.8714,595.1464,716.2003
37.1333,801.2738,399.4823,321.6296,758.5400,388.5752,756.9696,498.6783,445.6381,386.1325,450.1536,696.1049,505.6448,427.5267,793.8190,425.0648,224.0342,509.2539,735.6535,616.3939,747.3617
37.1667,810.9585,401.1490,481.5217,731.9932,399.8863,725.4694,515.0528,439.9830,385.0010,450.1919,710.9347,506.1554,397.4656,819.9558,426.1764,213.0392,492.0319,748.5933,585.2893,758.2165
37.2000,791.1917,401.3376,564.5516,727.9135,405.3525,1280.4435,482.7638,422.2078,395.3649,438.9049,740.6789,496.2429,407.9352,814.9725,440.0340,208.2098,515.8724,736.4422,584.1568,715.4312
37.2333,802.9541,398.2004,587.9156,738.8737,392.6681,1477.0799,486.9747,434.6458,385.2599,445.7909,703.4543,490.7313,398.5761,800.8726,420.8335,207.2081,490.9571,713.7359,597.4304,726.3992
37.2667,794.6755,529.9703,591.4850,714.3915,665.9343,1555.3369,499.4145,450.8618,394.0355,422.2400,714.4215,472.8698,389.7194,837.7413,437.6030,203.3760,494.0959,742.5518,612.2251,728.7293
37.3000,1110.3529,598.8433,584.3467,758.7244,787.7251,1542.6741,765.8759,422.5288,383.7079,414.1034,705.0270,467.2963,429.4901,851.5269,411.8176,220.8409,494.8321,720.5657,597.5178,730.5299
37.3333,1254.3999,621.2921,573.9523,728.4001,817.3327,1537.0693,901.8750,442.9026,399.9798,430.9745,714.7692,462.5305,397.9660,794.7174,418.3404,203.8475,502.0734,724.9281,595.4243,712.2808
37.3667,1288.0694,622.4026,556.3160,727.9332,848.8817,1539.9040,931.8707,437.9426,385.9080,417.1390,712.4600,464.3674,401.2080,822.7883,420.8926,213.0684,504.9584,740.5232,584.4912,718.9345
37.4000,1481.3896,601.6821,555.4337,743.9796,829.9632,1482.5719,960.4169,453.8268,383.4832,429.3186,741.3380,473.1412,393.2897,822.5314,428.6933,216.6227,507.8768,728.2820,601.6616,741.9628
37.4333,1591.9799,593.2117,528.2814,742.9923,818.8701,1435.6917,962.2765,431.8951,386.5930,414.5040,716.0914,452.5088,418.5154,811.6961,424.2726,212.7185,512.8444,755.1945,585.7746,714.5848
37.4667,1589.7035,584.5155,525.9375,732.2535,794.9688,1425.6808,931.3947,441.6552,391.6234,402.6962,707.3022,443.0630,402.6773,786.2492,414.9248,218.1632,506.0849,755.0072,597.1886,712.4745
37.5000,1564.9031,569.6447,507.2757,730.0262,781.0369,1378.1027,924.0743,433.2397,388.6969,405.8894,727.0488,435.1242,407.6611,829.1734,446.5051,227.9401,510.1399,732.1353,594.5611,715.7784
37.5333,1529.4859,555.3116,502.4317,728.6458,747.5624,1373.6977,897.8985,433.6203,382.6400,405.3531,715.7771,439.8533,393.5529,809.6747,429.4755,210.0238,515.6877,769.5183,607.9680,714.8008
37.5667,1495.1221,541.9621,476.9122,705.1939,739.1036,1311.2267,868.4412,445.9233,372.2991,393.4688,716.4106,433.6471,405.0314,823.8717,425.8474,207.4265,503.4967,740.2712,610.4680,749.5830
37.6000,1465.4906,540.7661,472.3604,733.2436,722.5504,1284.2508,844.6339,447.0833,389.1709,401.5577,691.7954,428.2176,408.0286,818.3211,430.2368,218.9712,501.7319,735.9546,613.0292,693.9685
37.6333,1457.6118,511.0173,463.3499,724.4162,698.3037,1243.8761,848.5389,446.0070,384.7407,395.2139,732.2621,435.5901,401.8490,839.9281,424.2340,211.7191,498.8283,735.5864,586.2815,737.8102
37.6667,1403.3088,503.1426,453.8450,721.5905,677.3190,1181.5039,825.3351,435.9043,375.2703,389.1056,705.7112,437.5227,417.3182,788.6881,415.5922,208.9943,519.0383,764.7546,589.5706,741.3009
37.7000,1339.3845,495.7448,460.2987,728.0751,670.2986,1223.8320,785.9274,436.1183,390.4588,401.9879,699.7824,429.9712,400.5607,815.9555,421.7377,215.7670,495.5359,723.6084,577.8973,732.6196
37.7333,1319.9098,483.5557,444.1668,731.2045,657.0270,1152.9577,785.0195,442.4693,397.5106,380.7112,713.5337,419.7938,401.6748,813.5022,428.3333,209.8316,491.2124,746.9813,590.2554,744.0009
37.7667,1290.0542,488.5967,436.8405,723.6202,631.0712,1148.3421,763.4360,441.5863,382.0609,378.3631,717.3796,412.7242,410.3798,828.8624,432.8170,210.5124,519.7419,769.0962,606.0926,721.2577
37.8000,1276.1199,473.4498,426.4799,716.0055,610.9032,1116.3813,741.9039,446.6657,372.3564,383.4369,719.0003,411.0823,404.8974,822.3510,431.7558,214.7227,500.6921,738.5189,596.6353,709.3642
37.8333,1238.0393,478.1420,420.1317,719.4773,613.2941,1120.9868,724.0665,436.5955,381.5887,389.2508,695.9025,414.5741,390.3189,791.1341,423.0933,215.8981,486.5523,753.3171,592.9031,710.9878
37.8667,1201.7393,452.2888,423.3071,731.3240,618.0899,1086.5678,713.3471,433.8538,378.3885,381.8173,711.2642,410.8316,406.4785,820.1749,424.6440,218.1448,497.0696,737.7932,613.9010,719.6513
37.9000,1184.6094,437.0203,408.4903,721.5442,591.3852,1070.0020,700.0181,444.5297,380.4024,377.0320,714.5039,380.6675,405.5028,819.5719,428.1281,213.4264,504.8874,727.2197,613.7020,703.3672
37.9333,1153.9992,442.0990,398.2983,717.6943,571.0875,1029.6695,697.5911,436.1197,386.7485,361.9160,700.8845,424.3503,401.7057,785.3460,431.3229,206.4099,490.4831,744.1795,603.9500,720.1092
37.9667,1132.8595,433.8664,399.0734,734.4200,569.0785,1035.5192,692.4173,449.7889,389.2501,371.7682,741.5900,403.8842,402.4729,825.8154,435.6355,207.9499,501.7553,738.6711,598.0113,701.1123
38.0000,1114.1327,425.3585,379.7946,745.9542,550.3085,1042.2048,675.9196,446.4600,380.8796,371.7565,668.0326,411.4774,416.2019,815.2573,407.2831,215.6107,496.9647,731.7550,593.2703,695.0104
38.0333,1125.4495,415.5229,389.3855,708.5390,554.4077,1012.0997,678.2134,438.7129,377.6414,365.7231,712.3889,396.7906,397.9668,849.7369,422.3321,210.4031,495.2820,727.2215,590.0302,719.9177
38.0667,1066.8140,407.7085,389.4111,725.2719,542.0562,988.3274,662.7828,436.2363,379.1920,362.6197,718.6485,402.7338,410.7180,817.0023,428.1870,214.1887,488.6745,729.8069,591.1264,722.8919
38.1000,1024.2017,419.2147,373.8884,738.4625,533.1261,960.6775,651.3881,427.7515,386.9773,359.4070,722.4204,385.9408,418.1653,822.4876,415.0506,227.2740,498.8253,718.5018,590.8013,718.7754
38.1333,1033.2753,408.9456,369.5833,732.9784,521.1214,949.3001,650.5403,442.3132,385.5719,366.3129,713.0358,381.3343,403.0629,810.9017,425.2054,211.4002,500.4986,747.8272,578.2226,707.1083
38.1667,1017.6037,404.2813,364.6412,714.0978,518.1158,948.5557,625.6183,448.6944,388.1766,370.2266,705.9335,397.0868,394.9103,811.1145,417.2738,216.4255,497.1953,719.8256,564.6400,720.2084
38.2000,1012.9414,399.5993,362.1767,707.8173,515.9006,949.2883,632.9094,448.6972,474.0275,356.0171,719.2479,400.3235,407.6089,805.9002,426.0663,208.2043,503.8911,744.3032,558.8474,727.8363
38.2333,983.0938,393.9011,346.5823,703.4926,514.9262,901.6787,623.4761,450.3084,545.1902,361.2464,731.3631,382.1688,412.0297,795.7650,416.0447,224.9163,490.8563,727.0168,586.0400,735.4847
38.2667,1007.0593,391.0655,362.5185,732.2074,493.8817,907.7892,613.3244,451.2165,542.4024,364.2300,704.0281,403.8407,402.8166,821.6771,425.8760,215.7337,510.7160,733.6646,592.0706,717.4047
38.3000,942.0547,379.1389,357.9758,736.2759,507.0317,890.0884,613.0276,455.3201,556.5179,362.2747,695.5284,388.3243,394.6869,812.4031,414.0438,212.2411,496.5992,746.1090,615.6779,742.3707
38.3333,951.1125,388.1844,361.9690,755.4324,483.9579,887.4870,601.1845,446.0520,550.0342,361.2650,711.2462,392.7869,389.5318,845.3948,424.9238,211.8411,508.2920,752.1976,593.2831,741.0409
38.3667,950.8643,382.3447,356.7667,726.1671,481.5449,873.0223,599.1328,443.9073,535.7700,359.1301,696.2085,386.4050,407.6937,804.5510,418.7979,219.9208,497.0502,774.7072,590.8809,708.9680
38.4000,924.5213,377.8709,345.6014,738.1928,472.2373,878.5539,599.7201,437.6402,543.3228,366.5251,738.3485,378.4184,404.5193,822.1244,431.2457,219.2418,503.9110,746.6119,598.6365,710.8059
38.4333,904.9797,370.8604,341.7973,730.3566,475.7179,863.3386,579.5751,440.6798,538.0552,356.1379,714.0373,376.3806,400.9625,810.4823,429.3782,220.8026,511.9111,715.3121,577.7621,711.9437
38.4667,929.7924,366.8130,330.3899,723.1876,478.3782,849.6333,574.5779,424.2831,529.3862,363.4684,713.4710,387.0845,387.9844,828.4411,420.5340,213.9300,508.2308,706.2149,592.9493,718.8005
38.5000,885.1364,368.6636,334.4238,722.8001,465.0971,843.1877,601.5166,440.3669,527.6736,354.2749,695.5666,379.0539,395.9274,817.3569,416.0978,211.0717,496.0542,715.1761,606.5773,733.5515
38.5333,896.2960,361.4335,327.9843,722.9304,457.8004,833.3598,567.3094,438.9440,508.0043,355.2001,709.1480,378.7745,402.9052,827.1204,410.8612,215.7919,494.8343,754.8940,604.0396,738.5938
38.5667,861.8529,362.0143,333.7797,743.3228,463.8879,806.9524,574.8365,437.4903,509.0346,349.2087,700.6093,373.5694,405.9972,804.1784,427.6291,213.5029,507.6181,751.8044,614.4330,742.4705
38.6000,871.5487,370.4275,329.5732,696.7635,465.5845,809.2601,594.0368,424.3687,490.3975,354.4999,734.7359,377.4884,405.7743,839.4646,426.9420,214.0728,492.4781,767.4384,604.2599,733.2463
38.6333,854.4493,352.6028,319.6578,712.0826,450.8532,849.1775,554.5867,440.4013,494.0259,359.2915,700.2947,372.3749,412.4106,834.9366,421.4277,211.5785,493.1413,746.6923,600.2980,727.1848
38.6667,866.1112,352.2708,324.3777,720.4275,447.7539,794.2733,545.8219,422.7302,489.9341,354.0607,690.4503,373.3544,402.7304,835.4801,427.2405,216.5383,511.9848,750.6155,601.0579,708.9710
38.7000,863.4376,354.1757,325.7145,715.9305,449.7477,841.6184,544.4603,450.2342,487.5536,353.7838,677.6047,368.2932,402.0945,826.3532,438.1578,213.1319,487.3378,747.4554,603.7311,736.7768
38.7333,829.6473,352.8449,321.2060,720.6348,460.7445,804.4446,568.8533,446.2903,473.1154,355.9466,718.7136,376.0878,406.0136,821.0247,427.0049,212.6352,505.6060,728.1035,578.0994,701.6469
38.7667,846.5385,346.5220,323.1831,728.8142,439.8645,799.9605,556.6010,444.3471,475.2290,356.5151,696.2188,378.6603,402.5607,808.5016,426.8112,220.7962,502.7902,746.9410,596.2851,720.6698
38.8000,844.1769,344.5616,326.9168,703.9552,449.1788,789.6718,555.4130,436.3348,469.7460,369.4249,714.7083,374.8218,416.3519,842.7248,430.1112,211.2889,498.7246,722.9587,590.5607,710.6723
38.8333,844.8966,347.9431,326.8722,706.6792,456.0406,773.6171,684.5449,439.9816,465.4606,366.8234,704.2457,360.6314,400.9972,835.9959,433.1668,211.2773,502.5547,736.0128,583.6436,715.8661
38.8667,842.2045,338.2585,314.7839,715.3026,441.6306,828.7608,744.2291,443.9134,466.9676,351.5925,729.9275,376.7436,406.9155,782.0104,424.8951,218.4254,497.1173,742.6223,597.8578,733.7265
38.9000,811.2300,342.8248,317.1567,708.0733,423.0395,781.4088,750.5053,451.7643,446.9524,354.2223,712.6727,380.4081,399.6151,813.3348,433.8991,216.4634,511.0397,742.7845,598.4366,718.9528
38.9333,839.5753,342.1080,317.2841,732.4981,428.6638,794.1984,896.6123,435.6043,443.2469,357.0226,683.2110,378.4792,400.9521,807.8277,417.3020,210.2211,508.8641,736.1102,585.6656,714.8260
38.9667,836.0132,349.6422,310.0728,720.1931,430.5699,766.5719,961.0658,439.4362,451.3876,354.8374,686.9102,380.1641,411.7230,797.4430,420.3065,211.3379,499.8923,733.1824,612.6167,729.2311
39.0000,793.8602,341.7764,322.8593,694.2979,420.1761,802.9938,964.6298,445.2868,440.3556,358.2976,729.7611,384.3333,400.3610,836.7133,410.2764,214.2526,502.5970,723.5553,594.5338,726.4012
39.0333,818.6649,339.1765,306.8152,727.0692,418.7081,784.3161,955.9850,439.3836,447.0080,351.3892,695.4423,370.5597,410.7331,817.5712,433.5820,207.6357,503.1159,750.7200,592.0612,723.3427
39.0667,787.9900,331.5220,321.4199,716.5992,431.5786,768.7879,932.7328,452.6487,436.1252,346.3602,712.8288,382.4369,402.3867,830.2329,428.9990,208.6339,504.0445,752.7436,599.6490,724.7466
39.1000,806.9749,331.4385,319.7610,713.1312,437.7719,791.2003,933.6486,449.8135,427.8501,347.8249,725.4356,372.3979,406.3897,816.0274,425.5205,218.0391,491.6262,760.3322,599.9592,744.4506
39.1333,811.9400,328.9644,312.0814,713.5496,432.7720,760.4761,895.7095,442.5051,431.9370,353.3579,687.5148,374.1477,402.9976,846.5725,426.0912,213.1425,494.5151,741.3093,592.8700,717.1558
39.1667,777.5853,325.3038,304.1517,723.9263,413.0612,773.4436,878.0584,452.9676,405.7122,345.0463,707.7902,353.0076,403.9945,827.5082,432.0898,219.9741,504.2939,725.8019,595.9835,708.9595
39.2000,799.3110,336.3496,311.3286,728.5403,414.1260,760.0823,859.4454,429.4639,432.1118,349.2314,701.4122,386.2318,396.7773,837.2807,437.1812,214.6902,519.6680,755.9612,601.2960,726.6117
39.2333,804.2953,339.1269,309.8327,739.3252,414.7844,744.4041,824.8487,459.7099,425.4321,354.7894,897.1427,366.7342,414.8357,827.0389,416.0710,209.1016,485.0317,716.2015,591.0779,709.6967
39.2667,777.2684,331.7894,308.1527,704.4027,420.8862,767.1254,824.9342,450.3803,421.6942,357.3514,998.8846,367.8967,412.1337,844.8864,423.7052,215.7011,507.0447,757.2220,610.8714,718.6023
39.3000,782.8824,326.7644,310.8606,732.9657,418.3338,779.4029,791.6433,459.5170,420.2781,360.2435,1016.0170,366.6164,403.9000,826.6230,421.8614,217.4637,496.1594,734.5896,609.5343,706.8235
39.3333,780.5903,342.6097,307.5794,709.8373,419.1222,753.2046,769.8804,444.7019,420.0661,355.5177,1019.4687,366.8310,406.1337,830.3695,426.4484,214.7831,499.6720,749.0362,591.8590,706.9699
39.3667,771.2742,320.6511,308.1413,709.0210,430.4001,748.5173,792.9869,442.6529,403.2764,350.5460,1001.4786,362.7649,393.5681,827.6910,438.5586,205.2047,487.5507,714.1685,590.2890,725.0100
39.4000,789.0948,331.8156,308.2239,744.5895,412.9673,750.6335,748.4092,446.6491,422.8268,364.3428,993.4806,365.8369,407.7825,820.9650,416.9767,212.4409,512.4995,745.4743,601.5655,756.1638
39.4333,773.3838,326.3848,308.1178,715.9806,419.2374,751.1390,742.0839,442.6626,404.8831,351.0073,970.1818,386.0424,394.6055,821.2022,421.4024,209.8647,491.7494,708.9159,601.1729,747.6574
39.4667,806.4119,334.3553,299.9654,716.6511,421.1500,771.7410,733.9488,450.3799,403.4165,342.7680,974.8795,390.2154,412.5171,834.9043,406.3093,209.2580,508.0774,748.1122,588.8826,725.3603
39.5000,760.4676,338.6254,300.6637,727.7781,421.6670,754.3019,714.1131,435.1287,406.9480,354.1717,971.1142,367.5235,407.9396,820.9976,432.5787,206.8117,499.9611,755.8232,601.4123,718.6982
39.5333,779.0843,322.4946,291.2804,737.7286,401.6732,767.0141,711.3866,442.6402,404.9267,343.1476,949.9103,383.7500,418.8614,821.8056,415.3918,217.4604,503.8266,728.3723,591.1922,726.0157
39.5667,768.7766,331.7336,312.1323,695.1279,403.5403,729.8070,685.3627,446.4609,399.2487,369.1312,917.3543,351.9038,403.7004,810.9193,414.3297,214.2701,512.6950,732.3012,585.4838,725.6060
39.6000,751.0637,320.8303,309.4294,922.8536,413.3523,751.2554,694.0937,436.9451,414.9751,356.1657,910.4439,377.2622,402.6594,816.6244,423.1278,218.2130,498.3409,724.6089,568.1866,710.2836
39.6333,780.6707,326.1508,288.5506,1009.6302,412.5927,745.5043,655.2606,424.1397,415.7143,348.4676,917.0262,373.6248,409.5453,809.3025,421.2208,221.1822,529.0496,723.3772,602.2318,716.9424
39.6667,743.6611,322.0398,305.9001,1026.1976,402.6140,754.2210,667.1504,451.1904,410.5677,341.1511,906.5614,364.9977,399.9588,810.7179,419.3170,211.2336,492.7647,727.3100,587.4057,712.5270
39.7000,756.7151,322.9468,301.4825,1035.0580,396.7001,740.7868,646.6243,439.0273,404.0920,362.3409,865.6497,370.2706,399.1735,815.9961,435.6910,223.8298,493.7072,732.6091,588.1094,707.3442
39.7333,769.6208,317.5777,305.9791,1032.9955,392.0292,737.5737,643.7733,453.9479,402.4348,353.9816,887.3551,373.0170,389.2518,806.7931,421.4482,211.1731,487.0161,753.5332,577.5865,717.7586
39.7667,773.5804,329.6618,307.4281,1028.2287,393.8748,769.5974,654.5489,436.8642,394.3589,353.7967,867.4226,363.5787,403.3468,807.5443,432.6883,213.3802,508.3141,719.7995,587.4458,695.8460
39.8000,752.0837,327.6645,295.3269,1018.1807,394.8563,739.3799,654.3453,456.7970,408.1351,334.1632,862.0304,373.0444,392.0473,816.0064,413.1082,216.0764,514.8575,736.5542,597.4881,728.6067
39.8333,766.2929,329.8980,307.5931,1017.0882,412.4631,740.2236,633.0035,439.3828,398.0506,339.4824,850.4180,384.2063,419.3316,789.2826,415.0782,221.8835,524.3971,781.1724,592.0785,710.1479
39.8667,773.9037,334.0901,299.0472,991.7473,401.1676,746.4758,609.6362,442.6794,406.9160,334.1317,837.5130,376.5979,404.5633,821.8213,419.2355,214.4885,495.5637,756.1611,585.3318,716.9629
39.9000,752.6747,321.9542,305.6532,972.6197,406.3841,711.8364,612.7716,434.0260,396.8512,340.7853,849.6324,362.7109,405.8681,852.4917,427.3853,213.4612,493.3525,729.6484,614.6542,729.2706
39.9333,738.3442,336.4429,287.9838,937.1514,401.0091,752.2722,603.9643,443.4756,408.7055,349.7058,837.4327,369.0586,404.2677,814.7524,432.6897,208.6395,505.4680,733.6358,595.0983,723.1997
39.9667,755.2623,329.7227,309.4345,940.6836,409.1169,755.6214,614.1563,453.5100,408.6798,354.2579,827.6162,400.2026,398.6562,834.1170,420.6795,213.4834,478.6550,739.9951,600.7867,730.5099
40.0000,742.1924,315.0582,385.6201,941.6475,404.7622,716.6161,604.1670,438.6776,396.8345,351.9997,788.4435,361.8755,414.2141,811.3855,418.4499,211.0248,498.5037,767.9810,590.5294,733.9703
40.0333,763.0625,323.7199,416.3162,901.8686,392.4224,739.7362,586.0363,458.5793,389.1040,340.9658,821.0671,378.7018,401.9023,835.2315,417.6047,209.4797,501.0905,733.3966,595.2547,723.7749
40.0667,720.8867,317.7810,445.5668,889.4233,393.1571,754.8702,583.4792,448.4346,400.8684,336.8751,792.6366,385.8568,398.5516,836.4413,427.1475,218.7440,491.1659,757.5576,606.0303,710.9987
40.1000,756.6624,326.6137,421.8711,922.2950,400.5488,747.1281,575.4390,443.9227,408.6626,344.9868,783.4784,374.5858,405.1092,873.8027,434.2402,221.1076,507.6951,745.9123,578.5097,731.1604
40.1333,741.2769,312.8211,431.9080,886.4649,405.4630,751.9758,568.6220,451.9845,411.0562,344.9718,802.4358,375.5059,407.9478,824.2936,419.7807,219.8722,485.3588,752.9081,591.6695,739.8524
40.1667,726.1225,323.9829,419.8128,890.1475,390.6348,746.5681,556.9846,436.2339,400.9646,344.8203,781.1620,374.4759,409.1791,821.3747,441.7493,213.2899,510.9319,731.0237,605.3139,720.0945
40.2000,765.4704,328.1342,422.6277,855.9537,399.8111,697.0851,569.9050,451.2842,397.0670,349.9787,769.9356,366.6459,402.0073,805.9788,413.2128,213.6060,501.5859,744.2621,609.7530,733.9277
40.2333,751.7325,323.7381,415.3584,879.4196,393.2465,730.3165,582.5456,435.6516,382.1574,342.1879,757.1111,358.1154,416.0010,841.3036,413.9728,217.9690,496.1255,739.2298,607.4986,715.3717
40.2667,756.7827,324.0689,408.7719,846.4708,401.7964,740.0725,550.2391,461.0027,397.8546,439.4045,803.0246,355.5088,404.9621,811.0863,414.4279,210.9478,485.8077,732.9494,594.4839,726.8916
40.3000,739.5110,327.3732,398.6554,859.1669,402.1625,717.7254,545.6964,439.5327,382.5291,482.7537,774.1381,365.6175,414.7150,835.2737,418.4759,214.4036,513.8405,758.5701,589.7765,703.7982
40.3333,729.0501,308.0408,395.6712,858.2667,391.0042,746.7452,547.0589,448.5129,396.9572,505.9806,771.8775,369.7314,410.3099,842.1740,429.1711,211.5950,512.9409,734.2245,584.1513,714.4291
40.3667,729.3095,329.7698,385.8941,821.6360,398.1714,729.0242,548.5633,442.3615,400.9247,500.8615,759.9054,376.7821,402.1470,807.8591,429.7758,221.1324,505.3421,747.9011,600.9114,710.5335
40.4000,722.1584,309.9893,388.2614,1030.8364,399.1426,696.4295,549.0619,450.3052,386.0991,497.1805,754.3177,367.6569,403.8061,834.3684,419.2620,220.1452,488.8509,736.2608,607.5174,744.2485
40.4333,744.9096,323.8779,369.6551,1101.6177,392.1780,693.1757,527.4489,433.4537,392.4810,503.5118,770.3411,375.2519,402.7142,835.0453,433.2109,220.5521,516.0396,722.5344,588.7059,725.6504
40.4667,748.0844,315.0543,370.2674,1168.5096,400.6256,750.0027,552.1109,436.4816,389.9140,487.7693,746.5360,364.6928,412.8944,770.8498,428.5797,220.4373,514.6165,764.5140,582.2472,730.5891
40.5000,753.5473,319.1779,381.0245,1136.8537,388.1891,729.7054,542.7077,441.6561,397.2373,483.1183,735.3679,365.1693,412.9673,812.2789,439.3159,225.3126,495.2329,744.8718,580.1884,714.3006
40.5333,742.6943,322.2489,360.8303,1108.6291,382.4593,937.3488,534.9617,453.9671,388.5159,467.5854,788.3524,368.4530,512.9832,827.4454,428.6974,210.9190,502.3777,738.0068,578.4765,694.4072
40.5667,738.0656,324.3016,364.2521,1103.2786,400.8888,985.1559,553.8476,446.2022,388.3117,476.0519,745.7611,361.1971,573.8878,805.1781,418.9995,217.8033,501.4341,711.0735,582.0665,719.1407
40.6000,748.8916,318.4836,350.7056,1096.1154,402.2270,1054.6915,533.2681,452.0270,385.7997,455.8337,751.8118,364.3819,577.1573,838.0328,414.6067,211.6062,512.2622,743.6493,595.6151,729.9189
40.6333,725.6899,329.1571,358.1744,1079.6095,390.3961,1049.6542,530.1658,458.2616,393.0159,456.2339,756.4475,361.1735,584.0303,859.9850,417.2637,216.7498,493.9625,734.7488,602.5831,696.3285
40.6667,747.7114,322.0408,354.9164,1057.5670,403.0452,1038.3706,525.9773,449.5311,388.0890,442.2487,746.7428,384.5198,563.3111,845.3044,431.8168,215.3134,501.7509,759.6148,596.3562,734.3538
40.7000,733.8409,316.5984,347.8995,1035.6509,391.5061,1032.7687,488.6209,447.7951,393.3303,449.8567,742.8774,376.8829,583.5032,844.3626,417.4994,221.9353,507.1412,725.0194,596.2235,747.4601
40.7333,717.4606,316.3817,366.7352,1032.5033,383.8115,1040.1074,536.4184,434.3005,394.3660,434.8869,760.7371,378.5868,573.1240,832.5806,431.5361,214.6884,497.7217,717.9560,615.9642,689.7789
40.7667,752.7481,318.2460,346.9228,999.3138,397.3298,1002.7396,521.2637,441.7828,387.5901,413.8026,720.5870,359.3708,562.7677,838.2564,414.2589,217.6852,499.3160,726.1643,583.3586,728.6085
40.8000,735.3994,314.8877,337.9542,994.4469,394.3739,977.4442,517.2342,442.2929,389.6284,427.5489,742.8954,365.3036,555.4268,837.6252,424.8915,217.9120,509.4882,761.4928,599.9067,719.9979
40.8333,740.5289,305.7322,345.7912,975.3661,398.8515,962.2784,511.2926,447.6555,381.8973,423.7535,739.1729,357.2382,539.2429,791.8814,415.0032,221.1184,498.8465,780.3003,606.4646,720.2020
40.8667,738.4757,316.1677,339.1072,957.2086,394.7368,972.7813,534.4413,440.7006,380.4050,415.4794,743.5206,370.5967,527.9719,817.8302,402.6922,213.6128,498.2374,767.5179,589.3992,713.7089
40.9000,709.3555,320.5507,342.9068,947.8243,391.2203,978.8148,534.0424,450.2461,387.7307,411.4970,703.4286,366.4422,551.5190,849.9374,423.8242,211.9656,521.1591,737.1916,603.4241,729.3555
40.9333,739.4665,326.0266,338.3735,942.0315,396.9568,931.8581,529.7679,449.6525,392.3619,407.9791,718.7692,368.7608,539.3735,818.3396,436.9044,220.3735,491.6011,754.9524,611.0143,681.3343
40.9667,743.7284,317.3042,317.3204,895.2922,390.9010,926.5211,513.7387,455.1828,388.0482,401.0205,730.7716,350.4899,515.8653,800.2983,417.7902,216.4836,503.6648,765.3206,571.1185,741.9058
41.0000,735.0812,330.3420,335.9051,907.0540,404.6815,919.5771,526.1320,438.5517,396.8793,413.0243,726.8187,380.9004,526.3274,845.3917,430.5031,209.9967,504.2518,724.8461,589.6235,726.7217
41.0333,746.5637,324.1835,328.8713,912.8724,391.8833,922.5097,523.0996,459.6267,380.0040,406.0749,731.4401,389.2670,505.7549,822.2618,428.9556,220.2307,491.6009,726.4644,568.6590,722.4808
41.0667,732.4622,317.1542,324.8292,888.9338,403.5208,890.3564,513.9392,438.0338,391.4050,389.9195,723.4205,380.1520,508.2218,817.2512,432.2305,220.6906,491.7242,750.3620,594.3032,705.5533
41.1000,741.8770,320.5303,326.5820,880.4807,395.2955,897.1548,526.8031,447.7253,388.6978,394.2666,714.2696,371.2116,502.9724,824.0241,409.9186,214.3765,512.9528,738.0098,589.0891,727.4560
41.1333,735.8582,309.5529,322.9789,872.1202,397.8728,863.5053,518.9674,435.8996,405.6433,389.5319,725.2340,366.1200,494.2429,802.9250,419.9386,214.2134,488.3075,738.0208,596.2820,723.3928
41.1667,742.2786,323.9684,324.5470,849.8530,410.9277,832.3259,529.1821,438.7917,390.2378,384.2570,727.7325,361.8273,479.0072,800.7192,428.1672,222.5671,509.4944,749.5942,603.6687,728.6574
41.2000,748.0824,313.3325,331.3243,850.0690,394.3327,858.5545,513.7040,444.8612,388.8300,377.2780,735.0549,365.2255,478.1559,838.5388,408.7331,221.5002,503.7067,752.8757,604.0778,717.3586
41.2333,738.8664,320.7339,320.2696,818.9787,403.2779,846.0755,515.8398,455.2078,382.5230,391.7695,701.9136,378.1635,495.0189,828.5506,412.2911,216.5281,498.4802,745.5734,604.0141,711.7322
41.2667,754.8956,328.4570,312.7345,846.4831,396.7075,858.3323,516.2460,443.2861,387.4760,380.7634,714.1565,374.8506,484.4048,786.3483,406.4802,212.8494,493.6828,732.8349,604.2225,743.6759
41.3000,735.2288,320.3049,312.3208,843.5302,391.5850,857.4481,515.5215,451.8093,391.7457,376.0489,741.6597,378.7580,466.9913,832.3978,410.1722,218.4045,502.8930,769.9259,607.3297,723.9936
41.3333,762.6416,327.7996,306.2359,806.2791,395.8950,844.3904,513.8659,445.7299,382.8133,383.3813,710.5224,382.2897,467.7670,825.2352,427.5763,215.4323,499.1517,751.5185,600.6598,715.9658
41.3667,755.5497,319.9506,324.7675,818.7487,411.7172,850.5796,512.3458,438.1464,393.6814,371.9599,726.8868,353.7891,474.7762,836.9606,425.7285,215.4415,500.0253,755.8505,599.2377,719.1219
41.4000,752.6855,314.0290,316.1894,816.5850,410.7178,803.7218,508.8595,444.6790,391.6055,376.8261,722.6395,371.8560,458.6781,811.2705,409.3890,215.6821,494.1332,742.2968,601.9544,682.2578
41.4333,736.8378,328.6742,326.1921,808.2553,387.1476,820.6578,503.7464,428.9421,390.6072,375.3156,705.3391,384.1454,462.8445,819.2494,429.1067,212.5671,488.8831,749.3670,602.1205,719.1438
41.4667,737.7612,317.7734,306.0997,811.8925,395.2098,805.0796,508.9747,436.8403,388.0559,379.5927,726.4663,370.0608,465.1849,843.8769,420.4833,213.7369,507.9257,759.2085,620.6512,711.4037
41.5000,715.4146,325.9672,319.6144,813.0308,418.6659,835.7947,515.8697,453.6890,385.5498,382.1126,700.2194,364.5309,443.9483,828.5646,426.8406,217.7412,503.8747,725.2740,580.1190,718.0557
41.5333,732.2656,328.4375,323.2247,802.0387,404.6737,795.8936,514.2639,457.2599,391.4751,360.0321,718.4957,366.3238,445.1909,1036.8144,417.3351,214.3226,513.9248,729.2247,569.0589,690.2638
41.5667,714.0974,318.2242,308.1976,811.5759,406.6651,796.7831,499.9447,453.5693,386.6007,373.0974,721.9458,370.5773,446.4568,1141.6049,422.9558,216.6338,505.1736,741.3391,602.0520,678.7753
41.6000,925.1866,318.7205,313.3225,803.4063,399.2209,792.0611,503.1552,435.5872,382.7177,365.1818,705.3049,354.3603,443.9005,1185.0939,414.1210,213.8103,502.3081,737.1506,613.2764,720.3790
41.6333,1028.8629,331.6256,305.5728,791.2395,395.2599,775.8868,511.0142,438.2285,388.3763,356.1432,696.6161,372.7859,455.4848,1194.0013,419.1342,208.8217,526.5978,734.8778,585.9386,751.6237
41.6667,1050.0383,328.8339,315.5212,779.8892,392.4129,801.6448,514.2479,440.6264,385.2696,358.0581,899.9750,383.2577,438.4917,1182.3586,422.6812,222.7468,508.7282,741.8709,610.8162,724.5709
41.7000,1066.2098,311.7469,305.0132,810.9217,400.9615,785.0252,515.5832,434.9155,386.9421,367.2049,980.0593,374.9488,456.4476,1166.6359,425.6933,215.1538,499.7710,764.8328,612.1657,702.1930
41.7333,1072.8645,323.1765,314.0465,765.8142,397.5463,768.0140,489.8951,434.9289,375.9911,380.0126,994.7406,373.4647,445.8699,1160.7602,407.6866,205.3255,504.2257,739.9981,616.1496,722.3908
41.7667,1049.5557,321.8001,306.5831,775.5059,385.7125,757.3860,520.2809,440.5822,377.8176,363.3633,1031.4178,363.9076,421.0296,1133.3926,415.1183,227.0666,505.3603,747.4934,589.0167,696.9840
41.8000,1023.6213,318.5648,305.8247,777.6707,401.0646,792.6376,494.0540,438.4234,395.1245,360.8423,1028.3643,371.0109,453.9306,1136.5081,416.5820,214.7483,482.8455,729.2852,597.9294,721.3354
41.8333,1020.0404,326.2042,315.2098,774.2781,406.9287,738.1592,514.7438,443.9079,390.7095,369.9548,1018.2186,377.4684,443.7998,1101.3848,432.3812,210.7631,493.2026,744.4805,599.8012,751.8022
41.8667,983.3019,319.5814,314.2347,760.8113,389.1308,763.1195,506.7219,443.1506,388.8568,362.7664,996.8708,357.6798,431.6729,1103.2076,437.6190,217.2917,502.6321,742.9762,601.6243,724.6848
41.9000,987.2238,320.3323,310.2214,739.9611,402.5958,748.3483,483.7123,447.4876,380.0302,360.5301,960.8395,363.2684,438.1200,1068.6737,428.3812,208.9061,493.4428,733.2486,606.2601,689.3961
41.9333,980.0538,330.0133,304.3999,731.6035,394.9850,772.5767,499.0890,440.7286,396.2069,362.3919,950.6025,366.4728,447.8370,1071.2549,400.4345,209.2993,506.2529,735.1402,585.3076,719.6839
41.9667,972.2813,318.4560,305.2439,766.1407,394.5953,765.5850,494.9531,445.7406,385.6468,357.7216,946.3465,364.1025,434.8110,1061.7623,423.3157,214.2528,490.4761,733.7158,583.1336,696.0698
42.0000,947.2795,314.3480,306.7990,742.5641,391.5297,772.2459,504.9833,443.1700,392.8455,370.8401,945.4194,386.0023,432.5439,1028.3266,421.1097,223.3583,519.4020,763.0899,589.8973,695.2046
42.0333,959.2852,319.5836,301.4324,778.0907,413.4988,761.9901,501.8917,437.9925,388.8567,360.5258,922.1853,368.3553,427.6625,1035.6952,415.2982,221.7611,500.4364,718.3017,583.4430,724.3094
42.0667,919.3736,327.0310,298.3583,754.1985,389.8275,771.5003,500.0451,444.3987,388.9992,342.9296,894.5991,363.1106,437.5286,998.3341,418.7451,218.6926,502.9824,753.8417,595.2573,719.7801
42.1000,920.7434,332.6549,299.7018,732.3345,406.1037,756.9849,487.3214,464.2762,389.8441,360.1232,892.9636,469.1724,436.7052,989.0952,423.5004,213.8274,510.7688,739.6264,583.2945,730.6118
42.1333,931.4470,317.8813,297.3258,766.0237,400.0108,739.6122,499.7094,445.8787,387.7323,366.6461,900.4443,521.1479,425.9901,1011.4780,432.4104,215.1546,511.0275,746.2111,608.4253,727.0351
42.1667,907.5783,333.1832,302.1943,731.8947,390.8363,741.7945,495.6051,451.3536,391.1899,357.0760,868.7746,553.2870,425.7497,979.7343,406.2851,222.4914,507.2462,752.7859,604.6049,718.3359
42.2000,897.1831,323.6954,298.7593,751.8378,402.8446,754.4035,510.4768,447.3083,387.4751,358.9342,877.4224,529.3625,424.5016,981.5111,422.7804,220.1109,514.9984,728.6506,599.3556,731.2833
42.2333,869.1563,325.1596,301.7515,751.7065,396.4061,740.9515,500.9142,437.1209,373.1268,358.1918,856.3280,533.9951,424.3279,941.3748,421.4181,214.2435,509.3324,738.4771,608.3562,744.5803
42.2667,864.2942,320.6311,309.2115,757.8582,389.7976,771.3809,488.6283,459.8958,374.0381,358.8045,836.8370,535.4891,418.8570,970.6778,416.3860,217.1971,493.4590,750.9151,593.4870,729.7635
42.3000,884.0753,324.1522,310.2515,743.3080,388.4030,772.3429,501.6737,443.1106,395.4914,354.7325,835.1906,511.2176,421.2366,992.4618,416.9670,214.5473,475.6661,748.0440,583.9882,757.6805
42.3333,840.5390,325.4150,310.5784,731.2147,400.5349,744.7964,500.9206,451.7727,386.1169,358.6065,857.1743,516.0372,413.7800,989.9329,419.7646,215.3441,508.7589,750.2757,587.3018,727.3875
42.3667,820.1661,321.5485,305.4201,718.0319,404.4997,751.7809,502.0677,449.1009,386.0915,356.1071,830.6098,518.2547,408.1444,936.7535,432.3521,219.5902,503.1159,743.6398,606.0318,730.6934
42.4000,850.8975,326.2737,300.9902,738.5623,405.2349,727.8382,635.0224,438.7376,378.6947,350.4480,826.0070,492.1719,421.3136,914.6055,426.7288,218.7849,486.6327,751.0811,590.7155,737.1967
42.4333,864.7619,321.1222,303.6361,717.3711,408.5710,722.7260,714.9568,445.7881,395.3384,346.2181,802.3718,494.7483,435.9334,951.3334,435.3891,214.4648,495.1594,743.4731,591.4844,712.1828
42.4667,824.7543,337.2801,304.2996,730.9315,410.2235,723.0396,717.1544,467.1429,380.9555,334.5320,819.4483,484.0265,408.4835,922.2315,430.5469,220.3661,497.1550,732.1798,589.7663,764.5768
42.5000,820.5815,325.3389,299.4639,742.8645,405.4874,754.8659,724.8397,437.5364,379.1263,357.2975,799.7515,467.3587,414.9233,924.2024,427.0800,212.0102,494.5228,767.7196,614.9891,735.5196
42.5333,811.0577,329.7054,298.1252,728.7893,405.5679,732.0815,722.3103,443.3424,397.9082,360.0150,802.6600,476.6354,411.9628,936.3665,436.7337,224.7374,507.7565,726.8292,586.4630,713.3865
42.5667,819.3356,324.1734,294.1605,731.0512,381.8765,733.1318,713.8459,462.7524,386.1645,340.9964,789.7029,459.5465,416.4104,923.5559,431.3598,212.1542,499.9093,755.0760,586.8387,727.5391
42.6000,833.8194,327.0374,295.8073,925.6572,401.0570,733.3140,710.4340,436.3563,391.6206,346.3164,793.8093,465.9676,412.8766,912.9233,435.8580,221.7769,511.5949,754.1211,588.0533,731.6961
42.6333,808.5716,324.3714,284.5092,997.3153,392.1648,746.4923,685.9639,450.6980,390.4919,347.2357,789.1143,454.4854,421.0943,893.5816,421.1462,216.4681,491.7046,752.2334,607.0335,731.8398
42.6667,812.0850,319.5279,304.7723,1018.2154,393.1390,718.9555,688.0100,431.9088,388.2673,346.0938,780.8759,443.9496,420.8892,916.4144,429.6805,219.9245,500.5162,739.2379,574.9199,726.4560
42.7000,792.8274,323.7192,305.0053,1029.4919,396.0262,741.6156,661.8885,451.3331,382.0921,361.5325,784.9862,442.1285,411.0685,875.1180,420.0310,218.4381,505.3622,732.6741,604.7606,731.3150
42.7333,796.7141,319.7836,301.8096,1038.8086,395.2949,750.7393,665.2771,453.2893,386.3214,342.6105,784.6169,443.2948,415.5361,877.3242,416.2208,224.5522,493.0164,735.4112,603.3202,732.6225
42.7667,804.5520,320.6547,305.4643,1025.3445,379.0514,744.6291,661.4161,459.1968,378.1476,342.7472,754.1891,442.7055,412.5918,879.3260,419.1452,218.9016,520.0424,736.2289,588.5881,736.6388
42.8000,795.4384,325.8619,306.7101,999.3741,405.0479,713.2348,641.6482,445.7387,400.2631,352.1466,776.7622,438.5853,422.3958,875.9793,415.3087,218.8353,499.6209,752.0562,576.8169,703.1440
42.8333,807.4234,326.5802,305.6395,1028.8302,391.8119,729.0450,644.8563,438.1610,390.8489,343.9728,767.9888,440.5106,419.2278,857.3463,415.7447,216.1853,506.0377,738.6815,611.3744,730.2480
42.8667,807.7654,323.5879,296.0537,941.6002,378.4370,715.4703,642.1120,435.2498,382.7012,350.5141,758.3994,419.8060,425.0243,864.6072,418.1434,223.5795,507.3810,744.0203,580.3054,700.7702
42.9000,790.5256,331.7811,299.7752,971.6948,385.8491,735.2260,628.8043,441.8708,390.2680,357.2566,749.7930,436.5588,404.1392,828.2475,428.7843,215.5536,506.0914,773.1846,577.8905,710.9345
42.9333,770.2134,322.3297,305.1857,939.9332,393.8886,708.1629,617.4706,439.2626,387.0691,345.3715,749.9795,424.0793,397.6173,857.5098,425.9962,223.1128,515.5601,752.0991,600.1376,719.7967
42.9667,794.0027,333.7120,311.2477,956.2568,403.8025,723.5559,631.1288,437.8173,367.7670,337.0409,740.4623,426.4954,414.7393,878.3055,412.6824,215.3422,506.8044,749.3400,604.9874,726.1473
43.0000,791.8737,331.1353,295.0380,941.9778,395.1644,743.5258,620.3895,433.8703,388.1772,334.3938,754.4337,410.6661,426.9019,859.3543,438.0358,220.3962,494.1355,739.2456,597.8101,747.7991
43.0333,761.8281,323.9452,302.7296,954.6964,405.0490,717.4691,603.5617,440.5100,376.9645,343.6693,744.4497,409.3407,417.0932,870.4424,429.8021,213.5463,518.3141,766.7913,604.6518,720.7969
43.0667,771.1207,319.2025,293.5805,907.3776,492.1563,720.3048,599.4079,453.5606,388.1639,346.7754,747.6712,413.7660,415.5780,878.1821,426.6118,210.2920,518.8197,931.7575,582.4844,721.6465
43.1000,780.3616,323.1736,306.5087,894.7532,543.6806,753.2956,579.9605,458.4491,393.6813,351.8020,743.3098,414.3904,405.2226,854.1751,421.3878,213.2642,506.2370,1033.0380,622.5271,692.2271
43.1333,756.4848,332.3451,301.5367,874.6787,579.7599,739.2743,575.8311,439.7988,386.6414,352.9109,714.0519,401.0016,406.8148,843.4579,437.1830,210.6372,537.1737,1058.0208,611.4580,714.1250
43.1667,762.5215,331.4767,304.9135,891.9282,576.7957,746.1055,581.8356,444.8838,383.9161,346.4519,757.3990,410.7922,407.4548,883.9907,417.4080,215.1129,503.8887,1086.1291,621.8502,732.7272
43.2000,754.3216,322.0401,300.3991,877.5572,558.7341,747.0162,578.2128,442.9480,395.2652,349.5688,742.0863,402.1381,392.5135,853.1431,433.1477,224.3094,501.8605,1061.3592,601.7057,715.5245
43.2333,752.0229,324.1582,298.2155,873.8546,562.4657,714.8671,550.9114,555.0229,390.2029,352.9505,747.5485,407.8329,417.5107,826.1577,426.2935,214.8334,487.8029,1079.9054,600.8412,707.3794
43.2667,761.5831,322.1155,302.0890,849.6002,564.4330,684.4916,580.1354,623.8800,391.3370,349.6244,739.0843,386.3120,414.7263,840.8305,416.4064,220.1046,509.7107,1044.6943,607.1557,736.8087
43.3000,741.7676,335.3050,306.6259,837.3545,553.0322,712.5132,551.6795,635.8033,391.6240,335.2405,712.9559,403.6442,406.4989,858.6061,422.8351,211.4415,494.1240,1056.6225,612.7627,745.5199
43.3333,765.7155,321.0641,301.8012,843.7743,530.5621,737.5858,562.7738,644.2116,392.9721,345.8505,726.0948,407.1201,404.3013,858.4662,422.7257,210.5630,497.4451,1026.4365,585.0269,702.0568
43.3667,759.1186,330.2202,294.9341,831.0240,514.5989,705.3696,556.3491,633.8438,402.1445,343.1621,727.6202,494.2031,408.2940,835.1051,410.3562,219.7440,495.0805,995.6626,593.6629,720.5940
43.4000,732.8706,317.3727,302.5298,810.2747,536.4777,729.4614,560.9845,621.3131,382.3823,343.2065,700.1473,545.1905,420.9142,824.2828,410.9698,216.6318,505.8218,1009.7261,579.9982,707.1318
43.4333,741.8844,333.7011,306.3235,832.3289,506.5812,725.1224,693.7079,616.1058,392.7903,342.6902,695.0116,548.1037,417.1983,821.2038,416.2325,216.5078,500.9509,955.2416,580.2661,724.1320
43.4667,765.4901,331.9671,299.1960,824.6459,506.2789,712.6064,758.6515,613.9295,396.5394,339.0751,712.3768,533.9972,418.9334,848.8506,416.4229,216.5622,500.9610,976.0371,576.7794,732.2614
43.5000,750.4691,324.9968,290.8785,818.4289,512.0419,712.1396,759.0114,613.1063,387.4565,354.8710,713.4088,541.9959,407.6130,850.3212,406.6492,213.8717,525.7525,953.8419,582.9602,754.6480
43.5333,740.0206,331.4373,296.1732,792.0093,484.2855,731.4961,759.3293,604.3449,376.4248,339.6851,690.5950,544.3570,421.6564,846.5402,418.3390,218.9792,504.7736,932.7652,575.9770,705.3772
43.5667,744.4264,329.4513,301.2472,794.5098,495.9236,706.4299,775.7787,564.7340,379.8181,341.3423,701.3209,535.6905,414.6965,816.9454,416.1177,225.2116,498.3704,947.9469,603.3316,733.5251
43.6000,748.5405,312.1319,308.7412,822.5784,483.0790,717.5652,763.4015,565.0181,391.4955,351.3002,715.7382,535.3470,395.1350,842.5439,416.0054,218.5252,503.9579,915.5162,608.5386,727.5624
43.6333,750.5165,334.5223,307.1739,769.5583,496.4512,725.0299,737.6263,571.8088,397.9432,335.7434,726.0402,529.9992,411.3171,839.8936,435.8371,218.4629,499.4732,939.3656,620.2370,707.2599
43.6667,735.8420,319.0638,301.0495,797.5132,480.7546,700.6238,727.2802,567.1347,388.6218,354.5704,724.0758,516.1588,401.9029,864.6234,425.2186,219.8829,496.9009,909.7960,605.6596,717.7751
43.7000,735.6492,333.9903,305.2609,758.0513,481.6789,755.2872,723.6690,564.6455,397.3607,347.1539,742.9097,518.6649,408.8451,850.3235,421.5914,220.3040,502.5913,893.4490,596.7049,746.5547
43.7333,768.6766,320.1777,302.1490,777.0050,483.6481,728.2248,707.4824,564.1272,386.9422,346.9824,724.3026,512.6617,412.3390,838.4122,428.8248,220.1439,501.7708,894.2794,603.8146,726.9176
43.7667,727.2776,331.6102,296.8915,798.1057,462.6221,733.3897,705.7441,539.9285,384.4015,341.8115,689.8480,495.4553,419.1529,851.0488,419.6749,217.6754,514.1146,914.0321,592.2677,684.3084
43.8000,757.3928,330.6725,309.8722,792.5493,458.4549,711.4545,689.4569,570.7427,389.6786,347.7490,709.8075,486.2444,408.9427,847.0052,421.9449,215.7340,502.1792,880.5491,617.1846,717.0085
43.8333,750.7858,332.0996,300.0624,770.9911,457.8831,699.4806,678.8237,545.5293,397.6212,344.5665,717.7945,488.1034,406.1052,790.9188,416.1400,220.0663,505.2716,861.2891,598.0821,704.7682
43.8667,720.7173,326.6231,290.2346,765.1488,466.3172,703.0106,659.1147,535.8643,391.6086,445.5784,711.5035,476.7423,411.8230,837.5968,427.6403,212.7152,512.2623,854.8833,622.9476,744.3607
43.9000,742.0734,325.1049,298.0994,760.7020,463.3923,712.9653,644.9101,521.1871,392.5541,490.3821,728.4979,474.6197,401.3578,847.8418,407.1259,219.5744,511.0834,836.5636,603.7145,732.3352
43.9333,741.1066,326.1596,299.0252,760.7824,455.9129,733.5240,651.7637,512.6655,389.5924,494.6990,711.2002,459.4524,411.2467,830.8457,424.8904,221.6679,496.4042,847.8773,591.2064,739.1669
43.9667,745.3328,322.0990,301.4967,750.7625,445.1300,746.6192,641.2397,517.9522,375.7564,482.9698,704.3082,444.9565,400.1978,805.7700,403.6911,214.4855,518.9365,825.4092,595.4459,707.6155
44.0000,742.1655,326.2541,286.7443,751.3434,450.7838,722.8793,626.8277,518.9447,384.5065,492.4896,732.9612,460.1718,415.2303,834.9009,408.7729,220.4397,489.1996,832.2292,597.2574,711.4818
44.0333,739.9432,317.7257,300.8411,736.8342,434.2232,722.0709,637.3942,508.4906,389.9744,513.3864,703.9517,457.2384,423.8268,840.7669,417.6672,217.0672,519.3486,848.0371,599.5628,733.1212
44.0667,749.5147,329.2349,287.6884,772.3371,449.4936,701.8552,612.9518,494.6899,387.3912,468.3905,723.3822,440.1273,407.4746,828.5771,417.7877,219.7045,517.3411,852.1416,609.3000,720.8440
44.1000,748.6108,318.4970,377.7417,751.0597,449.2112,703.9215,763.0812,496.5391,393.5635,475.8815,697.9642,466.1610,417.8347,838.9610,413.2746,216.9670,508.4669,816.3720,602.2174,716.8157
44.1333,755.9773,334.1672,425.3247,752.4293,435.6953,728.0642,807.6643,500.4154,392.5302,473.9174,705.5136,436.3803,412.7572,815.0565,410.9306,218.2877,538.1114,818.4674,596.9836,727.9380
44.1667,746.5936,334.4996,421.2850,738.3478,437.1327,712.2560,824.2816,491.7082,390.3929,456.5996,706.8786,438.7015,420.3546,829.6109,428.5984,215.1553,513.8441,823.5028,591.0127,727.6447
44.2000,742.7048,329.0681,438.2193,753.8249,423.7166,732.1413,819.3626,492.5923,396.7298,464.3596,719.5129,440.5509,405.8989,811.5422,425.5034,209.6539,505.1818,818.1807,592.0228,724.7199
44.2333,704.0855,317.0118,439.5744,708.2487,429.3403,737.5953,819.2273,477.8646,389.9135,448.3791,703.5791,433.1710,407.5191,821.0026,430.7304,218.0204,501.7127,819.0811,581.1597,747.1987
44.2667,756.2823,344.9153,420.8968,754.3709,422.0611,711.4260,798.0173,500.5917,387.3037,433.2851,727.7463,418.3071,410.3173,822.5457,425.5475,219.6393,494.6950,835.3215,592.6309,724.2824
44.3000,712.2646,322.7570,424.6604,762.4615,419.5934,721.3896,788.0001,478.8929,391.4555,455.9707,691.2231,416.9968,412.1697,788.9930,410.2533,216.2266,504.3994,802.8523,603.6383,731.7370
44.3333,733.0660,323.4231,407.6333,727.2589,433.5950,699.3647,773.6719,485.9352,386.1181,432.6711,727.6260,429.8744,402.5575,836.4628,408.5636,218.4306,498.8507,811.1735,583.8283,725.6039
44.3667,725.7119,316.7740,407.1870,722.8584,415.1104,933.1681,758.0599,478.5053,394.1880,430.6810,716.1569,416.8287,415.9007,816.1252,412.7411,219.6159,490.1230,777.4064,604.9028,709.0336
44.4000,733.2886,323.4408,402.7142,751.7543,427.2097,1007.0908,745.3706,464.6254,396.7585,420.1880,689.5812,417.7374,415.7431,810.0566,427.0732,223.1880,487.4063,833.2901,600.6467,726.7140
44.4333,730.6546,336.5403,395.1248,702.7899,436.0502,1026.6259,737.0916,487.0656,398.7483,416.5667,714.1927,425.1359,409.5225,804.7557,434.4788,210.2680,505.7495,799.8258,611.8513,748.6503
44.4667,732.4425,318.2895,391.9768,746.3175,419.5914,1031.3077,698.8625,480.6122,380.0650,418.6849,709.7027,418.7836,411.1322,820.4653,417.0332,215.6699,520.8686,780.7915,603.3052,744.8620
44.5000,748.4432,321.8776,390.8724,728.8304,424.7339,1017.9418,712.9387,473.7137,385.1620,411.3892,716.0724,409.8812,411.1286,841.7578,424.1168,226.5453,510.7473,779.2255,590.3895,714.0690
44.5333,730.9021,319.1182,387.1941,746.3631,415.4439,1047.0133,694.8513,486.2219,384.4448,419.4282,705.2821,404.7025,421.6237,839.0434,412.7493,222.3864,493.2639,776.2508,606.9933,736.6484
44.5667,722.6568,327.3694,384.1369,706.3583,411.1400,985.7902,700.2013,470.4748,396.8627,399.8642,722.1832,393.7530,414.6223,824.2594,421.4773,217.3152,520.3572,787.5972,583.3404,729.4813
44.6000,724.1353,324.2809,387.0833,733.3123,410.0972,1025.8450,684.0608,463.4216,366.9916,409.7680,700.8060,398.1814,417.4117,824.1724,435.2918,221.2736,517.2119,756.3641,605.2652,712.0970
44.6333,715.8968,329.5192,371.1791,719.7767,414.7597,965.8336,653.5668,478.4432,391.2910,396.4201,729.2937,412.0711,413.8245,832.9877,434.9795,221.3380,511.2462,775.6354,587.9561,745.8820
44.6667,714.0876,328.6255,367.5070,742.4438,412.4091,968.0865,674.9140,459.9527,389.1538,404.8019,666.3181,399.1293,415.8019,833.6610,416.5160,215.6636,520.6431,813.4976,589.9517,722.9421
44.7000,728.7876,318.8809,357.6322,730.6243,410.7286,958.9378,644.7553,457.4777,410.6164,390.2749,713.8901,393.7637,412.1663,798.7848,417.2726,212.5020,516.5056,805.3244,610.4531,742.0033
44.7333,711.6046,329.8803,366.9667,757.6807,413.8144,932.3150,642.0172,472.9625,386.3699,382.7771,695.0055,388.9870,417.1467,862.9519,435.9619,218.2363,508.6139,769.3796,592.4840,738.7930
44.7667,741.6860,328.5713,355.9545,727.4957,411.1053,938.7919,639.9920,472.7469,384.0347,387.7091,692.9369,391.5661,419.8373,814.4485,416.7357,213.4470,496.8041,754.1840,601.7198,731.6678
44.8000,739.1850,320.2303,363.3137,732.0378,411.9382,921.7135,624.8691,465.8792,379.8723,395.3259,697.3684,393.2438,405.1144,824.8983,410.3127,215.6675,508.6269,759.5481,618.9209,727.3013
44.8333,731.7266,328.3319,365.3415,732.3352,413.9826,918.7713,609.4900,451.6649,389.9110,380.0755,679.7851,396.1530,421.1270,824.5956,414.5520,223.4489,512.6512,776.2272,586.6769,711.2743
44.8667,760.3429,326.3335,346.6892,709.5056,401.4878,888.2708,618.8911,461.8930,403.4314,392.5050,695.0739,386.8201,416.1989,793.4443,414.1850,219.8449,506.9118,761.9828,586.9321,740.7652
44.9000,723.8333,329.4453,355.3312,704.5325,405.7914,891.9078,587.8113,470.1936,396.6861,372.8792,714.2031,395.1961,414.5351,842.5572,427.1034,215.4341,486.3348,748.5514,618.8586,694.8437
44.9333,736.4209,328.8450,328.0203,727.6108,409.9602,848.8972,595.3057,454.9837,389.4935,381.0154,696.5652,393.5926,419.5572,812.7153,428.7834,218.5379,508.8168,747.1537,595.7976,715.5291
44.9667,748.1837,323.8857,331.5915,714.0324,409.3810,866.5796,597.6437,450.6897,410.1813,381.2775,721.9278,408.0490,409.7552,847.6790,416.3217,215.0645,514.9564,753.5376,594.4903,704.9788
45.0000,728.5001,331.6610,332.4829,732.5306,411.2709,862.9048,592.3914,458.8158,386.8841,382.4694,680.6098,378.4311,415.9888,813.3132,414.0166,220.9958,518.2971,771.9574,619.8043,717.2580
45.0333,751.1425,326.3905,320.6546,733.7219,421.1849,826.8638,593.9342,457.2293,393.8040,363.4630,709.1774,390.7320,404.8583,819.5676,424.0213,220.2480,497.4249,749.6480,576.5915,714.1774
45.0667,720.5669,329.6092,333.3460,738.7687,395.5817,873.9220,578.2810,456.7016,387.0250,374.5297,666.8680,368.4719,402.1430,819.6054,426.3547,212.0006,492.8774,756.8061,610.0710,735.4170
45.1000,716.4012,329.2770,337.3253,720.8524,406.9536,837.9882,577.1699,451.7481,387.5060,374.1704,685.1083,378.5652,426.3076,873.2055,410.7608,225.0209,504.0169,764.5588,574.6183,700.4244
45.1333,704.2438,330.1228,340.5521,724.0020,401.9276,1349.7079,956.7279,446.4471,381.5419,361.7179,707.8101,377.7236,407.7286,832.2900,423.1432,212.2389,499.9475,751.1463,605.4389,711.6959
45.1667,1312.7857,326.8782,327.4013,736.1616,403.4695,1529.7634,1129.6539,448.3727,389.3425,366.6224,725.7835,367.1508,412.5285,817.1196,413.6870,215.4166,509.1319,757.9492,583.5041,727.3519
45.2000,1561.3263,316.7092,330.8773,704.0568,395.6867,1601.3916,1182.1833,444.2422,397.3430,359.3253,721.3490,396.3200,421.4697,841.3952,425.2446,219.7708,498.4612,767.3338,596.7125,725.2052
45.2333,1663.7467,328.5443,327.7746,717.3330,409.0894,1607.3672,1194.6521,454.4945,392.8143,362.8354,732.5382,367.0027,412.6815,826.9996,416.7355,221.1290,508.2324,767.8678,596.0424,749.3273
45.2667,1688.7774,333.7928,549.4846,713.3891,400.6824,1613.0741,1165.8967,694.2001,496.0433,364.5926,700.4610,385.8417,419.7883,814.3170,426.0420,223.6246,502.2232,769.2897,572.2726,732.1830
45.3000,1648.5811,513.9308,646.5519,703.2649,391.1666,1565.7468,1173.3483,800.6703,548.6592,357.7077,695.2731,395.4158,406.3523,825.9898,421.9196,218.3258,504.7685,767.2391,590.8803,713.8904
45.3333,1632.2623,596.4311,682.1915,695.7356,399.1943,1535.2828,1118.1044,831.3025,553.8763,350.8013,687.8844,378.9786,408.1287,787.3764,421.0566,220.1163,502.6280,751.6724,601.9386,724.7601
45.3667,1587.8386,633.6668,673.2340,721.1033,392.5830,1491.0679,1072.8531,856.5195,561.8575,361.7440,697.1815,384.6166,417.6623,793.2541,415.3101,221.2703,524.2162,752.2901,604.9511,711.6407
45.4000,1538.4319,634.6804,678.5298,719.1238,404.1904,1453.7795,1040.8916,831.7022,563.9952,361.6448,706.1271,384.2372,407.1036,1050.5591,413.9662,216.6625,511.6456,715.6107,619.8856,751.2621
45.4333,1498.5976,625.4602,669.5233,730.4605,403.2955,1433.7491,1032.7151,831.9871,540.4668,366.4396,714.1928,375.0178,413.6228,1157.9786,419.6137,213.1837,503.2002,743.5237,610.5987,730.0080
45.4667,1437.5544,624.9505,649.2504,718.3482,422.1710,1363.3395,1009.7402,779.5318,547.3472,356.0880,698.7929,379.2538,408.0907,1180.6836,424.6753,217.4015,503.9621,723.2565,602.1801,706.6690
45.5000,1412.3168,611.6626,624.5135,703.2053,400.6407,1381.8199,983.3932,781.1989,529.6655,360.7488,708.4807,377.9238,417.5751,1198.5340,426.7386,218.7292,485.7719,761.9731,591.0249,727.2868
45.5333,1391.4990,595.3434,610.1290,732.3304,415.4020,1293.3079,952.5353,777.4860,539.2669,357.1876,686.8881,384.7610,399.8945,1190.4993,422.3914,218.1651,515.9576,752.2003,622.3841,717.9208
45.5667,1353.8890,580.6857,602.9320,736.4693,395.2310,1272.7087,915.2007,758.0004,523.0535,348.6032,699.5272,374.1963,402.1767,1186.1724,414.5071,217.6740,524.3120,757.0267,595.5047,716.7397
45.6000,1311.5603,567.2851,582.2945,719.1033,391.3090,1241.8490,899.8744,713.8638,517.4363,354.2255,713.3867,377.7318,414.7450,1157.1534,420.1680,219.7892,496.4553,757.4413,611.3237,708.2204
45.6333,1287.3849,564.6204,562.3060,711.1944,404.0050,1236.3474,881.5440,708.8188,517.1690,348.1382,713.9844,376.2047,422.4267,1183.2580,419.6449,215.9917,517.3100,773.5314,599.1424,715.6441
45.6667,1262.8869,542.9290,550.6493,741.8290,392.0164,1198.8853,845.5482,706.5172,512.3712,357.8297,688.0408,373.8429,411.9954,1104.3667,405.9558,207.0069,507.2387,775.6623,605.3494,691.4667
45.7000,1224.7810,534.2212,530.9284,721.9454,402.0502,1134.9001,847.1218,688.2025,493.9211,346.4086,726.3464,372.7212,407.2505,1135.8056,424.4108,227.2812,514.7980,754.9979,590.1933,717.9409
45.7333,1216.3217,522.9253,515.0887,725.1516,415.1814,1132.7530,816.2545,678.6058,492.6205,347.1758,675.5701,375.0816,415.4628,1073.4727,425.4358,229.1255,476.0182,750.2028,607.5289,743.8168
45.7667,1168.5849,510.6858,520.3814,721.2388,413.6899,1083.4883,814.0254,658.7442,498.0901,365.5771,667.6668,379.0481,421.2832,1083.3650,407.7401,219.0460,498.1772,727.6335,594.6861,713.2447
45.8000,1146.8085,503.5026,499.5597,727.3122,385.2565,1122.4359,790.9313,648.8727,484.1887,357.6957,687.8242,385.1095,421.1831,1084.8621,425.6308,215.2274,501.3488,773.4383,596.6213,748.6367
45.8333,1106.0823,495.3290,494.2830,710.7849,391.7995,1066.4225,777.7970,636.4789,478.4571,363.0502,722.2940,375.0221,417.8340,1066.3886,416.2837,217.2342,500.5374,749.1466,624.1063,724.9244
45.8667,1101.8762,476.4114,483.8302,736.3141,398.8027,1061.2728,780.6038,626.5809,486.0768,360.8008,707.5193,386.1156,410.3880,1047.8483,416.6626,217.8401,505.7897,734.0336,584.2126,728.6896
45.9000,1073.5806,472.2730,458.9641,698.8417,402.0064,1054.3845,740.7142,613.5872,460.8990,353.7948,716.0647,381.3975,406.9561,1022.1396,421.6475,223.3835,511.2446,774.6302,611.5311,719.8000
45.9333,1075.3556,451.3197,471.2184,724.8113,404.1006,1030.6458,726.8557,623.3238,470.9899,355.3402,710.0107,374.1005,400.5762,1000.9457,417.1741,210.7114,495.9765,761.9757,604.5061,728.9963
45.9667,1051.5524,460.4934,446.9110,699.5394,395.1953,1008.0479,727.4875,605.3363,463.1444,339.2963,724.7545,373.7790,401.4619,994.8396,425.4078,213.5899,512.9953,765.7755,606.1519,714.8225
46.0000,1017.6272,452.5169,441.1792,724.8577,401.3269,996.3013,717.4695,592.2072,453.5431,370.4318,708.8129,370.1232,409.1199,1005.8349,416.3313,220.0636,515.4278,768.3629,602.2165,713.2263
46.0333,996.5404,457.8475,438.9836,711.5034,397.4583,965.9912,698.0318,573.0555,446.9021,356.7596,711.8280,374.3712,413.1573,975.8929,422.6621,217.7095,500.1464,742.7533,603.7071,726.9903
46.0667,1008.0966,443.4870,424.4730,720.0097,401.8919,960.8251,675.8639,589.6467,444.4000,342.9703,732.8136,372.5558,414.0959,987.8888,415.4365,214.0284,519.3210,746.4560,610.9462,731.5297
46.1000,966.6828,435.2770,420.1664,750.4896,410.0499,925.3602,669.1557,566.7531,439.1491,343.5012,698.4486,374.2287,402.6678,980.1394,407.5836,223.3952,505.5164,754.3748,601.0726,713.0943
46.1333,957.1356,418.2364,414.0613,711.5307,399.6385,943.3380,669.1303,566.1813,455.4474,348.7177,694.5686,372.8422,410.8281,937.4575,418.3647,216.9743,503.3360,763.1632,597.1720,737.9932
46.1667,964.7176,409.0064,417.1416,714.5575,393.9761,929.4053,658.5792,556.9320,452.3305,351.5713,714.7098,365.8552,408.0192,971.4111,400.1770,215.7710,516.8880,761.4109,609.7672,730.4834
46.2000,940.7025,420.6246,410.9065,735.6262,399.7630,913.6752,642.8081,542.4964,438.4244,360.7748,694.6818,380.1860,398.4983,1000.2917,431.6406,219.2938,509.9438,773.4652,595.2319,751.5811
46.2333,925.0911,419.5282,402.3466,742.7979,406.0125,900.7525,626.3459,541.8054,545.1013,348.4069,702.4456,381.0815,409.3064,947.4104,428.4495,216.6201,486.6202,773.5714,600.6275,728.3688
46.2667,941.2063,410.8710,395.8769,709.0907,407.9848,875.8040,638.6166,551.4449,597.0870,348.9897,710.2681,376.3816,411.1825,919.9076,405.1952,216.9778,508.0542,747.4078,607.0003,726.4461
46.3000,913.1026,407.6006,384.0774,722.8952,389.5563,885.4421,627.3895,540.0633,607.8635,349.7323,694.9316,382.0776,411.7279,896.8779,413.1439,212.3791,513.0232,746.9018,600.8224,709.0379
46.3333,892.7729,390.3400,386.0552,718.2863,399.8123,875.7007,637.9094,531.2218,604.5849,349.6367,708.5913,368.8375,404.2917,930.2294,420.0520,224.3363,495.2243,745.9485,609.7515,712.3613
46.3667,880.0169,406.1500,375.4583,728.8370,399.5562,845.3625,604.9554,511.6118,602.2284,338.3727,705.0615,367.8531,395.4577,910.9792,424.6899,214.2561,509.7353,734.3449,593.6623,743.2534
46.4000,873.4226,394.3880,382.1414,725.3272,393.5427,854.9569,619.5785,503.5553,587.2152,341.3074,700.1851,377.5471,409.2127,963.9482,417.9764,206.5648,523.2472,748.0263,583.9842,733.4876
46.4333,910.7045,389.4709,371.8489,741.8628,399.5069,839.3471,606.3670,512.3647,583.6284,343.7795,703.3066,384.3658,404.3322,892.3259,415.8899,218.3454,508.2015,732.9302,603.8295,729.6321
46.4667,891.7696,381.0395,366.3099,738.5738,396.1121,834.6723,596.1378,513.0639,583.5447,352.9634,685.5440,368.3024,408.8031,884.8008,433.6516,278.7820,494.5219,735.4919,573.0651,734.4549
46.5000,839.6975,396.2224,358.8266,732.1006,389.3993,821.7528,611.1859,503.5082,579.7180,345.4796,713.9176,361.2029,415.4585,925.0231,417.1815,306.4402,509.4326,777.3377,604.4312,712.3822
46.5333,848.8663,386.2340,364.0929,715.4356,397.9535,835.6006,576.0902,503.9257,544.0839,341.8792,712.8307,359.9898,403.2232,890.2591,413.4747,315.7552,502.9411,740.7422,597.5059,756.4143
46.5667,849.7600,373.8945,347.9858,744.2983,404.6993,820.9127,589.7002,502.8237,538.6490,342.3177,714.4376,375.6172,400.6445,867.8592,409.5073,313.4856,526.4095,734.5606,592.0078,720.5784
46.6000,851.2410,375.3496,444.5366,706.4648,399.6157,823.8848,587.5776,501.6684,540.6557,352.5234,719.2838,378.3696,401.0969,904.7330,437.3988,316.2618,519.8006,726.5161,598.5264,736.7628
46.6333,805.9673,364.5800,475.3048,721.0797,397.5627,818.7493,577.2686,482.8629,533.3801,333.9826,704.5179,385.6230,414.0941,897.7221,420.6300,314.1047,496.9814,769.5271,576.1597,720.9717
46.6667,845.5653,366.7173,487.0612,723.5575,388.9201,811.1318,579.4546,504.0901,509.0579,349.1959,747.6830,366.2919,423.4402,903.7451,406.0269,303.6756,528.9033,748.9324,580.5674,735.0612
46.7000,814.3782,363.2174,470.9544,736.1637,392.4548,807.0017,558.6617,494.1876,523.0614,348.2852,714.5882,375.2603,423.1935,870.2056,414.0594,302.7985,509.0247,734.0526,619.0024,723.1228
46.7333,798.5805,368.6548,476.2969,744.6217,396.6457,795.7263,558.9410,479.5831,518.7558,344.2039,686.8324,377.4566,402.8546,855.9981,410.9612,297.8971,527.6710,762.2479,584.0223,720.3847
46.7667,816.7343,361.2095,463.6398,750.2527,401.7056,771.9857,563.3129,477.6541,493.1810,351.2945,698.9457,380.8885,407.2198,877.8014,418.6798,286.3427,506.3092,763.2659,598.6029,723.5476
46.8000,798.9896,365.5581,454.6392,736.5573,397.7538,803.2083,570.2456,482.4069,490.6485,344.3267,693.8876,385.9809,417.9702,854.5271,429.2648,284.2426,490.7638,727.6935,613.3921,728.4200
46.8333,796.3603,370.1910,453.5104,725.8994,399.9208,773.4784,555.7461,478.9922,496.7465,358.3675,709.6444,368.5976,414.4177,857.6513,420.0156,287.5108,497.4697,737.9119,620.2896,714.3224
46.8667,827.0775,358.2376,452.9169,720.3243,388.7276,794.1381,553.7629,491.5399,497.1044,364.5730,710.8606,375.8059,416.7451,858.4478,420.0170,274.7111,496.2217,751.2726,598.5802,736.5645
46.9000,754.4742,352.1548,434.0772,742.6864,397.3010,769.1372,552.5469,484.2661,475.2742,358.6428,710.7231,379.4750,409.5196,871.9167,406.8066,276.7428,516.7628,763.8422,614.2698,718.0043
46.9333,807.8705,353.0590,423.4692,712.1787,395.9026,772.4651,529.4888,484.1070,479.3755,344.4293,724.4561,383.2773,425.9607,821.5828,422.4387,281.1914,496.6100,738.8664,606.1801,726.8392
46.9667,782.2259,350.3023,422.2549,719.4522,407.4558,784.0195,543.6833,475.5269,476.2400,330.6497,709.9313,373.8993,418.8874,858.1177,424.5947,271.3572,517.9351,751.1164,601.6842,726.1846
47.0000,791.7196,342.7317,418.4931,744.9221,388.8297,742.4751,552.8706,463.8920,460.3780,346.3850,732.8116,370.7864,404.2260,847.9784,408.1961,270.0147,502.0013,729.3797,589.2805,737.4082
47.0333,794.3331,353.9852,414.7458,723.7088,394.0548,759.4660,555.4171,487.2477,476.6808,346.3938,723.4177,362.7331,415.8628,865.1451,413.9447,258.7413,506.4519,770.6080,573.0151,713.3339
47.0667,789.2997,360.1413,406.8959,716.8178,411.2740,779.7821,533.9408,476.9817,450.5808,349.0476,696.2388,377.3463,417.3729,865.4046,417.8385,267.3632,512.6919,741.5415,619.0495,737.3106
47.1000,780.3936,347.4575,386.4085,736.7882,394.2033,777.0749,530.0021,461.9535,460.2665,344.2341,702.0745,381.9777,415.8274,866.0017,417.3956,254.4966,499.9195,761.9194,587.6582,723.9453
47.1333,784.4172,339.8513,389.1017,709.4031,408.2879,744.7094,522.2055,464.5875,462.3687,342.8408,690.7229,367.4875,416.9836,823.9381,412.2182,257.7618,503.4466,789.5469,607.3755,746.3614
47.1667,769.6408,348.6584,395.7651,714.1309,402.7857,756.7924,531.7292,469.4257,457.0708,350.9968,713.8217,376.8338,406.2741,825.1128,419.0468,261.4227,517.8243,742.6840,604.3941,734.1076
47.2000,765.8977,331.5371,379.5950,726.2183,401.6727,765.9343,523.3526,468.3474,453.2432,348.0334,684.3961,379.1221,414.9074,858.6708,423.1336,252.1263,512.2222,739.3114,594.0626,723.7628
47.2333,770.9826,354.4262,370.7676,699.5257,408.9667,783.1421,529.0513,448.0218,430.3840,339.0672,721.0889,369.8683,418.9233,844.7729,404.6490,253.2398,501.2868,731.3148,578.1306,725.4765
47.2667,775.4703,346.0976,366.5102,716.3629,400.9926,748.6386,530.5609,454.8238,456.8070,351.3683,707.7873,358.9513,527.9749,820.0328,418.6112,256.8886,490.3570,783.8119,611.6783,735.6056
47.3000,762.5984,336.2413,375.5016,726.7866,395.1861,747.3121,517.8755,452.9424,447.5696,348.8250,726.2233,372.7850,569.6469,816.8483,432.6038,240.5409,526.9521,761.2437,598.3207,715.5002
47.3333,751.4981,346.6813,365.9720,687.2775,397.4614,725.7539,523.3904,462.7202,432.7103,340.3671,723.8410,379.8335,603.6643,852.7106,419.9367,251.3651,499.1640,739.0335,601.4668,755.6406
47.3667,772.2953,343.1284,358.3017,732.0644,393.2207,761.5269,528.0894,469.2949,435.1273,346.8964,680.2306,352.4850,591.4537,827.5002,409.4531,240.3407,518.0232,748.4474,587.2622,715.5716
47.4000,752.7262,329.3367,362.1988,739.0718,394.7077,719.1788,512.2503,460.9073,418.7521,345.8367,702.4992,378.0286,579.1758,840.0767,415.9768,248.4889,501.3985,757.3803,615.9461,760.7591
47.4333,751.1379,338.8659,359.5446,749.9993,389.7838,753.6828,516.2426,455.4667,426.6761,349.5003,726.4772,360.8761,575.1169,825.6745,412.3696,240.9572,510.9249,749.7044,603.4856,725.6248
47.4667,735.2188,339.2912,351.5033,712.2078,402.3209,731.3127,536.9790,451.3764,435.8817,351.9534,705.1593,384.7187,580.8546,803.4471,421.2684,305.2998,490.1458,767.6186,623.4384,718.7118
47.5000,748.4726,331.7576,342.0759,725.9314,396.4850,732.7619,512.4747,461.3674,423.9302,346.4550,711.8427,379.0127,559.3750,835.7342,419.6866,330.2528,505.4403,734.1720,632.3639,727.0691
47.5333,749.4800,338.6468,340.1226,738.1307,396.4188,735.9469,500.3690,461.3450,418.6521,345.3645,712.8334,364.2661,564.8707,812.5672,396.3082,339.9114,516.4464,750.9476,599.5040,736.1267
47.5667,752.0155,338.1159,336.0776,725.5859,393.7305,755.2018,524.4102,453.6048,418.6134,350.9132,721.3570,365.0717,554.9669,843.6377,421.7444,329.4827,496.1508,769.2158,602.7400,728.6147
47.6000,747.5399,348.9055,348.9519,735.2901,392.3963,718.5999,520.2027,440.7255,406.5768,338.2105,713.2630,361.2086,542.3040,829.6299,422.1695,332.1706,504.3630,783.4780,593.6456,732.3523
47.6333,759.9643,334.6169,339.4690,733.6797,407.0781,726.9908,521.1807,464.2062,416.0004,342.6371,699.8499,373.8794,548.9092,854.2519,419.4931,333.8794,514.3713,777.1255,606.7201,740.6458
47.6667,739.2073,337.8337,339.5700,718.6720,398.6853,743.1740,518.0521,452.3137,416.6681,335.2458,719.5079,365.5683,520.4282,851.0483,416.5628,322.3129,506.9237,739.3204,628.5183,708.3645
47.7000,751.0614,345.7161,334.5053,721.4739,387.1998,739.2844,517.1769,466.0467,415.2104,342.7038,712.9920,376.5809,532.6514,833.1964,417.1544,314.3980,510.0587,773.7084,581.8803,710.3821
47.7333,719.6994,338.4338,319.4441,742.1140,405.5174,698.3016,519.5132,441.0782,426.7473,352.3432,696.7766,369.6822,522.1615,840.8052,405.0449,316.8914,523.2122,743.8202,589.6062,730.5489
47.7667,739.0277,345.2982,336.0898,720.6446,399.6306,737.5619,514.9793,440.3275,404.3128,352.3348,710.8473,371.2801,525.1392,831.2466,416.5648,303.2829,501.6062,764.8671,610.4358,737.6874
47.8000,751.1311,328.7624,343.0944,729.1273,400.7918,738.2445,518.2229,448.0975,421.3166,342.2043,681.1415,387.7023,504.5518,832.9867,401.7676,300.8719,496.9163,747.6602,583.7411,750.7186
47.8333,731.7470,339.0538,331.1512,708.8351,406.0192,741.7968,519.5927,448.6210,408.3426,360.5371,667.9003,387.8095,507.9470,826.5530,411.9845,298.6733,523.0617,739.2894,623.8232,721.5224
47.8667,725.6850,323.9523,325.0086,741.2109,402.9186,708.8446,519.1433,448.4956,418.1764,345.0924,697.3804,369.0253,487.9294,815.9421,419.5814,286.9763,526.9473,745.2226,602.1723,710.8467
47.9000,732.4244,349.0576,325.7303,706.7912,391.2084,725.8418,517.0705,454.2974,419.3183,337.5343,702.3595,367.4485,497.7366,828.6353,420.5766,285.7760,494.5473,733.2904,585.9511,727.4227
47.9333,744.0481,331.8756,325.2503,739.9492,396.1359,698.2823,536.0289,437.7305,400.2296,335.7454,672.9056,368.9281,487.6601,833.3907,422.7957,287.8722,515.7967,723.9535,596.9263,721.1901
47.9667,706.7581,328.4894,322.0693,731.5023,381.8071,747.6040,503.7464,450.5088,398.8739,341.7001,709.5242,364.5391,499.7134,825.0365,407.8321,277.4326,498.6054,777.3562,595.1586,721.2023
48.0000,764.7124,327.4142,317.3249,712.2150,390.5502,732.0576,510.2523,451.2135,410.8759,334.9019,695.7462,381.8313,487.8668,819.4758,400.8575,275.5531,512.2253,764.4202,583.8065,747.8819
48.0333,734.9626,322.2864,317.9045,721.1485,404.7918,691.3322,506.4129,444.1396,416.7169,343.9450,707.5103,380.8998,487.2845,795.6336,412.4160,269.1263,506.2461,780.9506,589.0502,746.9129
48.0667,744.5094,324.6066,324.7977,734.3502,400.6692,713.2841,507.2892,448.5656,405.1869,342.4715,709.8551,376.8562,476.5142,834.5263,400.9957,263.4406,475.3721,753.2796,592.7786,729.0262
48.1000,747.1419,327.8507,322.7159,717.9818,398.5386,714.2393,490.3658,453.6906,409.0947,352.6942,720.6025,380.2074,458.6749,810.8954,388.3983,271.1787,508.4418,752.7044,607.6782,716.5654
48.1333,703.5738,338.2447,318.1435,721.6605,400.0410,702.0859,504.7113,437.2454,407.7427,342.3764,697.1295,367.9228,459.2166,818.0210,416.8744,261.2184,526.1159,767.4124,596.3193,714.8247
48.1667,743.9333,330.5894,309.9411,717.2097,409.0750,711.6762,514.7946,434.9181,396.7338,346.4346,719.5567,388.1332,454.7947,807.4015,419.0797,262.3064,506.5227,740.7708,590.0572,747.2203
48.2000,718.7115,337.0018,320.6790,712.2613,399.0527,720.3007,503.2727,444.3994,400.3406,347.0411,709.7690,365.9532,456.1459,809.5209,419.4005,255.2616,509.4089,758.6940,594.8310,717.8186
48.2333,736.7085,322.3049,297.4414,731.3755,396.8311,705.4524,511.2370,440.1720,395.3418,342.6142,687.7099,382.8870,488.1260,798.1291,419.9925,257.4087,504.8005,737.4927,595.1714,713.1062
48.2667,727.1689,329.3196,304.0278,720.5432,393.6803,703.8030,506.7232,441.1840,410.1743,340.0299,701.0052,373.7537,455.2850,803.3553,421.2059,247.8771,507.9049,744.5729,581.7601,744.0047
48.3000,715.8604,330.7061,307.8984,736.1761,396.4131,734.7563,493.6642,441.3645,394.2217,339.6575,728.7159,392.7126,445.2052,808.8728,401.5628,254.8713,497.7655,738.1940,584.9813,718.8025
48.3333,725.0302,342.7201,308.3066,720.3012,401.3446,713.1834,506.5091,452.4229,402.9862,340.6286,681.9862,382.2611,455.2637,814.2732,418.4711,246.1896,522.1836,768.6459,600.4412,731.3317
48.3667,747.7930,326.4383,310.9705,736.6121,409.6720,702.0712,504.9474,433.2175,410.6669,353.1704,718.6456,369.9231,462.5603,804.9528,412.0513,258.6875,523.4784,769.6054,591.0460,718.1174
48.4000,744.1061,335.9612,311.1747,717.4397,399.8105,719.1990,490.3508,439.8673,391.7722,350.2685,721.0748,386.9084,451.1836,796.4075,412.3318,247.6421,516.4131,753.4561,590.6693,690.6491
48.4333,725.5886,326.8079,318.0437,721.4923,415.7351,695.0432,494.1374,422.0801,403.5906,337.7814,722.0986,369.9929,436.9925,819.8439,408.2996,246.3983,518.3229,746.8231,604.7812,768.2298
48.4667,722.9490,319.5453,301.7376,732.4912,392.4813,925.3779,498.3946,448.9689,397.4032,338.3559,707.7283,375.8926,451.7877,831.0224,415.0976,252.2787,505.3783,758.5615,599.8381,724.7140
48.5000,740.0259,319.3666,308.7435,727.5994,379.9550,992.7078,494.7534,448.7675,407.4412,333.9638,712.9450,364.3127,434.5750,807.6045,424.9909,241.9063,488.8824,750.5922,595.0248,717.0821
48.5333,742.1728,324.3515,312.5914,733.8477,416.9787,1039.9746,500.2546,441.6955,391.2700,345.5586,725.4896,375.9704,437.5709,795.5214,401.8244,238.3740,508.7906,770.4820,594.8620,702.7902
48.5667,707.8345,322.6165,298.0442,695.7472,402.1396,1045.6525,501.6966,450.6441,374.9168,345.6032,720.6475,378.4992,444.2649,787.2765,439.1308,241.4809,495.8506,761.6004,587.2399,707.2941
48.6000,703.4832,322.6509,302.3276,711.6472,403.4003,1032.6667,506.2080,448.2564,395.5110,346.0831,726.4557,381.0317,446.0335,803.1749,425.5758,245.4777,502.2378,749.2232,586.1721,728.8128
48.6333,699.4786,336.9455,306.5543,701.4077,400.7560,1021.7279,508.8092,434.8224,404.6038,342.9250,731.2960,375.0067,447.8326,810.0310,415.2234,243.2356,511.6621,772.3681,603.4163,749.0379
48.6667,746.3598,323.7629,311.4596,711.2554,388.9896,991.2861,511.0920,446.1274,399.7751,347.7077,707.1565,365.3244,427.1517,812.9228,419.5753,240.3107,510.8963,747.4924,605.8603,714.7123
48.7000,734.4116,327.0027,298.4054,740.5948,392.1205,982.6411,488.0170,448.3747,411.9529,349.9216,708.6923,377.9662,429.0600,810.5004,424.3311,241.0236,496.9520,766.2245,608.6671,720.4385
48.7333,704.8663,339.9054,306.7879,718.0989,398.3210,971.7975,493.9194,439.9779,400.5018,353.0477,706.1649,374.4560,428.4551,790.2767,416.6240,236.3520,515.8591,732.3975,615.0959,743.1283
48.7667,683.3555,325.1405,312.3632,727.1120,404.6877,958.5195,505.0985,446.6224,400.2662,338.7333,735.3874,364.7837,442.4884,810.1506,408.6666,231.1534,518.9879,734.3232,580.3995,714.0647
48.8000,724.2165,317.9575,299.9718,704.9571,397.2657,937.1267,513.4860,458.9331,411.8480,347.0439,723.6283,384.1330,439.6617,844.0490,411.1938,233.5173,523.4598,759.0122,592.9842,706.9770
48.8333,735.2329,319.9056,304.6668,730.6275,402.3165,943.0733,628.0248,450.1200,413.7540,348.4610,696.5558,370.7925,423.7626,806.2944,410.8285,234.5744,486.6773,767.6536,610.2610,732.8123
48.8667,738.1772,329.6276,302.8046,702.2087,403.4250,933.7109,675.1624,450.9821,394.7694,344.8635,727.7852,362.0137,427.4885,826.8032,427.0784,224.2418,498.7262,769.6312,588.3744,706.6930
48.9000,722.6085,327.3825,306.2077,717.7348,393.9585,904.3682,725.4897,441.7409,402.2917,335.9393,716.8716,379.3601,446.6043,799.4823,414.8239,229.9930,494.0923,793.9745,607.5764,722.7986
48.9333,719.2095,331.2602,302.6747,719.6626,398.8956,933.9097,723.0570,458.5297,405.8774,348.4441,694.5105,370.8366,421.8178,810.0031,429.5693,226.4854,514.3308,742.6472,592.6303,718.9903
48.9667,729.8097,328.1632,303.0745,723.6423,400.2440,885.0118,711.8821,452.2688,406.8529,341.2679,703.1187,378.1515,430.7426,830.2394,406.2100,226.6067,513.4322,763.8490,593.5512,738.2084
49.0000,728.6216,322.1484,307.2894,721.9412,393.5194,901.6399,729.4061,454.5624,398.9630,341.7331,728.6407,378.4996,414.4784,796.9794,421.3274,227.4013,522.2508,754.7810,615.6563,757.0713
49.0333,701.5096,327.1599,308.0640,708.8770,395.0900,883.8675,723.7447,432.6032,411.1802,350.0238,707.0767,362.8500,418.4399,823.2462,407.1579,224.7466,503.4339,744.8331,598.0200,708.9954
49.0667,730.4815,329.4839,297.1322,747.2161,400.8904,864.1271,675.8015,429.5848,395.6002,337.7348,705.5142,371.2529,423.5027,808.4399,425.8350,234.9120,507.2622,781.2917,595.0846,744.9761
49.1000,717.1029,335.1088,310.1196,737.3997,395.7138,843.3179,663.9241,430.3386,382.4314,348.4685,720.8830,387.6658,422.1170,786.0197,407.4324,225.9659,496.0501,765.1930,597.5647,718.6412
49.1333,723.1503,336.7378,309.0206,730.7117,402.5036,846.2496,681.1160,443.4154,406.7438,353.6000,709.4624,381.0778,412.5588,825.3700,422.0217,222.2074,507.4480,748.6407,589.7324,730.4364
49.1667,709.8760,333.2574,311.1121,697.4581,392.8716,832.9071,662.6871,435.5798,393.8907,346.9189,706.1725,391.7401,425.6604,852.5332,401.4658,228.6641,510.1271,738.4464,590.2640,723.9329
49.2000,709.4768,324.3070,299.6211,716.9213,408.1431,817.3014,660.1670,449.0463,394.9707,340.4584,703.1333,375.9287,424.6021,826.3795,413.8565,227.6875,520.2747,762.1807,604.4350,711.1744
49.2333,746.2518,324.7773,299.2771,735.7358,386.3920,838.4670,652.9101,454.0171,395.0723,352.2714,700.9560,370.8605,422.5591,813.4165,427.7310,229.6558,504.8053,750.9818,614.3152,765.3926
49.2667,713.5709,342.3755,298.1715,727.6732,407.5452,819.4410,639.0691,446.0971,376.5973,346.0542,742.3975,394.2390,426.0197,832.2355,408.3961,230.0250,497.1558,737.0815,599.8068,721.3504
49.3000,736.2576,328.3057,303.6255,738.4389,392.9698,800.6744,631.3906,447.6344,409.0952,341.6123,715.5996,378.7965,420.2099,835.5758,416.1983,228.1028,523.5684,761.6933,580.5039,725.5978
49.3333,738.7038,329.6203,294.1011,734.8547,405.6463,820.7431,616.6044,435.0183,397.1077,341.8110,720.9208,383.3056,419.7927,814.9204,419.0231,220.0932,510.6894,737.0166,589.8393,729.1254
49.3667,733.3293,324.9949,295.1691,711.8084,396.4237,801.5870,622.0857,440.3758,395.6218,350.2315,694.0675,379.7123,418.7959,800.0530,406.4278,228.1636,488.8058,752.3684,584.4895,742.9361
49.4000,712.3377,324.1494,307.9606,700.1888,399.3842,810.0632,601.6936,455.9212,394.0127,337.7458,693.7415,375.6035,413.2411,798.0558,406.5925,226.9823,515.5004,757.3218,607.7711,729.6953
49.4333,734.7427,324.1592,294.1856,701.0102,401.6513,817.0948,614.8765,431.7063,396.1386,346.5002,724.3655,380.7761,416.2765,794.0998,403.8412,216.5248,520.7871,791.5559,590.6715,723.9800
49.4667,709.5437,326.8447,305.9312,727.5822,383.3399,823.7124,610.1762,437.0819,399.3516,351.4512,694.8407,374.7889,424.0997,824.1002,418.3584,222.6953,493.3108,764.0368,609.0726,736.2049
49.5000,710.6764,335.0111,303.2836,718.8687,389.0871,781.9856,591.2745,443.1523,398.5241,339.1565,730.0492,379.6124,412.2912,819.2527,424.0086,292.6106,512.8634,773.1727,583.5873,722.8815
49.5333,711.6719,322.8853,304.9672,730.9218,392.6947,787.0088,595.9887,436.5909,407.2060,344.7035,727.9121,355.2852,395.1291,830.0335,408.2023,301.2341,498.5178,755.4232,589.5187,759.8120
49.5667,713.6459,324.0308,299.7643,721.0056,402.3623,760.0240,604.9102,433.8519,401.5501,349.7083,730.2266,376.1247,414.8554,786.4157,426.1493,309.9650,505.2808,760.6134,595.9459,698.3703
49.6000,731.4437,342.2667,302.6728,718.7720,397.4435,784.0534,569.9151,448.7265,416.4402,346.0930,710.7888,371.3031,415.6779,816.4998,425.9632,320.0146,522.5215,783.5080,583.7024,708.4751
49.6333,708.0022,327.5804,292.3604,728.7503,385.7363,775.0945,569.7422,438.2207,384.8625,353.3287,720.0193,377.6095,438.6882,801.5074,411.4929,318.3027,481.0671,763.0938,589.7312,742.5995
49.6667,733.9314,326.7806,307.7520,718.1785,389.4488,779.8224,575.7684,434.0538,391.9783,343.8408,717.9665,372.5653,410.8799,830.8488,409.2478,310.4681,503.5207,763.9919,592.1655,714.3207
49.7000,737.0525,323.6164,291.5123,725.0760,379.2120,800.3873,563.5517,432.5607,402.3890,339.4663,695.1761,382.1462,430.2398,836.9523,433.4480,309.1126,518.4989,758.9112,612.9981,732.7273
49.7333,708.2070,333.2923,307.4883,719.0396,390.0220,773.5828,581.0595,450.3395,376.9083,344.6541,710.1922,376.5260,399.4971,813.6265,414.5537,299.7893,530.3211,756.6621,598.7153,718.9992
49.7667,709.7335,326.2545,306.5154,738.4943,376.9262,761.7140,555.7575,446.6581,408.1102,347.1388,693.0765,382.0281,415.5338,819.3511,426.4376,301.5483,494.1816,758.8791,620.2802,730.8798
49.8000,730.3574,326.3784,297.6310,713.4184,405.0901,735.5440,558.5356,434.0981,384.7484,339.1799,717.4055,370.0798,410.8551,827.7147,417.2442,298.3565,640.5070,766.5866,598.9544,711.1990
49.8333,744.3488,322.2497,311.3978,727.0518,394.2589,763.5015,553.0274,428.2283,394.3707,348.1347,708.3659,376.5388,424.9513,850.6598,406.8336,290.3856,713.9319,780.6993,595.6465,725.0507
49.8667,728.3293,338.9929,305.4011,738.6823,390.8014,744.6443,541.8326,423.7883,393.8771,339.4839,705.6497,379.9491,418.5371,791.7854,409.8805,293.4524,720.4622,762.2802,589.5887,749.6817
49.9000,699.9005,346.5108,307.8445,723.3165,398.9418,750.6334,573.4953,445.1669,382.7309,342.2116,890.4120,384.4854,416.4689,799.2532,403.2544,280.0410,740.8600,774.3007,589.6804,718.9135
49.9333,732.5413,341.1987,305.6688,730.0217,394.6912,739.8373,558.3185,450.5913,392.0834,329.9615,1015.4773,375.6778,417.6115,803.2320,417.9835,285.3539,751.4755,727.3157,589.1095,718.3162
49.9667,728.6462,325.1874,300.4029,737.3340,391.0428,756.2963,543.0041,436.0157,408.3871,351.4937,1033.0083,375.2710,408.0358,789.5956,409.3548,279.0837,723.2305,762.6613,603.4154,717.9991
50.0000,734.8281,332.2412,299.0321,713.6827,387.1761,733.2741,536.8838,441.6854,398.0871,347.3718,993.7073,379.2915,427.8615,819.0811,423.3542,274.3638,715.2491,757.6519,602.9082,724.1078
50.0333,719.3399,328.7110,297.7501,717.8600,390.6261,741.7297,556.6650,447.7121,389.5319,340.8903,1040.0302,366.3785,405.7720,814.0707,410.5220,269.8213,704.9006,780.9814,593.0809,753.9304
50.0667,705.1344,329.0127,315.4949,722.5241,396.6152,749.9191,528.3027,449.5670,396.0195,333.6269,991.0253,391.7725,409.0353,833.9733,413.7986,269.0588,702.6187,768.1272,591.8409,717.8025
50.1000,713.0444,329.5871,302.5664,729.1303,396.1202,726.5058,529.1989,422.2176,395.9243,362.4052,999.9603,381.1484,418.4534,780.1175,413.0829,270.9663,686.7494,773.5167,586.0557,753.2211
50.1333,717.7956,337.3058,298.4731,718.1468,392.5156,748.6641,533.4118,453.8591,406.7185,341.9472,999.2123,383.6195,415.1439,815.4642,398.1313,257.7569,683.0755,774.0743,598.8582,739.5494
50.1667,931.3963,316.8828,299.3529,698.9620,398.5226,739.8979,539.9383,451.1736,398.6423,347.1258,985.7809,377.9960,418.9296,814.3943,417.9721,260.9548,665.9904,727.9223,607.4071,736.6332
50.2000,1001.2546,331.9080,292.6150,711.9126,402.4417,753.8167,554.0890,435.9778,393.8978,333.7442,955.0815,366.1912,410.9452,860.2618,409.1254,261.0360,662.0357,738.3634,613.8764,758.7824
50.2333,1038.7929,321.5637,289.4664,757.2743,397.3650,757.4356,536.4217,432.4492,390.0379,330.9053,936.9289,380.0013,414.0551,805.5264,411.1456,255.2478,644.3597,778.6003,619.2074,736.7263
50.2667,1033.2783,332.5898,291.9210,727.7399,506.8212,728.3052,537.1417,440.0857,396.3324,345.9460,925.6355,374.9189,394.7081,827.3210,424.1783,256.8155,635.2458,775.6556,591.5693,700.1361
50.3000,1066.9110,322.7792,309.1115,740.6042,566.4252,746.3379,537.4788,438.3230,399.7098,364.1337,923.8862,379.2025,407.7913,811.2540,420.7396,253.5235,642.3451,724.0945,609.9927,728.1888
50.3333,1022.9397,330.7975,301.6130,726.9597,558.1619,744.6962,517.1741,440.0913,379.3235,342.1309,904.9317,380.5996,410.2861,813.1166,442.1027,250.1301,616.6696,737.6900,601.7652,741.3872
50.3667,1019.4917,330.7080,295.3497,732.1199,562.1449,750.8997,546.1043,448.5754,399.8186,347.5436,926.5814,375.7063,415.7514,806.3190,411.1365,256.4006,614.2926,771.2507,592.5564,727.9747
50.4000,999.0406,333.9128,302.9352,736.2841,566.6615,737.0299,542.9894,452.0998,380.5190,341.7319,909.4294,381.6076,415.1055,825.6966,414.3594,247.7671,623.7149,759.8527,598.2886,725.2988
50.4333,980.5557,323.2422,297.2086,725.1266,562.4058,716.8710,518.0974,425.0535,379.9543,346.8599,884.9179,375.0263,418.4978,817.7362,418.0297,247.8429,617.8622,775.4959,598.2698,722.8740
50.4667,956.7600,350.1587,312.6458,713.8210,555.1615,748.4073,518.4684,434.8469,398.0153,343.1858,879.7371,387.5280,426.2646,835.0941,410.7091,245.2393,599.6220,763.7554,582.7067,736.1793
50.5000,970.7787,320.4082,308.8062,718.9124,545.5894,720.1333,518.3643,456.6971,413.6080,348.1907,888.9939,377.6612,410.4769,828.0166,422.3400,246.4519,596.2558,746.4429,602.1261,738.7146
50.5333,931.6089,327.2904,299.7214,730.8475,526.7979,736.1404,521.7950,454.2108,394.2390,336.0682,863.6174,374.1296,409.3709,808.0629,419.2481,237.9659,602.5839,772.5309,620.5626,715.6890
50.5667,927.7793,324.4442,298.1568,718.8517,526.3791,708.6765,517.2583,446.3538,393.8854,338.9870,848.6320,380.5025,415.3266,803.3393,427.3796,236.8210,584.5538,779.5759,598.7200,752.7857
50.6000,917.2171,330.6114,303.2243,759.9061,535.2233,705.2869,519.9952,438.8997,396.1121,353.5999,842.8476,388.1475,414.4088,820.1322,403.8379,238.2903,599.5419,779.6791,597.7151,756.9457
50.6333,908.5155,329.0380,302.4637,720.1412,500.8822,720.3411,525.4923,431.9467,401.5601,340.5516,828.7825,372.1898,406.4610,824.1744,414.9982,234.2929,592.3933,775.1477,595.7822,739.7360
50.6667,901.0082,322.3073,299.6433,709.5720,505.3350,733.4700,520.7978,444.1702,401.2611,346.8419,869.7483,384.0785,398.8367,826.3882,422.5130,238.1633,577.8933,757.5310,613.7634,742.0936
50.7000,899.8009,331.3066,303.2180,721.2863,507.6512,718.9432,525.7800,438.9766,397.8328,352.0835,825.2809,368.5443,425.3313,810.3461,420.1775,239.5801,563.6612,753.5096,597.7161,733.8116
50.7333,873.2044,336.8742,302.0774,717.0491,483.2710,710.8869,527.3105,441.7734,395.8504,338.7538,825.2779,382.9139,408.8122,807.0923,407.7158,229.6684,591.7276,792.5350,583.9127,749.6670
50.7667,874.1697,312.3055,299.5416,719.6683,486.9241,730.3926,510.4875,443.1287,396.3067,351.8309,800.6009,363.8326,421.9009,805.1573,425.3166,234.7388,560.5137,774.9805,601.1621,714.6259
50.8000,856.6640,329.8775,298.2616,733.6871,488.9785,725.0224,521.7500,444.0830,397.3897,340.5629,792.8502,378.9826,407.8945,819.9925,403.7282,237.6547,562.3970,746.3401,607.8153,738.5675
50.8333,836.5829,326.5186,380.6652,728.3910,474.2462,722.4133,512.6150,442.6632,381.4209,342.6356,835.7703,374.9504,408.4566,839.7998,408.0703,230.2417,587.3961,758.6063,605.1016,760.2315
50.8667,843.5648,325.8721,413.1099,737.6285,480.5457,740.4983,507.9981,432.3888,398.3544,349.6761,793.1232,362.5433,408.7456,823.0084,401.4958,226.9892,547.0430,722.2556,608.5695,717.7588
50.9000,814.0265,330.4841,425.9372,718.0635,487.4821,723.9237,518.6784,437.9430,384.1188,346.5943,777.8312,375.4158,420.4466,815.3024,528.5412,228.2787,558.6723,770.8168,591.7879,715.9973
50.9333,797.3466,319.4162,434.9702,713.9831,465.2643,729.2252,502.8431,437.2434,396.5596,350.0938,767.7633,388.4998,410.3289,808.6725,573.7070,222.3697,565.6817,764.7270,580.2093,763.4090
50.9667,855.0524,331.1883,428.1377,718.1641,477.0733,748.9798,520.5101,440.9043,403.1632,342.3415,772.3485,373.4592,413.9047,836.3639,603.2140,230.3872,544.7547,761.4595,586.7191,723.4940
51.0000,830.3315,322.7484,434.5329,755.8219,469.3550,749.9183,504.5130,452.1406,402.9482,350.1309,786.2633,365.8721,418.9318,800.0867,602.1506,232.1361,533.1326,784.4497,606.8538,715.7970
51.0333,819.9380,330.3995,413.8745,744.0186,460.6381,740.6147,511.7523,452.7816,397.2507,343.9843,767.6140,387.4614,420.6176,809.0218,592.7758,231.5148,547.0748,755.9912,592.5428,729.0081
51.0667,829.8440,331.7995,418.7890,702.6160,435.6388,694.3620,516.1842,442.6989,387.7812,343.0387,804.6734,388.7666,420.3012,804.1116,601.7677,219.6841,538.9549,758.4221,587.4328,713.2204
51.1000,800.7738,327.4859,411.0856,724.9835,451.1561,711.5190,498.7544,453.2946,405.8632,344.0020,785.8943,377.0236,426.3552,803.0767,598.9370,222.2828,547.8001,758.3431,616.0945,714.9034
51.1333,810.3384,339.5315,412.4899,740.4780,455.5742,717.2460,508.0609,440.5088,405.3329,332.9801,759.3471,384.4940,399.5415,814.4499,577.3774,220.8836,545.0236,732.4285,598.9305,731.2680
51.1667,783.9383,341.2350,402.8544,758.8000,444.6042,705.7484,504.5148,443.7234,396.7128,355.9862,765.7781,389.6974,415.9168,800.2216,560.6259,221.7221,544.4093,763.8648,597.1968,724.5416
51.2000,804.0317,322.8706,394.8877,719.6912,446.6944,731.9730,500.3093,436.8220,405.7420,368.1631,776.2621,379.2644,421.0912,844.4329,564.2614,216.7845,545.9214,735.4842,591.4798,729.1285
51.2333,791.8013,329.8789,389.6881,756.8871,456.4696,749.1968,523.0326,442.2413,406.2672,354.7786,767.1757,387.7141,402.3745,809.1644,547.3318,219.1785,527.3283,767.3403,592.3864,717.0557
51.2667,775.3865,330.5007,394.1806,734.5903,434.7622,716.3265,506.1519,457.8255,395.2053,337.0148,751.1775,380.0712,413.6814,813.9592,539.4157,226.3748,531.7011,767.5833,588.5353,735.0102
51.3000,786.0796,343.7904,383.7268,737.2482,449.3977,717.9761,513.6871,447.3912,410.6583,343.9889,774.4965,364.5653,410.7133,794.0759,551.0195,219.0922,526.7068,765.9723,615.0894,734.2000
51.3333,763.6428,340.1310,377.1677,761.7475,414.8529,719.3221,490.7575,436.5235,391.4196,335.2928,762.1186,380.6274,408.3246,830.3813,534.3144,220.0637,530.8782,755.5824,603.7907,725.3879
51.3667,797.2102,328.8401,364.7258,720.7025,428.6949,713.1859,506.9696,450.5223,394.1680,349.4783,765.0026,382.3271,424.3986,816.4658,529.8787,216.6970,524.9382,784.3956,587.2464,731.9153
51.4000,780.1007,334.8368,364.5707,759.1911,435.3393,709.7288,498.9866,560.6449,401.3403,345.7946,754.5245,393.2107,408.5074,805.6085,521.9997,218.5051,531.7193,776.9682,607.2404,736.4518
51.4333,788.7630,322.6659,363.6472,704.7846,433.9487,719.6863,524.0038,620.7521,396.2190,346.7041,777.2207,379.6273,425.0250,820.7978,507.8943,228.9660,541.0413,735.4658,597.0145,721.8850
51.4667,797.7974,328.1984,359.4744,717.8027,425.5581,727.0415,522.2761,630.2432,405.8969,353.8901,746.3013,367.7280,416.3906,799.2197,509.2801,218.3178,536.6644,747.1586,589.0340,733.7028
51.5000,754.4248,334.9236,349.4818,719.1023,416.5466,703.4764,498.3906,656.0706,399.3404,347.5304,763.5028,390.0020,424.9241,799.1596,506.1903,220.8266,540.1029,747.7610,603.4843,738.0002
51.5333,777.9639,336.5909,359.3571,699.2206,425.3812,703.6627,514.8129,637.8006,401.0726,334.0988,737.5868,380.6151,418.1950,834.6023,484.6083,220.0919,539.3232,763.7605,592.5178,731.4118
51.5667,729.4235,331.2346,358.8468,734.9211,414.4715,715.6206,493.2335,637.2342,414.9175,346.9005,736.2929,366.2914,415.0234,813.0170,492.5556,210.8613,522.6356,742.6656,601.8718,741.7074
51.6000,748.9767,324.3111,341.7930,724.4277,429.1621,687.4019,511.6191,633.4374,398.9904,338.7193,763.9016,381.6014,404.3320,787.7732,485.6355,222.3455,516.7823,791.2825,585.7881,732.6793
51.6333,736.6324,325.9811,349.4298,708.8175,423.9433,728.0958,508.4034,612.7371,402.8153,335.5980,761.0280,366.4551,403.6385,811.5228,478.8372,229.1938,523.7572,747.8818,594.1042,725.5403
51.6667,762.5996,327.2171,340.2403,722.5188,419.4325,719.4693,509.1309,613.7163,401.4642,360.2684,734.9405,386.1843,403.4560,797.4223,477.7700,221.3410,527.5173,764.7267,584.2609,759.2151
51.7000,754.0361,333.1733,337.1295,728.4866,414.6540,709.7875,491.2428,577.4596,396.6038,350.9403,748.7385,390.3847,421.2460,831.3806,496.0716,220.3700,508.7453,770.5208,583.5230,732.2658
51.7333,730.5381,332.5168,328.3395,737.2907,417.6527,715.1884,504.3925,596.6287,402.6225,351.1284,743.9632,375.3795,421.9947,834.3211,491.8512,215.0548,532.3729,754.9262,592.6694,751.3842
51.7667,747.4576,330.4977,334.5960,750.7556,409.3821,713.6143,486.2548,574.8938,395.9889,355.3976,742.6386,387.7346,417.6442,818.5762,475.4213,214.2217,515.6052,781.2804,603.8108,701.7268
51.8000,722.8373,339.5599,335.9420,730.0324,396.4770,687.5411,498.3121,571.9022,406.4866,339.0375,758.8515,378.4769,416.7779,829.1499,465.5524,222.0578,517.8074,751.5603,606.4473,739.0085
51.8333,734.4617,321.9840,332.2910,697.5764,400.6007,717.4829,502.2452,568.2926,403.6376,348.1448,744.4846,382.0056,408.0180,822.9674,453.2575,222.2255,523.4883,747.0136,598.4623,726.4211
51.8667,762.9310,319.4855,332.1478,739.9268,414.8562,731.6989,503.9477,549.0085,400.3194,341.8471,745.7731,376.4344,416.0321,1031.1060,469.6162,221.6821,508.1348,782.3302,589.7990,715.3055
51.9000,707.6045,336.1425,343.6620,731.2807,402.7607,705.8141,500.3283,546.8328,404.9075,343.9244,726.9054,385.0960,418.9066,1137.9871,448.3435,227.5554,543.0749,780.3084,602.1526,732.9163
51.9333,724.4102,327.6947,331.7226,754.5003,404.7597,722.5948,511.3259,539.5835,395.0809,343.3097,727.9368,379.1464,413.4300,1158.4685,465.0561,215.9887,515.0573,758.1350,610.2798,735.9111
51.9667,747.3632,323.6580,323.5202,720.0972,403.6316,722.5926,515.8444,543.1913,400.5141,350.1103,712.8251,383.4863,423.3943,1192.0325,560.7485,223.2596,518.0781,769.0471,597.3878,745.4676
52.0000,744.4784,332.9032,332.1683,763.4478,409.2376,730.3540,502.4640,523.4005,392.4862,351.8705,760.6615,382.4373,421.6996,1146.9902,617.2653,211.9404,509.0794,797.6221,593.6720,750.3243
52.0333,744.2722,328.8625,326.9119,745.7354,398.6968,729.7581,503.9623,519.3424,400.0895,357.0498,739.6276,366.1698,415.9195,1152.9655,631.7151,214.1431,507.1724,766.2505,599.7767,747.8124
52.0667,713.7468,324.4709,325.4458,725.1894,395.0500,709.6211,524.1447,530.9651,404.3916,329.9634,749.1303,373.9134,396.3160,1132.0233,649.0702,216.0693,516.4018,776.9294,603.3338,766.8938
52.1000,730.5811,336.5497,320.0020,728.3832,404.9711,712.7030,514.4392,518.5862,415.8876,353.6122,758.2027,383.7676,413.4890,1128.9973,625.9904,221.6243,508.7983,763.3122,593.4158,753.6046
52.1333,712.5303,334.3643,325.6931,734.3730,393.3956,713.8824,504.1973,505.9545,389.3351,345.9128,739.2073,386.9525,419.1256,1084.9342,599.9192,218.7425,519.0722,766.1706,598.6203,771.3687
52.1667,729.1243,326.0553,320.7481,702.6625,405.2782,706.9048,498.2889,510.9433,401.3413,340.6721,739.5138,385.4603,401.2777,1109.2727,625.9154,216.1098,518.2195,773.0392,591.6948,704.7159
52.2000,747.5739,322.7133,324.9099,724.0137,411.4995,725.3593,516.0865,511.7251,406.8236,344.9969,724.5480,376.6185,410.6787,1064.0978,614.0549,214.6420,522.8831,781.1278,601.0280,728.7769
52.2333,706.2963,332.0996,323.9073,737.1253,397.1059,713.5627,518.8512,504.6472,409.9855,336.0362,734.5684,387.2890,405.4163,1057.2031,604.6879,217.4488,513.3049,741.9863,610.4261,730.7460
52.2667,730.9332,324.7606,316.8815,743.3935,401.9123,743.7283,501.3914,501.6113,403.3989,339.3791,733.6804,381.1877,407.4621,1053.2772,577.7577,216.9230,518.9873,771.8335,610.8211,721.3509
52.3000,922.1872,329.1100,319.2101,732.4793,391.6832,739.3614,498.9238,495.1714,391.3165,345.2657,696.9564,382.0808,420.3073,1018.4523,567.5566,215.0676,502.8384,766.3235,582.0710,752.1696
52.3333,1038.2644,316.8553,324.9193,733.4795,402.4865,719.8631,501.1943,498.3102,397.8453,341.3884,728.5332,378.6514,426.2266,1015.3699,552.9169,208.5850,533.4797,753.9021,612.7569,736.1041
52.3667,1057.8971,341.9810,308.0382,740.9241,397.4067,737.1283,490.7725,491.0098,498.3304,354.0328,723.2131,379.4959,424.4632,1001.1095,555.1103,212.6209,518.9295,761.5886,611.2215,761.2069
52.4000,1054.8120,334.3069,311.6262,727.0434,403.4126,701.7455,496.6778,494.2194,565.3803,337.3104,713.3685,369.2594,417.5855,984.3066,535.8341,219.4583,499.1075,783.8518,587.0893,745.7931
52.4333,1042.6468,329.1512,303.5282,726.7208,405.2617,746.5893,501.1261,481.6856,576.9059,338.8311,740.3942,383.6136,403.1752,991.6870,543.4831,221.7116,508.3917,790.6030,606.9424,710.7798
52.4667,1022.3308,331.6574,325.1821,729.1730,399.8896,762.4130,496.5812,480.4480,572.3446,341.5080,751.6785,375.5820,413.8476,992.7415,536.4445,215.2607,514.7359,753.3026,588.4359,757.4172
52.5000,1016.1546,322.8708,313.4767,748.2694,402.1474,718.5593,513.6935,484.1873,573.5687,329.7653,749.0928,379.4071,413.7177,969.8914,533.5933,222.5402,515.3016,746.7444,614.7508,738.5203
52.5333,990.5153,313.5955,310.8925,729.4598,392.5012,739.0536,518.2103,476.8231,564.8050,338.7938,733.6317,392.8969,412.5221,965.2942,514.6051,219.0058,523.3895,750.6716,604.3346,763.1880
52.5667,983.2842,327.6813,318.6242,748.6990,389.1837,704.4368,505.0999,477.2532,570.3839,348.5753,717.6985,387.0389,409.0870,972.1136,520.7989,213.1540,489.0269,759.8632,589.5655,735.5290
52.6000,966.6753,330.3574,308.3271,763.6760,393.7446,728.7070,499.5389,475.2186,545.8918,338.3431,723.3797,372.2671,424.8642,940.5487,523.4925,221.5351,502.3556,772.5428,593.1053,736.3472
52.6333,957.5593,331.1114,309.3456,750.0023,411.3280,686.0893,485.8597,480.6025,531.3854,344.1057,768.1039,377.2318,416.8635,936.5279,496.8065,222.0180,493.3310,750.1065,596.8645,724.0638
52.6667,966.8221,331.3857,313.5254,747.3587,390.0004,700.2054,506.6489,466.1400,523.7241,346.1639,711.3907,390.6021,426.5983,944.0002,510.6634,215.0118,517.3041,758.6538,607.5360,730.6995
52.7000,944.9379,325.1222,308.6276,718.1815,399.6189,717.1049,506.0977,483.7989,526.0793,346.9536,701.3629,375.2302,416.4172,932.4062,489.9468,225.2126,522.1784,755.4870,591.0407,753.4648
52.7333,919.4093,321.6085,302.4114,703.0602,398.0067,734.6034,500.2702,459.9428,513.7431,350.3874,706.3506,387.1711,414.9411,915.4477,495.3792,223.4640,517.2854,738.4244,581.1144,723.5001
52.7667,910.3572,338.3693,314.5194,719.3219,400.6286,727.1706,495.0734,475.2416,509.2238,342.6127,775.5398,375.5458,414.5346,911.6717,482.4580,220.0937,509.6199,770.7230,598.3252,726.5662
52.8000,892.9299,336.1120,298.7657,741.7350,385.6561,697.8530,495.4279,463.2556,507.4511,342.5280,717.8407,377.5490,404.2517,896.6153,485.0156,212.1441,485.9644,745.3996,581.7607,758.3259
52.8333,858.2620,324.1882,309.7861,723.6005,411.2724,750.5778,500.3094,462.1002,510.9406,343.1275,718.6392,369.2319,422.0875,892.7190,474.3428,220.2581,507.0390,753.6755,598.6452,772.8606
52.8667,875.8290,323.0808,304.0306,721.8415,390.2079,690.6013,502.1099,459.2427,494.8985,347.0624,730.3876,384.2827,422.3299,894.1643,474.1055,214.3968,508.2685,773.0813,609.4938,733.3665
52.9000,868.9637,326.5014,304.2482,729.5028,393.3815,738.5440,496.4359,452.7063,482.1708,354.3609,716.6155,381.4333,413.9256,880.6021,489.7867,214.7604,503.2921,779.8949,608.9387,765.6820
52.9333,862.8570,336.3755,312.3074,733.2432,395.3368,707.6779,513.2440,461.4854,480.8493,342.8011,738.2403,388.3519,404.7818,842.9935,476.7730,214.8668,499.4635,782.6747,594.3376,741.6610
52.9667,867.5343,326.8211,318.3891,724.4445,384.6461,700.0856,527.1345,459.7475,491.9365,340.1705,719.2782,398.8696,418.3580,878.3606,470.8595,218.5309,525.3525,742.8931,608.9054,722.0635
53.0000,881.1735,337.5067,303.1321,722.2304,403.9729,704.2532,488.9872,466.9309,473.1980,353.7526,723.9357,381.8975,427.4629,897.3466,474.2565,217.9308,504.2654,740.4679,597.1170,715.1161
53.0333,835.6451,321.2962,300.9888,721.1013,392.5073,704.5484,515.0104,453.6726,473.4412,355.3741,721.9590,379.5162,418.7056,880.4816,472.2949,212.3168,521.0341,740.3463,622.2045,747.1983
53.0667,843.9051,325.5192,313.7480,754.4391,413.1749,738.1156,501.9969,457.4862,468.5174,351.1916,710.5327,377.8777,416.0381,856.6061,471.1486,212.1236,502.5701,780.5676,607.9422,747.9071
53.1000,823.0745,320.3794,304.8140,910.8660,401.4383,695.0309,498.4138,447.8222,458.3832,339.5080,732.2263,371.4010,412.0440,851.0017,438.0884,208.0762,505.7344,762.2459,620.4528,718.2495
53.1333,840.3532,332.9292,304.7762,1025.4051,395.1453,744.4897,510.5470,454.9712,456.2188,341.8787,717.2800,375.5767,411.7399,847.5690,444.2937,219.9239,528.5819,748.2740,589.7988,744.9659
53.1667,798.9823,323.4073,309.3038,1060.0920,392.9480,721.1753,505.4105,454.1667,456.8578,354.0502,744.6365,381.8514,406.4740,854.1938,461.4346,219.9235,524.8172,766.9149,613.1473,751.1183
53.2000,1336.9635,329.5563,304.9594,1053.2425,391.4668,726.0923,498.2618,458.6956,447.1732,353.5444,710.0673,383.5548,409.6905,874.9458,454.2003,221.1392,525.4707,797.3051,627.7745,732.0116
53.2333,1513.4112,320.8416,309.8773,1620.2474,682.4078,706.8830,507.5922,463.7798,447.5123,343.5536,735.6302,382.0291,410.9143,877.1951,449.7695,215.0546,504.3732,760.4987,611.3960,761.9281
53.2667,1614.9949,330.3124,294.2609,1845.6097,794.7568,1151.7623,868.4976,459.0732,448.2779,351.9202,717.3263,371.5505,415.7336,841.8397,444.3610,206.4583,506.0215,744.8959,588.3680,729.0134
53.3000,1630.5991,490.8180,301.8172,1909.5165,843.1770,1368.9152,1015.7524,674.3078,440.6552,339.8563,750.2787,373.9757,419.5616,846.8204,437.9690,221.6702,514.9597,780.7283,611.8142,740.6868
53.3333,1608.1677,557.0934,308.0483,1934.8266,857.9638,1419.3536,1090.5782,766.7188,440.1620,339.0934,723.8230,387.6722,411.8980,854.2791,442.5122,213.1567,522.2842,766.6808,578.9029,744.6807
53.3667,1557.4975,569.1883,301.0923,1898.8045,844.5896,1442.5619,1088.5701,791.5053,428.7360,357.2127,735.0252,490.5449,419.9291,861.6731,430.4156,217.7374,514.6459,766.5152,591.6809,733.0458
53.4000,1548.4825,589.4205,305.4189,1833.0362,823.8290,1458.9583,1075.1591,801.7182,438.3711,342.8489,718.1327,518.3740,415.8747,823.9556,438.8742,221.7595,513.1621,752.8698,598.1048,761.6899
53.4333,1481.9684,573.1184,304.2953,1810.4977,819.5705,1397.8848,1053.3583,805.3998,445.3514,350.5649,706.1421,544.6715,430.4168,838.8695,443.1748,217.6901,511.2459,784.7114,595.2299,758.6188
53.4667,1438.9195,561.6946,303.6034,1730.5448,776.3903,1377.6123,1042.6393,783.6250,439.2235,343.9281,730.7783,540.4518,411.6152,835.6592,436.4094,212.1519,507.3440,763.0671,599.5280,731.9261
53.5000,1424.8118,560.6459,294.0489,1704.4457,755.3085,1383.0341,994.9169,769.2249,430.9230,345.2159,746.7203,534.3034,411.3342,830.8360,429.9785,218.8673,504.0153,757.6133,593.2904,751.5441
53.5333,1379.8111,552.6342,310.7190,1644.1695,745.7993,1310.0567,983.2479,732.3565,433.8298,339.9362,730.8992,523.5862,418.4630,868.2507,453.8594,222.1712,492.6774,789.9517,598.7143,720.3557
53.5667,1360.5865,537.7074,306.7955,1595.7371,724.5078,1300.2702,955.3200,736.3934,442.5982,340.8903,719.9239,531.7165,400.1761,867.1564,429.4032,216.8606,508.5038,772.0738,593.4012,741.8914
53.6000,1300.7391,527.0961,303.7885,1527.7987,706.6059,1259.3879,933.6689,707.6787,433.9079,356.4716,707.2239,519.4557,428.8045,822.2043,440.4168,222.6875,514.0456,778.0546,597.4091,725.2895
53.6333,1281.1630,520.2543,302.9999,1502.0825,686.1616,1224.1441,917.9145,700.2388,419.9297,357.8930,709.0607,520.3724,406.9650,860.3217,429.7806,214.4424,526.5118,752.8006,607.7137,742.3967
53.6667,1242.7000,506.1041,296.5889,1461.4778,683.7681,1181.4643,885.6489,690.1117,429.6433,345.7590,711.3909,511.1088,427.0320,821.1099,431.1714,218.5424,510.8028,766.3584,609.1485,745.8788
53.7000,1227.3987,498.7272,299.5210,1426.6374,651.6832,1174.7710,886.5964,673.4507,413.1210,342.5871,718.0824,511.9171,412.6449,811.9245,434.3576,215.5340,508.6112,760.3307,588.8176,732.8358
53.7333,1171.7803,477.4776,300.6089,1388.8835,641.4919,1159.0042,839.6809,646.6217,414.6976,346.3678,700.0261,481.4663,407.8663,835.9831,425.4047,220.5033,517.9897,765.6881,599.9668,737.2467
53.7667,1180.4742,481.7869,312.4345,1366.4244,638.1228,1111.7019,821.4306,661.1835,408.5426,347.2546,703.8913,499.4027,412.2726,816.8059,423.9173,207.5399,510.2486,772.1804,594.7841,736.0636
53.8000,1157.0486,464.9822,300.9288,1328.3548,618.7878,1092.1956,808.6851,644.0037,412.4104,342.0238,717.9383,492.1810,418.2901,839.4707,421.6273,214.7904,489.7461,759.3369,596.6596,749.6642
53.8333,1103.3830,456.0862,297.0020,1296.8053,604.9351,1059.6606,784.4838,631.7194,404.5349,342.9074,736.0848,463.5890,420.0245,827.2162,433.9386,218.9134,510.6724,773.1571,606.2477,719.6499
53.8667,1091.7097,452.1251,296.9306,1248.8518,611.2624,1061.4847,780.1832,616.1173,420.6102,356.9827,740.5081,479.1206,405.0352,825.0282,422.1028,217.1328,495.9337,990.0811,617.5324,744.2214
53.9000,1052.2770,455.0404,291.1562,1234.1298,579.3469,1049.6272,771.5592,602.8654,416.6358,354.3032,757.6716,475.3172,423.7437,801.8149,431.9114,216.5040,515.2442,1065.3355,584.9888,705.7734
53.9333,1059.8975,446.6072,305.7596,1221.0254,591.0707,1037.5116,754.7367,572.6222,415.7998,350.3860,740.7599,460.3678,420.5656,839.4757,427.2290,212.3347,520.9117,1092.9129,598.4073,735.2870
53.9667,1015.6789,436.7186,308.8340,1376.1977,559.2987,1035.2618,743.6258,582.1186,416.0014,346.9634,709.0344,458.1248,414.6969,812.3162,437.7262,212.1208,507.9787,1097.4937,581.5519,745.4329
54.0000,1029.6141,436.0038,301.5849,1454.8688,544.2349,965.6614,711.2919,589.6154,419.5186,351.4086,740.8079,559.9647,407.8601,828.7091,428.5926,212.9079,509.4406,1079.1754,583.2695,725.5184
54.0333,988.7765,423.6694,308.5746,1456.7445,543.5859,971.9486,702.0878,576.6520,405.7885,355.3909,716.6345,594.5492,414.2548,811.5614,425.3390,211.0193,503.0751,1057.2822,587.1833,742.0857
54.0667,984.9833,420.9210,289.3104,1456.6267,533.9008,964.3750,690.0508,556.9888,424.9991,343.4538,743.2024,607.7118,410.6827,795.3793,438.7585,213.3090,506.5363,1064.2882,594.1398,754.5638
54.1000,992.0675,411.3850,305.4500,1409.2258,529.6088,944.4548,701.9252,537.8074,414.0507,344.4994,749.9511,625.8236,429.4919,822.2204,438.6880,215.7164,517.9836,1063.4420,613.4117,759.0177
54.1333,971.9715,406.6413,314.0421,1375.5913,535.7297,941.4675,672.2841,563.3765,408.6421,338.6294,738.2438,601.9031,398.3637,832.4554,437.2584,217.7449,525.8272,1023.4414,586.3895,939.3469
54.1667,960.3740,406.7791,298.2668,1345.5691,508.4637,934.0067,676.0353,543.5511,410.7270,347.0506,734.9188,599.1541,398.8967,785.2322,425.0394,217.0697,503.7127,1018.5755,587.7111,1032.4016
54.2000,919.2140,406.0585,306.2158,1342.2125,501.8044,925.1946,666.4145,546.4542,416.7482,335.7349,731.3508,584.4633,414.1276,815.4777,416.4742,210.9662,510.2749,1032.6687,605.0859,1059.5001
54.2333,896.9097,390.5194,305.2790,1307.6647,498.2388,887.4610,655.2465,532.9167,411.4879,349.9021,725.7356,567.0590,416.4091,836.6877,423.3273,219.5498,509.3041,1012.6011,594.7741,1077.4095
54.2667,930.3085,394.6572,304.4410,1247.9953,493.6969,893.9106,631.2407,532.3491,399.2181,350.8217,728.2001,567.7008,406.4571,791.3811,431.0436,216.7970,501.3622,970.5752,580.2005,1084.5986
54.3000,896.5853,393.1696,303.6680,1202.9028,590.8400,904.5409,650.0616,528.7913,398.1959,359.4870,721.2207,571.2790,408.0097,801.4966,431.4548,215.0312,523.2877,986.1768,600.4128,1062.1122
54.3333,884.4991,382.0597,308.4015,1200.5599,655.8024,893.3953,638.2233,515.1104,405.0621,345.6789,728.5304,543.9338,422.2195,840.6919,435.0338,219.8687,509.5707,977.2433,608.7181,1025.5856
54.3667,890.2086,371.3865,305.7420,1163.1433,650.6115,874.3031,617.9387,520.2379,403.8866,360.3049,713.2807,541.0530,419.1038,824.9878,414.9704,215.4163,500.8299,964.0489,594.6966,1028.1609
54.4000,858.7616,377.9850,300.0442,1158.5616,654.2118,874.2742,602.3502,512.5026,408.2951,356.4457,729.1107,528.9713,410.3856,801.7917,429.1591,217.3665,519.9738,931.9020,599.6239,1236.7909
54.4333,864.6896,374.5195,312.3266,1120.7949,636.1318,845.6437,606.2089,504.1436,411.0581,350.4114,745.8630,524.1766,420.0502,812.6551,418.8327,216.5306,500.6059,948.0858,588.7084,1284.0226
54.4667,854.8709,364.9292,305.2551,1112.5972,649.6711,829.2553,589.8527,485.3487,407.3098,342.0509,726.9747,517.5624,420.9014,814.4886,428.0266,211.3552,516.9561,940.1367,595.8887,1313.3594
54.5000,849.6231,370.7779,295.7194,1079.0425,610.0019,846.4626,595.8366,494.7401,394.9583,330.6434,736.1377,499.6194,402.8115,799.6528,412.2430,219.7686,501.7228,939.7995,592.4185,1311.7855
54.5333,829.8071,371.3667,293.9590,1087.6895,615.1784,828.6025,594.6183,494.9551,391.3125,349.4575,729.7774,500.8531,393.0081,797.9290,426.8871,205.1099,510.0137,920.6919,591.0260,1278.7344
54.5667,845.2888,354.9345,303.5016,1060.9683,591.8008,809.0764,587.9988,476.5396,400.4709,352.1685,724.5022,496.2376,408.8795,791.4965,421.1338,214.4869,508.8905,932.2715,592.7753,1264.4276
54.6000,835.7619,368.6803,304.0149,1068.4037,581.6732,814.4054,594.7476,494.9037,401.7802,355.3151,737.0648,481.6356,405.0996,810.6951,417.1930,213.3000,510.7635,884.8317,602.3210,1213.9303
54.6333,836.9310,362.6453,303.8834,1038.3259,564.8555,824.6196,589.8341,477.8678,401.8385,341.9178,752.1500,483.1749,406.9179,819.7513,425.2856,215.2784,485.3858,869.1194,591.4321,1223.6340
54.6667,808.5551,353.7908,296.7871,1010.1197,570.6086,813.9463,583.1321,478.6965,407.1030,341.7048,740.4756,482.9004,413.4908,813.2568,422.7256,210.3989,510.4310,886.3262,600.4340,1192.1772
54.7000,802.3898,360.1673,309.7790,1001.9185,568.2783,796.2135,567.6703,478.2793,399.7775,342.0946,728.0459,464.0395,411.6154,826.8680,430.6809,217.2995,524.8481,887.1938,621.8770,1181.2732
54.7333,798.6108,360.3718,294.5405,987.6302,562.8213,801.8925,571.7423,475.5283,408.4958,351.6619,916.6696,488.3636,401.4304,834.2117,417.8637,212.4267,500.1920,889.9161,596.4535,1136.0852
54.7667,793.8702,357.8835,296.8717,981.4967,536.9308,774.0618,566.9221,466.7101,410.5670,339.8012,1010.7435,468.1093,399.7113,788.6677,414.3146,208.3514,498.7011,857.7436,606.7652,1119.4666
54.8000,790.2566,358.4600,302.4682,984.6132,530.4466,781.6082,568.5868,478.7669,390.1170,345.3806,1050.8877,441.4961,418.7511,832.8855,425.2575,214.9285,513.0206,866.1123,587.2585,1076.6615
54.8333,805.3151,355.0875,291.0952,938.5924,520.1268,777.4130,562.4597,472.6274,391.0878,343.1735,1063.3535,457.5743,428.4496,826.4675,422.1614,207.1231,523.1124,856.3734,590.0433,1072.2602
54.8667,791.3527,340.2095,287.2515,942.7628,518.9839,774.9101,554.1790,462.1260,405.2696,343.8110,1046.5688,445.8760,411.3776,787.4363,432.3529,216.2954,496.0691,857.6688,607.0816,1053.0470
54.9000,765.4701,357.4400,303.4674,911.1409,505.0908,790.6360,553.6157,464.0653,412.6746,350.7625,1037.1907,443.6153,410.2962,801.9351,420.6650,218.7054,502.6729,840.8568,574.9117,1038.7621
54.9333,771.6714,343.2102,298.6702,913.2984,505.3645,782.6975,558.8625,472.6768,404.3732,349.5164,1014.3053,443.0802,413.4286,779.3986,406.8833,212.8885,512.2665,838.9743,619.3483,1032.3560
54.9667,768.6943,340.6430,315.1996,898.7353,505.9894,797.6415,555.7445,465.9104,403.0657,341.2901,1004.9934,430.5335,427.6960,798.3533,419.4944,213.8033,518.6151,826.9239,594.7164,1020.2447
55.0000,776.2308,358.2003,292.0539,891.2966,483.3206,772.6478,550.8653,473.7887,403.6269,336.1723,993.0176,430.3567,418.6886,797.6526,417.5370,216.1503,499.4131,827.2526,602.8469,969.7953
55.0333,779.3984,330.2503,316.0321,864.8027,490.9599,804.2813,520.5279,469.1101,409.6941,348.0296,957.9628,426.8975,424.8654,782.7611,415.8377,209.9622,500.4936,844.2295,596.7927,998.0086
55.0667,767.0488,349.2288,298.9402,851.1640,472.2438,779.8657,551.7291,457.7962,404.7798,342.3264,987.2570,438.1472,408.9561,798.5976,404.8589,220.6731,506.1141,839.2399,602.9318,979.7321
55.1000,761.9130,343.2720,303.5425,882.0411,482.1659,763.3313,528.5444,456.2238,391.5706,352.6816,960.3772,417.5838,417.4984,786.6722,415.9627,215.4162,524.0837,815.3957,589.0904,978.2944
55.1333,745.0156,346.5299,297.4606,868.0540,471.5920,778.2379,534.8891,454.0596,393.7182,348.4063,942.1273,413.2500,426.5785,811.1716,430.6419,207.8671,512.0138,826.0372,592.1727,977.9329
55.1667,772.5267,346.8215,303.3675,846.4284,481.6070,746.0201,539.5763,479.8917,392.1656,339.0988,926.2030,420.3171,414.8327,810.0498,416.5248,217.7880,513.1238,826.6728,608.7817,939.7490
55.2000,794.1285,345.4393,300.1302,856.7310,459.9225,760.9074,549.4915,452.5502,391.1297,355.6459,928.5611,418.6262,411.5641,795.2322,404.6185,213.5993,516.0499,799.6118,599.5901,923.0066
55.2333,767.3407,337.3174,309.4144,872.4562,458.7420,751.4467,522.8508,458.6748,416.5750,348.3067,925.1899,406.1101,412.2314,808.1106,419.7577,210.3081,503.1364,790.2454,599.3622,919.6302
55.2667,742.3669,346.0264,294.2782,837.8069,443.3379,751.0232,514.2538,451.3303,389.0744,349.3951,894.6306,417.3950,405.7239,806.2949,415.1027,216.2970,506.7838,820.4000,613.7553,891.1470
55.3000,747.5340,339.9748,290.6256,852.8855,454.0845,732.9854,517.0631,455.8282,396.0281,334.9381,879.1480,413.0891,423.1686,788.7296,410.3522,215.8107,509.0228,812.1909,589.4896,882.5710
55.3333,715.4055,335.2684,303.7119,830.3025,440.4013,753.5026,503.6058,450.9374,402.2051,351.2714,876.4611,417.7381,425.3563,801.5351,412.0003,217.0044,495.7636,796.0394,584.8637,897.5297
55.3667,733.4027,343.3382,313.7320,811.3534,443.5405,750.1960,536.6010,462.5327,395.4108,345.1455,884.2649,403.3699,418.2970,787.7096,426.0545,215.3112,515.7428,779.8005,602.6105,890.9389
55.4000,757.6388,345.6695,302.5602,841.9312,448.8753,752.9454,511.9546,439.3569,403.7391,340.2720,868.5216,404.9382,407.1965,816.0282,419.2712,220.7542,503.9596,817.0201,590.9059,882.3154
55.4333,748.0274,345.0021,285.8426,811.5158,427.8949,755.8136,506.1111,434.3388,393.1886,350.1942,861.6236,410.5898,420.1494,806.0762,410.5359,215.4453,514.2374,798.8731,581.8566,879.2750
55.4667,743.9264,347.9262,308.2079,799.6313,440.7496,747.9452,511.9543,456.1091,407.3752,353.1220,838.9854,406.0702,414.3979,814.9957,421.6541,215.8458,543.0013,806.5686,594.6903,861.9697
55.5000,736.7111,328.1392,299.4795,815.7155,424.9782,748.1295,534.9378,449.9048,417.6364,341.1474,839.0793,412.6272,418.2761,793.4246,411.5157,209.8099,515.4837,774.9420,596.3273,871.4249
55.5333,749.1661,338.3986,303.2051,778.7424,428.6722,726.2224,522.5215,436.8327,396.9852,345.1051,836.8130,417.6320,418.6427,811.7343,418.5097,213.3355,488.9302,786.0961,607.6832,847.6652
55.5667,733.3397,332.7461,302.8917,810.3843,421.5604,750.3422,520.3428,439.7828,395.0552,347.9599,835.0487,401.2794,434.3899,792.0986,413.7046,210.1548,506.0880,802.6750,603.9844,858.5768
55.6000,739.7796,334.7134,296.2800,766.0922,434.8736,731.3769,505.4215,441.6019,401.1381,359.7216,820.7891,404.7827,410.9752,801.1435,410.1544,214.4699,494.3953,791.4232,594.4862,835.3763
55.6333,732.5838,328.5680,300.7918,798.8614,410.9151,735.5161,530.5300,436.0866,400.6570,343.6063,844.2185,393.6785,409.4346,816.5820,400.6790,217.7504,496.0517,781.4067,597.9130,839.1656
55.6667,726.1815,333.2383,299.3936,814.9136,427.8351,731.1261,511.8387,440.0893,396.6593,335.7515,824.3226,401.6261,427.3163,809.2903,418.1450,215.1894,503.0081,801.3924,599.7784,835.7158
55.7000,721.6830,327.6137,293.1475,775.4258,424.0079,764.0488,497.0474,458.1049,400.9709,339.7811,792.7275,389.8507,408.1237,805.0409,425.2230,216.9009,523.6417,779.2900,601.6918,823.7086
55.7333,710.6507,333.1976,299.0345,784.0010,419.5578,748.3725,513.0964,432.6545,396.1667,347.0711,823.5170,492.2243,404.7525,801.2142,415.2979,215.2686,504.5784,780.6794,565.7673,819.3579
55.7667,737.8239,321.7013,293.2492,768.1282,421.4249,743.4587,513.1078,443.1644,394.7891,350.1630,805.0501,546.7252,415.1744,784.8435,415.1231,210.7206,507.6926,792.9943,589.6736,798.3285
55.8000,723.1555,330.6374,284.5656,779.3265,432.5033,760.9549,501.8365,438.8913,391.9831,346.1405,801.9032,564.8531,401.9440,822.4314,418.2019,218.1741,519.7824,784.9298,614.1703,842.9203
55.8333,721.8589,331.0000,300.5139,753.9049,429.2146,752.2178,515.2857,445.5740,400.7820,352.4020,795.9146,567.7647,407.3323,802.4963,415.6091,216.7715,514.6729,769.7303,591.9177,806.3763
55.8667,774.2220,337.5862,294.3847,768.0543,408.5950,717.3046,509.8723,445.0413,396.0164,356.2837,814.2723,559.2247,426.4511,800.4847,398.1274,211.3883,530.0681,798.2094,603.0877,829.3197
55.9000,744.8429,315.3048,297.6957,764.9187,415.0990,720.5213,506.2358,440.1654,406.2638,351.7375,792.0425,567.2232,413.7961,806.0087,417.3059,208.0456,515.8025,787.1936,602.5258,787.0118
55.9333,751.4666,337.5206,288.2520,781.9712,400.5288,744.1241,514.2934,455.1535,394.4253,344.1163,785.6275,550.3463,402.9639,792.6900,414.1856,213.9746,509.6933,802.5985,608.1109,795.6424
55.9667,720.8491,325.9526,309.3017,770.6644,415.2167,713.9768,503.2224,431.4610,407.8933,343.7967,771.2634,539.0128,419.1627,769.9959,429.6438,212.8204,505.3606,778.1119,590.2141,771.2591
56.0000,702.3933,329.8415,303.8991,756.3755,415.4948,739.4603,514.7530,445.2182,401.8509,354.4378,748.5725,517.7874,411.0915,822.6233,416.4107,206.8972,520.9185,769.2667,587.3655,800.1706
56.0333,753.9535,330.4301,306.2130,759.7249,413.8205,737.2594,493.6855,456.0614,403.4162,348.1418,794.4590,520.1942,426.6033,809.3711,422.7657,210.3042,505.2311,785.0086,599.4053,780.8958
56.0667,704.8949,318.0649,297.8840,767.0877,403.8049,741.2984,516.0245,433.3795,401.8168,348.3274,774.2622,494.9892,402.8513,780.2744,413.8122,216.8796,508.1268,778.8494,595.2436,750.1211
56.1000,713.2042,331.9971,302.5505,782.4037,406.8188,710.5810,482.5452,434.3469,391.3024,342.6843,782.0119,515.1020,424.4947,789.0475,415.5821,209.3001,491.8360,772.4950,598.0967,763.6703
56.1333,706.5455,327.7797,296.8957,770.9770,415.1871,733.3618,521.7430,440.4465,401.1259,339.6207,763.0337,496.8361,420.2605,798.8465,400.4691,224.9623,522.9788,782.3860,602.6982,769.9276
56.1667,708.9960,337.2378,302.0551,774.3754,402.1713,689.5155,523.7589,441.5156,393.3297,355.8157,785.8532,491.5654,426.0965,819.8664,417.7867,207.8201,514.4945,784.5477,592.0961,799.1325
56.2000,718.2333,328.2399,299.1034,728.6797,391.1405,748.6323,523.3359,442.4762,387.3085,342.3937,755.1947,490.9312,411.2884,779.2305,425.6740,220.7942,522.5240,766.7346,578.6600,790.3216
56.2333,698.9302,314.7932,292.5811,748.0883,382.2878,728.5716,515.3305,451.1591,392.1120,342.9816,740.8779,489.2285,418.4821,817.3967,412.7465,207.9853,515.2497,773.2188,602.8671,759.8258
56.2667,751.4236,328.4451,306.0701,768.9368,401.2181,719.7698,503.6221,439.8943,396.0068,353.7592,779.4024,480.3481,427.4180,774.4316,406.5406,217.0204,495.0703,746.8003,592.2622,766.6091
56.3000,719.1961,329.8812,301.9720,759.9372,391.4370,686.8024,495.5187,426.8284,398.6523,341.2580,782.6169,477.4078,418.7850,794.5119,411.2928,210.3597,527.9262,766.6384,591.2638,778.8877
56.3333,715.9049,324.1943,298.4658,741.7272,386.8383,721.6533,487.8357,428.2456,406.1187,360.2239,761.7928,462.8470,428.4941,790.5099,419.4981,218.6231,507.7969,763.0227,596.1876,769.2313
56.3667,699.0026,336.0110,289.7383,753.8811,410.0703,721.9570,504.1360,439.9885,404.0901,362.9617,750.3889,471.8742,404.3946,782.2803,422.1251,211.2524,513.3002,771.9099,610.2514,760.6201
56.4000,711.4619,328.4690,299.8824,765.7193,383.2582,719.0799,513.7515,426.3168,393.4074,346.7128,786.0767,452.6988,410.7737,808.2264,403.4240,214.6741,514.7146,764.4511,571.1406,766.7393
56.4333,697.2763,331.8039,306.9777,744.5425,391.0787,734.9528,489.2178,436.2822,407.8650,347.5018,773.1026,456.3234,409.9456,777.7353,416.3760,206.7560,497.8719,768.5373,595.2089,777.7220
56.4667,714.6069,326.8559,309.4568,720.9105,407.2585,690.6949,500.4173,421.7011,392.6186,343.0817,767.5408,447.1434,408.6267,782.8868,417.9233,208.0923,516.3380,781.2209,616.6821,765.7014
56.5000,707.0866,332.1419,294.3048,767.6464,390.5921,724.2697,511.1862,433.5995,400.8409,360.1206,746.1049,450.7144,415.5921,797.4202,413.4618,219.0097,502.6852,780.7697,600.9769,750.8092
56.5333,698.1190,323.3915,297.5387,757.5210,391.9854,714.9505,497.4362,442.1041,405.7217,349.5579,757.9248,443.7427,420.2365,820.3159,415.8663,208.9092,512.8537,747.9054,597.2194,781.3535
56.5667,707.5521,331.7859,285.3775,758.1010,386.6448,726.4247,521.7211,421.8851,400.6853,332.2494,768.7167,439.2029,419.1415,817.5559,413.6236,216.4968,521.4496,801.8724,606.7013,747.7326
56.6000,724.7335,325.8199,297.5558,748.8248,388.6152,722.7100,503.1729,437.2249,401.3132,345.1212,758.7022,434.6508,445.1904,799.0535,429.7196,208.9390,507.3456,770.3659,586.9341,745.5855
56.6333,712.7544,328.0645,311.3828,762.1930,397.5992,712.5235,497.1041,429.8024,400.3291,360.2758,766.9331,420.1756,416.7886,803.4113,424.5181,214.6023,488.0433,763.1997,620.6666,775.5700
56.6667,704.5455,331.0117,303.0764,744.8148,397.4089,708.2422,494.2720,441.8534,410.1873,352.5903,758.5957,436.1931,419.2405,809.6200,412.1258,220.0371,512.6158,750.0685,598.4050,762.2382
56.7000,717.3248,330.7108,296.1526,727.0344,391.9441,728.8894,490.9833,440.2386,397.9128,350.2999,743.0151,435.8353,416.9679,779.8974,414.8814,213.4601,530.4803,755.0723,584.8402,754.3902
56.7333,702.1292,320.1957,300.0832,763.2053,390.9886,728.8897,509.2445,443.9504,397.1079,338.0709,756.1610,421.3673,421.4387,828.4297,431.5046,213.0928,500.8397,770.5802,602.0119,754.4771
56.7667,699.6097,326.4455,300.9477,771.3672,404.8348,752.9578,507.9218,429.1947,399.0557,339.7781,744.1827,416.2572,422.8055,777.9753,419.9025,208.5382,515.1563,781.8864,614.3650,745.7332
56.8000,701.4096,335.7662,301.4440,755.1855,389.0860,716.1256,484.0240,455.9090,404.8958,347.6359,732.5635,418.3358,400.4229,785.8963,399.7718,216.6319,515.9191,771.7666,617.9202,767.9574
56.8333,693.1265,329.4576,305.3329,720.6872,398.4541,720.2894,493.9632,432.8491,393.9930,342.1423,721.9853,415.7980,421.7514,804.3024,410.2354,213.4929,506.2540,745.7309,594.9718,738.7209
56.8667,717.1612,335.0763,303.3559,729.6121,392.5087,715.3845,490.3627,436.8824,393.4989,345.8831,731.3852,414.8586,413.0613,777.9506,410.1125,213.6356,510.2242,782.9946,606.6005,756.4580
56.9000,726.2779,318.3614,287.8272,747.5767,398.6191,708.9680,504.3355,426.6793,398.0286,353.5251,767.6381,400.8833,418.8202,792.2608,411.2087,212.0586,497.2688,765.1925,593.4473,755.6074
56.9333,701.5114,341.8115,292.1846,744.9121,394.8186,717.7698,499.2111,419.4106,406.3777,349.4743,746.1280,407.6376,403.6585,777.2311,420.3637,209.0219,506.2934,749.6420,586.1539,753.5816
56.9667,717.8258,327.5238,292.8718,746.1845,383.2615,730.4619,500.3982,435.7500,410.6155,355.6343,757.8971,407.6849,401.0819,794.3313,425.8702,212.4819,505.8394,752.5338,599.7071,756.0276
57.0000,733.9914,330.7027,298.3806,759.5389,391.1077,721.3043,497.5150,440.2280,386.4144,349.5920,735.3188,411.4999,408.3726,788.5293,417.3564,216.7045,511.4128,755.2337,597.1825,772.2267
57.0333,719.5715,326.6634,287.5773,724.0270,386.5213,720.1600,511.7936,432.7560,401.4140,349.1771,747.9073,396.0112,418.8384,783.6983,422.6332,208.2846,511.1689,755.9625,583.7399,767.8330
57.0667,711.0910,321.6005,303.3590,769.2302,387.9974,715.0274,506.8178,436.7275,399.3241,347.1137,746.9107,399.2758,409.2140,824.6342,421.3504,213.3611,509.1890,780.2952,614.3789,760.4590
57.1000,699.2598,314.0102,308.6374,770.2148,394.2851,735.6133,507.7513,439.0090,396.6340,345.9717,769.7005,416.1179,412.7501,792.3924,424.9936,210.7939,489.0381,752.6942,587.1136,757.4278
57.1333,714.5345,326.1987,295.4065,766.3311,390.6139,722.8407,496.9831,431.8925,394.3924,350.3932,737.3005,410.7011,427.7861,808.3144,418.2692,278.4134,521.5258,752.5543,580.4080,763.2056
57.1667,700.2733,315.3397,306.3206,735.9038,388.2403,724.7410,481.0962,432.5656,403.0702,357.7887,749.8818,407.8753,419.8349,791.1910,414.7328,299.9002,502.1602,759.7611,576.1021,745.0604
57.2000,706.2748,340.3473,295.3786,751.9416,497.8125,702.4808,502.7014,420.4101,402.1201,344.4439,757.6984,390.9181,409.0364,794.8737,406.1023,306.4659,511.6049,774.1107,586.5235,731.4548
57.2333,707.8230,322.9545,311.0657,760.2928,542.2600,731.6277,486.5323,428.7050,398.9938,359.4081,728.6381,394.0102,417.4583,781.7265,421.6685,312.9407,525.1688,762.0434,591.4312,768.9886
57.2667,722.1302,329.1028,297.6814,946.8419,551.9557,715.5718,500.4209,426.4042,381.8065,347.1371,745.7573,396.1084,424.3052,821.1669,423.6545,309.9590,502.6551,767.6996,592.9254,768.8894
57.3000,722.7361,317.0941,296.9708,1052.3115,566.0236,684.3021,488.5603,427.8612,409.3186,345.7742,735.8232,383.8598,413.5582,794.6586,415.0855,302.6821,537.9368,750.3878,582.0187,757.0106
57.3333,697.4042,318.4546,292.5266,1100.5829,556.4437,711.3620,496.9826,426.6390,392.6422,349.8291,734.4528,385.9914,396.5086,817.3554,412.8630,303.0395,506.2718,769.3202,580.1714,755.0930
57.3667,701.9881,310.6793,305.4319,1097.6050,550.2844,734.5843,491.4311,438.2856,403.9281,334.3690,724.5981,384.2480,438.6220,799.5940,413.0660,304.3507,514.5207,778.9854,608.9204,755.3699
57.4000,721.6804,326.7300,296.3453,1077.5747,549.8574,708.1546,506.8947,456.0195,402.2200,343.1766,749.9893,388.0180,401.7525,787.1961,417.9535,291.7140,516.5666,770.4508,598.0921,744.4211
57.4333,694.0972,325.0627,378.2319,1057.5202,521.5914,756.8773,491.7840,433.4197,398.7665,346.4281,742.7806,386.1818,402.9875,797.4174,413.1387,286.6059,495.9540,759.8805,581.2113,737.8084
57.4667,727.2030,324.4934,410.3310,1057.0489,537.2696,722.0086,528.3646,452.1056,382.7713,350.1389,780.2098,388.4273,417.5141,779.4815,436.4261,274.5652,505.2590,795.1201,589.1038,755.7293
57.5000,704.3155,329.5097,426.5114,1015.2438,516.7644,724.0977,500.4548,440.3413,391.4963,357.4325,731.0246,388.2696,413.8513,784.5470,424.4444,276.2110,524.7809,760.5759,609.5944,748.7942
57.5333,705.6151,318.9039,426.7707,1001.8557,524.6810,750.4527,489.4761,432.2034,394.4725,350.1096,772.4611,397.7637,414.6070,767.0774,436.5720,273.1654,497.5361,773.8604,612.3711,728.3271
57.5667,717.3796,342.8991,426.7741,1011.3125,506.3720,708.1410,490.1662,424.0426,398.3035,359.7043,740.1241,400.3056,415.5934,793.0965,400.7296,274.8009,520.0951,747.1950,587.8185,755.8281
57.6000,725.8371,315.3676,433.7461,998.5063,494.4705,717.6866,507.4169,438.0387,398.0927,344.8605,740.1240,382.1720,417.7834,825.5189,419.8786,269.6365,507.9969,771.0164,591.7680,741.4881
57.6333,697.0050,320.6795,426.5631,968.5083,488.3569,726.6895,511.9119,433.4832,390.9881,344.9030,731.3291,396.7980,425.8683,803.2017,426.3561,267.3040,507.4138,759.7300,750.6667,750.6295
57.6667,694.4163,334.9240,416.3558,951.6039,477.8487,702.3674,494.7035,438.0196,401.1673,355.0624,746.9319,394.4541,423.5648,801.1230,427.4800,263.8226,500.1521,757.3906,827.4149,740.3247
57.7000,710.4521,313.5645,403.7704,958.2695,477.0318,728.6014,507.2619,428.9312,395.1072,351.0792,731.5870,383.7699,411.3450,803.7772,431.5432,257.3638,507.0880,772.0773,845.2773,749.5927
57.7333,725.4360,313.7638,391.0675,942.1689,478.0054,735.5099,475.3096,428.4056,392.4537,346.6969,732.7131,387.9211,421.6318,808.2212,417.8864,255.9216,516.5069,764.2647,852.3945,741.4556
57.7667,680.5014,333.7853,393.1571,930.2839,467.8959,736.2812,511.8712,420.2880,383.4490,339.1258,761.4083,375.0766,423.7271,806.0847,418.0670,255.7176,501.6033,756.7855,843.5192,757.0483
57.8000,703.9728,321.6372,384.4114,936.8279,471.6467,729.0078,520.1482,409.2393,405.3247,341.2669,741.3915,389.6468,413.5358,793.2938,422.9839,249.0059,514.0248,778.0914,852.4740,761.4792
57.8333,727.3884,318.4248,385.6900,905.4721,442.5305,719.7934,494.0170,434.3572,412.0789,352.8832,723.1639,401.4009,435.2981,810.2472,415.0446,249.0094,524.2593,792.2768,856.4807,750.6410
57.8667,700.5771,323.0507,381.7435,897.4282,459.9919,730.3220,499.4214,434.3190,391.0436,345.4143,717.8274,389.8585,409.2541,818.7946,418.9535,249.7429,502.8895,770.8420,809.0497,755.0844
57.9000,708.6673,323.0743,377.7233,872.7115,466.7208,707.0146,501.8126,432.0070,389.4479,347.3973,728.2918,384.0725,408.5749,756.7181,422.2275,247.5897,523.7187,754.3405,804.9699,737.3442
57.9333,689.3407,332.0782,372.4187,898.7916,440.4604,704.7331,501.0695,423.1308,387.0911,341.2628,745.8577,383.6599,405.5352,773.4792,406.3712,235.7649,519.7192,783.3456,796.0055,762.3963
57.9667,706.6269,324.0146,369.3017,906.8045,461.4266,709.5231,499.4069,433.5405,395.8825,355.6848,756.0728,391.0848,424.9384,796.1484,430.0566,242.7100,497.9037,772.7018,802.2280,761.7524
58.0000,696.8936,323.0754,353.6889,876.2422,437.5673,719.9931,479.8033,429.7201,402.2696,365.7011,756.3620,391.7219,411.8770,800.2967,402.3488,244.5473,518.8960,751.3062,780.5955,747.6289
58.0333,688.2416,336.3703,355.1800,850.9170,433.0772,732.9861,487.2756,429.2268,402.9443,351.8540,739.7208,383.0600,413.6553,822.6280,415.7725,248.5574,513.6972,743.1151,750.8903,737.2048
58.0667,711.3123,324.4507,360.2792,845.2204,431.9987,738.6881,493.9696,432.9988,379.0527,341.3517,759.1973,384.0786,425.0055,800.7266,421.6927,235.5149,503.9617,771.5333,754.0750,722.3745
58.1000,726.0329,327.9060,348.5558,848.9973,428.9338,710.9732,505.8916,438.4358,397.4361,345.0432,761.0204,379.7193,418.1900,801.2399,413.6680,237.7031,505.7213,774.7812,756.6185,758.2934
58.1333,705.9647,312.4324,347.0663,857.7776,430.0186,718.6714,502.6989,436.8692,396.1396,351.7425,765.4683,389.5111,435.1928,785.9105,423.5202,240.4729,515.0194,766.6258,740.0129,751.8383
58.1667,718.7985,320.3646,354.3223,845.5534,437.2951,706.2830,496.7707,434.7825,405.2284,355.0844,748.6368,386.6876,406.4965,799.0924,424.3477,235.4508,525.0946,766.7910,735.2618,740.6245
58.2000,725.4585,323.5896,353.4042,823.9653,422.8169,743.7747,493.9838,427.5527,406.0024,347.9087,717.9344,386.6576,422.0523,777.3274,432.4595,232.6543,513.3705,772.4767,736.9008,766.8900
58.2333,718.5619,327.7137,345.3965,832.6247,415.6283,712.5679,501.3918,434.9057,394.7810,362.1692,730.4275,390.6973,412.1384,789.3528,416.3292,226.3095,521.6300,767.0088,735.2752,739.6949
58.2667,726.1700,332.0859,343.2308,847.2785,426.8929,730.9850,498.2932,426.7387,392.9714,344.3510,738.7507,385.5107,421.2540,773.0388,418.3256,224.6301,511.2212,764.4154,702.0256,764.0844
58.3000,713.7854,328.2108,330.2335,801.2671,418.2628,729.3353,506.5108,430.6862,391.0385,335.2230,737.5906,371.3143,424.8450,793.5635,430.0641,224.5213,518.0879,789.2179,708.2013,739.4542
58.3333,717.3548,322.2787,340.3077,821.1448,417.1917,715.2587,501.6079,441.6927,395.5516,339.3464,760.0050,397.1429,422.6184,791.6551,420.8932,234.0807,504.1952,755.4720,708.1953,771.4542
58.3667,741.8401,328.9128,328.3865,807.7703,413.2873,750.7001,503.2719,423.3861,404.9466,339.3133,736.5578,385.4292,426.2657,781.2906,434.6612,228.7319,505.6511,758.3824,698.9921,737.7341
58.4000,683.7330,330.9126,330.5334,836.7954,403.6797,705.4008,494.6194,428.5513,404.2380,357.7435,729.6072,381.7763,411.6531,793.6617,421.7047,221.2125,513.3227,780.7440,700.7466,742.1760
58.4333,711.1946,332.2191,329.4854,808.5177,408.2709,735.0295,493.1325,435.0470,411.9121,350.1953,741.8630,375.4007,420.2100,812.9465,426.4024,224.7551,511.1378,764.4371,689.6131,754.1871
58.4667,697.3594,324.3378,323.7017,807.0194,412.0647,731.6287,499.6961,438.2390,403.3949,351.5056,717.9749,379.2319,407.8624,788.8764,407.3726,232.4325,494.2779,774.5704,663.7876,756.0091
58.5000,706.9051,337.6058,324.5092,823.1602,409.5940,744.0443,498.5046,432.4673,406.4164,342.8936,741.9003,378.9861,422.0889,798.6019,422.8816,226.9907,516.2863,788.6679,667.1979,763.8472
58.5333,680.7257,423.7121,322.7670,810.8818,413.1627,738.5240,502.2095,420.1576,402.6866,352.9165,740.8833,374.9356,429.5226,774.5749,419.9820,218.7183,495.0567,767.2732,667.2308,752.6002
58.5667,714.1177,453.5953,326.1603,824.5176,421.3201,735.1485,503.6429,448.7082,407.0247,341.4680,733.5642,397.1852,426.4802,792.8956,420.7802,215.9912,502.1358,773.8350,662.9295,766.6251
58.6000,711.5544,469.8193,319.9167,794.3340,408.8988,757.2713,495.5542,428.8399,379.8375,351.6030,737.0337,393.5608,423.8440,791.2306,410.6980,224.8515,527.8387,772.9717,670.2945,764.4835
58.6333,699.6441,471.4507,312.0337,801.6888,415.9373,715.1708,489.2440,438.5481,408.7532,349.4333,747.7530,372.3676,410.5420,812.2211,437.1389,227.4367,510.8038,782.2624,657.8420,792.1722
58.6667,696.6012,466.3367,322.4207,797.5410,399.6528,727.5882,496.0334,427.6003,385.6268,350.3339,743.7240,377.5043,431.1021,795.6913,409.9251,228.3961,511.2892,756.7492,659.9576,733.4211
58.7000,713.7701,467.2000,326.2529,799.3056,416.8934,731.9812,508.8663,432.2800,405.8100,353.8818,741.4312,384.1872,426.4460,787.1764,427.3145,226.1542,509.2340,756.9088,649.0639,722.8117
58.7333,699.9788,458.3348,309.0461,747.8707,395.4067,702.4817,497.4677,432.6368,411.9611,346.8359,762.2957,382.2596,423.5461,810.2957,417.7040,270.5035,492.7067,751.0464,656.2767,738.8426
58.7667,737.0139,456.2765,306.5561,786.4687,408.2320,710.1259,507.4655,436.3145,397.9142,354.7106,730.5324,376.6607,423.3426,764.7546,422.6396,309.8993,499.4860,781.8730,647.4812,734.2241
58.8000,704.7308,438.5918,313.4005,823.2586,398.8670,721.9813,491.1590,426.7944,403.8521,350.3896,741.6501,373.5438,422.0286,779.4462,425.1029,306.5069,510.9678,750.9937,641.8518,722.6351
58.8333,689.8491,442.6401,307.6946,779.3475,399.6218,714.6605,509.1845,437.4484,384.4829,350.6347,752.1391,380.0829,408.8011,791.0160,432.0349,313.3786,521.3142,750.4075,652.6838,761.2549
58.8667,706.0411,424.8398,313.1490,788.9503,382.5131,737.2417,491.0204,426.3218,391.4985,353.0344,749.6834,400.9812,411.8818,783.0345,410.0590,311.2670,526.3567,767.7661,624.0152,754.4802
58.9000,723.0841,422.2136,318.0946,773.2866,397.9456,736.4395,519.9624,436.2736,392.7741,351.1294,741.4152,386.6625,418.5419,782.9820,411.9109,309.9459,501.5041,749.6965,641.0565,742.0330
58.9333,740.1260,426.1850,314.2896,776.7929,394.6049,738.8045,503.6560,424.2994,388.8576,448.9401,728.0096,378.9458,412.1808,783.3576,410.6362,299.2182,489.6941,780.6918,616.6040,722.1257
58.9667,718.6526,412.1197,313.9436,788.0683,392.8945,732.3942,493.7278,419.0403,402.1423,491.0201,741.6247,375.6710,416.4138,794.6167,432.1788,302.8448,524.9528,776.1029,603.4010,709.3155
59.0000,714.0985,413.0795,310.7706,769.8724,381.4656,715.5210,504.6221,431.5642,388.5678,507.4715,770.7469,385.7264,406.5892,767.9909,420.6421,303.5408,514.0221,726.5561,624.4853,751.5776
59.0333,693.2529,397.8349,313.9222,745.7430,390.8490,743.6991,493.5568,425.5516,393.6258,521.7688,746.3621,378.3457,422.4022,769.8538,412.8874,289.6342,500.2833,757.1261,633.6819,763.5364
59.0667,699.6337,390.7439,311.3467,805.0409,400.2381,720.9599,505.6108,429.1879,389.5678,501.2622,751.2653,376.4481,413.5115,803.2368,441.1859,283.7373,505.5164,776.7916,638.7668,768.9312
59.1000,736.4466,397.4522,301.4736,788.2994,399.9037,755.8106,490.3553,435.6419,391.9803,489.9321,759.5744,379.3723,419.0706,791.5078,408.7603,282.5780,512.8897,782.8416,631.3008,719.6030
59.1333,707.8385,397.5100,305.3406,775.0115,404.8662,738.7122,496.4146,428.5510,405.6921,507.8583,750.5003,391.0623,411.0792,764.9268,419.0350,270.6948,502.7543,774.9130,627.6040,767.5928
59.1667,735.6633,386.8235,314.0200,750.1680,393.3012,742.6397,496.0461,419.0138,406.0353,491.3219,731.5478,375.4744,413.9495,794.3107,416.6143,264.3615,523.1657,759.6924,629.4979,755.5082
59.2000,734.4291,384.0337,294.3373,755.2400,395.8090,713.5343,487.7141,443.4119,388.4514,474.9922,720.5526,386.8841,406.1431,808.1204,426.4377,271.0103,500.4457,779.9340,640.7508,741.2678
59.2333,700.1316,385.1348,290.7097,766.8852,388.9417,734.5454,489.7838,427.0988,405.0521,456.9690,740.3125,390.2145,420.9792,811.2813,421.6380,265.4097,509.7862,748.6229,622.3561,762.3601
59.2667,707.9079,379.6531,307.2173,772.2456,395.8411,735.5071,514.6990,434.0001,388.8085,466.1120,751.4295,389.2442,426.3915,778.7419,419.8828,259.0276,503.0991,754.0904,629.6340,795.1251
59.3000,706.4955,373.0097,302.4306,766.5404,391.6307,725.6666,514.0079,446.3567,397.9835,465.2558,739.3491,389.1681,429.0080,801.5348,424.0977,259.2160,521.2719,753.7671,619.0995,720.0175
59.3333,691.8278,367.8269,304.5171,759.8341,398.3178,721.3259,499.4872,424.2821,396.0834,447.7398,770.1492,390.6469,421.1375,787.7938,422.5626,261.9990,507.4062,795.6858,632.3922,733.5089
59.3667,688.5473,373.0856,304.4526,763.5039,370.5507,713.9659,503.2447,437.5737,398.6962,435.5615,745.2586,387.2968,403.6726,1017.3788,414.3759,254.4774,515.1934,781.2788,615.0710,744.6613
59.4000,724.5627,371.6405,304.3243,786.7893,381.0717,733.9705,502.0660,446.0544,407.0064,440.4186,727.2591,387.7749,406.5645,1119.0077,427.4416,251.3714,504.6456,789.8393,620.4348,746.6535
59.4333,699.5920,366.6747,304.3453,758.7726,396.3977,749.9538,482.6595,422.1085,397.3652,450.7284,757.2142,395.6620,407.5562,1155.9178,419.5453,257.0570,512.2344,775.2124,625.2790,750.0485
59.4667,713.5257,368.1337,304.4254,773.4449,388.2529,701.3486,484.9319,441.7705,395.1698,421.3899,725.5768,377.8336,413.1959,1139.2504,414.2562,254.9964,515.5235,776.1127,606.8035,743.3364
59.5000,715.3566,348.9928,298.4065,764.8981,373.3298,747.5693,490.9590,426.1876,415.3104,432.9229,744.7671,382.4640,425.6542,1130.6537,426.9222,241.0031,514.1051,728.5237,598.5410,769.4968
59.5333,723.7252,355.8606,310.7650,760.0786,392.5797,734.9325,492.0905,438.5623,396.9112,413.2326,751.4823,382.1933,429.3508,1112.3825,425.0590,248.0966,489.3401,762.2921,642.5594,769.1606
59.5667,701.3645,368.1625,297.4755,737.0125,385.8213,726.8300,497.7586,421.3066,391.6927,419.4406,740.0477,382.9542,428.9639,1091.6488,425.3375,239.6418,523.8584,789.4649,607.0256,752.1288
59.6000,701.6434,356.0324,294.9928,767.7382,380.6049,759.4041,500.8145,411.3198,403.7339,420.2687,730.7907,378.1364,412.5557,1108.0710,430.6652,244.2369,515.4562,769.2626,586.9627,965.6708
59.6333,693.1360,360.6798,303.5256,756.9969,395.1884,731.5285,498.7339,437.6139,396.6596,410.2771,750.8515,389.2580,432.5328,1102.1948,427.6366,240.6656,502.3724,763.1299,623.0510,1029.2004
59.6667,731.0944,349.2120,300.8265,752.0027,396.7159,739.1693,497.6629,422.0596,400.6406,412.0727,764.2054,386.7041,420.5904,1062.8212,416.2923,245.3065,524.6921,794.2370,611.0660,1084.6825
59.7000,712.8919,357.9241,300.0238,760.4585,374.2216,749.8311,470.7372,418.6725,398.1807,399.3502,754.6851,386.2367,418.7396,1022.7686,418.6212,231.1242,502.6909,771.5830,615.0728,1115.4808
59.7333,692.6680,355.8885,296.0273,756.9524,383.4061,761.9631,515.8913,420.7964,403.9631,404.5162,714.9024,385.4531,413.9506,1051.5818,414.7710,228.8940,509.9441,742.4297,597.0602,1108.0325
59.7667,711.7189,350.3933,297.6847,739.5258,387.2096,740.5818,485.6593,426.7008,384.2458,409.7221,765.7419,382.0880,428.9004,1016.4202,413.8812,241.4675,510.5617,807.9759,601.4022,1052.7994
59.8000,704.9103,349.7496,294.4162,724.7004,380.7709,718.9924,499.2075,444.8100,385.6237,404.0940,737.8597,395.0407,405.0443,1004.2722,419.6344,230.2913,512.3870,739.2867,606.4670,1045.7679
59.8333,688.6676,340.2125,306.2114,769.9905,379.4764,724.8018,505.4904,439.6153,396.5535,397.9838,739.9002,374.6383,427.6191,997.3905,404.5791,225.9027,516.7870,782.9556,597.5940,1014.1831
59.8667,691.8133,335.1512,295.6930,763.8168,388.0220,725.6189,484.0115,437.4698,398.0443,387.1469,752.5128,382.7622,403.7770,985.5356,425.5500,229.5832,504.2570,757.2943,587.2216,1038.4504
59.9000,679.1215,345.2773,301.1384,759.2055,390.6545,731.3220,485.6085,433.5116,391.9069,383.1053,735.7110,384.2883,416.1767,967.4357,403.2400,225.2807,498.4562,777.7029,597.4744,1012.3536
59.9333,698.8552,343.9253,303.6525,773.4358,387.9306,719.9537,495.4090,433.1282,382.2805,389.4821,760.5527,376.8594,415.0811,956.6627,417.7370,232.8067,507.5351,756.5640,591.5092,988.3032
59.9667,712.7573,337.2088,300.8215,762.6816,399.1825,741.3563,492.6036,441.1439,392.7222,388.9674,746.0415,387.8222,400.8546,951.2482,421.0386,225.5258,524.6495,761.4688,608.9464,978.9576
